plr_id,com_median_age_level_2026,com_median_age_slope,com_median_age_r2,com_share_max_1y_level_2026,com_share_max_1y_slope,com_share_max_1y_r2,com_share_max_2y_level_2026,com_share_max_2y_slope,com_share_max_2y_r2,com_share_max_5y_level_2026,com_share_max_5y_slope,com_share_max_5y_r2,com_share_min_20y_level_2026,com_share_min_20y_slope,com_share_min_20y_r2,com_share_min_30y_level_2026,com_share_min_30y_slope,com_share_min_30y_r2,com_share_min_40y_level_2026,com_share_min_40y_slope,com_share_min_40y_r2,com_share_solo_level_2026,com_share_solo_slope,com_share_solo_r2,com_share_1_9_level_2026,com_share_1_9_slope,com_share_1_9_r2,com_share_10plus_level_2026,com_share_10plus_slope,com_share_10plus_r2,com_gastro_share_level_2026,com_gastro_share_slope,com_gastro_share_r2,com_upscale_share_level_2026,com_upscale_share_slope,com_upscale_share_r2,com_gastro_quotient_bezirk_level_2026,com_gastro_quotient_bezirk_slope,com_gastro_quotient_bezirk_r2,com_gastro_quotient_berlin_level_2026,com_gastro_quotient_berlin_slope,com_gastro_quotient_berlin_r2,com_upscale_quotient_bezirk_level_2026,com_upscale_quotient_bezirk_slope,com_upscale_quotient_bezirk_r2,com_upscale_quotient_berlin_level_2026,com_upscale_quotient_berlin_slope,com_upscale_quotient_berlin_r2,com_tourism_share_level_2026,com_tourism_share_slope,com_tourism_share_r2,com_tourism_quotient_bezirk_level_2026,com_tourism_quotient_bezirk_slope,com_tourism_quotient_bezirk_r2,com_tourism_quotient_berlin_level_2026,com_tourism_quotient_berlin_slope,com_tourism_quotient_berlin_r2,com_entry_rate_level_2026,com_entry_rate_slope,com_entry_rate_r2,com_exit_rate_level_2026,com_exit_rate_slope,com_exit_rate_r2,com_churn_rate_level_2026,com_churn_rate_slope,com_churn_rate_r2,com_n_gastro,com_n_upscale,com_has_gastro_structure
01100101,8.0,-0.3019305019305019,0.2813061785261942,0.1317173565058312,0.007060449458532,0.3500122733680804,0.1916304596386919,-0.001224166346094,0.0327560837506594,0.3661102218156872,0.0020729827869727,0.0262730553488,0.1655613994969128,0.0056576854902237,0.4691648246496871,0.0631145666590441,0.001367298360029,0.3028406213029208,0.0246970043448433,-0.0002755782435319,0.1440914833602454,0.489785749875436,0.0240829407726997,0.8211384483830113,0.4090682610861983,-0.0268373846141097,0.8598884099276097,0.1011459890383657,0.00275444384141,0.6194092114534612,0.0176072234762979,0.0031526670048988,0.8511799230687824,0.6923076923076923,-0.0360259303116446,0.5080429512224298,0.3267221001716381,0.0522214352129354,0.7811223699942482,0.3917915632258493,0.0667315864514499,0.8045062687868445,1.241170180038967,-0.050527017302466,0.4100171278265824,1.2703103812613898,-0.0650764203177835,0.4967955684888052,0.0171557562076749,-0.0011931490082779,0.4944539422573244,2.493258038708999,-0.0779180490830333,0.1130108968408988,3.129707678718377,-0.2286312685605949,0.4454444003814781,0.0501128668171557,-0.0027997506819066,0.1573096817208854,0.1246049661399548,0.0013953783786902,0.0148369148321998,0.1747178329571106,-0.0014043723032164,0.008650537253376,13.0,9.0,1
01100102,7.0,0.277992277992278,0.4169884169884171,0.1462340174062533,-0.0094752277223186,0.7623797672808543,0.2229504673901364,-0.0136874671076961,0.7404504039121416,0.4469753948640808,-0.009312701728154,0.7657776884617264,0.1330181583754163,0.004812714927974,0.7877664340960779,0.031481680455571,0.0030147297525983,0.7072928084225241,0.0096701407542709,0.0010625309784814,0.540884137377295,0.449550794747754,0.0285917479947185,0.8749665291062464,0.4240958304538125,-0.0310973154492796,0.941925325025142,0.1263533747984335,0.0025055674545611,0.2967021825419542,0.0831636480548708,0.0048561165225879,0.9042623233000058,0.6211340206185567,-0.0355593529771381,0.7408184786017944,1.5431962789021938,0.0446421737951653,0.6029179503776783,1.8505368389765544,0.0802212814974644,0.7200933885100377,1.1135699238436665,-0.0511130937139811,0.7239745549847794,1.1397143254558806,-0.0643184345781234,0.7640460615814127,0.0071803665202014,-6.55599414394231e-05,0.0142052899188553,1.043527684274289,0.0249157744800871,0.0688845580266827,1.3099071799722506,-0.0159653172955776,0.0197751107226547,0.0655878255278105,-0.000929615263413,0.0127638872004657,0.07844818347444,-0.0006638435759141,0.0101570526303641,0.1440360090022505,-0.0015934588393271,0.0151355509862827,129.33333333333334,80.33333333333333,1
01100103,7.0,0.1969111969111969,0.2016560450295389,0.1809261696781141,0.0238338673761118,0.8645019752770953,0.2473375613258346,0.0212703798756242,0.9028744354137476,0.4064855809501017,2.823943323264093e-05,1.1207107710742292e-05,0.1510111283953571,0.0081877911990845,0.8213453047542674,0.0522914921622591,0.0014981694931028,0.7460562894647891,0.021658489888716,0.0011008474101342,0.4687889956399439,0.4991703892788768,0.0325300048837308,0.8199389530112662,0.4192724952137843,-0.0313077777525884,0.8296483581591899,0.0815571155073388,-0.0012222271311424,0.2575931297086028,0.0313580541313938,0.0001765683344133,0.0397428277476418,0.5855513307984791,-0.0101592944389065,0.0763150089766968,0.581884436060958,-0.0164384011000896,0.4296055637519247,0.6977716313079227,-0.0085007915191758,0.1208467308525683,1.0497772287444072,-0.0073952014100948,0.0159210944734216,1.0744239050634992,-0.0177764092058382,0.0742835025856707,0.0114462859186836,-0.0019669413490738,0.1655512752570949,1.663496731630661,-0.2164280892594619,0.1161450105968953,2.088134646987115,-0.3703208924168503,0.171669343497431,0.0736854656015261,-0.0010186268654108,0.0089125456350771,0.0665315369023488,0.0001029928666842,0.0001246266098706,0.140217002503875,-0.0009156339987265,0.0035286948223277,43.833333333333336,25.666666666666668,1
01100104,7.0,-0.0833976833976833,0.0211100386100387,0.1714568880079286,0.0131411632530315,0.6564659905897018,0.2321110009910802,0.009633840070128,0.245753705899706,0.4109018830525272,0.0120589754128266,0.3047081892185399,0.1286422200198216,0.0061684086988821,0.3834889099076032,0.0445986124876114,0.0008192983232078,0.0934033708858059,0.0214073339940535,0.001799169695458,0.7385416090431289,0.5629598486441034,0.0284474934202849,0.5266248457828304,0.3388690351061593,-0.0284852243608322,0.4509851630359585,0.0981711162497372,3.773094054727801e-05,4.1032667614349094e-05,0.0378142941991684,0.00170636348516,0.2380244388865372,0.643979057591623,-0.041467561336697,0.72036428606767,0.7016873292880011,0.0107347450871627,0.0277571912479511,0.841434281590058,0.0249696671697038,0.1067947831017601,1.1545265374533495,-0.0604991320656794,0.5916458761525736,1.1816325186951495,-0.0749704971358534,0.7018761854895221,0.0047515343496337,2.314924455941649e-05,0.0022100798654638,0.6905438075720826,0.0254847311418659,0.1041281832133376,0.8668177234350097,0.0018055066923991,0.0003576369519372,0.0772124331815482,0.0006159025156471,0.0083663269141515,0.1437339140764205,-0.0087327850578267,0.0310676372564169,0.2209463472579687,-0.0081168825421795,0.0232480141061517,31.833333333333332,20.5,1
01100205,6.0,0.4795366795366795,0.7377182774375177,0.1195926285160038,-0.0417162279746576,0.7891133430292943,0.1879728419010669,-0.0615040260989531,0.9320419525308246,0.4851600387972842,-0.015914881025357,0.8438006243495226,0.0913676042677012,0.0060341924302818,0.8175316225646804,0.0259941804073714,0.0013340446708027,0.7683635392127512,0.003297769156159,0.0004595982506439,0.6426090219635159,0.4601742696053306,0.0153704870225603,0.8754884572601264,0.4286007175807278,-0.018662524757818,0.948178849123884,0.1112250128139415,0.0032920377352576,0.4484698868775226,0.0637330754352031,0.0024374338390579,0.5998946841638875,0.6282245827010622,-0.0194980826640148,0.6503008522384448,1.182639857136928,0.0082265879912208,0.0540463143290702,1.4181725635255762,0.0311736473714175,0.3294974304081243,1.1262818932675298,-0.0227174308013291,0.3932500597063733,1.152724746577103,-0.0348352723454923,0.627146971407798,0.013926499032882,0.0004242184459962,0.6693400640810917,2.0239478367775177,0.1254241251897418,0.8055308025908232,2.540597478377312,0.0720975349938642,0.6034295137376123,0.0661508704061895,-0.0016405554586825,0.0482898588489387,0.0794970986460348,0.0014024382272673,0.04597900883935,0.1456479690522243,-0.0002381172314151,0.0004388895050838,109.83333333333331,69.0,1
01100206,7.0,0.0,,0.1398284192880386,-0.0004955551158025,0.0136628463639686,0.2069815600039443,-0.0068320088067268,0.7106653972056092,0.4064030503237682,-0.0073634310884856,0.573896888405995,0.127666568057062,0.0057664255171534,0.9548372029748852,0.0350064096242974,0.0016148414343902,0.8210621936062017,0.0108799263714952,-0.0001986229455367,0.4082821832241609,0.432522872094265,0.0340245201876839,0.9350894798961747,0.4550923783418176,-0.0312841172102196,0.953624234856722,0.1123847495639172,-0.0027404029774642,0.6104784517343319,0.0411453715561685,0.0007932888620843,0.7463623884745703,0.8004788507581804,-0.0094266498696555,0.4803197689842448,0.7634992663817918,-0.0105124555071744,0.4459450231578915,0.915556587510814,0.001875886427399,0.0113743298205589,1.4350995812297676,-0.0018473537539693,0.0184967339750323,1.4687928581419938,-0.0160589505686028,0.47504564250324,0.0058779102223097,-0.0011376841978432,0.3772339419182366,0.8542408002992855,-0.1267645445897991,0.3187025380472766,1.0723013625800029,-0.2131235868879805,0.4046005853746018,0.1071815584671461,0.0013853751024563,0.0462024521549861,0.0561521032410599,-0.0010326166343327,0.0470065399978602,0.1633336617082061,0.0003527584681235,0.0013036109354386,208.83333333333337,167.16666666666666,1
01100207,8.0,0.4988416988416988,0.7482625482625482,0.131982104121475,-0.0007829849955795,0.0362708175294831,0.1877711496746203,-0.0102963942796928,0.7367014009308688,0.3811686550976139,-0.016673703132861,0.8207767902693041,0.15279284164859,0.0099388866276923,0.8956364276369739,0.0473834056399132,0.0047550583019247,0.9061895059081078,0.0128118221258134,0.0007490003510782,0.815646786605223,0.4698414975256401,0.0222206049206536,0.8999644832329291,0.3908054220755935,-0.0286746915480071,0.9285165954227432,0.1393530803987664,0.0064540866273535,0.9360008639480932,0.0384771436299702,0.0033391560456262,0.932724213356944,0.7328646748681898,0.0038644684022762,0.0466687025701079,0.7139872559868735,0.042609604216814,0.8346747968993619,0.8561838424749291,0.0626018122650748,0.8648397306622592,1.313880793983839,0.0201258982933981,0.3710641741923171,1.3447280954536214,0.0081849181933231,0.0658026839990051,0.0099404922910467,-0.0004199213593626,0.1653691974698147,1.44465869142449,-0.0094750325152,0.0086449397238356,1.8134342011465503,-0.0823526309893953,0.2311329325473909,0.0770895320530159,1.9308410066426015e-05,1.0605770867089248e-05,0.1111712199080335,0.0021280317532714,0.0513481181049816,0.1882607519610495,0.0021473401633378,0.0269244031364935,94.83333333333331,69.5,1
01100308,7.0,0.4617760617760618,0.6926640926640927,0.194915722575297,0.0027882115999756,0.1306521754777132,0.2571981210279083,-0.0098851935055386,0.3649417463794927,0.437579441834761,-0.0101512746142523,0.7316358779305027,0.1247305885603757,0.0090261518109385,0.9523752393813424,0.0396242055816523,0.0019354986453492,0.9122988607924988,0.0133738601823708,0.0006080804748597,0.7010654564705132,0.51497667566904,0.020686093158886,0.7846247216184168,0.3908053032163024,-0.0207467157258302,0.8289778359150594,0.0942180211146575,6.062256694426404e-05,0.001290047872192,0.029351724137931,0.0006079881957893,0.3444449033328567,0.7199248120300752,-0.0119299449618311,0.2755951284161692,0.5446546962337824,-0.0067639709702184,0.1368526945011345,0.6531272746582866,0.0022532121260146,0.0099111129993681,1.290682190144949,-0.007697885514818,0.0416775505442308,1.320984834649219,-0.0208031945621759,0.2205760056588993,0.0076137931034482,-0.0003397829137952,0.5350082826691636,1.1065178725113316,-0.0082928546066452,0.0249162072425094,1.3889767639257296,-0.0661510537789225,0.5712906920271483,0.1403586206896551,0.0008687594749232,0.0063061195946008,0.1635310344827586,0.0015739754689428,0.026547357579763,0.3038896551724138,0.002442734943866,0.016631594964076,88.66666666666667,63.833333333333336,1
01100309,6.0,0.0,,0.1609886855967334,-0.0067964388869574,0.6049252196032497,0.2329582645014493,-0.0181192494433067,0.9259417113197226,0.4555683695415017,-0.0105735249446109,0.9202894023244752,0.094941246142817,0.0063714239119747,0.9458093951408688,0.0194495527226256,0.0014750482210441,0.7828368239686581,0.0027428856403702,-9.98871596627696e-05,0.1075230412952931,0.5117753018880512,0.0165154341263189,0.6809695913183836,0.3963239709120021,-0.0179388748100812,0.7654580766685423,0.0919007271999466,0.0014234406837623,0.4333261688934994,0.061793378391005,9.490992992263184e-05,0.0127501798206122,0.7167338709677419,-0.0074915410801588,0.4903372267371525,1.146646567631049,-0.0378366511487379,0.887421046136651,1.3750109067116032,-0.0229208554368125,0.594228570159983,1.2849614666330835,-8.284496836148805e-05,4.567251786447013e-05,1.3151297999550882,-0.0126727335307504,0.4581121567321717,0.0074127137384371,-0.0005603805761152,0.7536577616592046,1.0772948678729044,-0.0380929269744607,0.3185274180872638,1.352294053756081,-0.1066013772160522,0.7479568296703358,0.0725075528700906,-0.0011004487846313,0.0316462429198955,0.0984831968106643,0.0014598770613719,0.0285403703487107,0.1709907496807549,0.0003594282767405,0.0007818066504926,330.6666666666667,237.0,1
01100310,7.0,0.4447876447876447,0.6671814671814671,0.1500118821292775,-0.0056722002878616,0.4974977865522094,0.2254634030418251,-0.0140560251527456,0.6533210987699184,0.4180133079847908,-0.0175170623717064,0.8872166833043912,0.1410408745247148,0.015387456092696,0.9468464416977768,0.0500237642585551,0.0094492563865244,0.9184539225846778,0.0154467680608365,0.0037959961465925,0.7761610138519415,0.5090566037735849,0.0024791210355661,0.1459514758260435,0.369937106918239,-0.0080917922619572,0.6605461320087508,0.1210062893081761,0.0056126712263911,0.9134703905192236,0.0765816417115464,0.0028713615963074,0.8154838983678621,0.6197836166924265,-0.0022234518594555,0.0562986983647937,1.421059649084955,0.0088745646065753,0.166799834419323,1.7040756687707597,0.0362126214324697,0.5993031765320842,1.1111489178332703,0.0074906304855933,0.2585432797600933,1.1372364790512837,-0.0031175923468346,0.0339409602793377,0.0092915902231165,0.0001640127890678,0.1912561936826708,1.3503533004165296,0.0680142784497209,0.7477764569201044,1.6950556371151355,0.0261125770152147,0.2302247407361269,0.077055098538202,-0.0008445473419352,0.0166178727908844,0.091968988577854,0.0009779675929265,0.0060571556055875,0.1690240871160561,0.0001334202509912,6.287701556695335e-05,215.66666666666663,133.66666666666666,1
01100311,6.0,0.3042471042471042,0.3699795033128367,0.1910994764397905,0.0041178789215955,0.1642840236266538,0.2610321615557218,-0.004705376719922,0.1143970241875439,0.4708302169035153,-0.0140531440047292,0.4595522610780358,0.0669409124906507,-0.0013850671357164,0.1246610754069658,0.0228122662677636,0.003345919661259,0.9355831912318264,0.0041136873597606,0.0002205178465751,0.1816136269152211,0.6076368595363335,0.0021014690375177,0.0422695917873813,0.3163841807909605,-0.0061523859414041,0.2297399614649271,0.075978959672706,0.0040509169038864,0.6273352274371515,0.0655584609637654,0.0006936560023663,0.1655327114407326,0.5156695156695157,-0.0219072918714441,0.7290872562464501,1.2165119661788582,-0.0283281514889851,0.47733719710072,1.4587905888881785,-0.0104543256922759,0.0637461635461421,0.9244930147615352,-0.0289120161663668,0.5815986935443369,0.946198267523916,-0.0394143703294601,0.7403595741928866,0.0044826298094882,-0.0001801008938471,0.6279986596514069,0.6514637228327586,-0.0027767397582053,0.0561685229045879,0.8177617334834207,-0.0354270609775503,0.8701974101076857,0.0840493089279043,-0.0023760251689503,0.0568828400814848,0.1143070601419499,0.0027929030957771,0.0416459103787985,0.1983563690698543,0.0004168779268268,0.000578126663896,58.5,30.166666666666668,1
01100312,6.0,0.0,,0.1727019498607242,0.0006832842877313,0.0026898530793961,0.237528488224867,-0.0168364566041764,0.6546025303490619,0.466067358825019,-0.0091025934600846,0.666157370690166,0.1090149404912636,0.0063594594207705,0.9095301219756192,0.0350721701696632,0.0010984258444018,0.1894891743706052,0.0063307166371233,-6.872726948129093e-05,0.0717819527111716,0.5888304330230676,0.0190819627543572,0.7838439122487108,0.3260488331309861,-0.0183066344763418,0.7609343317975232,0.0851207338459463,-0.0007753282780153,0.1940971172883513,0.0351720647773279,-1.902374305188122e-05,0.0001976498161277,0.4028776978417266,-0.0297205360800175,0.7397494313189188,0.6526577507743226,-0.0227852076249409,0.4613874694159271,0.7826400488152094,-0.0147324385690088,0.2190565421834843,0.7222796891034116,-0.0448294334609113,0.6935041257799841,0.7392373761457169,-0.0539120757658202,0.754279762288263,0.017332995951417,-7.74802506378547e-05,0.0078517215065967,2.5190164145284175,0.0720164768707829,0.5338976281915211,3.1620413503005973,-0.0227308445659375,0.0397330494329162,0.1115890688259109,0.0020333361926298,0.0647747431217371,0.0926113360323886,0.0005256910820764,0.0031255815398117,0.2042004048582996,0.0025590272747062,0.0341059864144149,46.333333333333336,18.666666666666668,1
01100313,6.0,0.1065637065637065,0.0368874368874369,0.1827789119730995,0.0071802747247973,0.5204068951041729,0.2495496577398823,0.0023964873711645,0.0907079960552484,0.4513029902726072,-0.0017580579464405,0.0699718107711602,0.1236940074456587,0.0067587155535732,0.8507336199579969,0.03818902365798,0.0013419917440567,0.6465611380840668,0.0069652936231535,-0.0002660028633156,0.2334563760618446,0.6050280755487494,0.0141894578461613,0.7414032547372518,0.2958141909137315,-0.0107105003483848,0.6539354988029081,0.0991577335375191,-0.0034789574977765,0.7649566639783283,0.0361214448577943,0.0010981883906901,0.6727963174579553,0.5481727574750831,0.0001856878574754,4.333380898424721e-05,0.6702745802630065,-0.0009654737869285,0.0049722821449822,0.8037654185432713,0.0110467189487578,0.353041383881854,0.9827648712379418,0.0105551388597333,0.0364590072677397,1.0058382310098493,0.0012121485917237,0.0005249258163549,0.0171606864274571,3.913684577214105e-05,0.0043110506866574,2.493974550995351,0.0880751593280097,0.3413478847602854,3.1306070938489716,-0.0011415942863562,6.889959786726685e-05,0.0864034561382455,-0.000359956736835,0.0024714190036436,0.110164406576263,0.0017104268276849,0.0231781072452488,0.1965678627145086,0.0013504700908499,0.0084997644912628,50.166666666666664,27.5,1
01100414,5.0,-0.0416988416988416,0.048251516822945,0.2133874239350912,0.0047678206302911,0.0688165526789037,0.2910750507099391,-0.0193946001515859,0.602881742156832,0.5586206896551724,0.0002423222786538,0.0010846726525093,0.0634888438133874,0.0028796814658074,0.4571954646632301,0.0079107505070993,0.0012172851177929,0.5863212608509119,0.0012170385395537,0.0003806250260007,0.4718787031545423,0.6450482033304119,0.0185517509621658,0.7940652084905896,0.2708150744960561,-0.0242486282803431,0.8648472481857833,0.0841367221735319,0.0056968773181773,0.8778912383867867,0.0299473897207608,-0.0006034061140606,0.1642675014085033,0.6351351351351351,-0.0130822409083278,0.1379462615209392,0.5557079500579356,-0.0311949455365078,0.6530476762824966,0.6663818772463028,-0.0262782159431473,0.5125003332276341,1.13867114114686,-0.0114635170981249,0.0389624094829359,1.1654048692953591,-0.0230461472851913,0.1295803670721442,0.0084985835694051,4.878099996025733e-06,9.590833173667156e-05,1.235105089251625,0.0402850281081954,0.430027421118901,1.5503882156764288,-0.0032957324516364,0.0021693047674541,0.075273168757588,-0.00230827711024,0.0461025436612928,0.1141238365034399,0.0020207382304748,0.0319576621895082,0.1893970052610279,-0.0002875388797652,0.0003121390558574,24.666666666666668,15.666666666666666,1
01100415,6.0,0.0,,0.1559622972380535,-0.0055365609293211,0.2275705196901668,0.2235861464270057,-0.0201596476982713,0.7969956015805852,0.475010960105217,-0.0076401963175482,0.5495650485362642,0.0827487943884261,0.0047289783474192,0.9134154726170916,0.0183033757124068,0.0008908451361282,0.7440898667848446,0.003288031565103,-0.0002631188850857,0.3490936686023329,0.5882525525173101,0.0143117316196833,0.7773814705342411,0.3570590306302077,-0.012081710344152,0.7104433785546438,0.0546884168524821,-0.0022300212755313,0.5803768759906892,0.0462212486308871,0.0013224292975296,0.5431399305182976,0.7085308056872038,0.0003058367234352,0.0005336830427465,0.8576879509462614,-0.0027376914795434,0.0199648793481517,1.0285037433484936,0.0122737707255345,0.2400141026684696,1.2702549999503594,0.0136985683647343,0.1942019116082906,1.3000780547559303,0.001690190475815,0.0036805043687284,0.0061336254107338,0.0003152306830159,0.422010644691511,0.8914040673357475,0.0714972309417076,0.53824857485837,1.118951232109954,0.0551296525412045,0.3279171055284471,0.0782037239868565,0.0007909948551448,0.0144459869383771,0.1113910186199342,0.0017764184635665,0.022411106699099,0.1895947426067908,0.0025674133187113,0.0275295211969288,140.66666666666666,99.66666666666669,1
01100416,6.0,0.0,,0.1799551017452386,0.0070315609816552,0.3682832959642589,0.251937142443334,-0.0130647539576634,0.4797122402580356,0.4838873198638569,-0.0054704570936734,0.2245057768942844,0.0771236150336737,0.0072539650700191,0.885926156100838,0.0141936418277934,0.0009135391886077,0.6516385018758113,0.0013034977188789,0.0003198487567096,0.6563552572203046,0.6598098800062334,0.0220608338126107,0.8567451806583624,0.3006077606358111,-0.0223237827788567,0.8803996746500009,0.0395823593579554,0.000262948966246,0.0648005231874874,0.0467857401113601,0.0013815085198137,0.4903570074546083,0.652241112828439,0.0043465216600486,0.0720996649787242,0.8681627337691982,-0.0018246194845145,0.0069578205384408,1.0410646675543975,0.013468110949596,0.2225751224968466,1.169338761410574,0.0195018814339685,0.3773084851168131,1.1967925041387577,0.008989397904331,0.1080582720355072,0.0077373635114614,7.431183171438045e-05,0.0795290665466682,1.1244764462632422,0.0481327650650495,0.6308855946797074,1.4115195915422756,0.0104075884224221,0.0562228304508639,0.093282232988647,0.0010915196902349,0.0256054226716945,0.1193144840552462,0.0027162339189407,0.0321348855559854,0.2125967170438932,0.0038077536091756,0.0434685707392084,107.83333333333331,70.33333333333333,1
01200517,8.0,0.3289575289575289,0.4671196911196911,0.1324724318049913,0.0006886069260308,0.0126130199249278,0.2044399303540336,-0.0021488954511261,0.0944224655577695,0.3791352292513059,-0.0155917905167213,0.8832388029853898,0.1440800928612884,0.0071620746352914,0.8466414216924101,0.0422228670922809,-0.0004030966403378,0.0393861553058307,0.0171213000580383,-0.0005344953317515,0.381780316349312,0.4808801213960546,0.0213193598460271,0.9289685293613148,0.4009104704097117,-0.0194501168477972,0.9312449783059192,0.1182094081942336,-0.0018692429982298,0.3919032885781368,0.0176402544823597,-0.0002895829980728,0.0475088804182295,0.4098360655737705,0.0273872252165812,0.2859519220747943,0.3273350281375842,-0.0169872822024329,0.3407782234927612,0.3925265609679571,-0.0139999176213043,0.2140816963454936,0.7347546603145069,0.0553689396355539,0.353322046590022,0.7520052348086552,0.0508747915269225,0.2983852679618587,0.0052053209947946,-0.0002050012512976,0.1299489330332016,0.7564929378354371,-0.0032334900904279,0.0024980450210082,0.9496015733958,-0.0404792933532952,0.1656846184408821,0.0659340659340659,-0.0003364950931411,0.0045873434084033,0.145748987854251,0.003690990224075,0.0596764925832981,0.2116830537883169,0.0033544951309339,0.03807626178008,20.333333333333332,8.333333333333334,1
01200518,5.0,0.1528957528957529,0.146483995516254,0.2373751012692411,0.0087372189194816,0.3877349627005414,0.3243316230083716,0.0083833455145762,0.3546593536863476,0.5241695922225222,-0.0096834566191064,0.279839848107468,0.0793950850661625,0.0031993051915702,0.4794051907154688,0.0372670807453416,0.0017710778842152,0.4176123872628239,0.0175533351336753,-0.0013161107555319,0.348046954118662,0.7784684939248375,0.0124516739370047,0.7990799756457235,0.206555524159367,-0.0112217312838704,0.7557608559078668,0.0149759819157954,-0.0012299426531343,0.2590312153934079,0.0513097488522819,0.0027376305272865,0.6676022510786936,0.3947368421052631,-0.0389683099419407,0.633291874773463,0.9521108723850648,0.0221667026389361,0.2644928162637936,1.1417317863104668,0.0432031623754696,0.4674523419831669,0.707684751776604,-0.060972096156744,0.5593733423231222,0.724299778789389,-0.0709266186146218,0.6123180249482875,0.0037807183364839,0.000277025590715,0.0438386103726432,0.5494544379405465,0.0591825950597464,0.0770252390070885,0.689712715984599,0.0502324215826959,0.0373914444021722,0.1263840129624628,0.0008861140628259,0.0072941548238072,0.1863354037267081,0.0049357963966018,0.0444185226006647,0.3127194166891709,0.0058219104594277,0.0491446586813627,31.666666666666668,12.5,1
01200519,6.0,0.0,,0.1941747572815534,0.0023608083122502,0.0998363389452082,0.2668475157053112,-0.0075178568040693,0.2610940189581375,0.480868075385494,-0.0071286948055832,0.5480444983788206,0.1193603655054254,0.0061809880915655,0.9422267835753054,0.0434037692747001,0.0028602414209103,0.6987299892416532,0.0152769845802398,-0.0001049065632514,0.0215975672343151,0.6271916790490342,0.0046158239529236,0.1846134284216865,0.2924219910846954,-0.0036892613027662,0.1819876573490693,0.0803863298662704,-0.0009265626501573,0.1480666258822376,0.0557297605473204,0.003492054275493,0.824745877747642,0.4782608695652174,-0.0009015106945607,0.0007466532225545,1.0341292272795872,0.0345238124843162,0.5239283125991792,1.2400847886340205,0.0591305729734425,0.6700355500859834,0.8574267427322332,0.0071009334027591,0.0162451837368678,0.8775574131419264,-0.0008866045995719,0.0002281983622607,0.0051311288483466,-8.678717411208611e-05,0.071280288506181,0.7457105413440541,0.0121843043902589,0.0560999571565798,0.9360667733188928,-0.0187842490835001,0.0872091022194877,0.0880843785632839,0.0001356675809114,0.0003093332592758,0.1351197263397947,0.0024846325385445,0.0219925733937822,0.2232041049030786,0.0026203001194559,0.018877684838477,65.16666666666667,31.166666666666668,1
01200520,6.0,0.0,,0.1980965808953119,-0.0012967371955741,0.009166877791248,0.2881565033486077,0.0015074660456879,0.0100027507584917,0.4763835037010927,-0.0133884082921029,0.3598137539891962,0.1052167782869228,0.0016295229527305,0.2585719918845433,0.0377158970743743,0.0008418058402012,0.1293451052290786,0.0105745505816002,0.0004403012856039,0.2564995328709309,0.7164015359297861,0.008540369154495,0.6349958748728148,0.2559882976778204,-0.0097544570358011,0.7277379159831427,0.0276101663923934,0.001214087881306,0.5852555835669131,0.077206527460958,-0.000195578699806,0.0085486363475238,0.4113636363636364,0.009053094187614,0.3986272385899556,1.4326551164049406,-0.0530888411864955,0.6415042705522007,1.7179804712473743,-0.0358621642339347,0.4368512178041454,0.7374932913211336,0.0233466731923422,0.6075962299646138,0.7548081634111239,0.0172182912175223,0.4185149352412443,0.0052640814177925,0.0003220765804101,0.3058445405371467,0.7650326311735807,0.0666425279765826,0.4891207855326306,0.9603211793889792,0.0567021228922416,0.289751862179236,0.1094928934900859,0.0013321565257175,0.0405909044939466,0.1442358308475171,0.0018636467293518,0.0094168466951194,0.2537287243376031,0.0031958032550694,0.0211510354656599,73.33333333333333,30.166666666666668,1
01200521,5.0,-0.2393822393822393,0.3590733590733592,0.2077309868007542,-0.0049238677390554,0.1937951683087753,0.3205531112507856,0.00777703586909,0.4250320903028328,0.511313639220616,0.0068915346373359,0.2670063775719704,0.0832809553739786,0.006201517613454,0.868206754573545,0.0289126335637963,0.0016386875300351,0.4266007358021499,0.0056568196103079,0.0006388601096894,0.5549491668928608,0.7004260898066208,0.0042719632898751,0.1218462109248579,0.2759750901343821,-0.0032911144365675,0.0860186594162696,0.023598820058997,-0.0009808488533075,0.4375918915725487,0.1125078566939032,0.0087047420360094,0.756497524117576,0.4441340782122905,0.0414140698454241,0.6559812685048465,2.087711516487807,0.103610427283722,0.6139747387775846,2.503496880620169,0.1581709635019212,0.6939711124857082,0.7962441844011622,0.0805325846896975,0.684490306618621,0.8149384103250443,0.0765725415915526,0.6549581731018954,0.0056568196103079,-1.72629767494096e-06,0.0001070610087827,0.8221095471511445,0.0266156698020519,0.6623728708372718,1.0319680203653916,-0.0030788336071302,0.0202748409884886,0.1018227529855436,-0.0005550239254285,0.0042407374817482,0.1734758013827781,0.0040122972057259,0.0403741919333903,0.2752985543683218,0.0034572732802974,0.0252273099662105,59.666666666666664,26.5,1
01200522,6.0,0.0,,0.196438939423263,0.0058979058490637,0.325703717870849,0.2777240178053028,-0.0022088280494123,0.0204818476773537,0.4892587574995161,-0.000571984622241,0.0031551323076145,0.1021869556802786,0.0038862928005183,0.685036062901703,0.0301916005419005,0.0003993840439905,0.0668088894253844,0.0096767950454809,-0.0001451439887522,0.0462107170548894,0.7588852988691438,0.0077310046279602,0.4234823220553579,0.2094103392568659,-0.0074865189490026,0.4546181559848667,0.0317043618739903,-0.0002444856789576,0.0411802608852058,0.0451737451737451,0.0045374631780313,0.910914761107432,0.5384615384615384,-0.034630399786119,0.6950415742510622,0.838250330363141,0.0630086673095706,0.9009990707195648,1.005194956616127,0.0881105029389184,0.9321384795022468,0.965354584474752,-0.0509919241939082,0.6361856981610091,0.9880191854255256,-0.0627591842727099,0.6995532750299673,0.0069498069498069,0.0002914813963985,0.2207035730276159,1.0100203007856916,0.0737424796806128,0.5253538187272584,1.267846425020338,0.0509155565631584,0.2330257163200487,0.0915057915057915,0.0005213374684826,0.0046063132144893,0.1517374517374517,0.0019802610931296,0.0087905585784107,0.2432432432432432,0.0025015985616123,0.0118774367096161,39.0,21.0,1
01200623,5.0,0.054054054054054,0.0286650286650285,0.207753164556962,0.0079623025575849,0.6740422342240029,0.3020569620253164,0.007702803869178,0.2689625287624611,0.5186708860759494,-0.00546365849818,0.1766393804510646,0.0643987341772151,0.0027399842399669,0.6305038857109204,0.0159810126582278,-0.0017837885157901,0.6051470630764739,0.0058544303797468,-0.000272576750518,0.2244703385520788,0.7607535845281761,0.0016787480053988,0.0634119454206443,0.1992330776925641,-0.002019860925887,0.1282273724343476,0.0400133377792597,0.0003411129204881,0.0420425883991633,0.0463607594936708,0.0030965124092435,0.7611089221368184,0.4266211604095563,-0.0331940355677175,0.5187409481802742,0.8602767340185502,0.0330177050813875,0.5614002011063556,1.0316081044131775,0.0538636397376422,0.6825691931204296,0.7648470013512785,-0.0501238865923925,0.4606502808076951,0.7828040840158357,-0.0601157873978473,0.5171857566048459,0.0123417721518987,-0.0008239641865473,0.679390800306265,1.793638371701173,-0.0545430186618386,0.3611986348362321,2.251497317006054,-0.15891751407486,0.7388198105831775,0.0731012658227848,-0.0012004775728747,0.0216503169791404,0.1490506329113924,0.0018260324047908,0.0070279049467346,0.2221518987341772,0.0006255548319161,0.0007373075537484,48.833333333333336,20.833333333333332,1
01200624,4.0,-0.4833976833976834,0.1674946216643633,0.2564632885211996,0.0170025747967386,0.1902467564353044,0.3522233712512926,0.0147447581033156,0.076952356416829,0.5917269906928645,0.0312906800109488,0.174610009546951,0.0883143743536711,0.0007306648579292,0.0062553863005966,0.0264736297828335,0.0011149819865097,0.1351982396138733,0.0086866597724922,0.0007859276522635,0.4579072544316808,0.6264266900790166,0.0448538174355772,0.4402497210746087,0.2903863037752414,-0.0474739782935132,0.4089078663517276,0.0831870061457418,0.0026201608579359,0.1206152154830709,0.0479834539813857,0.0027567011772284,0.1018863469285878,0.5991379310344828,0.0222124131007582,0.3707753785126052,0.8903876797719694,0.0248903658399353,0.0242224482341966,1.0677158990825415,0.045105404335011,0.0545667025938554,1.074135304277018,0.0500446327942474,0.4854652632685874,1.0993538596452737,0.0417457682697679,0.393245852409622,0.0074457083764219,7.696883000020532e-05,0.009042002111089,1.0820900016690556,0.0477580331666168,0.1720648568737339,1.358313233010414,0.0111577830161863,0.006425732388137,0.1116856256463288,-0.0138933740872087,0.0479391724520248,0.0769389865563598,0.0060205046634787,0.0144232677178298,0.1886246122026887,-0.00787286942373,0.0096160725245953,38.666666666666664,23.166666666666668,1
01200625,6.0,0.4911196911196911,0.7320752895752896,0.1763938702314965,-0.0059907537030993,0.2132735353333451,0.2660580371698728,-0.0186942426245864,0.4324757963173493,0.4779915226605803,-0.0287987781062613,0.835397165410436,0.0991196609064232,0.0061859899933151,0.8029065622213822,0.0371698728399087,0.002700227589328,0.8081738802903593,0.0058689272905119,-0.0006402482904521,0.4531479053884044,0.7527434842249657,0.001589142919591,0.0329492903060646,0.2054183813443072,-0.0028036208008043,0.1161610481585979,0.041838134430727,0.0012144778812133,0.3157323383109396,0.0766221062927942,0.005920335550134,0.835230705499352,0.4127659574468085,0.02426760420174,0.5655640548426546,1.4218105155112062,0.0713243551376118,0.7771622150098839,1.704976076581435,0.1079431651707284,0.8618573117315159,0.7400073744818616,0.0501244680605273,0.651703489702475,0.7573812722319682,0.0451904315800679,0.5788311131991137,0.0039126181936746,0.0004058444523972,0.2362248468782215,0.5686235363623392,0.0785278836611843,0.3229564419170074,0.713775076796582,0.073957982117389,0.2195728600303187,0.097815454841865,0.0001991549507463,0.0006717268910377,0.1701988914248451,0.0021015073650167,0.0086480629266104,0.2680143462667101,0.0023006623157631,0.0078392839944845,39.166666666666664,16.166666666666668,1
01200626,7.0,0.003088803088803,3.008574437124434e-05,0.1494834029457023,-0.0010663704348371,0.0137101958731949,0.2196087052099362,0.0004713223824858,0.0074163490657969,0.409980215431963,-7.487142527772979e-05,0.0001053737358214,0.1457463178720598,0.0042809521467623,0.3822336980656843,0.0628709606506924,0.0063891952836461,0.8170853780611748,0.0257199384480105,0.0051162549237814,0.7291554435103654,0.5900921658986175,0.0176399270554851,0.6981589679201452,0.3089861751152074,-0.0127745967735041,0.5703016379939271,0.1009216589861751,-0.0048653302819809,0.7517331911577347,0.0492125984251968,-0.0004951417532162,0.1747518101830552,0.6266666666666667,0.0167684011211749,0.4603328694216514,0.913195855895642,-0.0415238923056738,0.8482116452049029,1.0950665159313246,-0.0315834323594338,0.688991332412621,1.123488859264902,0.041058170382257,0.5772837129611996,1.1498661377047543,0.031743511213385,0.4430914464336756,0.0065616797900262,0.0003642831240742,0.4221483746136596,0.953613509417812,0.0796875651605018,0.7473370438274461,1.1970407701963677,0.0640904925985678,0.4923696274517847,0.0774278215223097,0.0014164864209641,0.0509348031319893,0.1036745406824147,0.0019208564850907,0.0229072787545394,0.1811023622047244,0.0033373429060549,0.0509353126537474,37.5,23.5,1
01200627,5.0,0.1351351351351351,0.0303317426019437,0.213091922005571,-0.0140998105845894,0.2563655173745867,0.3133704735376044,0.002082723606054,0.0108150785794715,0.5013927576601671,-0.0063963345054897,0.0397798209151025,0.0849582172701949,0.0112385426834248,0.6198956582175357,0.0194986072423398,0.0041128344985681,0.67108929041443,0.0083565459610027,0.0002842934660852,0.6058012186126966,0.8563218390804598,0.005647432595272,0.5031435928481933,0.1178160919540229,-0.0043672033602306,0.4600504049129823,0.0258620689655172,-0.0012802292350414,0.1043452076626576,0.0417827298050139,0.0020579348672523,0.343802320216424,0.6,0.0139768339768339,0.0614528004001686,0.7753261751448237,0.0150099654431088,0.0698056209288018,0.9297389249467068,0.0313043130053384,0.1943282784707057,1.075680822700438,0.0356345091134038,0.1134660945367834,1.1009356637598713,0.0265174159845464,0.0642990979132704,0.0,0.0,,0.0,0.0,,0.0,0.0,,0.075208913649025,-0.0029782903206136,0.0720779618023307,0.1587743732590529,0.0024373554172751,0.0133712647557815,0.233983286908078,-0.0005409349033384,0.0004787066635706,5.0,3.0,1
01200628,7.0,0.2409266409266409,0.3132046332046326,0.1691272253582284,0.0017241380505395,0.0473734635543527,0.2399044724272687,-0.0093658676531571,0.6046116933847299,0.4465914025184542,-0.0097757973344826,0.7469320135488344,0.0944420321320017,0.0100504908800597,0.907644319051348,0.0214937038645245,0.0020287490870992,0.8085859422787101,0.0052105948762483,0.0004198304830148,0.299825755704073,0.4863921842288904,0.0092236613536459,0.3924910225632666,0.3891602698301931,-0.0131954053090822,0.7537027127384567,0.1244475459409164,0.0039717439554363,0.3459584356235986,0.0631784628745115,0.0013734569905305,0.3187591072142033,0.5601374570446735,-0.0072525289555248,0.0663515528879937,1.1723483889304471,-0.0127936996279389,0.0983742104291186,1.4058314625887611,0.0065204317623787,0.0193481542581076,1.0042152010319094,-0.0022757736361467,0.0019686511660601,1.0277921717804068,-0.0123946923727897,0.0580307258609724,0.0091185410334346,-0.0008343998651903,0.7663777861395512,1.325203940747184,-0.0689267809931113,0.7122010602978782,1.6634864441756207,-0.1585151701566352,0.8546332569768879,0.1081198436821537,0.0020081061118241,0.0515383339700209,0.0924880590534086,0.0013225075820729,0.0228660268717082,0.2006079027355623,0.0033306136938971,0.0522364532089507,48.5,27.166666666666668,1
01200629,6.0,0.0,,0.1903908210828253,0.0037871631157184,0.0989713324639985,0.2552886339189674,-0.0104936476927549,0.3842648289322501,0.4783076371459304,-0.0043948851638912,0.1567725869000674,0.1168877733954822,0.0079411162684622,0.725933272636899,0.0487629974901398,0.0017127399191474,0.2940541002434198,0.0129078522768017,-3.4991723887296986e-05,0.0037206569570332,0.6895655402896398,0.0056679806117676,0.257149947186413,0.2699591533605644,-0.0053271756714689,0.2675104435608161,0.0404753063497957,-0.0003408049402986,0.0553984497712868,0.0564084255622991,0.0045560466973604,0.6740850975015554,0.5949367088607594,0.0155207251107872,0.0716045651667243,1.0467226301693369,0.0565789960678977,0.4979608961518362,1.2551862739694657,0.0841909787654856,0.6136163112579256,1.0666033474033878,0.0385710422427904,0.1207716446235214,1.0916450674412226,0.0293972165468767,0.0731278630911461,0.0042841842199214,-3.4496711494133017e-06,0.0005239571190768,0.6226234866202408,0.0200326062959173,0.7851031818401654,0.7815595003695528,-0.0026934073282399,0.0252391338004879,0.0835415922884684,-0.0002670258337104,0.001009619112679,0.1606569082470546,0.0044324780624055,0.0445652048484891,0.244198500535523,0.004165452228695,0.0342369000414999,26.333333333333332,15.666666666666666,1
01300730,6.0,0.3459459459459459,0.5189189189189191,0.1902533039647577,-0.0022054384130763,0.0316061196535047,0.280011013215859,-0.0008774367497193,0.0027019851836215,0.4834801762114537,-0.017613768134045,0.471491081531236,0.0773678414096916,0.0096126079046747,0.9070441715080406,0.0165198237885462,0.0010952016597612,0.4128976459624964,0.0066079295154185,-0.0002583023602181,0.2071993078127122,0.7339715694807079,-0.0008182731496187,0.0048162055296849,0.2230925442413693,-0.0006776485857951,0.0045183448126286,0.0429358862779228,0.0014959217354138,0.3138174832285779,0.0649779735682819,-0.0010379053936545,0.0823592080734149,0.5042372881355932,0.0073038314210018,0.1367270056152181,1.2057403609208892,-0.0629336024937492,0.455607375197705,1.445873727554787,-0.0510040272307842,0.2850469441784119,0.9039973015632212,0.021938271400139,0.3484999133857022,0.9252213558433946,0.0141639148957879,0.1598161370896579,0.0,-0.0011948067710497,0.7072963985068016,0.0,-0.1626869051214195,0.708155874641827,0.0,-0.2210596886960418,0.7070999671742875,0.1106828193832599,0.0007250872626089,0.0102105929410694,0.158590308370044,0.0014115062608628,0.0032293795180896,0.2692731277533039,0.0021365935234717,0.0061053072615605,39.333333333333336,19.833333333333332,1
01300731,4.0,-0.2393822393822393,0.3590733590733592,0.2143227815256876,-0.0117798887807611,0.5580184182922139,0.3214841722885314,-0.0028064093124638,0.0246293588834179,0.5560456668396471,-0.0006863627097475,0.0012894405080718,0.0781006746237675,0.0044632719771081,0.6848312003578245,0.0295796574987026,-0.0006071241450063,0.209714100893544,0.0140114167099117,0.0005813921573599,0.2835105702002445,0.755024443237371,0.0050890856188728,0.1619963344076237,0.2137425312330255,-0.0036318617431092,0.1158794181775125,0.0312330255296034,-0.0014572238757635,0.3541272789878207,0.0594187856772184,0.0022925631949276,0.588654558391387,0.4148471615720524,-0.0033355181676128,0.0140287872557695,1.102583293285437,0.0082982642306909,0.0425756272301839,1.3221720594844095,0.0296033307612037,0.3216316763225637,0.7437385600912781,0.0018582185595135,0.0014589375457965,0.7612000586403769,-0.0053720786972708,0.0110126789573308,0.0,0.0,,0.0,0.0,,0.0,0.0,,0.1074208614426569,-0.0007307470956187,0.0057126302368403,0.1681370005189413,0.0020693737593335,0.0080530040917132,0.2755578619615983,0.0013386266637148,0.0021364363174578,38.166666666666664,15.833333333333334,1
01300732,5.0,-0.0687258687258687,0.1073088125719702,0.2466592427616926,-0.0028164444349623,0.0318367742496491,0.3415924276169265,0.0016368388078138,0.0102079386929639,0.5526169265033407,0.0008770066995732,0.0013352585983559,0.0503897550111358,0.0102108376113184,0.9697813879361632,0.0083518930957683,-0.0014703159482818,0.6179967150905845,0.0016703786191536,-0.000805818481798,0.7192053971753459,0.8546140452698782,0.0003195549874784,0.0033139289200757,0.1349390597794544,-0.0003816820179789,0.0054216486762568,0.0104468949506674,6.212703050050129e-05,0.0205323660573031,0.0487193763919821,-0.0005045262388833,0.0570641527799768,0.36,-0.0005811001008045,0.0012577300706303,0.9040435588989152,-0.0414048462083268,0.5243775121869712,1.084091461762748,-0.0316851183186102,0.335206067059102,0.6454084936202628,0.0056462544264531,0.0341690823261646,0.6605613982559227,-0.0004797903738517,0.0002583276270601,0.0,0.0,,0.0,0.0,,0.0,0.0,,0.1035634743875278,0.0009150446255139,0.0108365780837076,0.2087973273942093,0.0046491546686821,0.0247430510076419,0.3123608017817372,0.0055641992941961,0.0322272863697974,29.166666666666668,10.5,1
01300733,5.0,-0.2393822393822393,0.3590733590733592,0.2428181672283742,0.0209853015120066,0.815783088919888,0.3373455304124538,0.0202960612399437,0.6081194006524464,0.5275236719627668,0.0131592679716962,0.3460277363941922,0.0813673567645642,0.0040550109395545,0.7103079189508379,0.0224683036430749,0.0014440457869779,0.7028323321449035,0.0117156154710319,0.0001576151643657,0.1396047786019769,0.7417880121909922,0.0067757092089885,0.399854063911524,0.2236708432102946,-0.0086145213066595,0.5959046782135885,0.0345411445987131,0.0018388120976709,0.601163283774012,0.0858610174931792,-0.0021500128976753,0.3173818142786854,0.3813084112149533,0.0031721726693121,0.0267826564508945,1.593249043269572,-0.0984786556850881,0.7106951036695275,1.9105580337012704,-0.0853992116243305,0.5940863626445796,0.6836102424638298,0.0125377928217925,0.1237359335680846,0.6996600479969276,0.0064609034707706,0.0324839194186391,0.0048146364949446,-0.0001194178770708,0.2073500022823475,0.6997144864481201,0.006871208706622,0.0337210850691112,0.8783293855461071,-0.0244136179581709,0.2315039036436043,0.1030332209918151,0.0017118403251908,0.0393924702967423,0.1598459316321617,0.0019376714347303,0.0095768277433824,0.2628791526239769,0.0036495117599212,0.027221034060934,89.16666666666667,34.0,1
01300834,4.0,-0.0903474903474903,0.0352747153637029,0.2297516825249478,-0.0110992159465469,0.4176085643233218,0.3286145277326526,-0.0055158269663834,0.2915792987798378,0.576699930378278,0.0010161824377793,0.0030799592104883,0.0533766535158969,0.001632573731741,0.5669868805825085,0.0113715479229519,0.0007750162104846,0.6843132754218693,0.0041773033186354,-9.190196288918986e-05,0.364875301222445,0.8334942084942085,0.0065195936723483,0.4883563883258988,0.1549227799227799,-0.0061947705830013,0.463368363963647,0.0115830115830115,-0.000324823089347,0.1201484423060683,0.0472769409038238,-0.0016943147220794,0.1972432307316854,0.3235294117647059,-0.0053346426843356,0.0210150522359096,0.8772775243399971,-0.0640052398089935,0.5381863162501378,1.051994745575852,-0.0589231689813501,0.4218942983733271,0.5800239730247461,-0.0028324841008155,0.0017738248506056,0.5936417794783619,-0.0091128932999387,0.0181070738993522,0.0027809965237543,1.583215803062228e-05,0.0033926787984202,0.4041641682556882,0.0152731198663616,0.1356985916433321,0.5073344520359484,0.0014390314174288,0.0007751474308022,0.0945538818076477,-0.0001710477507827,0.0005819014042325,0.1904982618771726,0.0031523947076029,0.0212810560868907,0.2850521436848204,0.0029813469568201,0.0150748500864507,34.0,11.0,1
01300835,6.0,0.0764478764478764,0.0208112000962599,0.1770432420194702,-0.0222375126748751,0.8315214056533691,0.28073352954494,-0.0158137475838072,0.6968404676873401,0.4978492189268734,-0.0045692195961332,0.1736580348783647,0.1075390536563278,0.0063059616576527,0.8862984063797024,0.0296581390083767,0.0015330649706195,0.7249817858753995,0.0124518904233642,0.0004660310925454,0.4168110389709856,0.6781500707881076,0.0166225752940387,0.6645699491699268,0.2102406795658329,-0.0197259117805175,0.8064547531061073,0.1116092496460594,0.0031033364864788,0.5339327689217309,0.0370789057200994,0.0022024835327565,0.4841138139743398,0.2926829268292683,-0.0147252109043195,0.2822141307757136,0.6880413578691181,0.0205881124353516,0.1488863788770146,0.8250705998215738,0.0365966670771906,0.2950208691648637,0.524722352536799,-0.0203425535356099,0.1866065229342598,0.5370417871999372,-0.0265237077322068,0.2744907037192636,0.0013565453312231,3.440839232666566e-06,0.0067118134646608,0.1971476809883896,0.0069084130544327,0.8569926376707542,0.247473226377472,-2.940081563990407e-05,4.978922449339063e-05,0.0908885371919511,-0.0007818671121591,0.01248186255884,0.151933077096993,0.0030910387212699,0.0296202887049716,0.2428216142889441,0.0023091716091107,0.013495413705676,27.333333333333332,8.0,1
01300836,4.0,0.1420849420849421,0.1531853281853283,0.2269213278763074,-0.026948913065475,0.7991188722384724,0.3427012278308322,-0.0225585763585781,0.8013530215717801,0.6151887221464302,-0.0184014689804554,0.7897547681676471,0.0555707139608913,0.0045684884989533,0.9192755146045932,0.0181900864029104,0.0010886673144104,0.6014478166463505,0.0080036380172805,0.0005615376251536,0.600406331786195,0.7854117647058824,-0.0022119338756209,0.1499706851471486,0.1813647058823529,0.0010299803714251,0.0442556291362129,0.0332235294117647,0.0011819535041958,0.6654795956310631,0.059079771304111,0.0050093327374196,0.8424101603378142,0.4331797235023041,-0.0297454365999598,0.8637910425579757,1.0962924951866266,0.0637058125934589,0.753788365852855,1.3146283958639315,0.0935024750484014,0.8336541637434619,0.7766052022568447,-0.0442733598336314,0.8481007273341581,0.7948383440355445,-0.0539201856100388,0.866440707785613,0.0028133224430529,-0.000188471052707,0.3828648433428435,0.408862116697841,-0.0127931178846593,0.1234292978018871,0.5132316376001197,-0.0363994534790154,0.4127967992012556,0.0925673836101279,-0.0008702791821182,0.0147239869318918,0.1796896270078954,0.0011242105979055,0.0016967898519141,0.2722570106180234,0.0002539314157872,7.667204611838674e-05,108.5,47.0,1
01400937,5.0,0.2586872586872587,0.228253463547581,0.2298438699769644,0.0105946006747328,0.6095738228222379,0.3153314563603788,0.0018957336115008,0.0077807762455121,0.5106219605835679,-0.0088625951804182,0.2051171746406287,0.0619401074993601,0.0058675221261738,0.8924244737811141,0.0217558228820066,0.0021375928450355,0.7006730292780285,0.0046071154338367,-0.0002832370087726,0.2963304162757196,0.8178233438485805,0.0002419779253967,0.0011695742437137,0.1566771819137749,0.0001745936736673,0.0008977138432565,0.0254994742376445,-0.0004165715990641,0.0660308096731095,0.0531561461794019,-0.0006630737617877,0.0671794495147114,0.5336538461538461,0.0012844373465247,0.0039658363943964,0.9863728792983096,-0.0470366054651173,0.5008194335396677,1.1828173609953232,-0.0370561452533875,0.3505799378373204,0.9567353471133704,0.0121455645274627,0.1112816047073553,0.9791975855556548,0.0032300735466706,0.0082671428538108,0.0030667007411193,-0.0016508341125858,0.7976253626961941,0.4456857618255289,-0.21205346012676,0.7337406270718403,0.559455190527758,-0.3077113345268449,0.7850947960635514,0.1104012266802964,-0.0001251455562069,0.0002106253251263,0.1533350370559673,0.0031515919350879,0.0290772823105305,0.2637362637362637,0.0030264463788809,0.0199670978421852,34.666666666666664,18.5,1
01400938,5.0,0.2293436293436293,0.197434950478429,0.2106261859582542,-0.0021500655963181,0.0260743428001509,0.3031309297912713,-0.0028404757057488,0.0586719169709967,0.5268026565464896,-0.0054389853002871,0.0859064074553357,0.0794592030360531,0.0082208693366106,0.8493061254692492,0.0080645161290322,-2.0734514873753292e-06,7.233321560495831e-06,0.0028462998102466,7.256731818389377e-05,0.0089881583069949,0.778960396039604,-0.0040291403436987,0.14650543019307,0.2029702970297029,0.0051813609352762,0.2599502754343032,0.018069306930693,-0.0011522205915775,0.4223869124893016,0.0708195168166745,0.004159755268406,0.8351174198865877,0.3244147157190635,0.0227019501206597,0.2931292784818383,1.3141368540379048,0.0385775600659698,0.5938798116941837,1.5758582969004336,0.0686792576031907,0.7740004084066178,0.5816111471680183,0.0463473367224991,0.3445735460496703,0.595266217306062,0.0423610656017024,0.2984215019072778,0.0,0.0,,0.0,0.0,,0.0,0.0,,0.1009000473709142,0.0014635261323941,0.0259687209086555,0.1747986736144007,0.0030335947285946,0.0173975054183562,0.275698720985315,0.0044971208609888,0.03406539908297,49.833333333333336,16.166666666666668,1
01400939,5.0,0.0,,0.2039649256576439,-0.0021578413266065,0.0454737585174972,0.3072817384674037,-0.0004484920509727,0.0006934788299143,0.5310712924132672,-0.0042459565030285,0.0746769297467245,0.0590926420129622,0.0068368498149071,0.6850316476713898,0.0141059855127716,-0.0010499981372818,0.6434062004472246,0.007243614182234,-0.0005006343789711,0.359766075687324,0.762285257690771,0.0023323178503381,0.0694594708697282,0.2281262485017978,-0.0010796270910708,0.0162976802458755,0.009588493807431,-0.0012526907592672,0.2984083534310181,0.1025543271063667,0.006640307844043,0.7228017518544143,0.2713754646840148,-0.0418794933809249,0.5500344990738572,1.9030124300396687,0.0691162176218282,0.4851244175179938,2.282013412657985,0.1143239213115713,0.6472755643528852,0.4865223051866912,-0.068127161439575,0.4822383970274506,0.4979448789000656,-0.0763564782732903,0.5383832026650441,0.0068623713305375,-0.0001119189618551,0.0564038351279682,0.9973132211341752,0.0172194965386397,0.0821754410473191,1.251895631262934,-0.0241136188635083,0.0873775938342257,0.0823484559664506,-1.998659482254028e-06,6.159126941795989e-08,0.1692718261532596,0.0047217985722501,0.0411675524335261,0.2516202821197102,0.0047197999127679,0.0348816265578866,44.833333333333336,12.166666666666666,1
01400940,4.0,0.1073359073359073,0.0362421646632172,0.2665816326530612,-0.0105242971605816,0.3070398752457899,0.3756377551020408,0.0075103532702265,0.4306484223684419,0.5809948979591837,0.0006243059512175,0.0031964334838093,0.055484693877551,0.0028292862535493,0.2743967225249545,0.0197704081632653,-0.0026037693331272,0.8190506741668679,0.0076530612244897,-0.0003457887898858,0.6865222798762797,0.8662295081967213,0.0047525478792043,0.4449050187601762,0.1062295081967213,-0.003481575885899,0.2643652704114068,0.0275409836065573,-0.0012709719933052,0.5009696975749144,0.0191326530612244,-0.0055197833272556,0.7820757786224205,0.6,0.0767567567567567,0.4171766445888244,0.3550281847920812,-0.1235855743211164,0.82642088501423,0.4257350434386068,-0.1373017310289013,0.814279335882027,1.075680822700438,0.1463045337772884,0.4524829107536268,1.1009356637598713,0.1420765653463821,0.4236167294875855,0.0076530612244897,0.0016147677758714,0.6611338926146457,1.112224735984244,0.2576373047278044,0.658478402779326,1.396140408504539,0.2955646295581223,0.619769225578078,0.1262755102040816,0.00104358096638,0.00785622818986,0.1607142857142857,0.0034648944083398,0.0405084674609399,0.2869897959183674,0.0045084753747198,0.0480562321537835,5.0,3.0,1
01400941,5.0,0.1907335907335907,0.1024899135123931,0.2025316455696202,-0.0123690958165923,0.3604377236221371,0.285385500575374,-0.0219103259411587,0.5352435479624791,0.5005753739930955,-0.007536804820371,0.144238118744948,0.1104718066743383,0.0174394573283486,0.9182145743668538,0.0149597238204833,0.0016844652176377,0.2578721164312035,0.0,-0.0023680559304742,0.4208871358508138,0.7877697841726619,0.0268027511768064,0.9170689743950042,0.1786570743405275,-0.0247725758314549,0.9019512229405792,0.0335731414868105,-0.0020301753453515,0.2013324760789878,0.0414269275028768,0.0083467968969278,0.67637286761028,0.3333333333333333,-0.0641662070233499,0.519719556964306,0.7687238578881244,0.1410393145600198,0.6196915455734804,0.9218217004995196,0.1785772037141672,0.6357045213602213,0.5976004570557989,-0.1055277831022931,0.4658442899673187,0.6116309243110396,-0.1169991590858964,0.5127080462602518,0.0,-0.0028730930684093,0.6714970729729047,0.0,-0.3915696975493006,0.666460601423617,0.0,-0.5315600134629455,0.6699150017952862,0.1173762945914844,-0.0028427485706924,0.0435260408387457,0.1657077100115074,0.0029273293552723,0.0216516272996815,0.2830840046029919,8.458078457987947e-05,1.1435903473189237e-05,6.0,2.0,1
01400942,5.0,-0.0478764478764478,0.0636072807501375,0.2384155455904335,0.0025189270533641,0.0179439895469162,0.3223716990533134,5.670159467082735e-05,1.2506663036204737e-05,0.5540607872446437,0.0051239609445223,0.0697445721186968,0.0866965620328849,0.0075168313818854,0.9128197197884436,0.0169407075236671,0.0009252202506469,0.5331450660958759,0.0104633781763826,-0.0006967704955467,0.5397606178386506,0.7753699788583509,0.0093763539409287,0.4920677175933524,0.2056025369978858,-0.0085313071249945,0.532787734110937,0.0190274841437632,-0.0008450468159341,0.1767631310309302,0.0920398009950248,0.0022925611584433,0.2338493580188486,0.4189189189189189,0.0029481212075241,0.0204029236309591,1.7079034136730833,-0.0116947766706221,0.0321691217626313,2.0480467893975303,0.0164777280302963,0.0511016127841121,0.7510384122458013,0.0129936868136803,0.1043546401075222,0.7686712967692795,0.0060544496347735,0.0228923793764523,0.0,0.0,,0.0,0.0,,0.0,0.0,,0.1059701492537313,0.0015010952489178,0.0366491362332561,0.1805970149253731,0.0039090678901881,0.0277209495895462,0.2865671641791045,0.0054101631391059,0.0419560608771116,61.666666666666664,25.833333333333332,1
01401043,5.0,0.0,,0.2574931880108992,0.0144984908841164,0.3313420136433433,0.323433242506812,0.0009426754922223,0.0023861970659879,0.5553133514986376,-0.0011093271314151,0.0057876550971112,0.0637602179836512,0.0073158389286396,0.9157827573708291,0.0147138964577656,0.000586659389435,0.5384057307572379,0.0043596730245231,0.0010467958800851,0.6697311271617865,0.7836981566820277,0.0163473665329172,0.8602662780145975,0.1863479262672811,-0.0169460117836712,0.8759961860681842,0.0299539170506912,0.000598645250754,0.1604131147501878,0.069742198100407,0.0022913619212861,0.2996683456468524,0.4513618677042801,0.002513303143104,0.0063930465071011,1.294145977338523,0.0008045054760084,0.0001379541039034,1.5518860684280056,0.0252266397316346,0.074620186949828,0.8092021753129106,0.0121107563503936,0.0477739490805964,0.8282006290281781,0.0051197610146502,0.0082250990965443,0.0,-9.024049090827028e-05,0.0810810810810809,0.0,-0.0121826811309282,0.0810810810810805,0.0,-0.0165659936422673,0.0810810810810815,0.1253731343283582,0.0028092635978226,0.1173901447513796,0.146540027137042,0.002790331070183,0.0214879905092673,0.2719131614654003,0.0055995946680056,0.06210589141394,42.833333333333336,19.333333333333332,1
01401044,5.0,0.0,,0.2446058534501174,0.0244710583377641,0.7160842458287173,0.3163853877376629,0.0097161557008894,0.2321046404380582,0.5402691732535783,0.0065091116610633,0.2440037415649057,0.0638752403332621,0.0020939257281542,0.427887223722878,0.0194402905362102,-6.352331369989262e-05,0.0025737232115902,0.0079042939542832,0.0006523777749003,0.7511147915746758,0.8067340067340067,0.0076775923661972,0.433711720315269,0.1732884399551066,-0.0062247755498886,0.3503161907222032,0.0199775533108866,-0.0014528168163086,0.6600308246846855,0.0620866225730744,0.0025562137157411,0.3735651020831125,0.2783505154639175,-0.0024308435309242,0.0169915655105709,1.1520880476666608,0.0121933119604504,0.0418258514371484,1.3815361034102485,0.0346748023129239,0.2168776758919597,0.499027185788863,0.0008567415969484,0.0006384195696782,0.5107433491669506,-0.0040789060148497,0.0133981091171292,0.0025602730957968,-1.3071278748597224e-05,0.0283763275146399,0.372086278221313,0.0103587244895428,0.6743158333863102,0.467068094844275,-0.0036849632777581,0.1329471278304348,0.1088116065713676,0.0005822818586365,0.0031839233678702,0.1817793898015788,0.0038212719079304,0.0233497432781207,0.2905909963729464,0.0044035537665669,0.0210269168225493,48.5,13.5,1
01401045,5.0,0.0625482625482625,0.0128916266320849,0.204739336492891,-0.0084748121451232,0.4491747641469444,0.3026856240126382,-0.008357387858857,0.3027006285277602,0.5298578199052133,0.0057734018245204,0.1174809611235024,0.1042654028436018,0.0095507719733848,0.9266403241040624,0.0363349131121642,0.0025016618292115,0.8472515132113696,0.0189573459715639,0.0008202201280029,0.3984235549715698,0.7112155809267965,0.006647176426521,0.1771873802174448,0.2374076561450638,-0.0079021671876174,0.2876890540221709,0.0513767629281396,0.0012549907610964,0.1959162246218292,0.0849921011058451,0.0043900727507788,0.5682659928001723,0.3085501858736059,-0.0002846448932632,0.0001509193814585,1.5771253093188156,0.0348378391071513,0.1849923458635718,1.8912231220859068,0.06860318874293,0.4130707497890252,0.5531691963081559,0.0052029902768521,0.0146054562256952,0.56615650614665,-8.283806378000733e-05,3.5497559062180883e-06,0.0056872037914691,0.0005608903942862,0.4958839663937242,0.826525301432841,0.1028178278249888,0.5908747639941849,1.0375109765569277,0.1007936289401157,0.4499265381633599,0.0853080568720379,-0.0009928659985842,0.0211419713752107,0.185781990521327,0.0043073397571762,0.032887059503052,0.2710900473933649,0.003314473758592,0.0155791025432231,44.833333333333336,13.833333333333334,1
01401046,5.0,0.071042471042471,0.0170205920205921,0.2197879858657243,0.0169857975824323,0.7623407566416716,0.3062426383981154,0.014041941835451,0.4138203696673453,0.5144876325088339,-0.0014075979335375,0.0059810653195072,0.069964664310954,0.0070872855654771,0.8629869201362574,0.0186101295641931,0.0013215833021382,0.6504735900901659,0.0042402826855123,4.184616527425201e-05,0.0685161230233923,0.8412310698583293,0.0052999922336636,0.3046041553857826,0.1404494382022472,-0.0048841058066893,0.3295962672383488,0.0183194919394235,-0.0004158864269742,0.0677857609650225,0.0751703077284472,0.0008916510221101,0.0517838898630038,0.5,0.0084514014401441,0.0746657723570244,1.39487073840165,-0.0297411868354484,0.1899844564191817,1.672671015548942,-0.0098869733534562,0.0200636414101766,0.8964006855836983,0.0239859589694975,0.1866386421380931,0.9174463864665594,0.0163114575269756,0.0837807544720867,0.0042283298097251,3.905768927241023e-05,0.0606949370361862,0.6145061261533807,0.0250968409734453,0.7178113176721972,0.7713700354246361,0.0050770285945747,0.0540133034622192,0.0930232558139534,0.0013004509410251,0.0337634925128577,0.2114164904862579,0.0047848257293281,0.0289799432351738,0.3044397463002114,0.0060852766703532,0.0421429357854467,53.333333333333336,26.666666666666668,1
01401047,4.0,-0.0494208494208494,0.0185328185328187,0.3185742749612574,0.0281635239825175,0.849575331799335,0.4040292229355767,0.0214049220591728,0.6512268517496134,0.6176665928713748,0.0090864065905356,0.1863950005363253,0.049811822005756,0.0005959428948116,0.068631631181309,0.0190391852999778,0.0002166833377176,0.0382030393200171,0.0068629621430152,0.0005253167415294,0.6239931419966703,0.773999537358316,0.0024446538503598,0.0416192455275055,0.2056442285449919,-0.0038104624324524,0.1054794065982334,0.0203562340966921,0.0013658085820925,0.4922696981948954,0.0708434801859641,0.0047134300867631,0.6518603865426025,0.33125,-0.0031571624674895,0.0084351756211409,1.3145815216683248,0.0501563856632027,0.4230140447753059,1.5763915238414534,0.0818126482236817,0.5669158754376382,0.5938654541992001,0.0005247250015883,7.924817678028884e-05,0.6078082310340955,-0.0052803715842433,0.0071069443735922,0.0039849457604604,-0.0009550924372898,0.3552580922312754,0.5791349521883865,-0.1093302602229142,0.2965215519665042,0.7269697234453566,-0.1779351436365454,0.3719630028224168,0.1315032100951959,0.0009876843019193,0.0061662759229437,0.1726809829532875,-2.5416857543767698e-05,1.2660685182463991e-06,0.3041841930484835,0.0009622674443755,0.0012003341687321,53.333333333333336,17.666666666666668,1
01401048,6.0,0.1366795366795367,0.1142942267351716,0.1884141647421093,0.0009207557928098,0.009092205751117,0.2740569668976135,-0.0009640793341809,0.0058472315607568,0.4690146266358737,-0.0073833993803293,0.2200618117836585,0.086027713625866,0.0054969506365542,0.7398683870380186,0.0200153964588144,0.0010563730645421,0.770295882551914,0.008275596612779,2.124243826787677e-06,1.912438120710291e-05,0.732200647249191,0.0085041828705209,0.3398872801777262,0.2216828478964401,-0.0098435780571718,0.4296567411140651,0.0461165048543689,0.0013393951866509,0.652134603957599,0.0690448791714614,0.0019993186632783,0.5845480133166977,0.2666666666666666,-0.0258053514612493,0.7091463028361462,1.2812064298135406,-0.0034254225838918,0.0119919368381329,1.5363695008325329,0.0191772147455747,0.1969478824118237,0.4780803656446391,-0.0402337506970771,0.6326961723990232,0.4893047394488317,-0.0469461210113174,0.6888068866275624,0.001150747986191,-2.469567124342657e-05,0.4771641136085561,0.1672390090164263,0.0021663130493205,0.3285728892119141,0.2099298197674642,-0.0051218266034187,0.7557592713667085,0.0771001150747986,-0.0012475630008673,0.0258862944132115,0.1277330264672037,0.001507048313015,0.0084698443137277,0.2048331415420023,0.0002594853121476,0.0001640197643144,60.0,16.0,1
01401049,5.0,-0.1884169884169884,0.2693774131274131,0.2188663632602399,-0.0228365604862778,0.7190763566216555,0.3231278444352503,-0.0156339830059318,0.446590903994195,0.5531650806785271,-0.0066314806879274,0.1062306817532794,0.0446834919321472,0.0079300873341661,0.8818120287815,0.0124120810922631,0.0010771589090568,0.6896744039100168,0.0024824162184526,1.1103531198836896e-05,0.0266956018801163,0.7918103448275862,0.0004575984977202,0.006798087919395,0.1892241379310345,-0.0009174031755531,0.0286210897324594,0.0189655172413793,0.0004598046778329,0.0891507336907448,0.0982253404869995,-0.0011458330469499,0.0587857890009058,0.5714285714285714,0.0213478664595395,0.4857052095287459,1.8226831491738624,-0.0854348382433001,0.4900605320368713,2.18568587770798,-0.0667206760475689,0.336851835782669,1.0244579263813696,0.0481384963975803,0.5871513887438582,1.0485101559617822,0.0401130561807725,0.5004760769057849,0.0,0.0,,0.0,0.0,,0.0,0.0,,0.094098225340487,-0.0009533337823811,0.009360097078364,0.1683862979777136,0.0020697309772701,0.0079755848607045,0.2624845233182006,0.0011163971948889,0.0015936541269369,39.666666666666664,22.666666666666668,1
02100101,5.0,0.0,,0.1836608577431714,-0.0131950885476415,0.6459036810606269,0.2660981337288345,-0.0156914498156462,0.8328901168083584,0.5161290322580645,-0.0035282358825664,0.4573763598160648,0.0909652700531454,-0.0036750939627861,0.7635411633199629,0.039302929180571,0.0021582743663001,0.6371192582687218,0.0134717587442837,-0.0001025643179207,0.0344261774929874,0.536144578313253,0.0208045238783445,0.8599294633565142,0.3633199464524765,-0.0212228890440928,0.8917729877118497,0.1005354752342704,0.0004183651657483,0.0537652357777526,0.0305277468792485,-0.0012341139773076,0.6293433175109975,0.6396761133603239,-0.0101550434051852,0.3712302970451492,0.4474497241686895,-0.0303360691057226,0.7265946419253974,0.679295840578415,-0.0413793034927703,0.7162861118696067,1.2012418398160392,-0.0142327683515245,0.2265501098538277,1.1737370774228049,-0.0175815688293126,0.291818813318959,0.0194042763564454,0.0012248999949626,0.291100451499779,3.4652230303219267,0.1377580704976478,0.1475512081569321,3.5399029910189657,0.2182037814600942,0.2208097608868486,0.1008527994067482,-0.0007673966572861,0.0069665396910687,0.1045606229143492,0.0015982588992479,0.020990912495532,0.2054134223210975,0.0008308622419618,0.0022887509793474,41.166666666666664,26.333333333333332,1
02100102,8.0,0.7351351351351352,0.830516592541909,0.1285853658536585,-0.0163481330749509,0.8470226828633937,0.1951219512195122,-0.0284725251690631,0.9261601393730856,0.3895609756097561,-0.0265038415673268,0.7702392301302677,0.1015609756097561,0.0012565260982285,0.0442574960807483,0.0395121951219512,-0.0013322665116469,0.1955122574269714,0.0221463414634146,-0.0012308205287322,0.5006567577926709,0.4640838557188367,-0.00703174640918,0.0767418048414825,0.4433254547322988,0.006936891297318,0.0686811294168766,0.0925906895488644,9.48551118620093e-05,0.0013847074682949,0.0475634665888532,-0.0035558429942995,0.6257818661252172,0.6073619631901841,0.0068078849412826,0.1272372679093287,0.6971448004292718,-0.0730156803255301,0.7447589769072753,1.058370443947212,-0.1029415350826273,0.6987588158166901,1.140559396948886,0.017022664226852,0.1861501805979589,1.1144440768121398,0.0134302051447023,0.1682787450036492,0.0058360081704114,-0.000735207789415,0.6377823359577948,1.042196552232634,-0.1678357919637133,0.7553175725003212,1.0646572125936762,-0.1387062801567514,0.5711077080577052,0.0898745258243361,0.0045924660527985,0.0265403451329138,0.0887073241902538,0.0011821055202264,0.0166284030678243,0.17858185001459,0.0057745715730249,0.032686520561029,81.5,49.5,1
02100103,5.0,-0.1776061776061776,0.0972605258319542,0.233358547655068,0.0213741713132728,0.5890616184716202,0.2950075642965204,-0.000449384067108,0.0006039902507567,0.516641452344932,0.0041782401184781,0.0428190173984736,0.1096822995461422,0.0114103526480541,0.7785595729528895,0.0234493192133131,-0.0005602938190852,0.0773236863707538,0.002269288956127,-8.03033727634074e-05,0.62192364853683,0.7235673930589185,0.0202438760136285,0.6954779915414124,0.2094430992736077,-0.0189099719741195,0.6706255333272853,0.0669895076674737,-0.0013339040395089,0.1320135577176856,0.0516981132075471,0.0011644927773864,0.2723958568794234,0.5182481751824818,-0.0189519887591152,0.2622775559919509,0.757746930563127,-0.0003700236052885,0.000149583971795,1.1503735734755691,0.0061490157049268,0.0168426437655688,0.973213441044714,-0.0314112584672938,0.2259767796320162,0.9509298312281128,-0.0339510740522974,0.2362913214424105,0.0113207547169811,0.0017779995175218,0.8161032720906458,2.021664670472398,0.2839422627377062,0.7690730398428275,2.0652341137123744,0.3238079756497422,0.8426604293005227,0.0973584905660377,0.0028624064560339,0.0507924677254543,0.1516981132075471,0.0039129571945623,0.0627474031519786,0.2490566037735849,0.0067753636505963,0.0999269643609044,22.833333333333332,11.833333333333334,1
02100104,7.0,0.4949806949806949,0.760869605473922,0.1206482593037214,-0.0228578921179721,0.9287629922091064,0.1906762705082033,-0.0349043570224332,0.9621119679674988,0.4375750300120048,-0.0222342571730621,0.9343248203553696,0.1052420968387354,0.0068032829742503,0.6947542395916051,0.040016006402561,0.0024001762765387,0.7246636993535885,0.0210084033613445,0.0021890950738088,0.8632574892160976,0.4967010309278351,0.0143665626868823,0.6551955505293703,0.3616494845360825,-0.0225188978003047,0.8559310953571887,0.1416494845360824,0.0081523351134224,0.8553742336691272,0.0558870326173428,0.0038503308930856,0.9103767642134593,0.4519572953736654,-0.0166516909543102,0.4936868172485465,0.8191445450641844,0.0403940508242793,0.6973874373779761,1.243584367670364,0.0676094368705753,0.7543520715592729,0.8487264127480817,-0.0277618008445818,0.4283208751784855,0.8292931749555377,-0.0298126341054278,0.4659713436903562,0.0013922036595067,0.0001100813529247,0.1980739065537754,0.2486202574732364,0.0144300937815267,0.115987955905508,0.2539783400249572,0.0196340236959264,0.1995499417887797,0.0596658711217183,-0.001665473657661,0.0505810924076819,0.1014319809069212,0.0017589874934513,0.0188118499124435,0.1610978520286396,9.351383579033382e-05,3.24714919119895e-05,46.833333333333336,21.166666666666668,1
02100105,5.0,-0.0849420849420849,0.0222467365324504,0.2464936886395511,0.0297599101913006,0.7901443341731056,0.3260869565217391,0.0235219479565664,0.6504783482830401,0.5241935483870968,0.0060224087736783,0.1096791903620427,0.0862552594670406,0.0065766428023065,0.8737243628357636,0.0266479663394109,-0.000448940101341,0.1756494962249015,0.0147265077138849,0.0009369009552999,0.6799486683226739,0.7723146747352496,0.022646854033096,0.8651404698728368,0.2049924357034795,-0.0206071705098032,0.8658726863033889,0.0226928895612708,-0.0020396835232927,0.7377496666592318,0.0340112201963534,0.0016411945542883,0.372146474958812,0.1855670103092783,0.0063151788782041,0.0309048160102684,0.4985075104197637,0.0135647143852804,0.1733351824748149,0.7568092235488353,0.024644003279451,0.2294428170381857,0.3484745673901938,0.0131141388156282,0.0369090191750035,0.3404955661113004,0.0120273813199011,0.03356010780807,0.0042075736325385,0.0005557899126424,0.3758559089536997,0.7513900949161086,0.0868104010383134,0.3073949921805718,0.7675835064989892,0.1006325564227645,0.3418357102643962,0.1030855539971949,0.003072235990757,0.1019284713405538,0.1283309957924263,0.0018988236827889,0.0110833159991775,0.2314165497896213,0.0049710596735459,0.0483243621844927,16.166666666666668,3.0,1
02100106,7.0,0.4988416988416988,0.7482625482625482,0.1608359836437982,0.004076390658001,0.2793279244944044,0.2208087233075874,-0.0046721326112061,0.1709848396654484,0.4266242616992276,-0.0187929389172874,0.8086522980385255,0.1044979554747841,-0.0048750396683525,0.5740040196898861,0.0236256247160381,0.001139144503411,0.3257410166322785,0.0054520672421626,-0.0006105581215315,0.314649003607604,0.6831588962892483,0.0040241058550718,0.3148208631548342,0.2383444338725023,0.0001838860694955,0.000397607070494,0.0784966698382492,-0.0042079919245673,0.3859650231443908,0.0577010449795547,0.0052436753680431,0.7844760843785243,0.5511811023622047,0.0040674992355664,0.0166246797843474,0.8457327939225382,0.06154814059092,0.6312615652205684,1.283949320160388,0.0995475257899575,0.6747846532236276,1.0350578795185543,0.0115843257947689,0.0379795814659452,1.0113582213017192,0.0084065068622315,0.0209026398248621,0.0,0.0,,0.0,0.0,,0.0,0.0,,0.0681508405270331,-0.000544934124017,0.0040339720213354,0.1581099500227169,0.0042833273612203,0.0741827071711122,0.2262607905497501,0.0037383932372033,0.0382704796242611,21.166666666666668,11.666666666666666,1
02200207,5.0,0.3752895752895753,0.5629343629343633,0.178021978021978,-0.0199814086982079,0.3200272211170418,0.245054945054945,-0.0457481804192281,0.9235679229638362,0.5164835164835165,-0.0311136640346563,0.9260698423006876,0.1010989010989011,0.0088533338937647,0.6037450766125856,0.0164835164835164,0.0003010378126223,0.1056528811930213,0.0032967032967032,1.6792550956599833e-05,0.0626735341328852,0.5891517599538373,0.0272352491907709,0.9180726748544286,0.3202538949798038,-0.019766471764102,0.8593691033200529,0.0905943450663589,-0.0074687774266689,0.8498642057200384,0.0513100436681222,0.0012991922864077,0.2119643305344644,0.7659574468085106,-0.0237286265857694,0.5702217329923883,0.7520589376345701,0.0021247805870348,0.0033685210709287,1.1417383464793147,0.0097368564510608,0.0325359344283993,1.4383843845467572,-0.0386665115559896,0.4771614748841022,1.40544978352324,-0.0422165776067765,0.547231235069993,0.0163755458515283,-0.0034557860099205,0.8260055624721678,2.924351188183327,-0.7320486697343285,0.8603938191940818,2.9873746732193194,-0.6483331782709802,0.8451171929129618,0.0524017467248908,-0.0033873635192847,0.0766361897256627,0.1015283842794759,0.0008437706722225,0.0061982698055096,0.1539301310043668,-0.0025435928470621,0.0219727240069826,15.666666666666666,12.0,1
02200208,7.0,0.4115830115830116,0.6358659280398409,0.1465823785065191,-0.0028720982933886,0.1024076794093409,0.2147372580007902,-0.0055688968901684,0.5761502103548912,0.4225602528644804,-0.0108631700203557,0.6654763594298362,0.1013433425523508,0.0051803882385696,0.560515015751437,0.0331884630580798,0.0012332179117634,0.4603316056919213,0.0132358751481627,0.0014460383321008,0.7326246336674571,0.6256506350197794,0.0135908865713305,0.7531752461944504,0.3060587133041849,-0.0138449962472215,0.8732372601328187,0.0682906516760358,0.000254109675891,0.0047401738866184,0.0437093916125221,-0.0006689978849377,0.1403248720889655,0.5540540540540541,-0.01041965492807,0.1294550694157604,0.6406550505664337,-0.0259766282587108,0.5937014961260565,0.9726105249117628,-0.0332691979050595,0.5231550416275845,1.0404529688519524,-0.0154816948021477,0.0833004790610009,1.0166297795980794,-0.0182918279196532,0.1241276860920511,0.0139791297499507,0.0004040218201144,0.2528577369060477,2.496398291982554,0.0115067604001335,0.007771333042564,2.55019884816554,0.0675337467849045,0.3478835751995403,0.0637920850561134,-0.0004835612361471,0.0072116054233184,0.132309509746013,0.0037929314187676,0.0729701654841216,0.1961015948021264,0.0033093701826205,0.0384190093350071,37.0,20.5,1
02200209,6.0,0.1528957528957529,0.2293436293436289,0.200086523902228,-0.0029324664210549,0.1123091412761956,0.2867185810080034,0.0005478464745183,0.0052665850267311,0.4843175427211767,-0.0063233761526322,0.3824698558695044,0.1082630326627731,0.0065556086257665,0.9264877745483584,0.0381786718581008,0.0014114331869908,0.6497833176907587,0.0170884706900281,-0.000155581913883,0.0761267297512695,0.6679750634957284,0.0128076006476394,0.857419855213736,0.298314477026091,-0.0127713075533953,0.8756401285398568,0.0337104594781805,-3.629309424414934e-05,0.000852065514606,0.0540103492884864,0.0022674925607626,0.8401995064651311,0.5768463073852296,0.0114053952218041,0.2001549342206408,0.7916377185312505,0.0162545226680765,0.4926268344653326,1.201824876397799,0.0312380217979415,0.664999670620072,1.0832543299677648,0.0255237956141508,0.2442474218258986,1.058451120514314,0.0219306184504742,0.223480367312207,0.0077619663648124,0.000249022637148,0.606199018968197,1.3861348969603764,0.0100685168683476,0.09440312903216,1.41600786580538,0.0425327338562854,0.578494206159976,0.0815006468305304,-0.0008807400329735,0.0135130100265844,0.1209573091849935,-0.0007709636342358,0.0023293122361032,0.2024579560155239,-0.0016517036672094,0.0073855167049788,83.5,48.166666666666664,1
02200210,7.0,0.3714285714285714,0.4912662040068088,0.1579549353768729,-0.0075228948301716,0.2923931518927141,0.2228068168820771,-0.0182101956793437,0.8571451939035113,0.4459567654123298,-0.006275460576309,0.4068553718893416,0.1267299553928857,0.0128779731224797,0.954990679917694,0.0269930229898204,0.0003690240637278,0.2059766441572552,0.0065195013153379,-0.0003289974852642,0.3641069049938209,0.722162032021187,0.0104266910385457,0.6166757571146482,0.2331768388106416,-0.0107582609955792,0.7410069583262398,0.0446611291681714,0.0003315699570335,0.0197318383029033,0.0491616288354055,0.0031278650873452,0.8700503185999354,0.4686774941995359,-0.0318869270242182,0.6566787072106043,0.7205693020547986,0.0314276998794566,0.6735798457856983,1.093932353279944,0.0533092040506564,0.7161036265684975,0.8801251190311236,-0.056280503591251,0.6627439639026829,0.8599729469431322,-0.0578924372605618,0.653790844021225,0.00741416676172,-0.00016569636616,0.2977019598043993,1.3240247119458215,-0.0674893121669537,0.6942707619301525,1.3525591273600113,-0.0339057378116298,0.2109203757060328,0.058172693053496,0.0003139107711005,0.00283259858805,0.1355081555834378,0.0027034420129803,0.0216092288103557,0.1936808486369339,0.0030173527840809,0.0219771956881058,71.83333333333333,33.666666666666664,1
02200211,7.0,0.0,,0.1799198840876161,0.0038028472763722,0.2251048984679833,0.2504048410466206,0.0021192360422911,0.0896999082936065,0.4439614761783005,-0.0037258987738854,0.1300073116285552,0.1321060257393675,0.0088308344323111,0.9621589865525794,0.0388647404755816,0.0020447624329426,0.8290634797179272,0.0161084121708003,0.0020914315083077,0.8853087877078395,0.6649572649572649,0.0091197614624591,0.4740717378077869,0.282051282051282,-0.0083375961875354,0.489662162763096,0.0529914529914529,-0.0007821652749236,0.1804593600130222,0.0937207919109525,0.0030817281270798,0.6387917673512795,0.5639165911151405,0.0045306029111015,0.1204981556283718,1.3736795792791603,0.0149702065760364,0.3189798775993203,2.0854517817068694,0.0343597548249192,0.4852690170095757,1.0589737357167297,0.0126296965196396,0.2374410588620715,1.0347264775742515,0.0091841150287181,0.1156209211337391,0.0039935423570396,-0.0002878244193618,0.6382391000064679,0.7131683085714935,-0.0736018734221709,0.7691110358503341,0.7285379920777078,-0.0551399549438473,0.7567387247487376,0.0764720876879938,0.0010134182241853,0.0322316062162333,0.1294927351516696,0.0029477304626721,0.0324491415853923,0.2059648228396635,0.0039611486868574,0.0461277949580444,183.83333333333337,103.66666666666669,1
02200212,5.0,0.1250965250965251,0.1535275535275534,0.185705066150371,-0.0285751493032391,0.7439799281397697,0.276540819619232,-0.0289970695709056,0.9125361227686544,0.5285575992255567,-0.0122467766475646,0.5978439019733195,0.0677637947725072,0.0026143946111378,0.6627522505127589,0.0196837689577283,-9.212064513072872e-05,0.0112058783423629,0.0069377218457566,-0.0002743390540356,0.137040220667301,0.6908653019095131,0.0087910719892826,0.5920147758712007,0.2738689145019783,-0.0082343549203115,0.5480551413169701,0.0352657835885085,-0.0005567170689711,0.1943106197078328,0.0680250280763677,0.0028321110994742,0.6499721926825992,0.660377358490566,0.0264103311308328,0.7102746748679463,0.9970529489036216,0.0201613995148369,0.3465250875200537,1.5136760275917207,0.0388695860558736,0.4316273787388317,1.2401165160269474,0.0541335473570253,0.7070320489214013,1.2117216425030028,0.0495286709962085,0.7229993830665253,0.0040109096743141,0.0009504796145251,0.8651631229908265,0.7162697706764872,0.1607660820094076,0.8507415990356975,0.7317062946331077,0.1742308333096922,0.8503433531793584,0.0798973207123375,-0.0011072603369165,0.0162871868702433,0.1415048933098026,0.0023157969342155,0.0230410067147012,0.2214022140221402,0.0012085365972989,0.0043821707300588,70.66666666666667,46.666666666666664,1
02200213,7.0,0.4602316602316602,0.7321122851371962,0.1593497864261983,-0.0028793400567271,0.3098928224168698,0.2399145704793545,-0.0055996630898739,0.450995930713346,0.4436402467963929,-0.0098033687381255,0.5532829855609965,0.1015662078785002,0.0069210764547282,0.8304897752554912,0.0299003322259136,0.0015557189646472,0.7906206666686832,0.009610821072615,2.4474168743543334e-06,3.768570750861677e-05,0.702828409805154,0.0125703046869275,0.7679754533259309,0.2510370835952231,-0.0132745373875442,0.8260004772855254,0.0461345065996228,0.0007042327006166,0.234598704649953,0.0997154375148209,0.0033326424238465,0.4241556040304768,0.5219976218787158,-0.0102351715888883,0.2910257713709806,1.4615439910403607,0.0169815244158619,0.133107882771801,2.2188431466365093,0.0379693645451479,0.2476657779646582,0.9802544922167142,-0.0154243551061287,0.2492100392102226,0.9578096638735304,-0.0180347520057122,0.2811080932740131,0.0035570310647379,-2.8814961717021743e-05,0.1159362837211746,0.6352159564562313,-0.0223288701874163,0.6706900169546086,0.6489056676947822,-0.0070678979368725,0.2405978817104294,0.0618923405264405,-0.0008319530858968,0.015904395864362,0.1294759307564619,0.0019978662448649,0.0154416619287205,0.1913682712829025,0.001165913158968,0.0038105166352658,140.16666666666666,73.16666666666667,1
02300314,7.0,0.4208494208494209,0.5681988464812576,0.1469263381028087,0.0095738064899762,0.84900014206737,0.2090620031796502,-0.0135010746203123,0.1686107967127295,0.4313725490196078,-0.0166264789622595,0.6809040221682117,0.0975092739798622,0.0057454419111505,0.9073272346093132,0.0263645998940116,0.000253292787262,0.0431104422052898,0.0080816110227874,7.181052812282242e-05,0.0122896157977671,0.5463130120816553,0.0116988352181147,0.6550710325364371,0.3641160949868074,-0.0137460035128626,0.7601952696955458,0.0895708929315372,0.0020471682947479,0.5171458799538262,0.1103621464446206,0.0021826763043657,0.3895138490815911,0.4467065868263473,0.004153925295724,0.1155227155045859,1.6175943865309454,-0.0052719490442235,0.0172283311000822,2.455751069139568,0.006334454575643,0.0111980140765226,0.8388661558712309,0.0110023237077304,0.1830454414023945,0.8196586877892854,0.008352787265419,0.1420788904446751,0.0023790642347343,-2.3130341552815817e-06,0.0032651885224733,0.4248541932396395,-0.0117178501020532,0.7037981967202114,0.4340103411052968,-0.0015582978529066,0.0524766278942016,0.0737509912767644,0.0006493882934814,0.010868361736284,0.1038858049167327,0.0012464222454538,0.0095965907077014,0.1776367961934972,0.0018958105389352,0.015484600675989,139.16666666666666,62.166666666666664,1
02300315,6.0,0.2262548262548262,0.1589752136514731,0.1940298507462686,9.409894569635348e-05,5.906401608901657e-05,0.2678182123092403,-0.0003182179041404,0.0010626258394629,0.4544692268992118,-0.0052600199841328,0.2042763633757696,0.089049136340768,0.0046579901508987,0.9112728768681636,0.025490524903572,0.0007299556881966,0.2831511797354887,0.0021801106825423,-0.0010558124165877,0.8934370099951239,0.6796218487394958,0.0132666550968769,0.8839388176031437,0.2704831932773109,-0.0134658596380306,0.9191276361252854,0.0498949579831932,0.0001992045411536,0.0080414434858411,0.1132988486567662,0.0017626671471234,0.3776388146838774,0.5478645066273933,0.0110845723291183,0.4718246767435388,1.6606380674153454,-0.0126820941281624,0.1383210606560233,2.5210978372983393,-0.0045020188134128,0.0088157664531538,1.0288296751520007,0.0247200136136465,0.5772992535416863,1.0052726237571727,0.0211494615446778,0.4537816234296555,0.0038378107792424,0.000669782945436,0.4811668008203015,0.6853577043511467,0.108523325955544,0.4181891183178619,0.7001280339883711,0.122344520899855,0.4464617923335778,0.084098114466878,0.0003418690172479,0.001909889455386,0.1281495077590522,0.0008597527833103,0.0025358286213037,0.2122476222259302,0.0012016218005582,0.003344445883839,113.16666666666669,62.0,1
02300316,7.0,0.0,,0.1033767213733257,-0.0314130288730283,0.5688717689715364,0.2158083380494246,-0.0128178990009814,0.3757421889060689,0.4065270703640822,-0.0128806057113832,0.5771845088647332,0.1141294095453687,0.0049382576815718,0.7397995326902554,0.030560271646859,0.0018032606691679,0.7078881076523302,0.0077343897377853,0.0004839880576474,0.2521057062271794,0.5755582137161085,0.0121866092037511,0.6533216369880894,0.3044258373205741,-0.0132994959954883,0.8412416183250288,0.1200159489633173,0.0011128867917371,0.0762724986387275,0.0425371729719555,0.0019203061227667,0.7252627465149304,0.4646017699115044,-0.0134751279600813,0.2577879353408032,0.6234736676932862,0.0149752040275349,0.3700327500030048,0.9465266068966198,0.0278343740474002,0.5249701849505957,0.8724713541959498,-0.021960874028329,0.2036998666364492,0.8524944299025552,-0.0239957789720542,0.271033837062367,0.0011293054771315,-1.5506603827288487e-05,0.3399023991075951,0.2016718003670941,-0.0083622833481212,0.7351742273902641,0.2060180839953996,-0.003385665448679,0.3697199543545406,0.080180688876341,-0.0023090918948126,0.0267372660531582,0.0846979107848673,0.0010491076564763,0.0104999148438009,0.1648785996612083,-0.0012599842383363,0.0048713603492959,37.666666666666664,17.5,1
02300417,6.0,0.0,,0.1775014979029359,0.0120193396859564,0.5953783036281837,0.2456560814859197,-0.004450576407561,0.11375227799594,0.4769322947872977,-0.0072272273120071,0.5900803214394243,0.0870281605751947,0.0065669447459406,0.9036911570897924,0.0202216896345116,0.0014984127084133,0.6717332844851074,0.0085380467345716,0.0001633868138043,0.135153021693677,0.6707336396767549,0.0091623506644842,0.5275223867556458,0.2883853588971636,-0.0068598106179529,0.5332323444684564,0.0408810014260814,-0.0023025400465313,0.4362786268119444,0.0958863126402393,0.0017417873921013,0.5118970731631527,0.5725429017160687,-0.010752542043451,0.4998568093558206,1.4054199385278685,-0.0070378506231231,0.0760974781176135,2.1336384110676763,0.0018521360632677,0.002200098440388,1.0751730043788792,-0.015932513313245,0.3641288531248521,1.0505548325529714,-0.018860927012661,0.4899362956573102,0.0037397157816005,0.0001533907627659,0.1471255409543372,0.6678398624721833,0.0100677357649489,0.0232112867694403,0.6822326603512582,0.0272169854336686,0.1153333983261506,0.0843679880329095,0.0005592365380446,0.0054020795310262,0.1166791323859386,0.0023246759941659,0.0231077579364885,0.2010471204188481,0.0028839125322105,0.0262211813415068,106.83333333333331,61.166666666666664,1
02300418,6.0,0.0,,0.1527777777777778,-0.0115025178210803,0.6605143304789498,0.2408459595959595,-0.0085801214512832,0.3622593850072694,0.4654356060606061,-0.0042469469442579,0.1398641610174119,0.0866477272727272,0.003509617991346,0.6191597338718733,0.0276199494949494,-0.0003563317620425,0.0774005829611452,0.0108901515151515,-0.0005907362438614,0.4186856605178954,0.672372475179733,0.0118420962573854,0.7211410117730646,0.2773022937350222,-0.0122853501958053,0.7763012315653051,0.0503252310852447,0.0004432539384198,0.0746358229675194,0.0543992431409649,0.0027537185201306,0.7871273049218681,0.6173913043478261,0.0202720772273795,0.3769419971445523,0.7973377935387751,0.0238159808855788,0.5430892648553214,1.2104784458033675,0.0425318670493529,0.6308032537566921,1.1593934036793547,0.0423214682532323,0.4607507318821113,1.1328468424195777,0.0380685012166291,0.3736665087016144,0.0009460737937559,-6.21328641396602e-06,0.0695196384473594,0.1689502168638238,-0.0056874111538986,0.542888650254882,0.172591308777603,-0.001603105649104,0.3227058004283091,0.0766319772942289,-0.0015679554932255,0.0354480670973894,0.1267738883632923,0.0014586934243083,0.0068138084441468,0.2034058656575212,-0.0001092620689172,2.3966254757756825e-05,57.5,35.5,1
02300419,6.0,0.1853281853281853,0.1042471042471048,0.1682610544217687,0.0090519750161663,0.5204117763852465,0.2472363945578231,0.0014595112548977,0.0087951104201339,0.4522746598639456,-0.0035146705435653,0.0798868362286373,0.0961947278911564,0.0075960292673938,0.941586639433964,0.0260416666666666,0.0004197774720212,0.3728927011785575,0.0129676870748299,0.0010228598320493,0.8193700437740865,0.6452825888787602,0.004225241886582,0.1114722984234999,0.2816773017319963,-0.0050429217474527,0.2455775822821627,0.0730401093892434,0.0008176798608706,0.0569332984039137,0.0998411858125992,0.0015170225961038,0.2775623935050318,0.5026511134676565,-0.0100501614673641,0.5149129986039667,1.4633871025342464,-0.0119491151206192,0.2811837160942836,2.221641266523263,-0.0050557950784906,0.0213072716677921,0.9439238635245863,-0.0150549835625099,0.4292745311454496,0.922310895408588,-0.017646348246481,0.4542947291364928,0.0038115404976177,0.0012830400659169,0.933595652898862,0.6806663474962653,0.2255542189313288,0.9233441561985984,0.6953355724304237,0.2356484116821655,0.9183440649320695,0.0743250397035468,-0.0004055566847838,0.0037575054606822,0.1391212281630492,0.0024362018853619,0.0175753454892222,0.213446267866596,0.0020306452005781,0.0096152410020425,157.16666666666666,79.0,1
02400520,5.0,-0.2725868725868726,0.2448426616365546,0.2,0.004794026414694,0.1173507385873493,0.2843501326259947,-0.0017357207956006,0.0147239469106946,0.5119363395225465,0.0083143666640321,0.2880289072160676,0.1283819628647214,-0.0038128066475915,0.524355410924568,0.0450928381962864,-0.0019111476765651,0.5429830785610932,0.003183023872679,-0.0014730586070908,0.6685249499154718,0.6927405740011255,0.0153318460914127,0.7070607503382769,0.229037703995498,-0.0137478788505245,0.7584736864117047,0.0782217220033764,-0.0015839672408882,0.1137928010429799,0.044420941300899,0.0009530153385347,0.2344703718801651,0.6428571428571429,-0.0244105958391672,0.5392274101878936,0.6510843401257284,-0.0008604177420514,0.0016273710050398,0.988443751831232,0.0043372987842688,0.0187375997282989,1.2072154656017429,-0.0409368957414885,0.5151777289308359,1.179573925457005,-0.0438405026370665,0.5132566292088404,0.0158646218931782,-0.0002331277692007,0.1900272865797666,2.8331101939459837,-0.1192193489540338,0.573712018496981,2.894167319586353,-0.0510444544737862,0.3886228450468693,0.0761501850872554,-0.0009064274668525,0.0086074354357987,0.1554732945531464,0.0034557016893644,0.0222674691795713,0.2316234796404019,0.0025492742225118,0.0074783332558135,14.0,9.0,1
02400521,5.0,-0.233976833976834,0.3349369166692,0.1827293754818812,0.0036483538889999,0.107173573676941,0.2860447185813415,-0.0019880910968308,0.0198739982849602,0.5014135183757389,-0.0003085387130147,0.000896074642624,0.1133384734001542,0.0085985714112282,0.932682015777524,0.0264713441274736,0.0020643480975389,0.6895020464194082,0.0030840400925212,0.0007654981579268,0.7554356809399866,0.7350816162697351,0.004351852917258,0.1771865473863751,0.214075461600214,-0.0071671652303516,0.5132577305565271,0.0508429221300508,0.0028153123130936,0.5116687425791073,0.0313141683778234,0.0014012711868382,0.2094535459674608,0.6967213114754098,0.0156971215573604,0.1448602021262269,0.458976420980266,0.0107025587155724,0.0685445166384339,0.6967950964205316,0.0200195716192754,0.1006261614757364,1.308366488220468,0.0340945967194918,0.2025116956254855,1.2784088991747138,0.0296875755554342,0.1559175780903046,0.0061601642710472,1.0387586757772846e-05,0.0066878325996234,1.1000844716122906,-0.0274419461811431,0.5929345228101832,1.1237926902130992,-0.0010068570347743,0.0026439194213896,0.0893223819301848,0.001001260127916,0.0200605800430002,0.1478439425051334,0.0028147201409126,0.0155714090841866,0.2371663244353182,0.0038159802688286,0.0204320842817673,20.333333333333332,14.166666666666666,1
02400522,5.0,-0.1683397683397683,0.135584000608631,0.1869808186074611,-0.0064007264051304,0.3547107951146142,0.2931581332125056,-0.0009331338410747,0.0069919067212439,0.5021900015103459,-0.0002896212357182,0.0008690141948023,0.0794441927201329,0.0035178355320904,0.6245152228913562,0.0123848361274731,0.000191869852642,0.0293303342980839,0.0,-0.0001021365241468,0.1575876642548642,0.7696806828959848,0.0034433652837538,0.1985419843016653,0.2055011065444198,-0.0040163045873723,0.2934647693925712,0.0248182105595953,0.0005729393036185,0.1692555994704736,0.0411951109099139,0.0013696708973206,0.245119627373303,0.652014652014652,0.0211314967659071,0.3877651328970007,0.6038028645431862,0.0066928627837342,0.0398542207502934,0.916663375255288,0.0152843551306748,0.0839485318489173,1.2244122671060411,0.0443059294104282,0.4597762433377247,1.1963769728281874,0.0397557119931167,0.3680944095835892,0.0027161611588954,-2.2563031952119052e-05,0.0025853110296546,0.4850530897919289,-0.0181677679568037,0.0521573116324842,0.4955066003927382,-0.0053317536124839,0.0034398357112103,0.0832956088727931,-0.0028068504237293,0.1301999630497292,0.1493888637392485,0.0023435560094051,0.0127194177961363,0.2326844726120416,-0.0004632944143241,0.0003724359227639,45.5,29.666666666666668,1
02400623,6.0,0.0262548262548262,0.0191285162713731,0.1911290322580645,0.0050822832280695,0.5460663383285884,0.2701612903225806,0.001689944066763,0.0346660217077711,0.4730645161290323,-0.0099492800156625,0.5030916999639066,0.1040322580645161,0.0059234094471,0.818279327808303,0.0248387096774193,0.0040619804212866,0.9539113873192634,0.0,0.0,,0.679441923012271,0.0043811065355719,0.2130286505807669,0.2336527147419734,-0.006620797183778,0.5576844639586047,0.0869053622457555,0.002239690648206,0.3368403447534446,0.0536059240180296,0.0037180341244278,0.6650981936722269,0.3633633633633634,-0.0045370576758159,0.0188939224659792,0.7857099972215672,0.039204428391105,0.5507866357593942,1.1928257057373253,0.0654979510752364,0.5968394443848102,0.6823566895993834,-0.0060281637837053,0.0093321299432328,0.6667328093841063,-0.0077711172392361,0.017351746172231,0.0069220862846104,0.0004545216468333,0.5100872134214753,1.23614879373433,0.0541585800409396,0.2872531034451615,1.2627893714183576,0.0805728276076617,0.5993454447772545,0.0820991629104958,-0.0003157894519891,0.00173667187287,0.1139729555698647,0.0018391754674972,0.0117612784959507,0.1960721184803606,0.001523386015508,0.0052630117287106,55.5,20.166666666666668,1
02400624,7.0,0.2216216216216216,0.1843634939287115,0.1653685674547983,0.0021395270895724,0.0566533918713511,0.2453407510431154,0.0023319427166875,0.0672950079693147,0.4447844228094575,-0.0091055451998649,0.3141552811694443,0.0995827538247566,0.0104253467123538,0.9347145143227577,0.0162726008344923,0.0015029238418467,0.6817849126391793,0.0016689847009735,8.216982180865824e-05,0.1429778008897693,0.729271171437002,0.0057044387639264,0.2677230366197559,0.2235172617291236,-0.0043419729726802,0.3056721846253684,0.0472115668338743,-0.0013624657912461,0.1517495870502075,0.0508192168841988,0.0014684264925015,0.3944193877583638,0.4371584699453552,-0.0293985889338365,0.8794336248090733,0.7448648164978269,0.0048644104524144,0.0290095203207682,1.1308165908029957,0.0138201680484985,0.103943634327088,0.8209358357461759,-0.0517066115051002,0.8898552873567112,0.8021389171292322,-0.0532569008106856,0.8676435129389757,0.0074979172452096,-0.0001427436948582,0.0808401918887803,1.3389809050476726,-0.0623383686998237,0.4014043045977571,1.367837645432939,-0.0301101195223507,0.0789625568865892,0.0783115801166342,0.0009067069364665,0.0232363888107624,0.1482921410719244,0.0033327447042571,0.0245481543652038,0.2266037211885587,0.0042394516407237,0.0307725660493394,61.0,26.666666666666668,1
02400625,7.0,0.8123552123552125,0.8389375164244274,0.1553262688232013,0.013797096672432,0.5801805238673443,0.2322922476296709,0.0051649011214159,0.1193245919858924,0.4194088120468489,-0.0523971536811324,0.8266405521311555,0.118516452872281,0.0005514665978947,0.0033882429874829,0.0557724484104852,0.0085312212786865,0.6714224195411982,0.0200780814277746,0.0050582112402336,0.626441846171137,0.4098654708520179,-0.0013155250602965,0.0143961713369107,0.3919282511210762,-0.0093146200954811,0.5688103353210301,0.1982062780269058,0.0106301451557777,0.8656474301624281,0.1353529738743746,0.0030152129844612,0.321637865369207,0.4188911704312115,0.0307526399775617,0.7356214533010084,1.9838886592272336,-0.0008943019835867,0.0001338245216024,3.0118407534779985,0.0160342743065371,0.0202025434758813,0.786631843431115,0.060484686112268,0.7680940997116801,0.7686203812697253,0.0570594296462572,0.7236443112782434,0.0100055586436909,2.1287296884114743e-05,0.0020344249030531,1.786796456948923,-0.0445617055245067,0.2164649875243219,1.8253041916635215,-0.000408061297111,2.6748991476033268e-05,0.0633685380767093,-0.0003093859441745,0.0007316996655765,0.0883824346859366,0.0011000858269891,0.0142925900207169,0.1517509727626459,0.0007906998828145,0.0022476227298593,81.16666666666667,34.0,1
02500726,5.0,0.1065637065637065,0.0368874368874369,0.1728912370194935,-0.0097149774900956,0.4161724678514181,0.2588813991619603,-0.0076817100416135,0.3263620803730646,0.5028238294771361,-0.006765688459231,0.1377608482268633,0.0584805975587538,0.0032381810469573,0.9253500353692388,0.0102022226270723,0.0019551737725073,0.7345108105570481,0.0,0.0,,0.8350810295519543,0.0086781598963793,0.792385953270571,0.1540514775977121,-0.0095600844955647,0.8200832308172185,0.0108674928503336,0.0008819245991853,0.7420211027895132,0.0362543268354891,0.0018665791689025,0.6248682528737062,0.4824120603015075,-0.0122653702865376,0.3494227194780424,0.5313850578828061,0.0164118037421535,0.40089587171649,0.8067222753035488,0.0291366620357905,0.4768474469170867,0.9059171333158804,-0.0195098330540262,0.2876605618173453,0.8851744030230121,-0.0217575863059135,0.3728860206269576,0.002186190562944,-0.0004971422156536,0.6760323748026191,0.3904107397888034,-0.1042556358682206,0.7305988459876904,0.3988245874540203,-0.0932902077430747,0.7015540118238777,0.0874476225177628,0.0011713315919709,0.0378397772774559,0.1716159591911094,0.0038044936620203,0.0212123686971402,0.2590635817088723,0.0049758252539912,0.0293605775191354,33.166666666666664,16.0,1
02500727,5.0,0.0386100386100386,0.0052650052650051,0.2256788821513314,0.0253682901480368,0.8029269484191139,0.2955444239388347,0.0201895407480046,0.6696550246155015,0.5030319008700237,-0.0074681585544909,0.1090087190608065,0.0606380174004745,0.0047515175954294,0.7909831925835082,0.0168731874505668,0.0049887508957082,0.8758865097607386,0.0,0.0,,0.8246102449888641,0.0135743533146807,0.7980683642861661,0.1467149220489977,-0.0120076565521468,0.7777727686403182,0.028674832962138,-0.0015666967625339,0.6214994783436358,0.0437648299499077,-0.0022536471377189,0.4769637121977276,0.4698795180722891,-0.0315986701310076,0.4176932357802853,0.6414676185187843,-0.0508936216723533,0.7290408476944088,0.97384412502459,-0.0705115189477995,0.7060776226136235,0.8823823885121171,-0.0555101107326079,0.4096797591586557,0.8621785318601402,-0.0573451243588961,0.3974535419578275,0.0047455839704719,0.0017020413607027,0.7342110494835064,0.8474681850912504,0.2975841404496623,0.71563482954928,0.8657322016352954,0.3136097981760226,0.7119076952498369,0.0933298180859478,0.0025403546920335,0.0943695393630498,0.1629317163195359,0.0025168810865934,0.0131734656413319,0.2562615344054838,0.0050572357786269,0.0431844700392698,27.666666666666668,13.0,1
02500728,5.0,0.0447876447876447,0.006933318677091,0.1946005207619569,0.0052686111171451,0.3252245757603187,0.2899821844593668,0.0043284937226732,0.1449166112251418,0.5063724818418528,-0.0017316215342824,0.0258631271833343,0.080169932849116,0.0089095641700005,0.961120884551591,0.0168562422913526,0.0027191582253107,0.6743133327135429,0.0008222557215293,-1.5297187746157836e-05,0.263954016978364,0.7978245105148658,0.0102577282460753,0.708809457365358,0.1872371283538796,-0.0091568657538815,0.7236277122898552,0.0149383611312545,-0.0011008624921938,0.4677020894231891,0.0667397560641359,7.971891138556891e-05,0.000510283930807,0.5071868583162218,-0.0016881592162363,0.0193306830288345,0.9782145259558156,-0.0226919336933622,0.2170441534530645,1.48507647403232,-0.0254037576245435,0.1224868588731541,0.95244149670336,0.0004690656128233,0.0004601458117218,0.930633500851089,-0.0023457421384495,0.0120722623736994,0.0049335343291763,-0.0010386846347602,0.5737131745771948,0.8810324314241778,-0.2214011496582158,0.626988744778479,0.9000198001377759,-0.1943548220627189,0.617580108073353,0.0838700835959983,-0.001008602325879,0.0151977583293742,0.1578730985336439,0.0031761543133878,0.021987438765226,0.2417431821296423,0.0021675519875087,0.0080561491199123,81.16666666666667,41.166666666666664,1
02500729,6.0,0.0301158301158301,0.0031829739146811,0.2005426739023187,0.0033789096170282,0.0476614976567006,0.2789837197829304,1.1356435157716628e-05,5.630973630710301e-07,0.4913665515540207,-0.0008228392266093,0.0010962568736099,0.0994079921065614,0.0072049223239497,0.8573366715591759,0.0323137641835224,0.0047419792926928,0.8571749537865997,0.0014800197335964,0.0005025533258248,0.5379171246435377,0.6942127215849844,0.0184289290238371,0.7308831049116422,0.2437434827945777,-0.0215806013059682,0.8353516013575535,0.0620437956204379,0.0031516722821311,0.7022733036035496,0.069560927479033,0.0038812200932774,0.6098218303422944,0.4858156028368794,-0.0012891641755374,0.004771800889776,1.0195648547704976,0.0360947902013695,0.5041089295483703,1.5478524795881388,0.0628145755832879,0.5485689600109019,0.9123086142727116,0.0011242714597474,0.0011438484535274,0.8914195386235364,-0.0016813645857471,0.0021727897709539,0.0032067094227923,-0.0003282786631879,0.4437617292435076,0.5726553847868288,-0.0788266297089657,0.5892978708899897,0.5849968361897,-0.0616832333187987,0.3814714976397508,0.0917612234829797,0.0011838055657865,0.0245376729297038,0.1776023680315737,0.00399154992783,0.0356733749276785,0.2693635915145535,0.0051753554936165,0.0476369885306036,47.0,22.833333333333332,1
02500830,6.0,0.21003861003861,0.1487773487773485,0.1956912028725314,0.0054668611741805,0.3243353615311182,0.2672052663076002,0.0018570327883217,0.0294501230524445,0.4967085577498504,-0.0043754209316303,0.2148497030571096,0.0855774985038898,0.0064101230508723,0.8347446882952825,0.0170556552962298,4.346078844363673e-07,5.9130488727632275e-08,0.0017953321364452,-4.825125525651258e-05,0.3605296920901411,0.7379968203497616,0.0101254147087573,0.6147017321831836,0.2365659777424483,-0.0106613447008029,0.5893368308146816,0.0254372019077901,0.0005359299920456,0.1031881949232736,0.0846798324356672,-0.0030103199706427,0.362534915711948,0.4487632508833922,-0.0301156265201172,0.5135459294517731,1.2411648922490948,-0.0774848728265543,0.6521937264352662,1.8842745972034824,-0.1049661229976475,0.6009460537973746,0.8427283462268939,-0.0531377206952192,0.4921586514423619,0.8234324458039085,-0.0546795785087884,0.5176403881672198,0.0047875523638539,0.0014938700080435,0.7254480460678758,0.8549629166968848,0.2647130154462471,0.7221803932498747,0.8733884542330409,0.27291113626848,0.7352379952705801,0.0736086175942549,-0.000529697467531,0.0025574011675341,0.163375224416517,0.0036634677672511,0.0291437542887424,0.236983842010772,0.0031337702997201,0.015219779122614,47.166666666666664,21.166666666666668,1
02500831,6.0,0.2362934362934363,0.3498667330925396,0.1800656275635767,0.0005168337423821,0.0031221225005291,0.2586136177194422,-0.0009403705674341,0.0125953512325601,0.4690319934372436,-0.0170374674045438,0.66737733073301,0.0682936833470057,0.0048542579256378,0.6602589425057799,0.012715340442986,0.0003533558020176,0.0910524769796512,0.0012305168170631,4.6677362010033955e-06,0.0214612996201162,0.7911725955204216,0.0066788157936148,0.4991662213773431,0.1919191919191919,-0.0062485091851981,0.5282472728021239,0.0169082125603864,-0.0004303066084166,0.0975845671001426,0.0403523146251536,0.000820117516284,0.1406588703490453,0.4873096446700508,-0.0023547230167716,0.0110477446007924,0.5914498741099891,-0.0017078920201195,0.0026993946574616,0.8979096816742584,0.0027196915408062,0.0030985353671086,0.9151142615728948,-0.0009158223151906,0.0005626444759969,0.8941609451856822,-0.0036341614041326,0.0076434971756776,0.0061450225317492,-0.0010504881542785,0.5298442335595166,1.0973804540663366,-0.232238121429562,0.6250955159973666,1.1210303976521494,-0.1964470988993059,0.5429516736531943,0.0811142974190905,-0.0006233703360753,0.0094117121152761,0.1339614911921343,0.001761888662029,0.0070621058492931,0.2150757886112249,0.0011385183259536,0.0025790546902162,32.833333333333336,16.0,1
02500832,5.0,0.0,,0.1963675597914044,-0.0039490663309556,0.2055704777615508,0.2889768027333213,-0.0145264407713766,0.4236177213049736,0.5436072648804172,-0.0112084865023613,0.4505615839676817,0.0622190253551519,0.0051680121296679,0.8217738497385085,0.013666606725409,0.0010423008483929,0.3959578286747907,0.0,0.0,,0.7527440785673022,-0.0012438778466296,0.0181112497404917,0.2046986327748892,-0.0021124311128745,0.0616963534179766,0.0425572886578085,0.0033563089595041,0.845816947731235,0.0549667684569786,0.0004632150821554,0.0137059709420419,0.4738562091503268,-0.061040643237097,0.719440415303344,0.8056560964621284,-0.0122994705375277,0.0588353888289041,1.2231068781641283,-0.0113837989382947,0.0220567347091555,0.8898501798008488,-0.1104200568656767,0.7236875436391463,0.869475333579419,-0.1112790410506431,0.703152334907301,0.0107777977366624,0.0003708056791794,0.3290992513247979,1.9247032070241976,0.0201414207921763,0.0388071079549716,1.9661830074861837,0.063248440268637,0.4176537559001495,0.1131668762349559,0.0018287450751942,0.0420294993226284,0.1659780851446021,0.003225266364789,0.0185646277181699,0.2791449613795581,0.0050540114399833,0.0385992734766065,51.0,24.166666666666668,1
02500833,6.0,0.0525096525096525,0.157528957528957,0.1913951281240113,0.0119445140290614,0.9064920616631534,0.2767056838553201,0.0095740858422533,0.3282192507705898,0.4817041020774016,-0.0054686364853472,0.1635521083665416,0.0761362438047031,0.0094541841370119,0.9671232718656048,0.0132869345143941,0.0008396946904192,0.275806846855907,0.0031635558367605,-1.4703715911428562e-05,0.026825105150283,0.7417053561318084,0.0070723326503005,0.3528751173953068,0.2314573660967047,-0.009241570994337,0.4511280595693065,0.0268372777714868,0.0021692383440365,0.7851243273341975,0.1331298673963376,0.0034282420018368,0.5765357916500778,0.6015810276679842,0.0105253864869417,0.5540944412895632,1.9513042570985768,0.0060958844087203,0.0421128319719583,2.9623727403400877,0.0262434048420202,0.2612057082406855,1.1297034317541472,0.0239967209765416,0.6856443674876892,1.1038366800016628,0.0202142187302594,0.5143490176797385,0.0031572300568301,0.0003424448675031,0.4084516455559063,0.56381934084949,0.0507776984910422,0.3150196789113935,0.5759703642746572,0.0617752715562108,0.4329523400327234,0.0846137655230477,0.000510949231426,0.0065966612157992,0.1641759629551673,0.0032717575012018,0.0232106180231838,0.2487897284782151,0.0037827067326278,0.0267712070171662,210.83333333333337,126.83333333333331,1
02500834,5.0,0.0,,0.2027572293207801,0.0007762910301946,0.0122620640188965,0.2908540685944855,-0.0078276243795944,0.3098610501193979,0.5274602107150863,-0.0005655490550644,0.0026545895175638,0.0652320107599193,0.0061688150442856,0.9606415873616972,0.0113203317641784,0.0001708543657858,0.0606617298549124,0.0020174848688634,-0.0003525789939499,0.7766090701573345,0.7301474084640989,0.0102494192694378,0.5787202091752701,0.2250356633380884,-0.0119972529794368,0.7300897609382283,0.0448169281978126,0.0017478337099989,0.4876740886902221,0.0997313633310947,0.0004367713389436,0.0146843447450482,0.5375982042648709,-0.0031110075949991,0.054279966929105,1.461777418096967,-0.0288801265445575,0.4075854835781711,2.219197523944319,-0.0304179765310256,0.2252588566245206,1.0095506811728752,-0.001969233640421,0.0064985604050503,0.9864350597474342,-0.0048560162211342,0.0451572189608548,0.0040295500335795,0.0001917308452116,0.4937464123797367,0.7195985731030026,0.0176054402672417,0.2456854147829421,0.7351068369829137,0.0334404548450977,0.4234066928043958,0.0799194089993284,-0.0006034350392224,0.0083588802684224,0.1511081262592344,0.0042157260481375,0.0384473393823605,0.2310275352585628,0.0036122910089151,0.0239196578809848,148.5,79.83333333333333,1
02500835,5.0,-0.0864864864864864,0.0324324324324325,0.1833160352880124,0.0048242271987233,0.3360428394217334,0.2727036844836533,0.0056452755281571,0.2577677587507451,0.5010378827192528,-0.0022381048817789,0.0248068061661405,0.0725220550077841,-0.0039328158273372,0.4440612821642573,0.021536066424494,-0.0026627176318972,0.4223590181779206,0.0070057083549558,-0.0024466955461348,0.5474684868702131,0.663438596491228,0.0154761905013485,0.6238673939088177,0.239859649122807,-0.0159848756593578,0.7338684109037514,0.0967017543859649,0.0005086851580093,0.0188156277103532,0.0430051813471502,0.002052939494023,0.8102934814451058,0.6024096385542169,0.0296177210164369,0.7872502546725223,0.6303333360211784,0.0169086307549754,0.5562202741028925,0.9569406130099144,0.0307830751763494,0.6710518229004381,1.1312594724514324,0.0596802549885181,0.7790696957470272,1.1053570921283848,0.0552798647031273,0.7851859857775043,0.0046632124352331,-9.55470691856891e-05,0.413945324145204,0.8327582450909617,-0.0402530184792506,0.8470281441133124,0.8507052437312631,-0.0199432662136033,0.4155120470975393,0.0784974093264248,0.0007721890952416,0.011122622215458,0.1367875647668393,0.0016278536878891,0.0090001117817349,0.2152849740932642,0.0024000427831308,0.014715515516014,55.333333333333336,33.333333333333336,1
02500836,5.0,0.0942084942084942,0.0290238290238293,0.2253521126760563,0.0115156411887564,0.4447540610513667,0.3210545323221379,-0.0105509776269998,0.1569956221112894,0.5919104369808595,0.0007052383035523,0.0023006944721077,0.0411700975081256,0.0019317255262777,0.4802761791296757,0.0068616829180209,-4.152573261574553e-06,1.5043063313124884e-05,0.0,0.0,,0.7798238590872698,0.0150410852149222,0.7981653089046526,0.1933546837469976,-0.0156044996934482,0.867048404814824,0.0268214571657325,0.0005634144785259,0.0664257570335329,0.0154954954954954,0.0006417150769348,0.1733925697638617,0.6976744186046512,-0.0756664828093399,0.5236250205713151,0.2271197809894609,0.004470460347792,0.034169549197314,0.3448019167423979,0.0086944474464285,0.0557854922112688,1.3101563192577053,-0.136605862862078,0.5099600932025299,1.2801577485579898,-0.1380110030750406,0.5267687209893057,0.0003603603603603,-0.0006563211931748,0.5092691620785996,0.064353289810833,-0.1284206477399972,0.5593969566025561,0.0657401850010545,-0.1206579912604612,0.4921120858252675,0.1059459459459459,0.0012485881073582,0.0190655432249218,0.1448648648648648,0.0040593640556284,0.0382031679846124,0.2508108108108108,0.0053079521629866,0.0459072073337526,7.166666666666667,5.0,1
03100101,7.0,0.1444015444015444,0.1649883226257972,0.1757636454682023,0.0285317323229009,0.7825662511990864,0.2453680520781171,0.0082296082575542,0.1905514378616382,0.4106159238858287,-0.0161927744846284,0.6987447910956117,0.1126690035052578,0.0114356956498976,0.8957719591043587,0.0195292939409113,0.001012756997877,0.0878612900726611,0.0,0.0,,0.6423432682425488,0.0243301257290016,0.9197592606867946,0.2985611510791366,-0.0299624070447989,0.936946152655523,0.0590955806783144,0.0056322813157972,0.9032633155435504,0.0120180270405608,0.0018422471825885,0.6215208175316131,0.5,0.0131274131274131,0.0155697225464666,0.2956017679136841,0.043026238466647,0.5599089017849475,0.2674221524734043,0.0382918344192074,0.549813644225273,0.9797705943691344,-0.0128038654668767,0.0031175038548371,0.9174463864665594,0.024467923197284,0.0156384772136166,0.0,0.0,,0.0,0.0,,0.0,0.0,,0.0660991487230846,-0.0008857830138815,0.0094749673596523,0.0871306960440661,-0.0008571351367249,0.0041261787675977,0.1532298447671507,-0.0017429181506064,0.0111475907087533,4.0,2.0,0
03100102,8.0,0.1482625482625482,0.0728662353235739,0.166214382632293,-0.000126913778579,3.3084060979127194e-05,0.2204884667571234,-0.003297590952712,0.041250683361758,0.398236092265943,0.0133286074901942,0.2396512558415471,0.1784260515603799,0.0123465538173488,0.7694313967226923,0.0603799185888738,0.0095616651371505,0.7688394849894946,0.0040705563093622,3.89223345838798e-06,0.0020467136441284,0.6154919748778785,0.0115237531405866,0.46976214544059,0.2519190509420795,-0.0077883576650003,0.4651985799544339,0.1325889741800418,-0.0037353954755863,0.2599454295397106,0.025101763907734,0.0039093207857572,0.7296704132156648,0.1621621621621621,-0.0391505791505791,0.696830422561797,0.6174163000162314,0.0912650861852261,0.7032921080842123,0.5585582152902355,0.0814000809366227,0.697902460981956,0.3177634360116112,-0.0979231830014642,0.7605778712349598,0.2975501793945598,-0.0716433309554672,0.6890921165164857,0.0040705563093622,3.89223345838798e-06,0.0020467136441284,0.976887017757432,-0.0234114563006617,0.5301617022313524,0.7425875714162541,-0.0012593791563582,0.0076610208743024,0.0814111261872456,0.0008492595008101,0.0068202364674602,0.1302578018995929,0.0009188872413295,0.0027230472619028,0.2116689280868385,0.0017681467421397,0.00685726463019,6.166666666666667,1.0,1
03100103,5.0,-0.4548387096774193,0.3855148342059337,0.1956100710135571,-0.0040797296642319,0.0938915944091529,0.3034215622982569,0.002558917486999,0.013364346782053,0.5125887669464171,0.0161936892414506,0.4162482276266418,0.15687540348612,-0.0046554466783201,0.4250839003672385,0.0445448676565526,0.0090128487786501,0.7523235370742188,0.0,0.0,,0.6509884117246081,0.0120086399133498,0.4664387744866445,0.2474437627811861,-0.0124675622809691,0.6625217381625785,0.1015678254942058,0.0004589223676193,0.0070593586918181,0.0245319561007101,0.0005517946447877,0.0443402281784715,0.631578947368421,-0.0101382488479262,0.0561745589600746,0.6034010049466815,0.0036345188530629,0.0036937128712293,0.5458789935064762,0.0015056273276995,0.0007738135323577,1.2376049613083804,-0.0804153879856855,0.4511131153616985,1.1588796460630224,-0.0199470619408737,0.0611817338767016,0.0012911555842479,-0.0025237055631779,0.4540046596848859,0.3098625918171841,-0.641678071541514,0.4776027562748329,0.2355442393517449,-0.4713552479225111,0.4477535128538084,0.0813428018076178,-0.1433332589339899,0.0924593385609028,0.1510652033570045,0.0058599272106878,0.0702389262505972,0.2324080051646223,-0.1374733317233021,0.085838183428858,6.333333333333333,4.0,1
03200204,8.0,0.0586872586872586,0.0142956142956152,0.1798631476050831,0.0238843254026898,0.7576648005821376,0.2297165200391006,0.0294499698583449,0.7522912797824154,0.3479960899315738,-0.0064417347938653,0.1419607202228292,0.1818181818181818,0.0106197086523871,0.6794997375848745,0.0508308895405669,0.0037568341185158,0.3751043224483723,0.0058651026392961,0.0025068240676403,0.6325941303241477,0.745658835546476,0.0192619758945313,0.8780202634336582,0.229826353421859,-0.0200759952548296,0.9147520307080638,0.0245148110316649,0.0008140193602983,0.1479822373495714,0.0410557184750733,-0.0027009150952616,0.8247616309480781,0.2857142857142857,0.0,0.0,1.0098282291459897,-0.0842264794946607,0.8716587104662297,0.9135616494197748,-0.0800572286202574,0.8855814381799758,0.5598689110680769,-0.0238405890543688,0.9453448145365252,0.5242550779808911,0.0004447890826331,0.0457120070161973,0.0,0.0,,0.0,0.0,,0.0,0.0,,0.0879765395894428,-0.0025392336149739,0.0155306683239199,0.0410557184750733,0.0001200093618295,0.0001332050520641,0.1290322580645161,-0.0024192242531444,0.0080532264457467,7.0,2.0,1
03200205,7.0,0.1065637065637065,0.0368874368874369,0.1512261580381471,-0.0161170541179328,0.388482961524211,0.2079019073569482,-0.015700152421603,0.7808194359175437,0.4095367847411444,-0.0085758516174349,0.2732284332560408,0.1643051771117166,0.008772264110541,0.5207581577453557,0.0427792915531335,0.001980299082379,0.5673299067021258,0.003542234332425,-0.0009546714982815,0.7843168415681525,0.7466442953020134,0.0076184056561472,0.6126696731951106,0.2323825503355704,-0.0074279737486212,0.5662443380938769,0.0209731543624161,-0.000190431907526,0.0222974261753925,0.0195545898967952,0.000258871061492,0.0591164752278966,0.4166666666666667,-0.0236574236574236,0.425718783971211,0.4809750656086043,-0.0003191364186671,0.0001905616832577,0.4351238770961882,-0.0017691552755165,0.0076322650575161,0.8164754953076121,-0.0867371050006589,0.6655288345354222,0.7645386553887995,-0.0427803804076564,0.3949682149530212,0.006518196632265,-0.0005314224564854,0.5069491019202007,1.564292736745741,-0.1761104907957093,0.7004164989121641,1.18910818062744,-0.1012510066399905,0.4419475040222389,0.0619228680065182,0.0004953425612782,0.0051385409656099,0.133623030961434,0.0037345054757547,0.0359670802064544,0.1955458989679522,0.004229848037033,0.0374984631492393,12.0,5.0,1
03200206,7.0,0.1034749034749034,0.0321957517003955,0.1742635658914728,-0.0110012703009225,0.2890407749362498,0.2675968992248062,-0.0050882204290162,0.1416725654516014,0.4542635658914729,0.0093088538234394,0.2702774756234349,0.1730232558139534,0.0103926768413279,0.7599908456565807,0.0474418604651162,-0.0034902145308132,0.6087821441441243,0.0037209302325581,-0.0007101410434207,0.4793526582685808,0.7113636363636363,0.0199154579790071,0.9312527014978008,0.2603896103896104,-0.0184708374525199,0.9465787241842002,0.0282467532467532,-0.0014446205264871,0.4140079591733426,0.0411637264004952,-0.002020837008683,0.4812911563280549,0.4962406015037593,0.0300517169585492,0.3701846779931882,1.0124848493712266,-0.0666830461134194,0.6713714296194799,0.9159650149474964,-0.0640005434730983,0.6743607890942712,0.9724038981708704,0.023541090433423,0.0821061962552105,0.9105482933352318,0.0559142928497664,0.3820858341317936,0.0037140204271123,1.656552908234685e-05,0.0342620754470267,0.8913224785976198,-0.0180538806342122,0.2969434272015268,0.6775450821835708,0.0012670342469871,0.0059132325639728,0.096564531104921,0.0006350777345155,0.0033398631442607,0.1262766945218198,0.0024177512482522,0.0221058408256886,0.2228412256267409,0.0030528289827678,0.0226267706517956,22.166666666666668,11.0,1
03200207,8.0,-0.6996138996138996,0.6521092521092522,0.1846998406233398,0.0196505960325125,0.9534676941631752,0.257481848769258,0.0236020862245237,0.919614559323658,0.4117230387816539,0.0228221798855545,0.82302985909712,0.1884186293607225,0.002346070278797,0.1834797888387255,0.0508234460775633,0.0034621815037588,0.5751259358532996,0.0042500442712944,-0.0001809978202262,0.0768233243956644,0.6542261251372119,0.0099597740851257,0.6359968499686115,0.2841200146359312,-0.0101463881391721,0.7649168490117302,0.0616538602268569,0.0001866140540464,0.0039481814849852,0.0137541879739023,0.0007932691618994,0.5239668637990084,0.4102564102564102,-0.0290425147568004,0.3932246110720373,0.3383053031567251,0.0154680875936892,0.383902639372911,0.3060547743062092,0.0130873490238359,0.3356717987898312,0.8039143338413411,-0.0971220954425402,0.6126047423833311,0.7527765222289717,-0.0525837056170688,0.3761705115899169,0.0031740433785928,-0.0001213288382961,0.059299497617872,0.7617341549150705,-0.0499039386945242,0.1371769887639851,0.5790376019754322,-0.0242143675190306,0.0566445717800774,0.0888732146005995,0.0008156082525167,0.0173120202054253,0.1259037206841826,0.0028612702356797,0.0360428608286205,0.2147769352847822,0.0036768784881965,0.0419795774958616,13.0,5.333333333333333,1
03200308,8.0,0.0386100386100386,0.0413678985107548,0.1333333333333333,-0.0095408699922153,0.2335218551845502,0.218732782369146,0.0031141739534094,0.098062694130577,0.3757575757575757,-0.006886886368776,0.3449530125157745,0.1840220385674931,0.0079162392369756,0.7967802247045342,0.0418732782369146,-0.0023717889569844,0.359224816873771,0.0,0.0,,0.7355658198614319,0.0170227149064011,0.8389169555109696,0.2396073903002309,-0.017236580811554,0.8612298707816143,0.0248267898383371,0.0002138659051528,0.0085496966752833,0.0065897858319604,0.0001958142519496,0.0125399803848396,0.5,-0.0607464607464607,0.1743587603047061,0.1620858677989091,0.0026858485451461,0.0035868993753734,0.1466342774545273,0.0019373381190481,0.0022250430866255,0.9797705943691344,-0.1722570233461162,0.2767130086560223,0.9174463864665594,-0.1103743469730026,0.1729996687108803,0.0,0.0,,0.0,0.0,,0.0,0.0,,0.0922570016474464,-0.0001375848202881,0.000226754179857,0.1317957166392092,0.0026429490493844,0.0190568470294378,0.2240527182866556,0.0025053642290963,0.0102162223734332,2.0,1.0,0
03200309,10.0,0.1575289575289575,0.0546529036324954,0.1416986769099445,0.0091325517238601,0.3616910489922774,0.2078531796841656,0.0126287317256661,0.4243932933799857,0.3329065300896286,-0.0065984348051824,0.3083548896180742,0.2560819462227913,0.0224546063956201,0.8287768947025576,0.087067861715749,0.0063754533254733,0.8097891221764372,0.0081092616303883,0.0019626523134084,0.6225300511879861,0.5752640845070423,0.0112689860297598,0.780825273597437,0.3472711267605634,-0.0089025743736605,0.8375152672258102,0.0774647887323943,-0.0023664116560992,0.3891975680414822,0.0208067940552016,0.0018576531096912,0.5645017052481003,0.5102040816326531,0.0910093767236624,0.6638273408634074,0.5117749433060461,0.0402615856828766,0.444284779164371,0.4629876129862001,0.0351524882046772,0.4117092680189248,0.999765912621566,0.1527015293781189,0.547572341991918,0.936169782108734,0.1679341620596152,0.6584415012949538,0.0,0.0,,0.0,0.0,,0.0,0.0,,0.0789808917197452,0.0013661945434382,0.0269656186568537,0.0891719745222929,0.0010830863335604,0.0059024564539253,0.1681528662420382,0.0024492808769987,0.0186624676226317,8.166666666666666,4.166666666666667,1
03200310,7.0,0.0671814671814672,0.0153945240863591,0.197485806974858,0.0216995287914446,0.9130421405144004,0.2688564476885645,0.0072800622551339,0.1039778657213706,0.4278183292781833,-0.0004736164809443,0.0009990412736821,0.1342254663422546,0.0115164219589337,0.8923956024915388,0.0373073803730738,0.0015583350879482,0.5370780146582349,0.0,0.0,,0.7425496688741722,0.0009618650234531,0.0231405660538889,0.2239238410596026,-0.0022364969781585,0.1317203739302801,0.0335264900662251,0.0012746319547054,0.1244452988868624,0.0267531414673692,0.0010686468647865,0.2280554798466467,0.4696969696969697,0.0244658944658944,0.1609118997852048,0.6580344584272292,0.0177550802801962,0.1192879421465374,0.5953042585512032,0.0141407173057897,0.0933904091004129,0.9203905583467628,0.0141870861758211,0.0150279936943947,0.8618435751655559,0.045584471795279,0.1667526349664273,0.0072963113092825,0.002375709265283,0.8768568750598652,1.751031371107971,0.5602515946984428,0.8659346493863403,1.3310588734506184,0.4367397623236964,0.8657528634258789,0.1045804620997162,0.0009118216870738,0.0134769310591227,0.1216051884880421,0.0015369208970826,0.0092815950662957,0.2261856505877584,0.0024487425841564,0.0185700739375817,11.0,5.166666666666667,1
03300411,6.0,0.0,,0.205955334987593,0.010680657605994,0.2374155985709185,0.272125723738627,0.0024902354245703,0.0238644795399965,0.4706368899917287,-0.0079541384114215,0.2502173012392834,0.1435070306038048,0.0164185348025697,0.9191121004548476,0.0380479735318445,0.0032904092627942,0.6191946349461602,0.0045492142266335,-0.000176138815261,0.0934060072573166,0.8212172442941674,0.002388547587344,0.2621871105984265,0.1686390532544378,-0.0010509576355069,0.0659320400667915,0.0101437024513947,-0.0013375899518371,0.6977153573557355,0.0276402640264026,0.0001929905893593,0.0228500107366541,0.4477611940298507,0.0342008797653958,0.5690363194226549,0.6798545954531596,-0.0068777910675925,0.0464496843958387,0.615044289376874,-0.0082733232710531,0.0715917364614793,0.8774065024201205,0.0330107755493591,0.236149375388765,0.8215937789252771,0.0620261347966386,0.5616958655224593,0.0049504950495049,3.936489602276624e-06,0.0006485318001716,1.1880622641703422,-0.0238103607359893,0.3519246048280433,0.9031139276134972,-0.007465352577401,0.1360814765715555,0.1014851485148514,-0.1421584756950948,0.0909976675128733,0.1732673267326732,0.0059994292158138,0.0641644239504097,0.2747524752475248,-0.1361590464792811,0.0842898096169981,11.166666666666666,5.0,1
03300412,9.0,-0.4949806949806949,0.4829263705976039,0.155884995507637,0.020687379836122,0.9364376547633416,0.2214734950584007,0.0257610823113168,0.8454088909448142,0.3629829290206648,0.0180973157479668,0.7657637071269676,0.2569631626235399,0.0120269033150996,0.9068570654953192,0.10062893081761,0.0034851562740101,0.4595546545845541,0.0,0.0,,0.7620396600566572,0.0137485261207167,0.8853540549142035,0.2039660056657223,-0.0151772051951681,0.9213742735728028,0.0339943342776204,0.0014286790744514,0.4476412949143594,0.0215633423180593,-0.0016704307882091,0.6199574193366835,0.0416666666666666,-0.0373745173745173,0.4032115851153249,0.5303834056816057,-0.0507072048161868,0.6633663283254453,0.4798221370075368,-0.0480117840810625,0.6671127699964489,0.0816475495307612,-0.0833186071420927,0.45407790335884,0.0764538655388799,-0.068710212567629,0.4033003551506123,0.013477088948787,-0.0003682461437918,0.0969924305266081,3.234347403806053,-0.1764742174075683,0.2708050891019314,2.458612040133779,-0.0738955617485417,0.1306847903369142,0.0646900269541779,0.0012343426810923,0.0269344892185005,0.1159029649595687,0.0031211287590532,0.0534035045152813,0.1805929919137466,0.0043554714401455,0.0821068648174356,8.0,0.3333333333333333,1
03300413,7.0,0.0563706563706563,0.0412882065055972,0.1806167400881057,-0.0071481119086472,0.0878266114941724,0.2257709251101321,-0.0122599281775295,0.6545733299897782,0.4306167400881057,-0.004174728160451,0.0795196051196674,0.1508810572687224,0.0012901546836584,0.0379410187163524,0.0517621145374449,0.0028586434782371,0.3186498498981679,0.0,-0.0019131049004377,0.4179184514704188,0.7060158910329172,-0.0007625307137188,0.0123150154938758,0.246311010215664,-1.3320715321816255e-05,3.5848341667366057e-06,0.0476730987514188,0.0007758514290407,0.0802929056264457,0.0239912758996728,0.0006621639064391,0.0784225776552751,0.0,0.0,,0.5901021479243819,0.0086776676288359,0.0267286393347526,0.5338479119759426,0.0062260042707864,0.0168376789480783,0.0,0.0,,0.0,0.0,,0.0294438386041439,0.0037408982195542,0.6881262953505694,7.066184938696888,0.7756557463178064,0.6427153875736418,5.371410426612883,0.67822928243369,0.719090380774042,0.0785169029443838,0.0006496925796731,0.0028522495099948,0.1112322791712104,0.0030378836482507,0.0285252498622452,0.1897491821155943,0.0036875762279239,0.0253612678134921,3.6666666666666665,0.0,0
03300514,9.0,-0.2640926640926641,0.3288338268920789,0.155928326343881,0.0079516637217588,0.3460794272948209,0.2264582539077392,0.0124444621351795,0.7682647452597805,0.378574151734655,0.0272601727364015,0.8934458068875893,0.2157834540602363,0.0074026707280442,0.613867815937124,0.0770110560426992,0.0100016007256808,0.9234157858707632,0.0,-0.0004562406694674,0.2964703181136675,0.6843553459119497,0.0104086028923612,0.654119935746474,0.2566823899371069,-0.0118627082195889,0.7443018595251335,0.0589622641509434,0.0014541053272276,0.2167046971474852,0.0160121997712542,-0.0007061443146612,0.1721601522997237,0.4285714285714285,0.0675675675675675,0.4476629297776812,0.39384455906075,-0.0237922540395412,0.2895413960917449,0.3562994919391649,-0.0229392012629606,0.3207609074878502,0.8398033666021153,0.1117349807107387,0.3446423864372323,0.7863826169713366,0.1246824516246865,0.4525458601919813,0.0038124285169653,0.0004292512252189,0.2478715618458772,0.9149392960823832,0.0881065526331474,0.1982798689940126,0.6954975729238522,0.0767504120582899,0.2551939170396267,0.050324056423942,4.911350423601355e-06,3.626791291733156e-07,0.11208539839878,0.0023400165150933,0.0281077641452958,0.162409454822722,0.0023449278655169,0.016894809620582,7.0,3.0,1
03300515,13.0,1.4370656370656372,0.5269020458223846,0.1463414634146341,0.0818532818532818,0.6639938097677853,0.1463414634146341,0.0825611325611325,0.5618044346606108,0.1463414634146341,0.0091469020040448,0.0118132920410942,0.4390243902439024,0.0171998529141386,0.1462479134766378,0.2926829268292683,0.0224489795918367,0.246014321104351,0.0,0.0,,0.6857142857142857,0.043151314579886,0.4110841848795192,0.3142857142857143,-0.0431513145798859,0.4110841848795188,0.0,0.0,,0.0,0.0,,,,,0.0,0.0,,0.0,0.0,,,,,,,,0.0,0.0,,0.0,0.0,,0.0,0.0,,0.0,-0.0063961874342497,0.0130099928752691,0.2926829268292683,0.0154018530489118,0.0540142304708133,0.2926829268292683,0.0090056656146621,0.0124799753492104,0.0,0.0,0
03300516,7.0,-0.3073359073359074,0.3335991575991575,0.1677948717948718,-0.0110541705715599,0.7072642615664102,0.2453333333333333,-0.0056234047370554,0.5066957620394468,0.4203076923076923,-0.0004006308827938,0.0051807213324308,0.1899487179487179,0.0089477470929862,0.8986567339669946,0.0564102564102564,0.0055710244263309,0.9267633298131188,0.0012307692307692,-0.0006970749931526,0.7775200231706098,0.6213107638888888,0.0011846623412419,0.0240846502141195,0.3125,0.0003027102523289,0.0013333819565347,0.0661892361111111,-0.0014873725935709,0.4120157873467037,0.0313846153846153,-0.0005840061244504,0.1498168665444195,0.6078431372549019,0.055935134506563,0.834470036282522,0.77195264760782,-0.0263030065640815,0.2985848046039353,0.6983626657168925,-0.0264496028638141,0.3314829110326363,1.1910936637428693,0.0699434401736779,0.676198231104989,1.1153269796260132,0.1035685890267139,0.843369069050277,0.0026666666666666,-3.5844096650210226e-05,0.0282738143220626,0.639969539633091,-0.0244271686561479,0.1647913071631176,0.4864773690078038,-0.0076867049865801,0.0348906867428731,0.0861538461538461,0.0007679899394202,0.0135871727275963,0.107076923076923,0.0006794208430245,0.003763866389244,0.1932307692307692,0.0014474107824448,0.0102493580031736,25.5,15.5,1
03300517,9.0,0.2803088803088803,0.2757510123363785,0.1159029649595687,0.0037152418530518,0.0781548234349438,0.192722371967655,0.0095130984134673,0.4327241712434719,0.3638814016172507,-0.0036360759715357,0.1201634453483714,0.2547169811320754,0.0120255604241135,0.5885358865663133,0.0835579514824797,0.0022601323431494,0.0628211518663123,0.0,0.0,,0.6047819971870605,0.0078910202742397,0.5523338879700079,0.2855133614627285,-0.0108033079106406,0.6948939714922096,0.1097046413502109,0.0029122876364008,0.3472766706487618,0.0240641711229946,-0.0050671160241902,0.4500867653130651,0.3333333333333333,-0.173024453024453,0.7664777516748695,0.5918951175036368,-0.1391711122145388,0.4869750026797523,0.5354699583783975,-0.1288305761730565,0.4967379687279524,0.6531803962460897,-0.400041179035413,0.7909243066028138,0.6116309243110396,-0.3172088681648297,0.7627621953792252,0.0133689839572192,0.0014505950181183,0.269403511947431,3.208403440673919,0.2948672587312317,0.2132805102573485,2.4388905531808347,0.2595640267975704,0.2798283887570992,0.0641711229946524,-0.0030739807549071,0.0496161080610269,0.0561497326203208,0.0004618236529142,0.0017220509041968,0.1203208556149732,-0.0026121571019928,0.0222974312613803,3.0,1.0,0
03400618,8.0,0.1212355212355212,0.0690470743675101,0.1721311475409836,0.0021532531640535,0.0153050422175166,0.2493169398907103,0.0150476070878932,0.4765765630606244,0.4016393442622951,0.0045779789636508,0.0864210715319434,0.1919398907103825,0.0120802180846891,0.7027629098037391,0.0375683060109289,-9.089654474501524e-05,0.0001568022983767,0.0075136612021857,0.0009866499717769,0.325504392536499,0.7224149895905622,0.014482567313227,0.6122305029149615,0.238029146426093,-0.0170531201610542,0.7732542195943064,0.0395558639833449,0.0025705528478272,0.4769017589165606,0.040650406504065,0.0028360653498428,0.3470754453776952,0.3166666666666666,0.0002498788213073,4.8703825499485376e-05,0.9998589609140024,0.0581028000518623,0.2837213346463214,0.9045427481188828,0.0499024950613502,0.2617324926883234,0.6205213764337851,-0.0265891044598561,0.1194886963951589,0.5810493780954876,0.0010431845714111,0.0002508139462149,0.002710027100271,0.0008069296117342,0.2965604497331684,0.6503755484076128,0.1922615676439458,0.2967320939650544,0.4943875701298819,0.1465737256525418,0.2967085492355095,0.073170731707317,-0.001080028397565,0.0125683555278038,0.1260162601626016,0.0030048751470974,0.0314984424493215,0.1991869918699187,0.0019248467495323,0.0091227272210389,10.0,3.1666666666666665,1
03400619,8.0,-0.054054054054054,0.0810810810810812,0.2081963066025803,0.030820154739395,0.9189571484559854,0.2724513028079939,0.0324680686006423,0.899592924659197,0.4128509992410827,0.0151989537953239,0.7703609846954795,0.1656969390336453,0.0080536926543021,0.824247684587512,0.0432582848469516,-0.0014077546809551,0.5722666908446987,0.0091070073362003,-0.0011050509155012,0.6012864155247117,0.689238845144357,0.0105629372288386,0.5649903091767634,0.2501312335958005,-0.009533910766149,0.6839142606679212,0.0606299212598425,-0.0010290264626896,0.0840892542246509,0.0188821752265861,-7.650663760040179e-05,0.0024892601102965,0.4666666666666667,0.0213835070977927,0.0869272234924615,0.4644359977055223,-0.0087816587730977,0.0466785880625558,0.4201614728799946,-0.0095040482896985,0.0671606975265615,0.9144525547445256,0.0066350582965906,0.0021063076277141,0.8562832940354554,0.0399658620283052,0.0877373649666396,0.0015105740181268,-3.009922119500218e-05,0.4669686054632741,0.3625205096108899,-0.0167256020944866,0.8284134542780033,0.2755725277612181,-0.0062992826097592,0.5972819102826523,0.0876132930513595,0.0013596985126295,0.031244316562132,0.1299093655589124,0.0023148002680016,0.0227192260986579,0.2175226586102719,0.0036744987806312,0.0368358458108067,12.5,5.833333333333333,1
03400620,8.0,0.1335907335907336,0.0554225345592254,0.1828571428571428,0.0127948288665405,0.3600795768284075,0.2335714285714285,0.0131501365372226,0.6202458492686025,0.3792857142857143,0.0139553975092726,0.5696248625838374,0.1607142857142857,0.0023728172054289,0.1133376736750473,0.0385714285714285,-0.0004565778936172,0.027817540272884,0.0028571428571428,0.0008511555309584,0.296497204751852,0.6624815361890695,0.0133194789132121,0.6082045081142261,0.3153618906942393,-0.0120151049577681,0.6068957728953299,0.0221565731166912,-0.001304373955444,0.1420698623139543,0.0247875354107648,0.0033673579172312,0.231093656506107,0.1714285714285714,-0.0347490347490347,0.0590655808898675,0.6096873692258896,0.0781480722178902,0.2103102976302896,0.5515660808288655,0.0696870453960862,0.2034701429071442,0.3359213466408461,-0.0950954965279935,0.1039919335674945,0.3145530467885346,-0.0631829762428783,0.057358078057569,0.0042492917847025,-5.757118135973653e-05,0.2310367582301409,1.0197814902085376,-0.0400941134803575,0.7275849221707592,0.7751941078382144,-0.0127197047993893,0.2777480710617455,0.0722379603399433,0.0030421455795178,0.0698185131659774,0.1359773371104815,0.0037774230671568,0.0520910617743652,0.2082152974504249,0.0068195686466747,0.1095425784384287,5.833333333333333,1.0,1
03400721,6.0,0.3027027027027027,0.2889434889434887,0.181694520015546,0.0072896627690241,0.5316419453308874,0.2619510299261562,0.0039638449612472,0.080610451332816,0.4518072289156626,-0.0049445070798977,0.0877709623745194,0.1000777302759424,0.0074000169735408,0.8294111466929255,0.0165176836377769,0.0004545029590963,0.1819825650178141,0.0034978624174115,0.000480467388553,0.3397600678242217,0.7200736648250461,0.0035557901948803,0.1915998679285659,0.2545528954368733,-0.005415735838768,0.3424810157811907,0.0253734397380806,0.0018599456438876,0.5991388986159444,0.0436215587436991,0.0022962722226099,0.8112989084301381,0.4711111111111111,0.0382401340277173,0.7878566499557446,1.072938997413533,0.0434174943572709,0.6846504172237193,0.9706560897320698,0.0362894464885823,0.5851405799461418,0.9231616266944734,0.0430493156625113,0.5437230046644332,0.8644383730262692,0.0708381693008184,0.7899828728674869,0.0023264831329972,-0.0005256738406452,0.6902176459290391,0.5583293773456591,-0.1485913014573249,0.769962162624804,0.424418022593082,-0.0983286463882575,0.6500242651393586,0.0837533927879023,0.0003638216429254,0.002545056067047,0.1256300891818534,0.0024457101986343,0.0222011610056213,0.2093834819697557,0.0028095318415598,0.0230893011995926,37.5,17.666666666666668,1
03400722,8.0,-0.1204633204633204,0.0412111359479774,0.1649899396378269,0.0098028641024414,0.670317480850434,0.2338028169014084,0.0162046554940394,0.8764409858713845,0.3979879275653923,0.0037371771715024,0.070341039332653,0.1806841046277666,0.0156821489904681,0.957602251148728,0.0358148893360161,0.0031449339368778,0.501486887539481,0.0024144869215291,-0.0003593812074955,0.2424787362262819,0.5989583333333334,0.00905579040328,0.5296069088055835,0.3602430555555556,-0.0094913672891079,0.6565178046881578,0.0407986111111111,0.0004355768858279,0.0264183839933607,0.0283659608469836,-0.0009447103387819,0.2983439689954297,0.4225352112676056,-0.0025713025713025,0.0032155774045344,0.6977042193896911,-0.0345776805049073,0.4706228513800035,0.6311923147680547,-0.0337128388713152,0.5084602722416742,0.8279751501710996,-0.041343949301627,0.1601133217677118,0.7753068054646981,-0.0041642826181608,0.0024384157747128,0.0,0.0,,0.0,0.0,,0.0,0.0,,0.0719137035557331,0.0002863986245227,0.0011375114150077,0.1078705553335996,0.0013043534364505,0.0101746092314544,0.1797842588893328,0.0015907520609733,0.0092219526805559,11.833333333333334,5.0,1
03400723,6.0,0.0,,0.1877382465057179,-0.0048232212295766,0.2281877257885954,0.2760482846251588,-0.0021256975347793,0.0745233485141841,0.4866581956797967,0.0081563487902562,0.6895186724234911,0.1118170266836086,0.0002178005696374,0.0032164375222816,0.0393900889453621,0.00515298050654,0.8660907215096199,0.0019059720457433,-6.500823696302686e-05,0.7249651723420817,0.7705627705627706,0.002909621445061,0.2014522489747409,0.2024642024642024,-0.0031104227036294,0.2360203606413542,0.0269730269730269,0.0002008012585684,0.0124410576134006,0.0673443456162642,0.0020176825048644,0.5308068171323248,0.3537735849056603,-0.0007293688366209,0.0037114527957696,1.6564372468102622,0.0274949476550695,0.179773996649981,1.498529650568487,0.0199558607976104,0.1233265868261848,0.6932339111102367,-0.0314731774323644,0.6065205296948317,0.6491365941980373,-0.0007989236875656,0.0012199630359303,0.0019059720457433,-6.500823696302686e-05,0.7249651723420817,0.4574115197504622,-0.02804201814407,0.8605519630854662,0.3477045998308636,-0.0129462202065918,0.8129732887936225,0.0857687420584498,-0.0002578019574087,0.0009099276628093,0.1353240152477763,0.0024388246477827,0.0227276823944634,0.2210927573062261,0.0021810226903739,0.0117494594153527,35.333333333333336,12.5,1
03400724,6.0,0.0231660231660231,0.0033628098144228,0.1904323827046918,0.0057306701569813,0.1423096619562821,0.2631094756209751,-0.0059770835300127,0.1474463051255593,0.482980680772769,-0.0008757447910431,0.0053438361993244,0.1366145354185832,0.0108340291224755,0.823522886222539,0.0400183992640294,0.002171845091004,0.2162320600242677,0.0055197792088316,-0.0001584852276653,0.4217504313319337,0.7777777777777778,0.0068252406733329,0.3005090825412496,0.1986531986531986,-0.0090522521775939,0.4903132803366133,0.0235690235690235,0.0022270115042609,0.5077397896018689,0.0261467889908256,-0.001699444539327,0.4333090646404304,0.3157894736842105,0.0039686439686439,0.0215074105592595,0.6431202912814745,-0.0530097801522491,0.5716478315649052,0.5818118538588521,-0.0503939624242692,0.5708865250506558,0.6188024806541902,-0.0172120342395118,0.093139820878192,0.5794398230315112,0.0077038552287372,0.0245847559157423,0.0,0.0,,0.0,0.0,,0.0,0.0,,0.0770642201834862,-0.0022312656882791,0.0529001002503717,0.1211009174311926,0.0026358964007322,0.0217422809820651,0.1981651376146789,0.0004046307124531,0.0003791416692109,9.5,3.0,1
03400725,7.0,-0.3127413127413127,0.3432526603258309,0.1933066933066933,-0.0021483585679535,0.0216603144929125,0.2647352647352647,0.0027504320427551,0.0815635576691905,0.4235764235764235,0.0015653277331748,0.0639524861852995,0.1443556443556443,0.0041453257477623,0.5915200426902976,0.0344655344655344,-0.0014736595468288,0.1275070297260216,0.0,0.0,,0.8210472801220132,0.0102406537251674,0.646101567445301,0.150482968988307,-0.0111707196341653,0.6981078035072656,0.0284697508896797,0.0009300659089978,0.3021331200524579,0.012909632571996,8.85355188794429e-06,0.0001141095196546,0.3076923076923077,0.0157528957528957,0.1575289575289573,0.3175321705067507,-0.0044282707307437,0.0532522624096087,0.2872619372874069,-0.0050581608970265,0.0891043473649467,0.6029357503810059,0.0095684852143793,0.0188704173659522,0.5645823916717289,0.0292231536094897,0.1648098054094773,0.0089374379344587,-0.0002260208690592,0.574595100877175,2.1448830151555933,-0.1112220662513776,0.8065496229489864,1.6304479845097697,-0.046134723841579,0.7468618695584063,0.0893743793445878,0.0011632156118955,0.018049086285247,0.1221449851042701,0.0022455141538722,0.0259014598037905,0.211519364448858,0.0034087297657678,0.0406906651857325,4.333333333333333,1.3333333333333333,0
03400826,7.0,-0.0231660231660231,0.0018954018954017,0.1853249475890985,0.0150826943502699,0.4372704192358828,0.2465408805031446,0.0078980344764721,0.1932738014079793,0.4276729559748428,0.002657573001023,0.0152767744929974,0.1371069182389937,0.0187708224431559,0.8954293991909417,0.0352201257861635,0.0067083447464451,0.9561962767751492,0.0,0.0,,0.7898613518197574,0.0033050526692896,0.3775350156522514,0.1841421143847487,-0.0062964721262135,0.7114141880350986,0.0259965337954939,0.0029914194569239,0.5984033081704473,0.0360587002096436,1.4284611952550402e-05,5.062747340733864e-05,0.4651162790697674,0.043919272490701,0.5799067007601967,0.886918917278685,-0.0127783903714697,0.0598075147711623,0.8023692402181587,-0.0144815707007793,0.0941526508883908,0.9114145063898926,0.0581299952576996,0.3876633032978115,0.8534384990386599,0.0811357753689009,0.5931403911732135,0.0050314465408805,0.0009844150008555,0.5120860122664729,1.2074896974209264,0.2222698112571351,0.4596857680451905,0.9178818283166108,0.1792578803924219,0.4977986389207551,0.0880503144654088,0.0014367958053683,0.0291845662030939,0.1735849056603773,0.0055639056131396,0.0433790336046234,0.2616352201257861,0.007000701418508,0.0510307314358425,14.333333333333334,6.666666666666667,1
03400827,5.0,-0.2393822393822393,0.3590733590733592,0.2049947970863683,0.0115240282575492,0.4902925426079921,0.2775754422476587,0.0028471070356058,0.0889882173145957,0.5145681581685744,0.0150721206781066,0.5259251810457886,0.0840270551508844,0.0030052705566291,0.4680259461791802,0.0202913631633714,0.0009473072107936,0.5125596748852612,0.0031217481789802,-6.565122807199754e-05,0.0164632216717824,0.8021405049396267,0.0064494066936614,0.4888588178938339,0.1715148188803512,-0.0045336040455661,0.4270841408250886,0.0263446761800219,-0.0019158026480952,0.4209103424023025,0.0169094693028095,-0.0006161536946173,0.1788236379987146,0.5692307692307692,0.0145578745578745,0.1171187044539178,0.4159142764051742,-0.021854838930654,0.3017533542096697,0.3762653106769234,-0.0213104593266675,0.3274927275205699,1.1154311382048607,-0.0162009006969609,0.0349844142792843,1.0444774245926984,0.0277188330633173,0.1223290206387673,0.0031217481789802,-0.0001842681732347,0.0558411392199228,0.7491839043571564,-0.0640127312913257,0.1037210373648583,0.5694974403057016,-0.0361251603427235,0.0647632393456304,0.0920915712799167,0.0007128107197401,0.0065735972592303,0.1592091571279917,0.004071085842872,0.0320795318956818,0.2513007284079084,0.0047838965626121,0.032555867341575,10.833333333333334,6.166666666666667,1
03400828,6.0,-0.0749034749034749,0.1274673169410011,0.2117988394584139,0.0185093994457592,0.7233829530556373,0.2901353965183752,0.0105826490713024,0.3701153625523539,0.4937137330754352,0.0135241981295526,0.5415670483575883,0.1078336557059961,0.0092301276585732,0.6623727038657226,0.0377176015473887,0.0008091136044813,0.1917192942640023,0.0029013539651837,0.0002596160483933,0.0365436514328745,0.7480954799390553,0.021852099077122,0.9098928407529432,0.2092432706957846,-0.0239944731110616,0.9310438532250426,0.0426612493651599,0.0021423740339396,0.7083329088429393,0.0087040618955512,-0.0013065125218629,0.1578537253247509,0.3333333333333333,-0.1254311454311454,0.6608404004148993,0.2140897233523792,-0.0367550107017392,0.1832824435484336,0.1936806232432501,-0.0343645080604172,0.1925635081452438,0.6531803962460897,-0.298556848325746,0.7104726206451462,0.6116309243110396,-0.2293109631586045,0.6663450107270683,0.0,0.0,,0.0,0.0,,0.0,0.0,,0.06963249516441,-0.0006982019721305,0.0056603613619687,0.1131528046421663,0.0021735701293251,0.0168962489237435,0.1827852998065764,0.0014753681571945,0.0049106303999496,3.0,1.0,0
03400829,6.0,-0.3845559845559845,0.495281587005725,0.2047330764997248,0.017579713093767,0.4282515708945271,0.3170060539350577,0.0295688300547428,0.8098639851809097,0.4700055035773252,0.0089451189993009,0.2960779911905654,0.1227297743533296,0.0156988688518146,0.9344329815071308,0.042927903137039,0.0065847822481849,0.8986677243334199,0.0,0.0,,0.7837380011293055,0.0102598076269417,0.6064685396577862,0.1852060982495765,-0.0138251142929402,0.8117072242864081,0.031055900621118,0.0035653066659985,0.4930727121597343,0.0224780701754385,-2.6049023199919824e-05,0.0001079413682325,0.5365853658536586,0.0028019856591285,0.0042025057658846,0.5528825372685652,-0.008890183105744,0.0235049841660242,0.500176434074948,-0.009882558879268,0.0361243945802739,1.051461125664437,-0.0369363758484096,0.1694510892931697,0.9845766098665516,0.0057594659647747,0.0054715788585053,0.0,0.0,,0.0,0.0,,0.0,0.0,,0.0625,-0.0022655132938606,0.0381051610717749,0.1578947368421052,0.0044186891953933,0.0489090703512662,0.2203947368421052,0.0021531759015326,0.0074461761062453,6.833333333333333,3.6666666666666665,1
03400830,7.0,-0.4718146718146718,0.3735793924130856,0.1940481043620057,0.015454029858536,0.6901723849295653,0.2678353037097432,0.0174533553170146,0.703650847352989,0.4520994700366897,0.0211826474803939,0.6837634162823185,0.1235222176926212,0.0036149406378142,0.5784889315099517,0.037912759885854,0.0010895640520362,0.2460636546918516,0.0,0.0,,0.8316958564715934,0.0078684495987304,0.4659227448173783,0.1345578812473302,-0.0047753319092993,0.2878307198020942,0.0337462622810764,-0.0030931176894311,0.6610879857751841,0.0175295556461475,0.0009042179186235,0.489721585759695,0.6744186046511628,0.0623552123552123,0.7074945547136238,0.431166249023576,0.016887896066103,0.3655383402533579,0.3900633179617425,0.0140392683019637,0.3396816750688564,1.3215510342653445,0.0807030433345799,0.5393279474489416,1.2374858236060569,0.1152724392079899,0.7233683414219164,0.0,0.0,,0.0,0.0,,0.0,0.0,,0.088055442315532,0.0017079339142931,0.0521313421133206,0.2030167142274765,0.0043126530458937,0.0293712379815904,0.2910721565430085,0.0060205869601868,0.0540948794284533,7.166666666666667,4.833333333333333,1
03400831,24.0,-0.2316602316602316,0.0413678985107556,0.2,0.085438499724214,0.822500431349203,0.2,0.085438499724214,0.822500431349203,0.2,0.085438499724214,0.822500431349203,0.6666666666666666,-0.0031592817307102,0.004315657235545,0.1333333333333333,0.0107280750137892,0.6866061397943883,0.0,0.0,,0.6153846153846154,-0.0604798676227247,0.4566967564876977,0.0,-0.0449255377826806,0.4484884283965048,0.3846153846153846,0.1054054054054053,0.8813468745336649,0.0,-0.0401544401544401,0.462105196531426,,0.0,,0.0,-1.034500124917631,0.4696224607604281,0.0,-0.9463426119525632,0.474448104316115,,-0.0827596918376864,0.9160741856400908,,0.0060726184671911,0.4644939189340755,0.0,0.0,,0.0,0.0,,0.0,0.0,,0.1333333333333333,0.0067226890756302,0.0648788927335636,0.0,0.0028472565496786,0.0067401238463082,0.1333333333333333,0.0095699456253089,0.0502588290218051,0.0,0.0,0
03500932,6.0,-0.4247104247104247,0.4435267093494941,0.1981287837094111,0.0130926963749285,0.5350406734984348,0.2685745734727573,0.0082693641651344,0.3142689208064128,0.4755090809025867,0.0207804188532092,0.6726700742144753,0.1342872867363786,0.0046444065095855,0.6352762415253653,0.0357732526141992,0.0072747044994769,0.7548238998822394,0.0033021463951568,-0.0001004515573037,0.636147015606056,0.7455176402544823,0.0281358037150983,0.9562397446912764,0.18796992481203,-0.0188034736639602,0.9031700178731829,0.0665124349334875,-0.009332330051138,0.9260578841696852,0.0219418540866703,0.0029860302201678,0.6953984515800521,0.7,-0.006493840779555,0.0200047551625799,0.5396934819195713,0.0688646732049981,0.6916658705895774,0.4882446868617557,0.0612106367332467,0.6934122292389076,1.3716788321167883,-0.075003259569015,0.4111604422120147,1.2844249410531832,-0.0106944571435949,0.0153520845300894,0.0032912781130005,-0.0001041754530824,0.6639946832471548,0.7898691520430361,-0.0463693910226902,0.8442914614524338,0.6004246189070536,-0.0208262371531243,0.8603904936819688,0.1119034558420186,0.000655676156222,0.003976754994627,0.1349424026330225,0.0032252743994056,0.0394820435927265,0.2468458584750411,0.0038809505556277,0.0327121491488998,6.666666666666667,4.666666666666667,1
03500933,6.0,-0.2393822393822393,0.3590733590733592,0.1927461139896373,0.0075035858173998,0.3133180275099637,0.2725388601036269,0.007518792619284,0.3145939950871282,0.4542314335060449,0.0071377988717426,0.4666329776493405,0.1278065630397236,0.0074519730437294,0.6000597317174519,0.0341968911917098,0.0009008137565397,0.1785068951656879,0.0,0.0,,0.7285051730288976,0.0096112976099201,0.6191531665921007,0.2297538351765965,-0.0116647571707575,0.7731160430118792,0.0417409917945058,0.0020534595608373,0.562450001318106,0.0306790761806273,-0.0004187897126275,0.0333907034668033,0.5955056179775281,0.0803479146336289,0.923137130644775,0.7545988311013847,-0.0218790150218021,0.1588242518493782,0.6826631826030617,-0.0223152213082858,0.1909028867925789,1.1669177865520028,0.1241819704454469,0.8632687201130932,1.092688954668037,0.1483224124094686,0.9199108344507404,0.0055153395380903,0.0003799899111561,0.2254695784613917,1.3236184894169412,0.0650477521256411,0.1330668457306894,1.0061579503780844,0.066936313658007,0.2389320786731155,0.0579110651499482,-0.0014654190883901,0.0240408693923445,0.1220268872802481,0.0020187107148652,0.0179096580746092,0.1799379524301964,0.0005532916264751,0.0008818214809194,14.833333333333334,8.833333333333334,1
03500934,6.0,-0.0424710424710424,0.0067707459011808,0.1813985296631902,0.0107529720990956,0.6606637863512734,0.2492733800649683,-0.0031796498104805,0.0426501046845934,0.4546076252350829,-0.0080288581417953,0.2486157584031619,0.1254915370148743,0.0103211737096163,0.9310439060382484,0.0258163788681825,0.003628483174367,0.9552370609582128,0.0010258163788681,0.0003512530144575,0.522799422742053,0.7483882521489972,0.010612423092883,0.7130971291220236,0.2279727793696275,-0.0092318227701183,0.7312042662246969,0.0236389684813753,-0.0013806003227647,0.4496428495102673,0.0303702439856679,0.0009183818269435,0.3987513710136093,0.3820224719101123,0.0050822431475538,0.0181794691201044,0.747002630617682,0.0126069615187974,0.1651610744037546,0.6757911253135923,0.0091893290297181,0.1147330017240009,0.7485887687314735,-0.0199864965373953,0.0664356297864744,0.7009702728059105,0.0098943948158236,0.0213890541031479,0.0034123869646817,-0.0004012489431007,0.1974789354260687,0.8189338930640134,-0.1241755946648035,0.2734789637390973,0.6225183872305969,-0.0750969206757104,0.2093692329332129,0.0747312745265313,0.000496099114899,0.005330959511371,0.1412728203378263,0.0037375794078339,0.0355571079468772,0.2160040948643576,0.004233678522733,0.0376393895335349,29.666666666666668,11.333333333333334,1
03500935,6.0,0.1575289575289575,0.0743886743886744,0.2176456821904984,0.018853613698879,0.8344481103342676,0.296981043763164,0.0146772661924042,0.4205657147797266,0.4849052188158202,0.0060303718235098,0.1037809479294255,0.1120992277088696,0.0059318984614362,0.8127745949762691,0.025743037678446,0.0013771330416834,0.4695001690561854,0.0004680552305172,0.0001457560195424,0.1575224467311436,0.7005649717514124,0.0075212683627519,0.3724768387791782,0.2753623188405797,-0.0084387534794012,0.4621437289735897,0.0240727094080078,0.0009174851166493,0.5136520643781914,0.0439354989483524,0.0015499079740275,0.2331418411854747,0.1861702127659574,-0.030491232408283,0.3916599626657419,1.0806608372131523,0.0239017960292701,0.1145332697126215,0.977641809184438,0.0184836432867515,0.0875815266405048,0.3648082000310607,-0.0795041068068733,0.5148434224391434,0.3416023779396763,-0.0557503071132706,0.3959645441445145,0.0042065903248422,-0.000602881136048,0.6592153094593949,1.0095336276053668,-0.1813144507847559,0.7662869026962399,0.7674041226461031,-0.1132424859852314,0.5944093154787623,0.1233933161953727,0.0024748298154257,0.0953909084683491,0.1570460387941107,0.0033027498535592,0.0271366756510591,0.2804393549894835,0.005777579668985,0.0580142708373239,31.333333333333332,5.833333333333333,1
03500936,5.0,-0.1953667953667953,0.068301887463564,0.2114319620253164,0.0031774858577947,0.092648378704802,0.3035996835443038,0.0052196970484036,0.1503001582363961,0.5100870253164557,0.0187781947668562,0.6107234251702511,0.1164952531645569,0.0069158651831472,0.8416609742046568,0.032634493670886,0.0020646653519354,0.5240068211428857,0.0035601265822784,0.0005026855613347,0.7064310702755978,0.7478403948992184,0.0064923513428915,0.7182874011022515,0.2334430275606746,-0.0036755362373247,0.4634637827808057,0.0187165775401069,-0.0028168151055668,0.9503256131292672,0.0248913472935598,0.0005802754303506,0.1458793245588974,0.4206349206349206,0.0115743525289128,0.1212358039699933,0.6122407813609329,0.005840728772413,0.0307360619503413,0.5538760770583345,0.0034064952827649,0.0122980850303699,0.8242514524057799,-0.008477859342028,0.0184168550659787,0.7718199759163119,0.0217277748161823,0.1321935242443759,0.0029632556301856,-0.0008358812938405,0.7457855272648788,0.7111475030494147,-0.2319461961132604,0.8071602268701774,0.5405838010013624,-0.1558090013614342,0.7038920934307746,0.072303437376531,-0.0014119597853357,0.0308301516928078,0.1398656657447649,0.0023455082552165,0.0156520230730298,0.2121691031212959,0.0009335484698808,0.0017648528646857,21.0,8.833333333333334,1
03501037,7.0,-0.054054054054054,0.0810810810810811,0.1540224616089846,-0.0177323053197417,0.6339803684584953,0.2319504927801971,-0.0124947801243514,0.7436707845324149,0.4490029796011918,0.0012549724861727,0.0158592442031307,0.1528764611505844,0.0102957712336338,0.9123766898688438,0.0495072198028879,0.004735417815763,0.9198278780652426,0.0068760027504011,0.0011060408858063,0.7315562821107833,0.6330538922155688,0.006858059225698,0.4023269372773044,0.2876646706586826,-0.0060261582479527,0.3954174239500337,0.0792814371257485,-0.0008319009777452,0.2326760843648994,0.0299839780270084,0.0009654896536606,0.3569663643663631,0.4198473282442748,0.0690294065776249,0.6737427941494687,0.7375018282081631,0.0139741812689794,0.1535021700078825,0.6671960311485264,0.0104714253360589,0.1054134666726402,0.8227081326763724,0.1131532056316408,0.548658396279367,0.7703748283306987,0.1272739955345215,0.668797684352809,0.0013733119707026,-3.3341023915474884e-05,0.5831634959294952,0.3295791861237022,-0.0167508821588255,0.8131310472664645,0.2505319478753853,-0.0068279863868979,0.7569609925867538,0.089265278095674,0.0009279742402244,0.0152551981131521,0.1181048294804303,0.0027242734742447,0.0328767792585792,0.2073701075761043,0.0036522477144692,0.0385151905987201,21.833333333333332,9.166666666666666,1
03501038,6.0,-0.4316602316602316,0.4342496751614927,0.2047581903276131,0.0184631643460446,0.7882297892077389,0.2812012480499219,0.0124043205374355,0.3813097324387571,0.4812792511700468,0.0211603709882219,0.8175908626716732,0.1478159126365054,0.0066755566677866,0.432043982010184,0.0354914196567862,-0.0005598042880621,0.1084065385537956,0.0,0.0,,0.7364501448076127,0.0140753494850619,0.8092188088901326,0.2312784443525031,-0.0165209254901442,0.854733120065043,0.0322714108398841,0.0024455760050822,0.7624928647749228,0.0362714508580343,0.0011069798465788,0.3152333831205184,0.3225806451612903,0.0159351058510722,0.3378806955325915,0.8921518450776346,0.015307047341688,0.114212520481419,0.8071033147996802,0.0110631911377577,0.075127718041007,0.6321100608833126,0.0076943332843198,0.027296985590083,0.5919008944945544,0.0297626639344763,0.3441446057753252,0.0,0.0,,0.0,0.0,,0.0,0.0,,0.0748829953198128,0.00122905166707,0.015187921733359,0.1123244929797191,0.0015736214069087,0.0119221350481145,0.187207488299532,0.0028026730739788,0.0230963596155165,15.5,5.0,1
03601139,5.0,0.237065637065637,0.1851886783184491,0.208578637510513,0.0150753956240074,0.6900891170260373,0.2981497056349874,0.0041245697374736,0.0367460385800053,0.5105130361648444,-0.0125076469292268,0.3118053768916426,0.0815811606391926,0.0053399155282211,0.7660249417099569,0.0235492010092514,0.0005498584376061,0.0212818493335148,0.0029436501261564,-0.0003696865137378,0.1127202681386257,0.7880184331797235,0.0224049637446108,0.8893794097873422,0.192626728110599,-0.0185082168617179,0.8885148519286509,0.0193548387096774,-0.0038967468828929,0.6891052922080992,0.0251677852348993,0.0001807836060412,0.0082370890229074,0.3,-0.0146374946374946,0.0265470136965341,0.6190401955994411,-0.0044774714969866,0.0080753869151612,0.5600273054628654,-0.0060293100142113,0.0169814691183926,0.5878623566214807,-0.0576006081872013,0.0894663730262215,0.5504678318799356,-0.0261202114629422,0.0252605684123722,0.0025167785234899,-1.119247876168388e-05,0.0362367103932804,0.6039980973886135,-0.0178940170400926,0.563766699666868,0.4591334229310229,-0.0032940359008242,0.1658807052668603,0.1082214765100671,0.0019997398544845,0.0566525543935949,0.1333892617449664,0.0022140904240356,0.0144866420150331,0.2416107382550335,0.0042138302785202,0.0381104909689624,10.0,3.0,1
03601140,6.0,-0.0277992277992277,0.0083397683397674,0.1825842696629213,0.0084304273918292,0.6061907877958095,0.2780898876404494,0.0036029999517154,0.0473171583736663,0.4912609238451935,0.0014882894534941,0.0064072082090785,0.0580524344569288,0.0075300158216915,0.8878191888912974,0.0068664169787765,0.0001825228424375,0.0245499338181444,0.0,0.0,,0.8714285714285714,0.0084671633888481,0.6455488548275949,0.1186046511627907,-0.0091304162906016,0.709811105759106,0.0099667774086378,0.0006632529017534,0.3478452499055858,0.0165109034267912,-9.668068307932873e-05,0.002216314172969,0.5471698113207547,0.0517221302935588,0.5266248013727999,0.406110938703949,-0.008311464535556,0.0295243715354726,0.3673965218060434,-0.0088451264251437,0.0404964163377709,1.072201782517166,0.0680172051956678,0.335614302528159,1.003997932359631,0.0957255309877474,0.5428889190358057,0.0037383177570093,4.938332776956076e-05,0.191418257579321,0.8971535602333052,-0.0097951822320837,0.1395185680175016,0.6819776201043979,0.007301212959404,0.2303458862031858,0.0822429906542056,0.000233496257936,0.0008087339345885,0.1588785046728972,0.0031368683529349,0.0192916008769133,0.2411214953271028,0.003370364610871,0.0170824591639825,8.833333333333334,4.833333333333333,1
03601141,6.0,0.0069498069498069,0.0001490427225135,0.2141615986099044,0.0222745864662838,0.7836365619756959,0.2797567332754127,0.0061479525249722,0.1822102431325595,0.4828410078192875,0.0097276968978166,0.4587814952583722,0.0912250217202432,0.0094301689709558,0.9167923531570146,0.0191138140747176,0.001169332139918,0.3961389884191243,0.0039096437880104,0.0002437436470834,0.2020322270695614,0.7298056661203465,0.0133047010019142,0.670584931038605,0.229220323109342,-0.0128506815563097,0.7532221720772427,0.0409740107703114,-0.0004540194456044,0.0235244085875436,0.0563991323210412,-0.0002199835714899,0.0083689462304051,0.5346153846153846,-0.0079658807079599,0.187659017197444,1.387222974838603,-0.0258805403527204,0.2141776574097931,1.2549794830734,-0.0279913586135633,0.24945874958719,1.0476008662869978,-0.0625043838798384,0.7521517472525814,0.9809619055296288,-0.013774307982999,0.1528274615073882,0.0067245119305856,-5.613004091496714e-05,0.0252046874866093,1.6138060516778054,-0.0542481355175547,0.2891652564169,1.2267460769448415,-0.0138622579309056,0.0515696239810247,0.0663774403470715,0.0008120371801679,0.0080370585568949,0.1522776572668112,0.0024473835810283,0.0142119207068788,0.2186550976138828,0.0032594207611963,0.0192560557512974,43.333333333333336,23.166666666666668,1
03601142,6.0,0.2594594594594595,0.2270270270270271,0.1747207524985302,0.0129823223899552,0.6074800063531616,0.2355085243974133,-0.0024997639153867,0.0232999497180764,0.4384479717813051,-0.0126660800118902,0.5542777237435546,0.0886537330981775,0.0078419518506704,0.9710916376255022,0.0188124632569077,0.0024818030842862,0.8529437098843161,0.001410934744268,-0.0003514174532921,0.733808728538106,0.7338412698412698,0.0071430932142316,0.448242084607365,0.2365714285714285,-0.0070725769683258,0.5265448769978311,0.0295873015873015,-7.051624590586402e-05,0.0020786460870735,0.0646222535542239,0.0007540126289265,0.1001831035197449,0.42,-0.0227436440979434,0.7746067040007075,1.58948322654993,-0.0036798996149211,0.005558947616949,1.4379583341614952,-0.0083171483970458,0.030211594300639,0.823007299270073,-0.0847232753371967,0.922881203431588,0.7706549646319099,-0.0410730755061507,0.7663992710581905,0.007872165432969,0.0009194777417525,0.5819365237730895,1.8892297830197875,0.1901723340236302,0.4950356851283098,1.4361113730843698,0.1659080158019807,0.6184329524079561,0.0733168840324286,0.0007460705226813,0.0140740197830788,0.1438138879097638,0.0025422513441463,0.0175276824012421,0.2171307719421924,0.0032883218668277,0.0237066510139307,91.66666666666669,38.5,1
03601243,6.0,-0.1235521235521235,0.0661886376172089,0.1910420475319927,0.0074093226428713,0.4524561975883401,0.2722120658135283,0.0138884522651758,0.7183774628071979,0.4477148080438757,-9.2004005481482e-05,5.725943043055626e-05,0.0928702010968921,0.0095681731792116,0.9464905767439732,0.0208409506398537,0.0034749604008516,0.8857740755197093,0.0010968921389396,-1.933301876461838e-05,0.3757440770662483,0.7076295864880606,0.0133364713588552,0.7327357076064572,0.2506309454474859,-0.0142241478049458,0.8325985979671879,0.0417394680644535,0.0008876764460906,0.1546419079391666,0.0447897623400365,9.91524171636205e-06,3.0171309617466054e-05,0.4775510204081633,0.0151599236277181,0.1654945253102913,1.1016727527291943,-0.0159042632930022,0.1005537418338894,0.9966506659803488,-0.0179653981163985,0.1574032797257367,0.9357808942137856,-0.0060015385287618,0.0063388665081985,0.8762549160537751,0.0283414069728273,0.1672989514249793,0.0062157221206581,-0.0001822820895412,0.056925036063479,1.491702309016803,-0.0855186171408377,0.1762673345314921,1.133928053903016,-0.0360986070430727,0.0503639516723798,0.0811700182815356,0.0012504503156876,0.0257312581820355,0.1436928702010969,0.0026949686209898,0.0286281031562548,0.2248628884826325,0.0039454189366775,0.0412547065188626,40.833333333333336,19.5,1
03601244,6.0,-0.2586872586872587,0.2677453089399537,0.1961818638533032,0.0042416794396873,0.2761425305513446,0.2768148706355187,0.0020493309209964,0.0380960107272551,0.4835468475257473,0.0071487424660935,0.3009758171530131,0.0788746546093946,0.0045838217398408,0.8624363056274176,0.0218538055764883,0.0005309361999224,0.1587904503768429,0.0035167043456417,-8.296705620204305e-05,0.0064537717765833,0.8032352161230443,0.0104402556448157,0.6614513071174275,0.1840360647043224,-0.008682709016033,0.6084715396560034,0.0127287191726332,-0.0017575466287826,0.7664334327545137,0.0300978179082016,0.0011543080907608,0.4376433746442086,0.35,0.031030570597134,0.6042252237488912,0.7403018943110448,0.0187753920888004,0.299392320198945,0.6697291679074346,0.0148569611872775,0.2438668083498992,0.6858394160583942,0.0373764740338796,0.357092058086686,0.6422124705265916,0.0575510725498649,0.607761477977764,0.00150489089541,-0.0006795134987695,0.7058696576402392,0.3611566250751078,-0.1828338713184847,0.7598980007892225,0.2745357612910856,-0.1264205142387108,0.677197461051384,0.0586907449209932,-0.0006044688975266,0.0074889252375394,0.1519939804364183,0.0028931578492774,0.0183783593276231,0.2106847253574116,0.0022886889517507,0.0109825686271439,20.0,7.0,1
03601245,6.0,-0.1111969111969111,0.0389911247054101,0.2002196767613369,-0.0030846205023928,0.1063563420316263,0.2771065432292484,-0.0027447926291597,0.1280063426142091,0.4821904911344735,0.0090264996743049,0.3916472920820227,0.1109367644751294,0.0115558624719428,0.9674857843955644,0.031853130393849,0.0051733137863506,0.9207480702582476,0.0009414718343009,-9.264826984302396e-06,0.094709289415036,0.8038632986627043,0.0045489955470163,0.3482560553263913,0.1535413571074789,-0.0059336623270108,0.6292136603384343,0.0425953442298167,0.0013846667799945,0.3699156522807617,0.0307547465871646,0.0018848288028661,0.7362184354787509,0.5051020408163265,0.0352637318418158,0.5305502335563237,0.7564600605590702,0.0373309075940685,0.6151615674575003,0.6843469816930811,0.0316794481417522,0.5601310833173208,0.98976825349535,0.033819032874002,0.1944656860636618,0.9268080842876466,0.0654625690992042,0.5325818183166336,0.0018829436686019,-1.8546844519460855e-05,0.0947151188181749,0.4518849722813289,-0.0159625709269715,0.5397578491872985,0.3435035557092605,-0.0043691037816821,0.2955084989354425,0.0743762749097756,-0.0005561800299495,0.0064627152843657,0.152518437156755,0.0027998765027016,0.0181537017193184,0.2268947120665306,0.0022436964727521,0.009484643864651,32.666666666666664,16.5,1
03601346,5.0,-0.027027027027027,0.0810810810810812,0.2056523681858802,0.0097144910861422,0.659764321694687,0.2898793565683646,0.000180251199417,0.0006053022613637,0.5192135835567471,0.0043263922159402,0.4886830410797351,0.0552949061662198,-0.0017665909370305,0.6033159483689472,0.0121760500446827,0.0010850612022421,0.6952215025772585,0.0006702412868632,-5.740268119820649e-05,0.9172053776407614,0.6274390982911162,0.0263879938217506,0.7439631234763475,0.3336565264816385,-0.0311499264155347,0.8138529877904316,0.0389043752272451,0.0047619325937841,0.8739043343603518,0.0416387586514847,0.0005560101211543,0.1154800527769658,0.5898123324396782,0.0106767191237992,0.3261002025906206,1.0241689945919517,-0.0007779929941799,0.0004173831629533,0.9265353146002728,-0.0039460907661771,0.0157831217664614,1.155761559041338,-0.0262549359211318,0.4161280341256976,1.0822423861803916,0.020496594051331,0.3405182127499569,0.0040187541862022,-0.0002175985309995,0.3494778910960555,0.9644550999159108,-0.0812225509236445,0.584440449107446,0.733137361197293,-0.0418099880273642,0.317837856823443,0.1004688546550569,-0.0010848272548976,0.009787452633108,0.115874079035499,0.0009536421509407,0.0067635188886081,0.2163429336905559,-0.0001311851039568,5.311851708467152e-05,62.166666666666664,36.666666666666664,1
03601347,6.0,0.0942084942084942,0.0870714870714867,0.1875391751284944,0.0078134525582972,0.6630787403484721,0.2638836655384229,0.0019445884517638,0.0618528227428776,0.4682211357653253,-0.0001438160501019,0.0002309256235087,0.074213363419832,0.0092650021582315,0.9747272310388456,0.0114077974175755,0.0008077319625408,0.546957670150052,0.0,0.0,,0.7035944206008584,0.0058277450407877,0.3364469414605362,0.2699839055793991,-0.005484601432808,0.3335853015988914,0.0264216738197424,-0.0003431436079796,0.0989106547795199,0.0932681459195186,-0.000316507026356,0.0127369426571338,0.6653225806451613,0.0355007173529643,0.8610929159306135,2.29407279005045,-0.0417030748732449,0.3770786372317414,2.0753796155410607,-0.0453427037681556,0.4207159012987659,1.3037270005718322,0.0215423871289828,0.4619743165738716,1.2207955948950184,0.0661150344947221,0.8759689095749598,0.0027579290460072,0.000234514765561,0.4360317378681074,0.6618714682177512,0.0423644137829742,0.3131215072027923,0.5031262748294323,0.0424063229023158,0.4118948557974703,0.0744640842421963,0.0001969165956208,0.0008698078029302,0.1271154569386987,0.0028584460036949,0.0304846278027181,0.201579541180895,0.0030553625993158,0.0263996944011303,124.0,82.5,1
03601348,5.0,-0.1343629343629343,0.0863761720904573,0.1922260329903642,0.0051281189535985,0.2176315323152206,0.2792748652621264,-0.0031324511102407,0.0260422858572798,0.5004082965866405,-0.0011216940966106,0.0040945282117276,0.0687571451902662,0.0057218882546401,0.930302513756965,0.0097991180793728,-0.0002197657722871,0.1340121464581151,0.0009799118079372,-7.43186683714626e-06,0.104599448035671,0.7620056497175142,0.012131041978568,0.7000318281026805,0.2180437853107344,-0.012508384121156,0.7477627052174127,0.0199505649717514,0.000377342142588,0.0933933285616742,0.0594285714285714,-0.0003574745724826,0.018960673409875,0.5714285714285714,0.0413488647721712,0.783951055426397,1.4617366660585052,-0.0306691412259214,0.2167803073290338,1.3223898095927713,-0.0325006598359956,0.2755520476284802,1.1197378221361538,0.0410183883213697,0.4798257196205446,1.0485101559617822,0.0768377815220222,0.782845326569519,0.0042448979591836,0.0007125884088824,0.5110750960132786,1.0187270222730838,0.1586474709769072,0.4680140856204879,0.7743925465838509,0.1288481573651091,0.5136131442770238,0.0764081632653061,0.0005277874234194,0.0062681571521083,0.1430204081632653,0.0026882831601952,0.0195793715218679,0.2194285714285714,0.0032160705836147,0.022757840028257,60.666666666666664,34.666666666666664,1
03601449,5.0,-0.3003861003861005,0.3610201639037893,0.2066298342541436,-0.0135677771814536,0.3280894459769043,0.2806629834254143,-0.0092484151156448,0.2714638200163899,0.5204419889502763,0.0183698372082376,0.6345528583822341,0.0966850828729281,0.0032375862797448,0.2223912726412941,0.0187845303867403,0.0026618218536939,0.7520621458228938,0.0005524861878453,-0.0007821632533522,0.3922132497193615,0.8571428571428571,0.0077220579021135,0.5490551199697524,0.1046847888953152,-0.0080805535776521,0.7708799894399314,0.0381723539618276,0.0003584956755385,0.0131855394914224,0.0368942731277533,0.0005688591562829,0.0421552660414276,0.373134328358209,-0.0108005508005507,0.0512343451906975,0.9074711119925436,0.0013496052496976,0.0004216468921185,0.820962201238735,-0.0016400640340883,0.0007150339737832,0.7311720853501005,-0.0523356231635832,0.2274789029940991,0.684661482437731,-0.0193614120598691,0.0496275293025435,0.0005506607929515,-0.0019600173218107,0.7638881315249754,0.1321523003096966,-0.5054851014626576,0.781527369705787,0.1004565051640564,-0.3612210966219175,0.764624912792383,0.0726872246696035,0.0004954891308581,0.0028630696734895,0.185022026431718,0.0043443690718985,0.0248529099453045,0.2577092511013216,0.0048398582027567,0.0232987770132053,11.166666666666666,4.166666666666667,1
03601450,8.0,0.2409266409266409,0.2006293024086609,0.1342333163525216,-0.0176801815866408,0.7330902082444042,0.2093734080489047,-0.0083493320541502,0.5103937616550035,0.3667855323484462,-0.0105869888714973,0.3737580520967329,0.1607233825776872,0.0063758350765746,0.7124412356819572,0.0677534386143657,0.0054733976052887,0.7758528366469285,0.0030565461029037,0.0001038214717824,0.0194095177661872,0.4778737182946573,0.0156288073697892,0.8746507661419196,0.3936859147328656,-0.0128415182945543,0.8840100710122016,0.128440366972477,-0.0027872890752348,0.3822854740140724,0.0191034131431482,-0.0016802647830708,0.4327084087753078,0.6,0.0116911402625688,0.0713095906726108,0.4698776828543898,-0.0499620681929142,0.5432277974384039,0.4250844040446609,-0.0471114648579367,0.5591267489220655,1.1757247132429614,-0.0242117315971448,0.067662255660844,1.1009356637598713,0.0222687792424751,0.0746247355408326,0.0183392766174223,0.0011609252473391,0.3033373784654163,4.401216905270876,0.1801600930452269,0.1787450545660922,3.3456161393812285,0.2077265116272501,0.2377190156732347,0.0718288334182373,-0.0034346209628279,0.0974158882094564,0.0871115639327559,-0.001992644396153,0.0367281235234662,0.1589403973509933,-0.0054272653589809,0.0991217861532062,12.5,7.5,1
03601451,6.0,0.2501930501930502,0.2512269057723604,0.1669426962570387,0.0027986569119281,0.0685517185711884,0.244451805233521,-0.0004955246144296,0.0013632329018204,0.4577674726730705,-0.0211024576789212,0.4937377863058744,0.0675720437230871,0.0062768686363962,0.7153240823254206,0.0188804239814508,-0.000106352757278,0.0054718387525386,0.003974826101358,0.0016014616447888,0.8680767808607737,0.8076510547014658,0.0035530604591125,0.139017469281855,0.1773328566321058,-0.0039338899611412,0.2059127986509226,0.0150160886664283,0.0003808295020287,0.0445872092046389,0.0168930109307717,0.0010792946585733,0.2220783665466732,0.6470588235294118,0.134574370288656,0.8328962120308834,0.4155094575563788,0.0217261993308907,0.1674922282572439,0.3758990830705367,0.0186087398409611,0.1515716417883704,1.2679384162424094,0.237862274282919,0.7686676317819389,1.187283558956724,0.2480007354579108,0.83167754454168,0.0043060616098045,0.0002649267660017,0.0722455459076985,1.0334055997718845,0.039683751646978,0.0268700679364769,0.7855505710212135,0.0475701291178925,0.0587191270359165,0.0755216959258032,0.00047633825366,0.0035869136323095,0.1629678701556806,0.0036454504696556,0.0188684402983698,0.2384895660814839,0.0041217887233156,0.0185264084017332,8.5,5.5,1
03601452,5.0,-0.1243243243243243,0.0821458941841979,0.2373841400617919,0.01140041402313,0.3112030130999345,0.3264675592173017,0.0060085590907364,0.07338647624827,0.543254376930999,0.0122431979796318,0.2940132111207498,0.0592173017507724,0.0025709474811664,0.1385771309540893,0.0092687950566426,0.0005005443670774,0.0795606814744213,0.0,0.0,,0.822961373390558,0.0053192277995869,0.3499927601422052,0.1545064377682403,-0.0057022154688994,0.427649180311917,0.0225321888412017,0.0003829876693124,0.0602420800042845,0.0462012320328542,0.0027961514277867,0.5111876782601282,0.4666666666666667,-0.00360367431796,0.0024706489262679,1.1363900099915818,0.0552650186183859,0.438145249580111,1.0280583389811122,0.0470091151763749,0.4002988092191085,0.9144525547445256,-0.0436399888593909,0.0802661026701924,0.8562832940354554,-0.005964044496604,0.0020544432420794,0.0030800821355236,-3.810084299128727e-05,0.0775216163757692,0.7391845298636832,-0.0278707116123776,0.4392433338168114,0.5618963451065496,-0.00864375500647,0.1221000874895849,0.1047227926078028,0.0017997339652487,0.0359232821161142,0.1817248459958932,0.0009999308621065,0.0014734433664606,0.2864476386036961,0.0027996648273552,0.0089658490246482,15.0,7.0,1
03601453,7.0,0.0,0.0,0.2124352331606217,0.0356644880322747,0.8818004232640324,0.2746113989637305,0.0174476153499924,0.6091363345311354,0.4549222797927461,0.0070442675528042,0.3265426986345314,0.082901554404145,-0.0042244326202733,0.5055858436691936,0.0186528497409326,0.0005157361659897,0.0304795474046174,0.0031088082901554,0.0009723050482104,0.4731123167526452,0.5777173913043478,0.0058750085383945,0.1784129601089062,0.3005434782608696,-0.0112227688207614,0.471028447557466,0.1217391304347826,0.0053477602823668,0.6009332760399008,0.0419689119170984,0.0032334086096434,0.5367730075820671,0.1481481481481481,0.0162497862497862,0.2074683695070038,1.032289619438985,0.0681542303482585,0.4205650822475099,0.9338818030578684,0.0589485124796308,0.3866989067227482,0.2903023983315954,0.0225139881055243,0.1050343029135409,0.271835966360462,0.030131395990574,0.2131549574213195,0.0,0.0,,0.0,0.0,,0.0,0.0,,0.0901554404145077,0.0015300689770521,0.0197969904307069,0.1585492227979274,0.0059970563409758,0.1551522672529012,0.2487046632124352,0.007527125318028,0.1494023771070446,13.5,2.0,1
03701554,5.0,0.0108108108108108,0.0032432432432429,0.196625344352617,0.0056426434229885,0.4058667359688036,0.2743801652892562,-0.0055822426105761,0.2369591689990426,0.5136363636363637,0.000355150858964,0.0031291511874765,0.0862258953168044,0.0050748888275693,0.8803438228729741,0.0148071625344352,0.0016580412842436,0.8086671573571811,0.0008264462809917,-0.0001941314148129,0.3461977273823695,0.6299562736233603,0.0243423215374857,0.8666468069252022,0.3196472244867709,-0.024331173611754,0.8889309273374623,0.0503965018898688,-1.1147925731724655e-05,7.801783916661087e-05,0.064822460776218,0.003675665741994,0.8447359213961607,0.638004246284501,0.0156865749465948,0.5661939639527926,1.5944076295797112,0.0711281247255596,0.6979657965678372,1.4424132955345783,0.0599423997502474,0.6148122929825275,1.2501955991843945,-0.0193503604466315,0.3721605494422703,1.1706693806080726,0.0297918104343063,0.6044001687553546,0.0040600055050922,-0.0002089934496715,0.3499879264235811,0.9743549452506288,-0.0784728527338839,0.545761892575594,0.7406627986029218,-0.0401940639532428,0.3726802035621283,0.0966143682906688,0.0001320294673932,0.0003339515060428,0.12056151940545,0.0026264902294542,0.0527481011724708,0.2171758876961189,0.0027585196968474,0.0330511916244684,157.0,100.16666666666669,1
03701555,5.0,-0.3204633204633205,0.2146190607729068,0.2395624023219468,0.0265065793234778,0.6651743867742308,0.3131279303415941,0.0134662326456987,0.2374874235024253,0.5166331770484484,0.0223555237084797,0.7114538853517929,0.0868497432462603,0.0032825407823701,0.3045504105946183,0.014735432016075,0.0008157292565111,0.4364675243832961,0.000669792364367,-4.264997934822317e-05,0.8804497965207204,0.6420687089172764,0.0131855517773216,0.8089670244328111,0.3181198065236264,-0.0124518381003558,0.8452493450974676,0.0398114845590971,-0.0007337136769658,0.1675179489082467,0.0869952163755701,-0.0006116536808862,0.0489674566183504,0.6035805626598465,0.037018697131431,0.928902092623628,2.139780487584253,-0.0469450975600748,0.268544223588765,1.9357959455014544,-0.0496753213760475,0.3263475493061846,1.182740973253789,0.029969876154379,0.7850063243997671,1.1075056123074578,0.0688299728913801,0.9427197865928784,0.0030036711536322,-7.68562618604837e-05,0.140417712996473,0.7208467670247021,-0.0375055407587549,0.4244282784843129,0.5479567650688635,-0.0157953058683322,0.1901678733897434,0.1575258649460451,0.0060124519763795,0.3144285205511596,0.1234842585382133,0.0014753307386943,0.0116510026261353,0.2810101234842585,0.0074877827150739,0.1357272052616024,130.33333333333334,78.66666666666667,1
03701556,6.0,-0.0432432432432432,0.0267090620031804,0.191592005513439,0.0092683075549411,0.6511113325763173,0.2698139214334941,0.0007764429586767,0.0036397531634573,0.469762232942798,0.0030861328505634,0.228940076200843,0.1088042729152308,0.0027963546470662,0.7582142537187264,0.0317022742935906,0.0012972464977921,0.581726666969827,0.0022398345968297,0.0004440575004137,0.77372630327943,0.6087595262143054,0.0154464184118235,0.7106179024600563,0.3135616564135525,-0.0200294663586027,0.8167787346374291,0.0776788173721421,0.0045830479467791,0.8786034464304474,0.0516023432115782,0.0004160130707547,0.0828076956617861,0.5926544240400667,0.0494846670473094,0.8159707987252567,1.2692386055007057,-0.0078060655875702,0.0425521325028817,1.1482425233141786,-0.0111246954109927,0.0879857200219362,1.1613307545944669,0.058516456979828,0.6492264352783526,1.0874573195179584,0.0917044249488741,0.8359341645322163,0.0031013094417643,1.628229461640139e-05,0.0085236427403369,0.7442788408896217,-0.0141660629796686,0.1038913255245266,0.5657688216407091,0.0014385861987382,0.00157248897932,0.0920055134390075,0.0001223364130651,0.0002450401168496,0.1307718814610613,0.0012309329380343,0.0080932576049361,0.2227773949000689,0.0013532693510995,0.0060348136316047,99.83333333333331,59.166666666666664,1
03701657,5.0,0.4864864864864865,0.7297297297297298,0.1699346405228758,-0.0209842226767575,0.4280968879384014,0.2511671335200747,-0.043624033035755,0.8047821561659927,0.5490196078431373,-0.026604176050728,0.7719502042962695,0.0466853408029878,0.0027524751400723,0.2964383099522454,0.0121381886087768,0.0011397863941945,0.1846393664036495,0.0,0.0,,0.8034102306920762,0.009963325708846,0.63270060223268,0.1664994984954864,-0.0100407071868615,0.6468144140756362,0.0300902708124373,7.738147801552449e-05,0.0090475004205267,0.0362116991643454,0.0015233000188443,0.038181101813342,0.3846153846153846,0.0807011092725378,0.3617079793005491,0.8906821607250641,0.0257696486928052,0.0166789489033097,0.8057737349538127,0.0201392865778135,0.0124189175585016,0.7536696879762573,0.140402320267023,0.2718153044348964,0.7057279895896611,0.1484507343197078,0.3589653905020227,0.0,0.0,,0.0,0.0,,0.0,0.0,,0.0891364902506963,-0.0014260255167959,0.0132470744865793,0.1225626740947075,0.0014316423761421,0.0041404177875735,0.2116991643454039,5.616859346212468e-06,5.1705237202881455e-08,6.5,2.5,1
03701658,7.0,0.3459459459459459,0.5189189189189191,0.1600744532340623,-0.0025953557755092,0.0846428233121072,0.2388707926167209,-0.0023920703109149,0.041681600219864,0.4364820846905538,-0.006929223549404,0.2370759623226631,0.1008220877927718,0.0141630614051018,0.9664535665241054,0.0179928648984023,0.0018547878806662,0.5067112257562649,0.0018613308515588,0.0004531088215907,0.7702147205626066,0.714498510427011,0.0135740442372655,0.7915233667625274,0.2664680569347898,-0.0127560441839365,0.7844217975871963,0.0190334326381992,-0.0008180000533289,0.4706348477611534,0.0303170920340293,-0.0004145466786529,0.2062620790466046,0.413265306122449,-0.0518597914186149,0.8979511229236505,0.7456952770213386,-0.0215463033928258,0.5179136877613455,0.6746084012884772,-0.0219920295381918,0.6021823971135986,0.8098103892234684,-0.1464408928509278,0.9359504336994428,0.7582975235080747,-0.0945156403733754,0.9015503714449518,0.005568445475638,0.0002062267371263,0.3295788677856751,1.3363633078185195,0.0198557403809789,0.0792877299588382,1.015846014169428,0.0353352151043189,0.2692870133145738,0.0658932714617169,8.160941636963115e-05,0.0001497318532492,0.1364269141531322,0.0033678182316622,0.0368217606495132,0.2023201856148491,0.0034494276480318,0.0298945385207121,32.666666666666664,13.5,1
03701659,6.0,0.0131274131274131,0.0191285162713735,0.1783287638574323,0.0039258907778398,0.3646308109288051,0.2559303850280128,-0.0049732131102867,0.1437099810464479,0.4664441530575754,-0.0077503776696573,0.3246003139697383,0.0767671951364882,0.0033347169587435,0.6152367373681036,0.0116819644772916,0.002027331038344,0.9420804504446916,0.0,0.0,,0.6538213687330842,0.0025233490540701,0.0783678060536692,0.2890836447995876,-0.0028976083130861,0.1507936408739731,0.0570949864673282,0.0003742592590159,0.0208391622876367,0.0374032162001191,0.0004058977999832,0.2068482302663695,0.5477707006369427,0.0400784745598285,0.8290487462224949,0.919989345763445,-0.0030444828797424,0.0315000270786235,0.8322870760654555,-0.0056516683951136,0.1077632270114863,1.073379249882109,0.0412493734861946,0.5174375560988513,1.0051004998232371,0.0744063387631986,0.825684979394645,0.0085765336509827,0.0019174437053507,0.9036395233351188,2.0582701096001736,0.4361427003643742,0.900097162193803,1.5646085721513645,0.3512016396676333,0.904382641241601,0.0793329362715902,-0.0001630095539753,0.0004524972351992,0.1307921381774865,0.001904529580916,0.012994715690017,0.2101250744490768,0.0017415200269407,0.0077683805345777,52.333333333333336,28.666666666666668,1
03701660,7.0,0.2177606177606177,0.2268786731840919,0.1531946826758147,-0.0048828312608159,0.4469535337192352,0.2287735849056603,-0.0067398180447505,0.4384888885069458,0.4407161234991423,-0.0035185810507584,0.0913295445217382,0.0901586620926243,0.0066728937861638,0.8832650735720703,0.0197255574614065,-0.0010971206538513,0.4926642529540934,0.0025728987993138,-3.811029257309494e-06,0.0001435971411722,0.7082234201169859,0.0087862432499389,0.47149690243595,0.2618419543525633,-0.0085988900148055,0.4946219795936879,0.0299346255304507,-0.0001873532351334,0.0234425406273706,0.0466038140132847,-0.0020086444513856,0.7950694917264177,0.4551724137931034,0.0143131562376623,0.4108920665335396,1.1462921299272273,-0.0684678951337476,0.8915467359188055,1.0370164932097885,-0.0660921651399961,0.925567626045219,0.8919290928050053,-0.0074796812262602,0.0460917632299423,0.8351925725074886,0.0270542639414756,0.4165960539179629,0.005356760231412,0.0003425366297978,0.7003663841673669,1.2855612672081054,0.0551335485070333,0.491608730809376,0.9772284839186116,0.0607088722115324,0.6442277673380933,0.0797085922434111,0.0006452369730808,0.0123670706520884,0.1433469037925862,0.0034917043170174,0.0366679147257058,0.2230554960359974,0.0041369412900983,0.0425293236990378,72.5,33.0,1
04100101,6.0,0.0,,0.179719703215169,0.000819005313,0.0107706224699729,0.2502061005770816,-0.0002388880760789,0.0008417148602455,0.4775350370981038,-0.0012236470503517,0.0242100771013514,0.1331409727947238,0.0002431686891803,0.008506510635137,0.052555647155812,-0.0018148634870138,0.6762377918274629,0.0284418796372629,-0.0027054872097878,0.8782444682361439,0.6353367433930094,0.0214427806776205,0.9241280592157466,0.2930520034100596,-0.0199633374260946,0.9423902891657,0.0716112531969309,-0.0014794432515259,0.3969695634595866,0.021123872026251,0.0007162837264079,0.1275281312157989,0.6213592233009708,0.0216704804254561,0.1726656469035267,0.550466400906983,0.0068866475991065,0.0166118915744897,0.4700431532370027,0.0082121161201502,0.0319034436568594,0.8989499619744806,0.0391841531319009,0.2474286781951906,1.1401275482302873,0.0409086180418463,0.1794554792520983,0.0024610336341263,-2.4960613355508217e-05,0.2043585749951547,0.3016305493132134,0.0038865365025427,0.2700387884177512,0.4489639377635597,-0.005804845202822,0.3266727969708376,0.0516817063166529,-0.0010264729741454,0.0236477714952612,0.1132075471698113,0.001754856777289,0.0204161855284302,0.1648892534864643,0.0007283838031435,0.002286268997665,17.166666666666668,10.666666666666666,1
04100102,5.0,-0.4015444015444015,0.5272805272805272,0.2305013927576601,0.00756010449155,0.1642210200720012,0.3279944289693593,0.0089574543451916,0.3864946636516896,0.5348189415041783,0.0183150254028121,0.69921729277975,0.0654596100278551,0.0072811141118789,0.8330391522234439,0.0041782729805013,-8.03796884007628e-05,0.1987386816202908,0.0,0.0,,0.893740902474527,-0.0020287529187053,0.273083637607651,0.1018922852983988,0.0044301420744789,0.6953983258884568,0.0043668122270742,-0.0024013891557736,0.7287947041469071,0.0215877437325905,0.0021096212005129,0.3941044095730672,0.4193548387096774,-0.0074425445854017,0.0121603573629158,0.5625544209609752,0.0453541343785488,0.2673134722751678,0.4803651112224652,0.040697247254274,0.2913464508058874,0.6067006043769303,-0.0044692166959013,0.0021210871875617,0.7694711628429208,-0.0126679755506479,0.0103487765081199,0.0,0.0,,0.0,0.0,,0.0,0.0,,0.0668523676880222,-0.0026268162697536,0.0736271106072116,0.1671309192200557,0.002464087960014,0.0124692420266107,0.233983286908078,-0.0001627283097395,4.1276907564280485e-05,5.166666666666667,2.1666666666666665,1
04200203,6.0,0.1575289575289575,0.1759265000140905,0.0828772478498827,-0.0549161975387994,0.9435541261697824,0.163408913213448,-0.0790852394742898,0.93128992719312,0.4620797498045348,-0.010716254052744,0.4916419444990558,0.1321344800625488,0.0102738911992652,0.8659226624838775,0.0516028146989835,0.007276596572247,0.8277412922607837,0.0140734949179046,0.0015605541609825,0.4894627657776055,0.6685667752442996,0.0074145985133665,0.5713200467166315,0.2923452768729642,-0.0082677365728484,0.744299871777776,0.0390879478827361,0.0008531380594818,0.132150005453888,0.0607003891050583,-0.0020085148806752,0.6402709267275839,0.5384615384615384,0.0,0.0,1.581789772386015,-0.092820621258862,0.8409894289173612,1.3506899806151846,-0.0718750698598869,0.8533705592581333,0.7790179357975968,0.0070272558754849,0.7887691386055603,0.9880191854255256,0.0008382563480393,0.0457120070162032,0.0,0.0,,0.0,0.0,,0.0,0.0,,0.0233463035019455,-0.0032856572604859,0.0692900878834783,0.0607003891050583,-0.0001606102210625,0.000241330987806,0.0840466926070039,-0.0034462674815484,0.0363952720550327,13.0,7.0,1
04200204,7.0,-0.2586872586872587,0.4094184172924329,0.1995841995841996,0.0321733735730916,0.8284474587367148,0.2546777546777546,0.0266888909634417,0.8463361394167344,0.4147609147609147,0.0173979163744071,0.6982953087045338,0.1600831600831601,0.013548904726379,0.505398726498437,0.0395010395010395,-0.0023713889504828,0.2250293184464362,0.0249480249480249,-0.002172545873173,0.4353845963129427,0.7652270210409745,0.0237752198593169,0.8552277036429456,0.2214839424141749,-0.0230579933338679,0.8811009231852209,0.0132890365448504,-0.000717226525449,0.0549181018402421,0.027027027027027,0.0018694503855779,0.3393651857480372,1.0,0.0021621621621621,0.0032432432432433,0.7042965549258592,0.035267783234081,0.1721878953683782,0.6013986919925546,0.0328120434770786,0.1994494664947084,1.4467475950526798,0.0161572956565624,0.0827040014059747,1.8348927729331188,0.0055464899934313,0.0063789808710748,0.0062370062370062,4.857689698088647e-05,0.079884480767712,0.7644233671783932,0.0230535972453,0.7281284191656539,1.1378108942490217,0.0060373622322766,0.0757090144453805,0.0311850311850311,-0.0012576907455048,0.0126652837729337,0.106029106029106,0.0016757942103936,0.0145480115941419,0.1372141372141372,0.0004181034648888,0.0006016462184685,4.333333333333333,4.333333333333333,0
04200205,10.0,0.4316602316602316,0.6635143982531704,0.0757927300850734,-0.0198680399332639,0.6391079899713907,0.156999226604795,-0.0124432005914848,0.3470328913648388,0.3225058004640371,-0.0079514075765079,0.3557503230378139,0.2490332559938128,0.0244313495681035,0.9433026186827282,0.0324825986078886,-0.0015044276908798,0.2591367742660122,0.0,-0.0045609569491194,0.8940505584943238,0.5993485342019544,-0.0025820062841784,0.0250597483474113,0.3517915309446254,0.0036072205499156,0.0515788669179745,0.0488599348534201,-0.0010252142657372,0.1262905517495743,0.0183908045977011,0.0005411164410542,0.7522552095892394,0.5,0.0,,0.4792454718575961,0.0038824095865214,0.2119060626724653,0.4092276157006808,0.0052190776585055,0.4905625714532411,0.7233737975263399,0.006525309027236,0.7887691386055619,0.9174463864665594,0.0007783808946079,0.0457120070161993,0.0091954022988505,-0.0031599485098764,0.7645915236757271,1.1270119221848494,-0.3443278400932945,0.7686184446613189,1.677508168992427,-0.5896228240132706,0.7907719353118623,0.0551724137931034,-0.0006736509452474,0.005273191310847,0.1057471264367816,0.0009922567934568,0.0033787884514777,0.160919540229885,0.0003186058482094,0.0002469686439724,4.0,2.0,0
04200206,8.0,0.0023166023166023,0.0005956977385546,0.1419753086419753,0.0077736373271307,0.2328587847633724,0.1901234567901234,-0.0001620947697805,0.0001670498058331,0.3679012345679012,-0.0117966975865626,0.7016595811636723,0.1746913580246913,0.0123978494292894,0.7975817008403345,0.0530864197530864,-0.0062837574773393,0.8255600743516633,0.0222222222222222,-0.0034731290547927,0.689441113976013,0.6429993364299934,0.0219979780189979,0.6976001697251591,0.3530192435301924,-0.0214316371977574,0.7153007509189264,0.0039814200398142,-0.0005663408212405,0.0683790405521548,0.0166051660516605,0.0013292570755483,0.4652767172319124,0.9629629629629628,0.0728185328185328,0.5914545775010892,0.4327135660337843,0.0266243070709184,0.2846594899877422,0.3694940303201488,0.0243386298258883,0.3229472495227101,1.3931643507914695,0.1150984107476346,0.6485317934517131,1.7669337813430033,0.1347816287184399,0.6162974733225692,0.011070110701107,-0.001380479022939,0.1354253011679449,1.356780957980838,-0.1256876310494887,0.0931605014861325,2.019509373187377,-0.2597800000668043,0.1432026010694692,0.047970479704797,-0.0011552754784017,0.0157857386531603,0.1254612546125461,0.0031066169270474,0.0354274751830646,0.1734317343173431,0.0019513414486457,0.0102843288905644,4.5,4.333333333333333,0
04200207,9.0,0.4447876447876447,0.6671814671814672,0.1145194274028629,-0.0202986501860969,0.595927826124715,0.2085889570552147,-0.0202392255367938,0.5919888459817843,0.4069529652351738,0.0092044686993966,0.2789105445346352,0.2092706203135651,0.0080228651410878,0.5217576532988228,0.1008861622358554,0.0050748816513185,0.6977662553520189,0.0456714383094751,0.0001923105893137,0.0126746462484865,0.7095170454545454,0.010825603263776,0.3628429221672459,0.2734375,-0.0098027114768606,0.3647053968540542,0.0170454545454545,-0.0010228917869154,0.2766142981614305,0.0627130197682345,-0.0012373724150851,0.1199830714420506,0.7391304347826086,-0.0061538849774143,0.194477351642787,1.6342368595552996,-0.0726581775251875,0.4005468197949248,1.3954745382022191,-0.0545473458940314,0.37037461512715,1.0693351789519807,0.0009804254632238,0.0027284539558362,1.3562250930375226,-0.0101075158284205,0.1515950904305417,0.0047716428084526,-0.0023791713789451,0.6123278531022709,0.5848246937717905,-0.2596675631003,0.5047060731884555,0.8704860897378903,-0.4403339528036915,0.573388436761185,0.0286298568507157,-0.0050418502848998,0.4031722759776572,0.130879345603272,0.0012731383769871,0.0033605633291907,0.1595092024539877,-0.0037687119079127,0.022267698052529,15.333333333333334,11.333333333333334,1
04200308,8.0,0.0625482625482625,0.0362750066807346,0.1296387926768926,-0.0103360167343852,0.6326238809815272,0.1919841662543295,-0.012130036020858,0.584311081584716,0.3809995051954478,-0.006619229471963,0.4578970400614858,0.18159327065809,0.0120526813077994,0.8179447656969807,0.0640771895101434,0.0019609133421348,0.4802223371081794,0.0348837209302325,-0.0002932926052727,0.069014668812685,0.6097873430694337,0.015303172689363,0.7393087376290345,0.3410197284140405,-0.0125111266646912,0.7010499398291586,0.0491929285165257,-0.0027920460246717,0.7173158457389801,0.013063840276066,-0.0011745231873687,0.3697454080649455,0.7735849056603774,0.0464894264894265,0.4413436776334122,0.3404302549197953,-0.0404517002059846,0.4917014995868959,0.2906933288137538,-0.0327710563802949,0.4490442589113085,1.119182101833205,0.0760402470035624,0.5056462622345188,1.419445352646375,0.0865421962506348,0.4387665262896563,0.0044367759428148,-0.0010648961630658,0.7964320593631966,0.5437825579681644,-0.1118801964631598,0.7853986421983604,0.8093966578266394,-0.1991479850070639,0.807928909055696,0.0340152822282474,-0.002962170836269,0.1487803436267227,0.1123983238846438,0.0030059783397179,0.0574725595300632,0.1464136061128913,4.380750344893717e-05,8.162239600317811e-06,8.833333333333334,6.833333333333333,1
04200309,8.0,0.1250965250965251,0.0980595341885659,0.150231124807396,-0.0004000457295446,0.0020706438883518,0.2134052388289676,-0.0052516807084085,0.2824590915785445,0.401386748844376,-0.0036449038022666,0.0758849143781437,0.1459938366718027,-0.0035477652253964,0.5167741833488806,0.0608628659476117,0.0015068614420754,0.4096287119334645,0.0231124807395993,-0.0013731488999028,0.3617171774383195,0.7150706436420722,0.0046852520103176,0.1445501066383037,0.2708006279434851,-0.0052440901629309,0.1948047420662075,0.0141287284144427,0.0005588381526133,0.1566525422573559,0.0230591852421214,0.0011583880930125,0.2405954491956318,0.6,-0.0202187902187902,0.1386401808551732,0.6008986748406637,0.0183602453867176,0.0978099747542425,0.5131072621919566,0.0178055772183256,0.1181642118202507,0.8680485570316079,-0.0209522834566638,0.0747976594752661,1.1009356637598713,-0.0362545025851133,0.1278165429995438,0.0,0.0,,0.0,0.0,,0.0,0.0,,0.0438124519600307,-0.0007670300927565,0.0072452314782515,0.1406610299769408,0.0027438615664422,0.02432714932741,0.1844734819369715,0.0019768314736857,0.0098386096758794,10.0,6.0,1
04200310,8.0,-0.1413127413127413,0.0620149440293323,0.1082956746287927,-0.0111933136687261,0.5378437568745431,0.1780180761781794,-0.0155965052367716,0.6746936360846474,0.3665267914783731,-0.0082290953346753,0.4866233369352409,0.2307940606843124,0.0121233174619105,0.8749124669331076,0.0936087798579728,0.0024568610198569,0.4875185369760358,0.0429309231762427,-0.0007034086642212,0.3150014267812043,0.5548740053050398,0.0142614169461296,0.6338914262979851,0.3808023872679045,-0.0132186532731042,0.6649712142844821,0.0643236074270557,-0.0010427636730254,0.2317327168299064,0.0359492858289199,-0.0013000895379408,0.5935324982221071,0.8214285714285714,-0.0135559929618246,0.3519963302576452,0.9368014519700724,-0.0580221822059135,0.8196523237673949,0.7999345785964198,-0.045125886760108,0.7949643420413279,1.1883998102218445,-0.0084221961413486,0.1155039180371444,1.5072333491950618,-0.0235522298369191,0.370133425809015,0.0048146364949446,0.0004746972478173,0.7767633063497297,0.5900941094732902,0.0693457603107234,0.8317878118820519,0.8783293855461071,0.0857864223905004,0.7480141639859421,0.0375541646605681,-0.0023285197479644,0.0872162225134312,0.0924410207029369,0.0011615521827202,0.012134673680364,0.129995185363505,-0.0011669675652442,0.0061771639112122,37.333333333333336,30.666666666666668,1
04200311,7.0,0.0293436293436293,0.0167258687258684,0.1496318752706799,-0.0014995521959251,0.0532640004305282,0.2265049805110437,-0.0060165027997478,0.3439112753631664,0.422693806842789,-0.00527871566065,0.4319374988938301,0.1359896058899956,0.0073974773877309,0.7819541780890937,0.0433087916847119,-0.0013386471994993,0.3865219195199429,0.0207882200086617,-0.0004261856835778,0.2468807248283014,0.6411711302768951,0.0066881175563462,0.318216236595975,0.3004993191103041,-0.0061295336843857,0.4124631892681392,0.0583295506128007,-0.0005585838719605,0.0332216517783913,0.0451807228915662,0.0013381597868408,0.1599418596392767,0.7476190476190476,0.0285312927613897,0.2392110259511305,1.1773632168188308,0.0103607604107815,0.0214141246291965,1.0053502230598426,0.0132523360304232,0.0459813893227061,1.081616059158432,0.0506078485885592,0.3347693395234455,1.3718007873833318,0.0537468893471963,0.2551284090921674,0.0064543889845094,-6.30883574717582e-05,0.186997848242401,0.7910663502857296,0.0105171393464095,0.281740677496075,1.1774678144014183,-0.0147789100987425,0.288310470345329,0.0709982788296041,-0.0004879186575902,0.0081137030580036,0.132960413080895,0.0019733824955139,0.0155718760881662,0.2039586919104991,0.0014854638379237,0.0079869393928075,35.0,26.166666666666668,1
04300412,6.0,-0.237065637065637,0.1839405659119222,0.1602233676975945,-0.0058969565020158,0.1215156026431235,0.2603092783505155,0.004336354774669,0.1199109096423146,0.4583333333333333,0.0037201846567227,0.0917040865563334,0.1357388316151202,0.0059276410633393,0.6653916861751097,0.0588487972508591,0.0005142006527602,0.0249733638539562,0.0283505154639175,0.0015933720353999,0.3041176464382603,0.6017977528089887,0.0264539944234479,0.9164924688058248,0.3047191011235955,-0.0248199169108059,0.9112710957346326,0.0934831460674157,-0.001634077512642,0.3210449739725483,0.0222222222222222,-0.0001461991259723,0.0032117388400824,0.5576923076923077,0.0889808175522461,0.6608972434163358,0.5790882784945953,-0.0172337221821848,0.0606259982761679,0.4944833689716559,-0.0123345314518016,0.0428883320585951,0.8068400049332254,0.1328348487380224,0.6795635909224881,1.0233055849050086,0.1637351519750916,0.6567177855904993,0.0102564102564102,-0.0002832596861297,0.1003083549819132,1.2570517593600243,-0.0046735335769779,0.0024311823758603,1.8710668038761684,-0.0572363191791163,0.1331015922349003,0.0692307692307692,-0.002624819195034,0.1074020471683034,0.1076923076923077,0.0013681960007385,0.0103161708734695,0.1769230769230769,-0.0012566231942955,0.0050266844360858,8.666666666666666,4.833333333333333,1
04300413,8.0,0.0185328185328185,0.0018532818532819,0.1581027667984189,-0.0040072045674201,0.2885809656014376,0.2287549407114624,-0.0031002000745499,0.2471852418047407,0.4179841897233201,0.001555986883361,0.017311289945884,0.1447628458498023,0.0110725041612548,0.9012380035177806,0.058794466403162,0.0019386643052589,0.6071067782051882,0.0227272727272727,0.0016436120564899,0.7586359185906905,0.6360357265544486,0.0105846099335684,0.4947987759099151,0.3131226382686362,-0.0120443192060881,0.6398820063320453,0.0508416351769151,0.0014597092725196,0.3028696412219386,0.042490118577075,0.0033374167340743,0.8795080398063643,0.5658914728682171,-0.0101471941824468,0.3302664541964699,1.1072488328923338,0.0670946214133985,0.8343372668672026,0.9454795641898756,0.0611297498153482,0.8359675877334358,0.8187021274329119,-0.0071017844098517,0.1124010760741524,1.0383501738303695,-0.017805087548287,0.3234608366027794,0.0019762845849802,-0.0005228486848016,0.7529289994859261,0.2422184714181865,-0.0562083708698678,0.6923513898186214,0.3605316469919494,-0.0979855698978239,0.7527908522684819,0.0513833992094861,-0.0017666042759976,0.0717961278063518,0.1274703557312253,0.0023500838927036,0.0221565707999633,0.1788537549407114,0.000583479616706,0.0009489493201082,43.0,24.333333333333332,1
04300414,7.0,0.0617760617760617,0.028957528957529,0.1447911294481691,-0.0004823233883783,0.0100357691580982,0.2084837545126353,-0.0023286631821671,0.1954067354631905,0.4070397111913357,-0.0093471941331505,0.642409718539685,0.1342186694172253,0.009505796612353,0.8771499789613754,0.0462867457452295,0.0037367155998391,0.9098300318035136,0.0172769468798349,0.0013929616441505,0.622591050676691,0.6494034707158352,0.0170276960421766,0.6496944130912163,0.318058568329718,-0.0171266673390801,0.6539496032353116,0.0325379609544468,9.897129690351628e-05,0.0095770716872817,0.0515913757700205,0.0021856240101602,0.6998636453114007,0.5945273631840796,-0.0045910025439837,0.1465748842020108,1.3444182440923034,0.0296358168999898,0.5295586921594739,1.1479984785289086,0.0303616276242794,0.6880837927218233,0.8601310328795784,0.0012428160098054,0.0070547643180035,1.0908939620174511,-0.0074946376573052,0.1253424389112615,0.0115503080082135,0.0006403056108352,0.8004359234297688,1.4156351627803148,0.1072036227066596,0.8684958160396014,2.107111294149561,0.1130627820124092,0.7305148626604517,0.0415811088295687,-0.0016370976408396,0.0853713381964526,0.1178131416837782,0.0015128215679628,0.0091116025836495,0.159394250513347,-0.0001242760728767,5.866219612638002e-05,67.0,39.833333333333336,1
04300415,8.0,0.0,,0.1341304347826087,0.0011602202061901,0.0360579471055569,0.2032608695652173,-0.0071097446569057,0.3472821945191727,0.3767391304347826,-0.0019116574408559,0.141238251553201,0.158695652173913,0.008158880419911,0.9101804038495396,0.0604347826086956,0.001528997793677,0.3441444394498621,0.028695652173913,0.0011017794934324,0.5918039657993142,0.6136724960254372,0.0119428168885108,0.5575996245671786,0.3386327503974563,-0.0140483169103875,0.6854875635111867,0.0476947535771065,0.0021055000218766,0.5628034582315925,0.0320901994796183,0.0020806664443016,0.6613924625123502,0.7027027027027027,-0.008764775291091,0.072469122349325,0.8362376267940166,0.0383396484452441,0.4829374259902369,0.7140631477344381,0.0358303483924093,0.5201526422079454,1.0166334451721537,-0.0033030893844421,0.0059304007631448,1.2893841107097592,-0.0149839891120709,0.0690961804561526,0.0101908065915004,5.115109096087803e-05,0.0028029966928391,1.249011207126477,0.0363373110826203,0.0901053779401317,1.8590987920126936,0.0055076398183881,0.0009228385068261,0.039028620988725,-0.001615219735174,0.0414861307413387,0.0858629661751951,0.001215124315418,0.0146013491083026,0.1248915871639202,-0.000400095419756,0.0009554162062648,24.666666666666668,17.333333333333332,1
04300416,7.0,0.1752895752895752,0.1632998642574569,0.144336569579288,-0.0061774103943769,0.4749264872214637,0.229126213592233,-0.0018502339788876,0.1005984412218952,0.4193096008629989,-0.0014658105921245,0.0222166964970714,0.1463861920172599,0.0073548751309361,0.8079391349265727,0.0392664509169363,0.0003461846431055,0.0433837039926888,0.0142394822006472,0.0013276028711457,0.5035585840791316,0.6625635234330887,0.003858997566615,0.1286893150659863,0.3143986448334274,-0.0026322018995769,0.0666626115749631,0.0230378317334839,-0.001226795667038,0.648157347010419,0.083816269585748,0.0061362691662949,0.9555734270504233,0.6811779769526248,-0.0096333786378452,0.1528444820984918,2.1841658668912376,0.1197956268621278,0.8514087130223306,1.865058811172875,0.1100135113344726,0.8545270917187544,0.9854925999590598,-0.0046039251037936,0.0183545410909496,1.249888546991574,-0.0165411867416647,0.1238800213507623,0.0077269800386349,0.0005809622962169,0.6923762666331719,0.9470383505803146,0.0902302367018217,0.7574853150574781,1.4096253448390967,0.1042085977859558,0.6386308010447292,0.0585962652929813,-0.0022034645095481,0.1768351109627739,0.1429491307147456,0.003260204027763,0.036516234022035,0.2015453960077269,0.0010567395182149,0.0036226413521561,130.16666666666666,88.66666666666667,1
04300517,6.0,-0.1853281853281853,0.2606177606177604,0.1654764333809426,-0.0051986172807618,0.1071223158665429,0.2603550295857988,0.0003086504959574,0.0027968273870526,0.4660273413589063,0.0106013404103539,0.5663483758215303,0.1322179147112834,0.0072512494230882,0.7526333688713217,0.0548867578045296,0.0023817405878687,0.450546793026953,0.018363599265456,0.0014922999618001,0.7167699064188484,0.7173137460650577,0.0139460220310083,0.6988888089496268,0.2409233997901364,-0.0148217446572793,0.7327640546579073,0.0417628541448058,0.000875722626271,0.29735077267994,0.0437614492163647,-0.0014844390014399,0.4762817048772834,0.8325581395348837,0.0619373547518233,0.7851869284308725,1.1403784031009991,-0.0679484097505513,0.7812249632068043,0.9737688977815532,-0.0527741110766311,0.7599226456000798,1.2045014861136265,0.0984684537524994,0.8307336258116997,1.5276549132792012,0.1149080247567999,0.8069450576866675,0.0024424994911459,0.0005227126650585,0.6781558340648632,0.2993589575516443,0.0680064996769081,0.6818392735540475,0.445582772345841,0.0955179375225353,0.6319235847472278,0.0586199877875025,-0.0018272897158631,0.0489637357038527,0.1331162222674536,0.0018743526425194,0.0141356553922634,0.1917362100549562,4.706292665631643e-05,6.516356724328709e-06,35.833333333333336,29.833333333333332,1
04300518,6.0,-0.1003861003861003,0.0482149989539147,0.1900486344930789,0.0052558471461797,0.2448531942162549,0.2631874298540965,0.000976478457852,0.0107235306342913,0.46109240553685,0.0038270143355651,0.0927980138817696,0.1459034792368125,0.0057742966515231,0.4672000935289445,0.0585484474373363,0.0021880899089245,0.4956036481957877,0.0291806958473625,-0.0004372922610109,0.1826370946711806,0.6291641731498105,0.0142167960127385,0.718053847083735,0.2948334330740075,-0.0080119987528951,0.5394241697717548,0.0760023937761819,-0.0062047972598433,0.7374613052401218,0.0406413124533929,-0.000822190037592,0.2757117217651367,0.6605504587155964,-0.0099984772774855,0.2633820007028266,1.0590708448978337,-0.0477601487621185,0.5110734759212957,0.9043403895622566,-0.0358457283940423,0.441263091986797,0.9556497875577336,-0.0057552498333365,0.0572834706207606,1.2120392628549042,-0.0174091044637769,0.2637419144378193,0.0022371364653243,-7.958055971345528e-05,0.0131326226023418,0.2741891421422872,-0.0033061395292706,0.0015984431086545,0.4081185981609092,-0.0159740850553488,0.0157286718635619,0.087248322147651,-0.0005080304924764,0.0050538335109374,0.0894854586129754,0.0015943987358797,0.0153842315773211,0.1767337807606264,0.0010863682434033,0.0043715845449547,36.333333333333336,24.0,1
04300619,7.0,-0.2532818532818532,0.2781577495863216,0.1522357723577235,0.0045372232789171,0.1867797677077894,0.2199186991869918,0.0044462197054672,0.3459560995998103,0.4052845528455284,-0.0024217892297013,0.0313790184306572,0.1465447154471544,0.0062797069030464,0.6535530837877205,0.0518292682926829,0.0062961542948504,0.7145187415695413,0.0128048780487804,-0.0015136648461768,0.8342927020776436,0.7386387881374014,0.001096128794605,0.0114907413201692,0.2314913590783016,-0.002119768668426,0.0629026600599608,0.0298698527842969,0.0010236398738209,0.1333853041460782,0.0502532928064842,0.0008459655303357,0.1301065050762633,0.7217741935483871,0.0280348018278493,0.7486349916049482,1.309549176899632,-0.0068118114290583,0.0203416954696541,1.1182237887991249,-0.0006113406516131,0.0002458061802256,1.0442250786872165,0.0493145803116991,0.8121705756580675,1.3243782514315656,0.0526403650741997,0.7422939941999014,0.0068895643363728,0.0007264820097095,0.2506239334092321,0.8444025496005026,0.1023817706050776,0.3458277973139223,1.256856424488247,0.1303331087595256,0.2597512756387112,0.0668693009118541,-0.0022546454514287,0.0549324124489571,0.1762917933130699,0.0031848694660564,0.0212010485959925,0.243161094224924,0.0009302240146276,0.0014592977601726,41.333333333333336,29.833333333333332,1
04300620,8.0,0.2185328185328185,0.1628923291785449,0.119128031931225,0.0001287135327332,0.0003527094497438,0.1791525944120356,-0.0068092562057052,0.3896264565006234,0.3721215842800123,-0.0043138086923778,0.285436005327338,0.1831439975437519,0.0104089169629485,0.8731174542100679,0.0706171323303653,0.003208093688872,0.861806827434499,0.0366902057107767,0.000225217604168,0.0596205602695061,0.4440211990725405,0.0194436643091997,0.7829193398856955,0.3713150049685326,-0.0206044025284843,0.8162393949662948,0.1846637959589268,0.0011607382192845,0.22308441867548,0.0290875688916105,-0.0005731179547436,0.3513757385262068,0.5526315789473685,-0.0417370867662274,0.6147653095539467,0.7579921587766059,-0.0336505829406074,0.6576352010019596,0.647249357732342,-0.025281139608605,0.5798144692451894,0.7995184077922706,-0.0520890840314972,0.5540595322074569,1.0140196903051446,-0.0757575566096062,0.6148146562185641,0.0108695652173913,-0.0015509306230457,0.6570805287854606,1.3322015928000257,-0.1464449195598893,0.5910319949438037,1.982924058455722,-0.2905964465270768,0.6728149474000684,0.0835884874464176,0.0008310306782178,0.0179802605951603,0.0771586037966932,0.0002940273747642,0.0010710810524942,0.1607470912431108,0.001125058052982,0.008574937265657,31.666666666666668,17.5,1
04300621,7.0,0.0409266409266409,0.015530634623713,0.1663511296226177,0.0067451624703075,0.2728405223265651,0.2446043165467626,0.0074075244880441,0.5541050348920986,0.4348100466994825,-0.0067104624521503,0.3806302219668401,0.1310109806891329,0.0060110712800776,0.8030795223320067,0.048466489965922,-0.000622427881176,0.0933320097543085,0.0253691783415372,0.0013266646664285,0.6474021058132133,0.6718278441149456,0.0121582977564135,0.5575725676840215,0.2890696758955517,-0.0115695347552934,0.6056941731281729,0.0391024799895026,-0.0005887630011201,0.1105371672180882,0.0560371906018344,0.0018300323202757,0.7609367717841622,0.515695067264574,0.0058298327588305,0.1858069473878423,1.460271610678041,0.0167894267854116,0.3169590523617288,1.246925645842585,0.020080352061998,0.4937751836862679,0.7460805983455525,0.0150280207098956,0.3929294341669637,0.9462451519610254,0.0114989744664436,0.1829798357022988,0.0096745822339489,-0.0003824250511615,0.526164386665199,1.185741435280234,-0.0171657984194912,0.0673961006846336,1.7649244917829292,-0.075184356827095,0.4042464284393354,0.0452318130418394,-0.0030573842610703,0.1235577947996071,0.1349415755748209,0.0025387778885193,0.0246109298244773,0.1801733886166603,-0.000518606372551,0.0006898853305268,74.33333333333333,38.333333333333336,1
04300622,9.0,0.4864864864864865,0.7297297297297297,0.1315105637781041,-0.0068480640163377,0.5424546544435968,0.199751440515196,-0.0135785630664108,0.5944889036243937,0.3678680375098859,-0.0046950371607613,0.3234697915729014,0.1833691108349339,0.0111928266268216,0.940028297238661,0.0787481640492599,0.0009084207604655,0.1653376967417343,0.0410123149926561,-0.0011259217647695,0.6522755727575833,0.4441354292623942,0.0149646667633106,0.572483333254144,0.4285368802902055,-0.0136386768394558,0.6500855733536756,0.1273276904474002,-0.0013259899238548,0.1406001101998872,0.0311554409951809,0.000459552102007,0.2008639285378752,0.9136690647482014,0.0060175477119306,0.1462966195964384,0.8118787811237685,-0.0060701103358676,0.0643048551921071,0.6932631341292632,-0.0018649540220065,0.0090750382665673,1.3218485220984917,0.0204288728993747,0.5709632588922382,1.6764847637590363,0.0124775834665118,0.2356797564799851,0.0347416788075759,-0.0006333051551643,0.23096098892605,4.258028625647959,0.0234373505565201,0.0335331466953953,6.337890187958892,-0.1331853274887346,0.3923549158663953,0.0524487280062759,-0.0018905472642884,0.0777178335848286,0.0901042250364227,-0.0010855741561493,0.0101603597140574,0.1425529530426986,-0.0029761214204378,0.0419819155844692,46.333333333333336,42.333333333333336,1
04300623,6.0,0.0,,0.1383049213902777,-0.0178508893957396,0.9149701196332324,0.215107523643154,-0.0266288206002829,0.9253691634944448,0.4494307571833022,-0.0191167318629639,0.8871355037486583,0.1052948617553159,0.0089590724147695,0.9423223405615198,0.0366242997409794,0.0037437358325131,0.9048268392104132,0.0154207577856755,0.00104960188228,0.7772563247026335,0.5762787438690362,-0.0008012046607933,0.0050526131623789,0.3807248869354735,-0.0007775421182583,0.0061092111281527,0.0429963691954901,0.0015787467790517,0.5205575402202482,0.057843785701401,0.0008830044676668,0.1671644782031178,0.6081081081081081,-0.0003320469827344,0.0010294877100089,1.5073496227545566,-0.0106696035483755,0.0454984664841093,1.287125551246647,-0.0028404619243948,0.0054923620153277,0.8797789429374405,0.007461049629047,0.2028942442095694,1.1158131727295992,0.0003503098382855,0.0003604886864919,0.00535145210751,-0.0001671571131158,0.60521756982446,0.6558875979704535,-0.004343482975467,0.0414453480468339,0.9762601281122876,-0.0333494525750005,0.5583865299995796,0.0573627562984787,-0.0014708924231177,0.056754477127464,0.103541578979015,0.0015196642076358,0.0202602834880621,0.1609043352774938,4.877178451809724e-05,1.362280892047707e-05,160.33333333333334,97.5,1
04300624,9.0,0.4988416988416988,0.7482625482625482,0.1241954359274429,-0.0015442042676065,0.1154982047886626,0.1840988882387361,-0.0031823855668945,0.3809501122414426,0.3431100058513751,-0.015871238654797,0.8951574009196089,0.1948507899356348,0.0074060772808561,0.9252252023131348,0.0777501462843768,0.0031941354489461,0.6625145834037525,0.039569923932124,0.0002893725667546,0.0973434392022186,0.5127420218871968,0.0134028410361816,0.7426940022731507,0.429631897145481,-0.0133125201568436,0.795902863291172,0.0576260809673222,-9.032087933797788e-05,0.0030424719197585,0.0695202737133289,0.0009603814921773,0.1834505712420552,0.8282722513089005,-0.0053543189986954,0.1871394327026566,1.811626903130613,-0.0155226307782893,0.1030056771645376,1.546947862091935,-0.0057289917957201,0.0254783374151289,1.1983008876300207,0.0032459085716794,0.0654102409409156,1.5197907679477454,-0.0085107185930292,0.2083037337118193,0.006260464439106,-0.0011054004498555,0.5156911141240021,0.7672984641649417,-0.1088692346625564,0.4401098130357654,1.1420903509137128,-0.2062802788392484,0.5373788443511347,0.0454247652325835,-0.0014273706480752,0.0874788479058115,0.0987115090631142,0.0018257069020231,0.04086981981646,0.1441362742956977,0.0003983362539479,0.0013107923658541,159.16666666666666,131.83333333333334,1
04400725,18.0,2.9706563706563704,0.9497311608007196,0.010204081632653,-0.0592349448077002,0.838230012372061,0.010204081632653,-0.0535169174355374,0.6918807368842078,0.173469387755102,-0.0758150742516067,0.8665434283094706,0.4897959183673469,0.1291488544208579,0.753671269860476,0.0,0.0,,0.0,0.0,,0.5,-0.0091309354467249,0.2634887252261468,0.1938775510204081,0.0065073653928143,0.1235553459972221,0.3061224489795918,0.0026235700539106,0.0280885807127353,0.0612244897959183,0.0053175068035749,0.9191171524710466,1.0,0.0,,1.5954472978932726,0.1108175590752015,0.891761707471256,1.3623521390035418,0.1000010225963811,0.9139056101719584,1.4467475950526798,0.013050618054472,0.7887691386055609,1.8348927729331188,0.0015567617892158,0.0457120070161994,0.0,0.0,,0.0,0.0,,0.0,0.0,,0.0612244897959183,0.0015424351558805,0.0105211903290445,0.0612244897959183,0.0006816247849246,0.0008099706625303,0.1224489795918367,0.0022240599408051,0.005477932346701,1.0,1.0,0
04400726,10.0,0.2803088803088802,0.3395510240894001,0.1210901207804273,0.0162345376169927,0.7720646666542335,0.1618148033446887,0.008746971049695,0.5250596715290815,0.3129451842675751,0.0018768782506214,0.1188327161548806,0.225766491173738,0.0085932542770511,0.6702168519607143,0.1014245896562403,0.0069887429502346,0.7951694794904411,0.0466088572313409,0.0025861296916935,0.6725733875083244,0.4681967213114754,0.0184981954984217,0.6887102170202105,0.491311475409836,-0.0169304434966704,0.6807058370103536,0.0404918032786885,-0.0015677520017512,0.6134348192162983,0.0063252082690527,-0.0003911243786261,0.2500049484236049,0.7804878048780488,0.0293926579640865,0.1606555702287678,0.1648284285440494,-0.0146460348946156,0.408323238062469,0.1407469632447863,-0.0117279389969737,0.3784084698934814,1.1291688546752623,0.0521983574440105,0.219096974654876,1.432111432533166,0.0551505144699055,0.158321803078125,0.0058623881518049,-0.0009099866698026,0.7481563633211057,0.7185092206770889,-0.0902622435890163,0.6160004102429003,1.0694696865722315,-0.1712513656965461,0.7479800283596509,0.037025609379821,-0.0015896548127914,0.0508894872957048,0.0990435050910212,0.0017468962952186,0.0296739796673939,0.1360691144708423,0.0001572414824271,0.000169490573647,6.833333333333333,5.333333333333333,1
04400727,8.0,0.0741312741312741,0.0784919373154671,0.139617432459081,-0.0041905792256656,0.1174637303557354,0.1997633602839676,-0.0083132041653765,0.6598877592879118,0.3853283376059949,-0.0070499549700713,0.553786578567367,0.1845789785052257,0.006306354166506,0.8531153684096474,0.091697889962532,0.0051212755351718,0.8637207026339968,0.0520607375271149,0.0024924997856171,0.7906274863690621,0.6312666257417638,0.0125292704098851,0.6147495042272935,0.3359934520155515,-0.0104836602320847,0.525121747880194,0.0327399222426846,-0.0020456101778003,0.6993299844442236,0.0234390388024423,0.0007826316490519,0.3624973253330379,0.7478991596638656,-0.0052249495858518,0.0267485478779545,0.6107972683353472,0.0074572520061472,0.0556476431598371,0.5215596692620086,0.0088206392136237,0.101145638745333,1.0820213105856178,0.0025614415639338,0.0029918745950927,1.3723147629499797,-0.0083468653225601,0.0185162864667254,0.0070908016545203,0.0001003266001111,0.0673863944904878,0.8690667077710627,0.0316154720310614,0.2876802175398416,1.2935679498927224,0.0152927292432156,0.0403843129203087,0.0543628126846562,-0.0012160586747124,0.0383693720314755,0.1087256253693125,0.0003841927156239,0.0007594331171685,0.1630884380539689,-0.0008318659590884,0.0024487986838921,19.833333333333332,14.833333333333334,1
04400728,8.0,-0.0316602316602316,0.0227731490889384,0.1411601663037022,0.0009572801492998,0.0162324932928877,0.2112452979607998,-0.0061847755497402,0.4495371192764055,0.4082359928726984,0.0099902107317405,0.6553381023826048,0.1969906949118986,0.006187968162895,0.6800590862901785,0.0789942585626608,0.0028703548124709,0.3760493613041743,0.0348445852306473,0.0003012677228493,0.0626175703785857,0.5406867845993757,0.0316836153023903,0.9110630086140792,0.4439125910509885,-0.0303496802791226,0.923186829867496,0.0154006243496357,-0.0013339350232676,0.5047504922900806,0.0011808699074985,0.0001776947109782,0.0620923801783654,1.0,0.0,,0.0307722564836726,0.0041467430366784,0.0458332873035584,0.0262764238579703,0.0036600888636459,0.0495813106231364,1.4467475950526798,0.0146799090226408,0.8598284661451145,1.8348927729331188,0.0032876222003821,0.2009456189487761,0.0035426097224955,-0.0001966784549251,0.9558274951577111,0.4341912689779261,-0.0130103751851638,0.5665407569336282,0.6462747964579169,-0.0380479055546663,0.8878114742260379,0.054320015744932,-0.0004605963085256,0.0067371560417761,0.0696713245424129,0.0004339588631808,0.0030028536072006,0.123991340287345,-2.6637445344862532e-05,6.461210972252829e-06,1.0,1.0,0
04400729,9.0,0.2571428571428571,0.3633461305314198,0.0867936309709647,-0.0097891438630684,0.6178042216715379,0.1333125195129566,-0.0218746488976085,0.8859556692955115,0.3250078051826413,-0.0130435607951659,0.8044149255297364,0.2144864189822042,0.0107921586493834,0.7521704306325417,0.1061504839213237,0.0055835299417494,0.9126903892125712,0.0493287542928504,0.0015906793953081,0.4427065532784402,0.5104965011662779,0.0065530393444872,0.1480506042760093,0.4508497167610796,-0.0087055442150433,0.2338129934744699,0.0386537820726424,0.0021525048705561,0.6266610834923079,0.0255930087390761,-0.001467296614189,0.2864433168712641,0.8536585365853658,-0.0065028922171779,0.243281435760959,0.6669275117493935,-0.0562613012970897,0.4648404326741367,0.5694892732538734,-0.0447885438352906,0.4422415860291485,1.2350284348010685,0.0019230734817022,0.0157610802928559,1.56637187933315,-0.010581838091412,0.2435071847488233,0.0018726591760299,0.0007218600925221,0.4781573055057638,0.2295178774112404,0.0910304894004388,0.5026447863220742,0.3416273658762667,0.1333696574825396,0.4719281509927874,0.0280898876404494,-0.0020494406831449,0.0837460157989826,0.1235955056179775,0.0015444948117952,0.0100100656370559,0.1516853932584269,-0.0005049458713497,0.000816912596006,13.666666666666666,11.666666666666666,1
04400830,8.0,0.0,,0.1563883151372086,0.0118320225518146,0.543844039783772,0.2264679846562407,0.0213677714653691,0.899768709486435,0.3663322514015933,-2.463078227709574e-05,1.1789048649624156e-05,0.1946001770433756,0.0029474994574353,0.6259683392456523,0.0821776335202124,0.0013764316703573,0.3115105638776769,0.0290646208321038,-0.0010390641206816,0.5213527084505618,0.5478193146417446,0.0224400145039152,0.8167681762482033,0.3922118380062305,-0.0173413330136716,0.743504106495472,0.0599688473520249,-0.0050986814902435,0.9097110435026676,0.020674486803519,2.117505012172579e-05,0.000905717631275,0.7446808510638298,0.0224095919748093,0.5200569208421615,0.5387558837314087,-0.0120356002702423,0.2305511981500752,0.4600435448863866,-0.0079326445427094,0.1674678990334245,1.0773652303583785,0.0415567450041682,0.626033392696486,1.3664095117587054,0.0423126570959092,0.5277071749476812,0.0039589442815249,-0.0004417292067901,0.3803026225691365,0.4852182927441736,-0.0409759328346197,0.279968255092048,0.7222262992967762,-0.083735532377459,0.4095978468596002,0.0563049853372433,-0.0016972516679853,0.0645932444497534,0.0809384164222873,0.0009485730289135,0.0142699680705968,0.1372434017595308,-0.0007486786390718,0.004397992116557,23.5,17.5,1
04400831,11.0,0.8077220077220078,0.8668370931024829,0.114569536423841,0.0140166794123994,0.7027642836721271,0.1609271523178808,0.0090201011864572,0.3313500671983345,0.2887417218543046,-0.0169524413084712,0.7697245461629643,0.2788079470198675,0.0252113412372051,0.963549238321878,0.1033112582781456,0.0059389340759721,0.7799850591788496,0.0410596026490066,0.0065353366369208,0.9080186972595048,0.4887323943661972,0.0179076649075378,0.7524657876816989,0.4690140845070422,-0.0189142347816232,0.7803419287645947,0.0422535211267605,0.0010065698740853,0.5964530216854625,0.0072559366754617,-0.00113569086891,0.2322003132344815,0.5454545454545454,0.0664092664092664,0.060329544836587,0.1890822545216521,-0.0356561371938893,0.2980251683681917,0.1614573005547293,-0.0295399032878221,0.2880559120774165,0.7891350518469162,0.1036789089292027,0.0696526645282611,1.0008506034180646,0.1234575630116061,0.0605911700510738,0.0039577836411609,1.0717745385089422e-05,0.0329724804082836,0.4850760417055503,0.012397547982584,0.4652925039990634,0.7220145648202894,0.0001550229105436,0.0001016488700218,0.0593667546174142,0.0010922112972589,0.016091342995866,0.0514511873350923,-0.0007954497627376,0.005313350001132,0.1108179419525066,0.0002967615345212,0.0004410742363559,1.8333333333333333,1.0,0
04400832,7.0,-0.2393822393822393,0.3590733590733591,0.1684970191402573,0.0156381738275247,0.8469454060387285,0.2202698462503922,0.004998919606639,0.2838637716959871,0.4032005020395356,-0.0081687545767865,0.2824723000269175,0.1907750235331032,0.009489182192281,0.8908475735758885,0.0806401004079071,-0.0027997715083544,0.3147179871971621,0.0301223721368057,0.0019771094560095,0.6943287773937543,0.6991762767710049,0.0013149899957813,0.0278285494176924,0.2909390444810543,-0.0013216826017399,0.030144584296007,0.0098846787479406,6.692605958570271e-06,0.000345241330681,0.038280514590524,0.0024499033903948,0.5607643248612073,0.5163934426229508,-0.0082014854305876,0.0204899159348961,0.9975508782351202,0.0452724575835119,0.4602713870655989,0.8518085019310924,0.0420935867914877,0.4980289477513955,0.7470909712157282,-0.0050797154262486,0.0037491698402409,0.9475265958589056,-0.014380403431227,0.0178462497972009,0.0,0.0,,0.0,0.0,,0.0,0.0,,0.0282397238782554,-0.0020000140001785,0.0738822042382143,0.1261374333228742,0.0031535909594495,0.0351334032308168,0.1543771572011296,0.001153576959271,0.0040963143815665,20.333333333333332,10.5,1
04400833,13.0,0.8409266409266409,0.9004612703727751,0.0937996820349761,-0.0038017293981686,0.1418678587435999,0.1399046104928457,-0.0031586610639556,0.1162733679489541,0.2888182299947006,0.005132273190114,0.2286389411448652,0.2538420773714891,0.036266562456094,0.7574301836899466,0.0763116057233704,0.0055910269125234,0.9004058551494192,0.0397456279809221,0.0028242718699959,0.5550299794768085,0.5252306022788931,0.0052665196303651,0.2215909320832948,0.422680412371134,-0.0105052830253916,0.5514979443288566,0.0520889853499728,0.0052387633950264,0.7604456399578854,0.0063391442155309,-0.0024988651337423,0.8256520287746815,0.5,0.0368082368082368,0.1722625482625476,0.1651915849905343,-0.0735287736575282,0.8497013020979667,0.1410570624641808,-0.0613390532478888,0.8345173350053047,0.7233737975263399,0.059800581669836,0.206713214780026,0.9174463864665594,0.0687145715421034,0.1733900602019712,0.0031695721077654,0.0003132344410993,0.1426368695133842,0.3884708289622896,0.0443865816585279,0.1910643777155636,0.5782219124498461,0.05604071057993,0.1310305840026423,0.0316957210776545,-0.0003384717041062,0.0027270759984759,0.1077654516640253,0.001538544540438,0.0147094356512947,0.1394611727416798,0.0012000728363318,0.007953877584614,2.0,1.0,0
04400834,11.0,0.6602316602316602,0.5408796577752184,0.1176880222841225,0.0102409284429804,0.4482945114551995,0.144150417827298,-0.0002035526807199,0.0003447723082932,0.2694986072423398,-0.0213224542587451,0.8006793059798687,0.2325905292479108,0.0205130955883527,0.864385138424584,0.0933147632311977,0.0023958619151521,0.5717954569921309,0.0466573816155988,0.0057518361624739,0.9481113029262416,0.5602888086642599,0.0030150475634806,0.0420809247747747,0.3747292418772563,-0.0018866374538272,0.0247108512365263,0.0649819494584837,-0.0011284101096534,0.0853966764045589,0.029696132596685,0.0018848440703011,0.6256818983295787,0.4418604651162791,-0.0299779371207942,0.2385381684205214,0.773850703651272,0.0347483577076976,0.4715080369827757,0.6607909661327033,0.0323693073027566,0.4929749809676346,0.6392605652558353,-0.0362864577799368,0.173287238761713,0.8107665740867269,-0.0541876450674895,0.2216435364016316,0.0082872928176795,0.0015891955756019,0.6678077997504801,1.0157117116375889,0.2072667981844252,0.6780369240596849,1.5118426523032575,0.2894864653840404,0.6334844811319165,0.0124309392265193,-0.0010412111581029,0.0194651486471632,0.1450276243093922,0.0047740049414304,0.0436886542499194,0.1574585635359116,0.0037327937833274,0.0254673626268879,7.166666666666667,3.1666666666666665,1
04400835,7.0,0.4988416988416988,0.7482625482625482,0.1406301824212271,-0.0121275923879923,0.5464099933926059,0.2169154228855721,-0.0139762487332744,0.5352936261245083,0.4378109452736318,-0.011822357842449,0.755809635040227,0.1422885572139303,0.0089758033501561,0.9494184394887734,0.0477611940298507,0.0043158932405633,0.6302375569322239,0.0218905472636815,0.0008576876286706,0.500375826774966,0.7905288627722088,0.0030873529160643,0.1228020392605609,0.1991012789491877,-0.001651049414088,0.0417915895984936,0.0103698582786035,-0.0014363035019763,0.7768512601240776,0.0424481737413622,0.002545129100769,0.5643422631543529,0.5581395348837209,-0.0263861271910807,0.4617085327230036,1.1061557935706237,0.0452668353376397,0.4545861708766137,0.9445462181245352,0.0424709581588514,0.5061377084520629,0.8074870297968446,-0.0300758120436302,0.3497905720169616,1.024126198846392,-0.0475108825364074,0.4557934763703671,0.0019743336623889,0.0002803302975318,0.0654818709415318,0.2419793613772998,0.0387559182108629,0.0859032407852462,0.360175742108443,0.050955554553849,0.0637058001798002,0.0296150049358341,-0.0039209324900449,0.1681664540748436,0.1717670286278381,0.0047065345358762,0.0463114616055256,0.2013820335636722,0.0007856020458312,0.001141330071205,21.5,12.0,1
04500936,7.0,-0.2393822393822393,0.3590733590733591,0.148258521139877,0.0031297588955105,0.227594916717526,0.2164276401564537,-0.0025587435226432,0.154546822646394,0.4170236543117899,0.0057825882048325,0.3223981245072389,0.1404358353510895,0.0113549679046287,0.94501456814218,0.0510337120506612,0.0026968625712277,0.4866314317080805,0.0197429688955112,0.0019578365820174,0.8108057178170498,0.5846545312194167,0.0100432632894097,0.4166032334361315,0.3807007242121746,-0.0094510319182194,0.4483905962753284,0.0346447445684086,-0.0005922313711902,0.0348964458477448,0.0473010573177518,0.0012397252976707,0.1441151012870315,0.5490196078431373,-0.0144078240758416,0.2748378562496492,1.2326169533899984,0.0062814292024237,0.0071383427131018,1.0525313780281491,0.0100419933610979,0.0232612218640649,0.7942927972838243,-0.013384345388217,0.1384324340287603,1.0073921106299475,-0.0256488880598561,0.2604086256972671,0.0051938415878315,-0.0002544593933132,0.0955665588883731,0.6365704513175415,-0.0170757542591862,0.0305956791546593,0.9475073965093564,-0.0502377141098418,0.1068925571920095,0.0556483027267668,-0.0010973808386926,0.0308977298122368,0.112409571508069,0.0019528639501642,0.0211837197536182,0.1680578742348358,0.0008554831114715,0.0028918249927998,42.5,23.333333333333332,1
04500937,8.0,0.3057915057915058,0.405446773303916,0.1217981777548564,-0.0023579613588014,0.085128847124421,0.1731992435963555,-0.0153167487542775,0.6517741716541494,0.3712394705174489,-0.0094349198991211,0.5323302584313191,0.1534296028880866,0.0100959212609018,0.8447002193392341,0.0616297060340381,0.0041683673811741,0.8326745507343437,0.0211449200618875,0.0014586212190403,0.796071161094192,0.4863848904373338,0.0167776337777337,0.7493515236513071,0.4678646740625286,-0.014511339195136,0.7831048726891313,0.0457504355001375,-0.0022662945825977,0.4482818899239861,0.0283487495717711,0.0010370221728842,0.4780388591087985,0.7945619335347432,-0.0109776614499101,0.303107096325828,0.7387392864146108,0.0117527876920112,0.1932480820590821,0.6308093337472435,0.0128629819575457,0.2700038615155592,1.1495305664617972,-0.0052484078850861,0.0459356174481268,1.4579359494906654,-0.018940394281669,0.277836369280761,0.0039397053785543,-1.5469269838888817e-05,0.0002126756445575,0.4828603238035037,0.0102517081308697,0.0072137696819839,0.7187165652093711,-0.0044802334883815,0.0005539808376827,0.08016443987667,0.000874398353257,0.0272515648596148,0.1038026721479958,0.0016747200000341,0.0284951425552469,0.1839671120246659,0.0025491183532911,0.0394622401635771,55.166666666666664,43.833333333333336,1
04500938,7.0,0.159073359073359,0.2296900371666727,0.1333333333333333,0.0008661497220934,0.0143244748753397,0.205266106442577,-0.0049850837175342,0.388968228191382,0.3863305322128851,-0.0224610738618037,0.9001909445113366,0.1449859943977591,0.0097666054158525,0.9209916071631998,0.0449299719887955,-0.0007346316668913,0.2797324310339497,0.0245378151260504,0.0004366945912827,0.2008782966430049,0.552960603916018,0.0157924310217275,0.6410437725391476,0.4110639301722104,-0.0168875253360707,0.7042058666410341,0.0359754659117716,0.0010950943143432,0.3613555360021951,0.0301198074123838,0.0011192544435882,0.7233158102977052,0.6765799256505576,-0.0162945800092189,0.4801655886750695,0.7848912340361746,0.0128684395002107,0.2725260427948741,0.6702184728923856,0.0140840604193075,0.3599037900268577,0.9788403802958652,-0.0142573327561375,0.2862947162439881,1.241451615887835,-0.0288030769792731,0.5080501615476711,0.0041428731385063,-0.0002825760245829,0.5689572149210584,0.5077610818375644,-0.0218739556564731,0.3229037338168081,0.7557802592076226,-0.0544132581388132,0.5750685868813779,0.0490426603963721,-0.0022340544612404,0.153155477098249,0.0920389654014108,0.0002139719933739,0.000260192534797,0.141081625797783,-0.0020200824678664,0.0159543447578784,44.833333333333336,30.333333333333332,1
04500939,9.0,0.5003861003861004,0.7505791505791506,0.1293476217334085,-0.0075612680754374,0.6472245026910375,0.1857492009776273,-0.0120585931490033,0.8402248934334898,0.3788306072570032,0.0015348969658934,0.0520751581588658,0.1977815378830607,0.0053267565484216,0.4602469785218775,0.094942658394435,0.000199645474432,0.0090248961929148,0.0436172212821959,-0.0012986047376947,0.3619505300314573,0.5779834580543521,0.007068794735245,0.379431708932553,0.3489562820007877,-0.0083206495440692,0.4879192899425746,0.0730602599448601,0.0012518548088241,0.3899730980243505,0.0317282568122433,0.0003839317180468,0.0243426548263253,0.5882352941176471,0.021654763516309,0.4962897016885461,0.8268057727666394,-0.0085512783146044,0.0150786945128429,0.7060092894052198,-0.0039174369726809,0.0042586487167126,0.8510279970898117,0.0382358912534771,0.6243742800940388,1.079348689960658,0.0405717312342075,0.5217745558010652,0.0119447555057857,0.0001697012962591,0.0766385056612017,1.463979652558147,0.0530416695843374,0.4018159945825156,2.1790699619610474,0.0256404246056226,0.0720215032050216,0.0470324748040313,-0.0010396362465215,0.0212169217306043,0.0951847704367301,0.0013092700357286,0.0141906339385112,0.1422172452407615,0.0002696337892071,0.0003507255250966,28.333333333333332,16.666666666666668,1
04501040,8.0,0.1976833976833976,0.2965250965250966,0.120993840693183,0.0016725628191843,0.0615852132528766,0.1734001461530431,-0.0094194053288355,0.6044012687708857,0.3572397953857396,-0.0113282337080821,0.8094922112915846,0.1529387201169224,0.0024161942501539,0.5525051200471356,0.0581480321536694,-0.0026252592154836,0.7878953929797727,0.023071301806034,-0.0012731974458455,0.5217643834966995,0.5255731922398589,0.0217133299137724,0.8692459629635608,0.4233906525573192,-0.0211587101326006,0.8724790497432527,0.0510361552028218,-0.0005546197811718,0.050607530491245,0.0388732979939715,0.0010511969850172,0.3115186809118292,0.7085561497326203,-0.0183716501756707,0.3014361270950968,1.0129982046631367,0.0056518397169211,0.024262428892016,0.8649989709794168,0.0087904297437385,0.0847739718212937,1.0251019055854549,-0.0171266391425184,0.1605570232837277,1.3001245583617016,-0.0327801744980262,0.2970204167206322,0.006028479368049,-0.0004967747086138,0.4383075015500907,0.7388657830974886,-0.0421573588354509,0.2332198852801651,1.0997695432823753,-0.0951208317511315,0.4274759090452875,0.0661053944496414,-0.0002340005434984,0.0014715831416012,0.0979108200810726,0.0013397935817457,0.0184840594789496,0.164016214530714,0.0011057930382473,0.007535544813486,62.333333333333336,44.166666666666664,1
04501041,7.0,0.0,,0.1380754486002384,0.0010041634234354,0.0086101202608387,0.1929061563738281,-0.0137209648207594,0.8254294276996588,0.397796462742824,-0.0106241884186199,0.9034135065707558,0.134402886504945,0.0036816734151047,0.7283209717600272,0.0487097709481008,0.000365343320446,0.230799050200415,0.0203923842659708,-0.000785716422524,0.6645056211505682,0.4303675712813466,0.0314971812187572,0.88407558423536,0.5024390243902439,-0.0325095589018243,0.9096031221418002,0.0671934043284094,0.0010123776830671,0.374355757041335,0.0224950189600874,-0.0010248568234751,0.6387063155567154,0.86,-0.0017948154015969,0.013847700687073,0.5861970811935134,-0.0420297277625418,0.8533585848554162,0.5005535742209385,-0.0330996426053875,0.7946990506304015,1.2442029317453047,0.0087370045446815,0.1141029560737377,1.578007784722482,-0.0019425718722608,0.0037318321962921,0.0102834372388971,-0.0006152539561752,0.8144613620426648,1.2603642551588392,-0.041691724726104,0.3349691558005793,1.875997309625826,-0.1182545254774665,0.6774573857624523,0.0780898515328748,-0.0003292652819081,0.0013424159887457,0.0892730895301754,0.0013145520482646,0.0338874481371714,0.1673629410630503,0.0009852867663565,0.0045949613640113,116.66666666666669,100.33333333333331,1
04501042,7.0,0.4555984555984556,0.6742552394726309,0.1304697677982987,-0.0131272361263629,0.8523289030672156,0.198137788336271,-0.0215724847944312,0.9356826419899004,0.4009502643880757,-0.0222514547610111,0.9422230028406786,0.1255651774082305,0.0066307534547442,0.8822283280786082,0.0447543873093723,0.0003391213167164,0.2306270895094332,0.0200015326844968,6.403648510086355e-05,0.0388485319064257,0.4428723317248711,0.0242420016864895,0.90821442014508,0.47656825059295,-0.0225728135740426,0.9353563366697888,0.0805594176821787,-0.0016691881124469,0.3453905331493643,0.0446916695339679,0.0001414598648145,0.0180009954467307,0.6894781864841745,-0.0254228651350588,0.7761283716170961,1.1646189888063687,-0.0230090721266515,0.4144593071647408,0.9944679292255978,-0.0146854452224498,0.2288008599977405,0.9975009081372626,-0.0271051433480965,0.7074155953114107,1.265118541474845,-0.0455957350568662,0.8147140993850712,0.0138012769048438,-0.0001437583667921,0.2980550482086818,1.6915196429282586,0.0221326734496009,0.2839170422869909,2.5177533291062217,-0.0329588407742528,0.2867175818276111,0.0775318270443858,-0.0002492489364529,0.0018338034050494,0.0672095423787131,-0.0008647275478099,0.02303658961526,0.1447413694230989,-0.0011139764842629,0.0109188609470404,194.83333333333337,134.33333333333334,1
04501043,7.0,0.3459459459459459,0.5189189189189191,0.13672613664392,-0.0122210670794069,0.7921534710597546,0.2093233577242456,-0.0184311360473741,0.859493429857566,0.4221820274603305,-0.008108370624205,0.6141530523697156,0.1465921236537038,0.0082010787432225,0.917088550243246,0.056482775631012,0.0024212899928993,0.8544454942533546,0.025487133108608,0.0016169337637777,0.7684645783697288,0.594421897936275,0.0174086091069962,0.7195867628969452,0.3565322511009412,-0.0159456945754334,0.6899912007904637,0.0490458509627838,-0.0014629145315628,0.4992921831812604,0.0354772634166325,0.0018204519717006,0.7321816507267465,0.6605080831408776,0.0132746883474479,0.4349555380953676,0.9245010328936656,0.029297330526194,0.6516134463799946,0.7894312531268101,0.0283654239462034,0.7216315755158772,0.9555884807969204,0.0275134346646255,0.6175188863805721,1.211961508219104,0.0254315908110477,0.4537987865726083,0.0117984432609586,-0.0008897324667347,0.498472867552596,1.4460472512425024,-0.071387297583796,0.3442000914350694,2.1523783634921267,-0.1704461428794187,0.5235462578070971,0.0545678000819336,-0.0017326751715131,0.0588214782493855,0.1012699713232281,3.833096406143678e-05,1.1739543596456237e-05,0.1558377714051618,-0.0016943442074517,0.0122138793610953,72.16666666666667,47.666666666666664,1
04501044,7.0,0.1166023166023166,0.1766583592670549,0.156711519527404,-0.0013668712561936,0.0167499836312501,0.2197243190022973,-0.003443231153049,0.1059942187032441,0.4007220216606498,-0.0086335217320633,0.6588989009017183,0.1673777486051854,0.0051649172724385,0.7378060526807945,0.0507056120774532,0.0026880819989811,0.3950368025357437,0.0180505415162454,-0.0006617563152643,0.1773445065139628,0.5812875536480687,0.0079217072569901,0.421764376197523,0.360343347639485,-0.0111387471528188,0.7223880582412792,0.0583690987124463,0.0032170398958286,0.579948555528099,0.0698360655737704,0.0082794866327866,0.918329944754112,0.7183098591549296,-0.0350766868368711,0.7958834977085699,1.819856114547769,0.1878930898508258,0.86999338033151,1.5539747841289582,0.1659266756516801,0.8739821051224046,1.0392130612350237,-0.0404439055703516,0.6989486519924697,1.3180215692899868,-0.0633049122505918,0.7740458214725554,0.0147540983606557,-2.605493896540901e-06,2.2791388833987014e-06,1.8082998669482315,0.0353317641937592,0.0341933070792966,2.691575607215308,-0.0089273265116961,0.0009579339101418,0.0747540983606557,-0.0030311409572757,0.0753737292038351,0.1337704918032786,0.0033269094008739,0.1036758377150748,0.2085245901639344,0.0002957684435981,0.0003691750174213,71.0,51.0,1
04501045,8.0,0.4447876447876447,0.6671814671814671,0.1197447713576745,-0.0134761677264385,0.9010242202687944,0.1786600496277915,-0.0175701367926494,0.9097265264716414,0.3699397376816731,-0.0216010939197128,0.950227218034181,0.1680255228642325,0.0064231043615811,0.7898633693796852,0.0769939737681673,0.0055184686587544,0.9225666290528128,0.0364409783764622,0.0032445932458676,0.8947247437118386,0.5172031896042528,0.0172974676734618,0.7549077268027093,0.4287507383343177,-0.0174491544039257,0.8065596658327899,0.0540460720614294,0.0001516867304639,0.0102462470783273,0.0281073446327683,0.0009510420384199,0.713770872690461,0.7236180904522613,-0.011896006826419,0.1939811689175486,0.732448521739986,0.0093073005299646,0.2026196131075115,0.6254376510086411,0.0108803376624709,0.3236310233427684,1.0468927320984216,-0.0074755861305287,0.0500436572080058,1.3277616045345182,-0.0207233397948814,0.1981400887442119,0.0076271186440677,-5.630403764831728e-05,0.0840993433117195,0.934799083761374,0.014871165349584,0.2248303033145512,1.3914077291536762,-0.0140219401947653,0.1519350376079147,0.0423728813559322,-0.0024274632628419,0.1331853417496322,0.086864406779661,-0.0006694483406295,0.0048649060959669,0.1292372881355932,-0.0030969116034715,0.0493074994785329,66.33333333333333,48.0,1
04501146,10.0,0.3884169884169884,0.4839977171934232,0.1273867975995635,-0.0022353849963906,0.0727127863019458,0.1838516093835242,-0.0005552835341268,0.0032466777429163,0.3366066557555919,-0.0099359015287546,0.4837298142169877,0.2247681396617566,0.0106525627849276,0.7626983684893414,0.1243862520458265,0.005812611602711,0.8352769090647384,0.0687397708674304,0.002273601932095,0.5252664028901539,0.5539892867211729,0.0179004337501028,0.6013635624289799,0.3935720327036933,-0.0172755448248763,0.5984476626871762,0.0524386805751339,-0.0006248889252265,0.1258716473696266,0.035230352303523,0.0004225961553003,0.0807281797094374,0.4,0.0227371341657055,0.3726002533835267,0.9180667829792364,-0.0095863694866622,0.0742478387733887,0.7839370483696984,-0.0044139482093938,0.0274485193057216,0.578699038021072,0.0374546332108375,0.4351070493356402,0.7339571091732475,0.0423128256686251,0.3691721982584862,0.0048780487804878,-0.0001615736928014,0.0348791164977243,0.5978660806712311,-0.0067822281429976,0.0046512149082214,0.8898976262337874,-0.0328990817194022,0.0462493628345882,0.0357723577235772,-0.0015832290918814,0.0466761657199995,0.1056910569105691,0.0016720972318004,0.0160003314876376,0.1414634146341463,8.886813991902156e-05,3.0028377762558733e-05,21.666666666666668,8.666666666666666,1
04501147,8.0,0.2424710424710424,0.1922623922623925,0.156437125748503,0.0087099991778323,0.6814105017856562,0.2215568862275449,0.0079596171777715,0.5910092372115514,0.3982035928143712,-0.0087547023542415,0.634577406876935,0.1524451097804391,0.0038217659103497,0.5722490523947261,0.0496506986027944,0.0041778667502606,0.9089577394530596,0.0212075848303393,2.1042523211168157e-05,0.0009442616608219,0.6271230729030572,0.011987803909133,0.4168605095289053,0.3216618761431931,-0.0113538184268121,0.3315224146772442,0.0512150509537496,-0.0006339854823208,0.0340167692447193,0.0365308151093439,0.000528335076126,0.049037419219246,0.673469387755102,0.0168444661488139,0.3484187377163101,0.9519555075153447,-0.0074206193247702,0.0168520464806549,0.8128746236947079,-0.0024429851030359,0.0027122681759821,0.9743402170762946,0.0328838295024888,0.5066325686489521,1.2357441123835289,0.032042873580041,0.3638426611408004,0.0029821073558648,-0.0002226103573899,0.0787021898124095,0.3654946715833073,-0.0187026656503383,0.0375465054432903,0.5440229027174744,-0.0429751925144343,0.0801976570308615,0.0730616302186878,-0.0008582709885405,0.014534696691553,0.1550695825049702,0.0046727538588408,0.0700488640665198,0.228131212723658,0.0038144828703003,0.0399837641158808,24.5,16.5,1
04501148,7.0,-0.1189189189189189,0.0499459459459457,0.1746543778801843,0.0082316603523007,0.4142527502652435,0.2442396313364055,-0.0030299414617809,0.0616648397448699,0.4350230414746543,-0.0056421513918154,0.1330048103729171,0.1410138248847926,-0.0034538552918018,0.3834677783651135,0.0612903225806451,0.0027544959829635,0.4536287302127058,0.0110599078341013,-0.0014133291155221,0.4961409673591472,0.7542134831460674,0.0180563227566258,0.6004344408210278,0.2205056179775281,-0.016970419352424,0.5996149109635167,0.0252808988764044,-0.0010859034042017,0.5216723374683627,0.0399449035812672,0.0063884923536034,0.5007795305653334,0.6666666666666666,-0.0351702154400075,0.4972846300330699,1.0409231452278882,0.1529478630747496,0.4116027516217357,0.8888440723250841,0.1333538932754567,0.4239105537167268,0.9644983967017864,-0.0411650111128193,0.4180435021950424,1.2232618486220792,-0.0634829763771354,0.5046626221000063,0.0082644628099173,0.0012968517798554,0.8060111197148939,1.01291360774878,0.1751037904406925,0.8268890665897584,1.507677796511789,0.2362252220975815,0.7674355640156533,0.0495867768595041,-0.0018521577589797,0.0418507781193402,0.1377410468319559,0.0035397801139011,0.0294275087183991,0.18732782369146,0.0016876223549214,0.0057967885181302,14.5,9.666666666666666,1
04501149,7.0,0.1034749034749034,0.051227723148905,0.1517336606320957,-0.0038090781825134,0.1305722888428925,0.2378030070573795,-0.0053370601418348,0.3725393215874967,0.4314206811905492,0.0037952732205641,0.2499581129604846,0.1701442160171832,0.0076942756346782,0.8171846446327956,0.0652040503221847,0.0026036440517465,0.4246252671241526,0.035593740411169,0.0013907282234442,0.5181290817340766,0.6597154865826059,0.007138047393964,0.4182768807826532,0.2940510830908503,-0.0090186459763879,0.6007783885135376,0.0462334303265438,0.0018805985824239,0.6574236382501198,0.0502904310608376,-0.0004221559976685,0.0386214653402053,0.7446808510638298,-0.0013957460967769,0.0079625747773,1.3105169616497223,-0.0419017560091126,0.4558878166857175,1.119050180009992,-0.0302080731617488,0.3473384510758001,1.0773652303583785,0.0077710463285855,0.1121819239398508,1.3664095117587054,-0.0013749377518389,0.0026339656252667,0.0103943748089269,0.0002223330621429,0.0660706072789281,1.273961046248389,0.0529829949831335,0.2857679243633426,1.896235541072913,0.0353769959189516,0.0661861070925725,0.0339345765820849,-0.0024792414064509,0.1610930214017883,0.121981045551819,0.0024545788362215,0.0253064340318899,0.155915622133904,-2.4662570229350333e-05,2.160340882073619e-06,54.833333333333336,40.833333333333336,1
04501150,7.0,-0.2725868725868726,0.2431925004797794,0.1392031480570585,-0.0032995782448426,0.067247830969145,0.1888834235120511,-0.0101922166596131,0.6868943958036378,0.4003935071323167,-0.0074281084300253,0.4419944578458038,0.1874077717658632,0.0002518621544704,0.0058703755374673,0.0855878012788981,-0.0041697862725184,0.4989621547001638,0.0236104279390063,-0.0013941508311751,0.2688379732374164,0.6130030959752322,0.013832664208107,0.5261756700410325,0.3436532507739938,-0.0106905625531776,0.4693451175286208,0.0433436532507739,-0.0031421016549294,0.5952619780347268,0.0595179537629119,0.0022568137827629,0.4093148498929477,0.396694214876033,-0.0250050290386424,0.1844446914470501,1.5509767222838522,0.0263304774345532,0.1000592306928009,1.3243787230942778,0.0286998706778685,0.1696096850284126,0.5739164013432119,-0.0307235130101931,0.1442103790929618,0.7278913479404108,-0.0454187452107464,0.1846893481498467,0.0029513034923757,-3.5236098127206474e-05,0.1763110189547231,0.3617192716308973,0.0040226843464143,0.1512483438578173,0.5384033842929457,-0.0079363985601326,0.3289263249523361,0.0472208558780127,-0.0008518733304659,0.0079494727289727,0.1091982292179045,0.0004700743755292,0.0009661182359259,0.1564190850959173,-0.0003817989549366,0.000366097936261,20.166666666666668,8.0,1
04501151,9.0,0.4864864864864865,0.72972972972973,0.1372058087130696,0.0050499948626742,0.2551132440762128,0.1937906860290435,0.0050508395557396,0.2933437226946684,0.357035553329995,-0.0060622209673901,0.1381532492389289,0.1627441161742614,0.0120675814618891,0.8807634965660662,0.0493239859789684,0.0038045505955169,0.8502824385723023,0.0285428142213319,0.0029883648183965,0.7496012440980127,0.6774880255455029,0.012600885833447,0.5450100269441748,0.2927088877062267,-0.0135929977104133,0.6283123593110058,0.0298030867482703,0.0009921118769663,0.2585485436921779,0.0302046929605591,0.0019622433975293,0.7466722583526396,0.7520661157024794,-0.0051369091970595,0.0431237386050582,0.7871032642044611,0.0362016175384482,0.5903279546187727,0.6721073250251289,0.0337232237032837,0.6738430868796128,1.0880498442131723,0.00281874049006,0.0055176559192163,1.379960680470362,-0.0081216801842075,0.0273658673291854,0.0044932601098352,0.0001253739788322,0.6180029468964787,0.5507054013172349,0.0271017089827608,0.8906603649997562,0.8197010086876375,0.0210432101139227,0.650930534809933,0.0419370943584623,-0.0005976224071994,0.0132471102433922,0.1333000499251123,0.0031598436601118,0.0339282871448292,0.1752371442835746,0.0025622212529123,0.0188821340965299,20.166666666666668,15.166666666666666,1
04501152,7.0,-0.0795366795366795,0.1437241753031229,0.1571125265392781,-0.000331472298746,0.0045980771817293,0.2367303609341826,-0.0084993496746385,0.450060331678075,0.4581740976645435,0.0062307364798651,0.3997283521055319,0.1547770700636942,0.0095978958149538,0.922465958620198,0.051380042462845,-0.0032596564350497,0.4574305926012533,0.0326963906581741,0.0012028429260763,0.3999189237003986,0.6393884892086331,-0.0038246109153725,0.1055974648282964,0.2992356115107913,-0.0072616747580989,0.3630938196526689,0.0613758992805755,0.0110862856734714,0.9540298725450728,0.0587986463620981,0.0008407977851931,0.129402937132428,0.6294964028776978,-0.0332551672404914,0.7410165321023969,1.5322323104837958,-0.0121719400675166,0.0510343253234285,1.308372873484648,-0.0040883108676426,0.0081860700211108,0.9107224069576222,-0.0388829049657172,0.639149485056373,1.1550584002276827,-0.0600347754194203,0.7084006561717757,0.0050761421319796,0.0011844698333368,0.7394909325441513,0.6221449062822455,0.1530928190142124,0.7735278127562948,0.9260356009031798,0.2169988934374033,0.7472835078165745,0.0774111675126903,-0.0014762013675111,0.0205247763258163,0.1256345177664974,0.0019255348848176,0.0130382933984265,0.2030456852791878,0.0004493335173065,0.000473451357407,46.333333333333336,29.166666666666668,1
04501153,7.0,0.0386100386100386,0.0413678985107547,0.1468421052631578,-0.0101756219219111,0.6428865127650538,0.2257894736842105,-0.0073400450195784,0.4151825646238789,0.4339473684210526,0.0070446462343828,0.3395826906321979,0.1371052631578947,0.0073893667357614,0.8070983610877773,0.0521052631578947,0.0007711677885537,0.1635016585028009,0.0276315789473684,-4.791787778652731e-05,0.0023741736161571,0.7026053215077606,0.0070216345113537,0.248633414048404,0.2699556541019955,-0.0069427263233773,0.2803192435661478,0.0274390243902439,-7.890818797643906e-05,0.001147032695097,0.0267225569819229,-0.0003954510470995,0.0319634105372059,0.6470588235294118,-0.0459447041025988,0.6119286894332934,0.6963623783835976,-0.0270289965257686,0.177090674346772,0.5946237001781244,-0.0201224616026833,0.1391340864229211,0.936130796798793,-0.0567064922022709,0.5668823073270743,1.187283558956724,-0.0832437689808993,0.6301001438770886,0.0110034058160859,0.0016871313698696,0.8983099931256943,1.3486054374061565,0.2283977905561876,0.903429068838316,2.0073404668254935,0.3072700500946048,0.872458459160356,0.0487293686140948,-0.0015345893755067,0.0682636634320691,0.1226093790935289,-0.0001141755423074,4.155915486647732e-05,0.1713387477076238,-0.0016487649178141,0.0070723991281427,17.0,11.0,1
05100101,5.0,-0.3142857142857143,0.3168809720419963,0.24,0.0067115859821347,0.2099180856129999,0.3416,0.0110814776762902,0.3182840350668469,0.5448,0.0164341502614443,0.5479014871743346,0.1008,0.020349740882895,0.8353164729530633,0.0224,0.0028318647386716,0.5631159509480763,0.0144,0.0019465067135283,0.6249405247685849,0.7389491242702252,0.0007364678369453,0.0094011841963366,0.2060050041701417,0.0034368576234863,0.2373522111287467,0.055045871559633,-0.0041733254604317,0.7222809274600583,0.0507131537242472,-0.0022169865548874,0.4954275159246198,0.53125,0.0099824499824499,0.0275505474319786,1.2672209336981917,-0.0531711653943623,0.4451103813710626,1.1284564997134463,-0.0725908339270456,0.6692978051052988,1.0376235691987512,0.0227407497306811,0.0512441650584946,0.9747867856207192,0.0193800439499856,0.0306164188691935,0.0047543581616481,-0.0002040952209879,0.7439388402362951,1.242291273964923,-0.0500647551399395,0.6546373272048833,0.8673328686747691,-0.0399565960734768,0.825104349152269,0.0903328050713153,-0.0002699899777694,0.000389157365175,0.1188589540412044,0.0028925619535978,0.0253730086158898,0.2091917591125198,0.0026225719758284,0.0116059135568574,10.666666666666666,5.666666666666667,1
05100102,5.0,0.2579150579150579,0.2772863605481632,0.2519181585677749,0.0099841751730524,0.0997020623801294,0.3388746803069054,-0.0001250054050304,1.0047746695773796e-05,0.5498721227621484,-0.0237871097868365,0.3776333158917212,0.1074168797953964,0.0005187670209356,0.0009316718336892,0.0511508951406649,0.0018192977716545,0.231486968189135,0.0306905370843989,0.0099578056482557,0.6969306730282363,0.9143239625167336,0.0044217834272375,0.2212538859464692,0.0856760374832664,-0.0044217834272375,0.2212538859464714,0.0,0.0,,0.0242966751918158,-0.0015806623056932,0.339673111953148,0.3157894736842105,-0.0687258687258687,0.5259498807269507,0.6071256303591599,-0.0382183956635464,0.3020748317715868,0.5406435811646622,-0.0468055465810503,0.427358285022965,0.6167917191521989,-0.1301793794371272,0.540764968786907,0.5794398230315112,-0.1255806346784069,0.5174120751160085,0.0076726342710997,0.0001823192274345,0.2960288338725814,2.0048230022298372,0.0523004343919021,0.2297705151957569,1.399711100086392,0.0297783591009012,0.2752704468878508,0.1534526854219948,0.0041219932463731,0.087540810597042,0.268542199488491,0.0076721626561661,0.0665865277417497,0.4219948849104859,0.0117941559025393,0.1071189327410283,3.1666666666666665,1.0,0
05100103,4.0,0.1359073359073359,0.1401544401544403,0.2215013901760889,-0.0125750122707868,0.4646505760857849,0.3327154772937905,-0.0183017623452462,0.7252990143181728,0.5713623725671918,-0.0075786875987796,0.6526385174133253,0.0843373493975903,0.0047494512471091,0.6810045988217543,0.0393883225208526,0.001790159496753,0.6368739051566755,0.0194624652455977,0.0026524530629973,0.8700514205791728,0.751081210956271,0.0110397316976494,0.4521423112200915,0.2027871215761653,-0.0095214822536404,0.3963541424866542,0.0461316674675636,-0.0015182494440089,0.2366343223967494,0.0152495378927911,0.0003750889221041,0.0229537815186084,0.2424242424242424,-0.043228534657106,0.3391840745616487,0.3810556478511646,0.0107042264128495,0.025634489210557,0.3393289292619728,0.0025224797089974,0.0018019554959177,0.4734966732885567,-0.0821609107495943,0.3192815332204801,0.4448224904080288,-0.0789725424014682,0.330410577749452,0.0027726432532347,-4.567445243877227e-05,0.6589585987684996,0.7244785525617988,-0.0101510288715045,0.2830107448394463,0.5058105731365797,-0.0097299928283253,0.5479174552051455,0.1303142329020332,0.0014077215266721,0.0216418303550748,0.11090573012939,0.0001163283512176,8.635801490508577e-05,0.2412199630314233,0.0015240498778899,0.0069208376011815,5.5,1.3333333333333333,1
05100104,4.0,-0.1976833976833976,0.296525096525097,0.2860114404576183,0.0183322734790844,0.5302596093101355,0.3660946437857514,0.0078359767347684,0.1688421306547718,0.5694227769110765,0.0218397963659653,0.6976377874949344,0.0842433697347894,0.0044450817580643,0.4764501667274429,0.0057202288091523,-0.0033905199123473,0.732640213785932,0.0031201248049922,-0.0015025601406151,0.6130254648732445,0.78470715835141,0.0100101406474498,0.6920929242817511,0.1860086767895878,-0.0061311448373563,0.6229048904615544,0.0292841648590021,-0.0038789958100934,0.6833707250995,0.0249609984399376,-0.0013928355964822,0.475847227579841,0.375,0.0313323527609241,0.1900896992868332,0.623725748177503,-0.033661069250292,0.4546365728561873,0.5554259370664466,-0.0427561585225286,0.6262472755763171,0.7324401664932362,0.0634995130874898,0.2273522261472793,0.6880847898499195,0.0583175513632381,0.1959947518947253,0.0,0.0,,0.0,0.0,,0.0,0.0,,0.187207488299532,0.0043802172182626,0.0847579056034503,0.1372854914196568,0.0028222352003714,0.0349123854468373,0.3244929797191888,0.0072024524186341,0.0818292273704681,8.0,3.0,1
05100105,7.0,0.1722007722007721,0.1011433859546239,0.1997538966365873,0.0088592303649606,0.4792733924103708,0.2867104183757178,0.0140195065285401,0.7095951929471529,0.4602132895816243,0.0022661577467989,0.0246033713485388,0.1378178835110746,8.244914594976918e-05,0.0003405764500551,0.0377358490566037,-0.0032223964534278,0.7414137041036879,0.0106644790812141,-0.0023202650753051,0.5842683530132257,0.7631468237273875,-0.0029669599796723,0.1155833865822683,0.2191838451830038,0.0021940980665208,0.0851812853001683,0.0176693310896087,0.0007728619131514,0.0703032001700414,0.0322448979591836,-0.0005687117814982,0.1182449682318033,0.6075949367088608,0.0281590224447367,0.6031966868286485,0.8057359224989943,-0.0127186210679447,0.0901710030585694,0.7175054598751986,-0.0263701326148364,0.3362158405100071,1.186738497609294,0.0583519987468543,0.593079620831823,1.1148715582378443,0.052573869508326,0.6143532207176692,0.0053061224489795,-0.0007732155674375,0.6276810672791047,1.386464669433233,-0.1979901047848821,0.6005062179112675,0.9679906832298136,-0.1444869954401149,0.5737399598316945,0.1004081632653061,-0.0003940396126808,0.0010343602946759,0.1542857142857143,0.003493991207244,0.0283198378311565,0.2546938775510204,0.0030999515945631,0.0147296797098939,13.166666666666666,8.0,1
05100206,4.0,-0.2131274131274131,0.0841934628194169,0.2738853503184713,-0.0046202166478801,0.0506458397905836,0.3821656050955414,0.0088856709976641,0.1228211125738885,0.5286624203821656,0.0065215490567826,0.1376238436549783,0.1815286624203821,0.0196226192094066,0.7702144601813843,0.0509554140127388,0.0053099400620834,0.5961504821188973,0.0095541401273885,-0.0049663479238198,0.7223456641511949,0.8963210702341137,0.0063113673313806,0.333523027826781,0.0635451505016722,-0.0053231440052976,0.3042698773134993,0.040133779264214,-0.0009882233260829,0.3169464214407259,0.019108280254777,-0.0005142458538938,0.395067397640465,0.5,0.0,,0.477477951331743,-0.0120501286109399,0.5265990384858835,0.4251927058036532,-0.0197938740028786,0.7516923919556164,0.9765868886576484,0.0035039239229027,0.033003798738229,0.9174463864665594,0.0007783808946079,0.0457120070161993,0.0,0.0,,0.0,0.0,,0.0,0.0,,0.1337579617834395,-0.0021376579409291,0.0082652430675811,0.1719745222929936,-0.0001361039090264,2.66247858186075e-05,0.3057324840764331,-0.0022737618499556,0.0033742254102139,2.0,1.0,0
05100207,6.0,-0.0393822393822393,0.0035632658932481,0.1496688741721854,-0.0191806638261096,0.4647245106910717,0.2741721854304635,-0.007021189550588,0.1003070102588995,0.4874172185430463,0.0069470253394461,0.1702435814480312,0.1496688741721854,0.0116426527249173,0.5200366142062225,0.0317880794701986,0.0025940061278336,0.3437268092823464,0.0,0.0,,0.8228730822873083,0.0041844416001372,0.2683984280796641,0.1352859135285913,-0.007295187600208,0.434351343490529,0.0418410041841004,0.0031107460000707,0.3780750515789168,0.0013245033112582,-0.0019683590871078,0.4143444677168091,0.0,0.0,,0.0330967056772996,-0.0485760685529249,0.3936493814560786,0.0294725186804298,-0.0467461829319164,0.4298505917666776,0.0,0.0,,0.0,0.0,,0.0,0.0,,0.0,0.0,,0.0,0.0,,0.095364238410596,-0.0043112356849312,0.1448024225496185,0.1350993377483443,0.0062913438895205,0.1122506701657026,0.2304635761589404,0.0019801082045893,0.0075530042941741,0.1666666666666666,0.0,0
05100208,4.0,-0.2694980694980695,0.2477300076948891,0.278083933870284,0.0021073532649714,0.013015427644223,0.380669775328529,0.0076413162602979,0.1995013466981513,0.6044934294192454,0.0198302098745857,0.5656486122688344,0.0796947859262399,0.0048217457317426,0.3105937964162005,0.029673590504451,-0.0005071625658337,0.0905463711127934,0.0178041543026706,0.0004453684574043,0.1690956615589951,0.8403508771929824,0.00227591832379,0.1228471381990353,0.1385964912280701,-0.0009451993070935,0.0340270807463768,0.0210526315789473,-0.0013307190166965,0.2861175425473207,0.0312104597216364,-0.0026983761042552,0.5021773627802029,0.6216216216216216,-0.0513323227608941,0.7854695156126228,0.7798873665924632,-0.066597015164065,0.5234171615757792,0.6944873971639032,-0.0760351759911599,0.6298167944871906,1.2141350507635629,-0.0936732105277396,0.7612763606160425,1.1406090210124793,-0.0931374468663014,0.7879689756584821,0.0050611556305356,-0.0002188031288683,0.8462102981051285,1.322455999783832,-0.0537825278432916,0.6980124311687589,0.9233016282307536,-0.0428806277813513,0.8776305115728376,0.1619569801771404,0.0013853884358663,0.0149289012360644,0.167018135807676,0.0020456903158705,0.0101135155709235,0.3289751159848165,0.0034310787517368,0.0152314317380857,12.333333333333334,7.666666666666667,1
05100209,4.0,-0.5235521235521235,0.711834905952553,0.3256021409455843,0.0380349236143333,0.7080173671978511,0.41971454058876,0.0240067773532452,0.4557808227619345,0.6101694915254238,0.0245170628907247,0.557105465029526,0.0642283675289919,0.0028531686164648,0.5544799222152815,0.0129348795718108,-0.0016328481599122,0.6507659766416893,0.0031222123104371,-0.0022717595228277,0.8694219768344931,0.9228650137741048,0.0157697535830073,0.9486302495491434,0.0734618916437098,-0.015887541153249,0.960046481050842,0.0036730945821854,0.0001177875702417,0.0283254012294587,0.0089206066012488,-0.001426523096755,0.4904956557875806,0.6,0.0382239382239382,0.1764334085176767,0.2229082318141054,-0.0351898292077402,0.4878442732706258,0.1984991222455354,-0.0370846264486867,0.5352836475098568,1.171904266389178,0.078274825610204,0.1912119823075638,1.1009356637598713,0.070948245642852,0.1827779862103937,0.0,0.0,,0.0,0.0,,0.0,0.0,,0.1418376449598572,0.0005405217784065,0.0020897896759539,0.1498661909009812,0.000782838614719,0.0019857174273376,0.2917038358608385,0.0013233603931256,0.0027759551778754,3.3333333333333335,2.0,0
05100210,4.0,0.5003861003861004,0.7505791505791505,0.2243088158581116,-0.073216340700459,0.8474841069291928,0.3234220135628586,-0.057563599290636,0.7806101829775756,0.6014606155451225,-0.0036241310199769,0.0925673183915601,0.0803338549817423,0.0107653702704672,0.9001495525008096,0.0198226395409494,0.0021127726630045,0.3173011120435328,0.0062597809076682,0.0002138463430187,0.5964675007280297,0.8985507246376812,-0.0083209314094993,0.873983172700707,0.0917874396135265,0.0055818475373452,0.691532775861553,0.0096618357487922,0.0027390838721541,0.7756685217215449,0.0307772561293688,0.0015339248205578,0.4767273828413144,0.559322033898305,-0.0551678951678951,0.7343267926460673,0.7690624696897819,0.0402599332985775,0.414515184642731,0.6848478584349226,0.0234195106854817,0.2334013859659593,1.0924531296848268,-0.1022943965127666,0.6924861943418532,1.0262959577422528,-0.1002033233060797,0.7046047576544618,0.0,0.0,,0.0,0.0,,0.0,0.0,,0.1158059467918622,-0.0017418262627503,0.0259777851122312,0.2034428794992175,0.0015849858006548,0.0088721229382164,0.3192488262910798,-0.0001568404620955,5.716229547880758e-05,9.833333333333334,5.5,1
05100211,6.0,-0.3212355212355212,0.3945885142735534,0.1981859410430839,0.0098181180992863,0.2468304216209993,0.2834467120181406,0.0089414176937864,0.3664140561550942,0.4675736961451247,0.0086996690385412,0.4523297408337742,0.146485260770975,0.0017983964295953,0.1834047197186176,0.0312925170068027,-0.0032735641105136,0.5543454641686227,0.0054421768707482,-0.0017909150913697,0.5590272679276883,0.7921955806299953,0.010594236598969,0.6831916885580944,0.1894687353079454,-0.0089275009795208,0.6152483570385303,0.0183356840620592,-0.0016667356194482,0.5449366944431782,0.0351826792963464,0.0012244122891742,0.3292112703656868,0.4230769230769231,-0.0592016992016992,0.7618941511273509,0.8791452401155503,0.0323902803453667,0.399351179279703,0.7828762404558017,0.0146167150767691,0.1184954566407643,0.826342751941087,-0.1110069608384186,0.7421439942059423,0.7763007885486272,-0.1078767647434097,0.7441261490980671,0.0027063599458728,-6.857398253134747e-05,0.5278371503692756,0.7071590382245073,-0.0161271946508709,0.4286147595338033,0.4937185747711135,-0.0139637854224515,0.8813029298439381,0.1028416779431664,-0.0015812781953672,0.0232871215622951,0.13531799729364,0.00238150967371,0.0234950195211989,0.2381596752368065,0.0008002314783427,0.0013845269399825,13.0,5.5,1
05100312,5.0,0.1482625482625482,0.1395412218941635,0.217391304347826,-0.0161709103830353,0.563798078640113,0.3239130434782609,-0.0127716199381215,0.3143541029247144,0.5423913043478261,-0.0061765331961012,0.1352292179742892,0.1326086956521739,0.019718814089256,0.8802142570453176,0.0304347826086956,0.0014084291317753,0.2490320053018569,0.0195652173913043,0.0023448440897196,0.6532297761093018,0.81,-0.0127192494707539,0.460805207387331,0.1633333333333333,0.009634154762364,0.3944040425748812,0.0266666666666666,0.0030850947083899,0.6114221059901102,0.0547210300429184,-5.966559513818197e-05,0.0002836845520463,0.4117647058823529,0.0196911196911196,0.2269010193696384,1.3673697983953026,0.0007003618955271,8.567196706410485e-05,1.2176387680149685,-0.0234739060590772,0.0936818937415294,0.8042480259533573,0.0411309307174836,0.256545573813549,0.7555440829724607,0.0367464619557066,0.2419447300328657,0.0064377682403433,3.917966004561593e-05,0.0366568729485,1.682158355948211,0.0143018637780934,0.0643844679865188,1.1744357084415864,0.004291662494032,0.0318222978837056,0.1351931330472102,0.0004593527899331,0.0013330696515649,0.1609442060085836,0.0050919350099853,0.0695690241202721,0.296137339055794,0.0055512877999184,0.0450534190367242,8.5,3.5,1
05100313,5.0,-0.0555984555984555,0.0104247104247103,0.2169878658101356,0.0034740940587558,0.18591567135358,0.3008565310492505,-0.0024805133325522,0.0668010931356549,0.5067808708065668,0.0021782210531316,0.0482424621024731,0.101713062098501,0.000510157704684,0.0160905904018844,0.0246252676659528,-0.0034471626104497,0.8621777743634951,0.0110635260528194,-0.0012381316274395,0.8612319248586973,0.6383058470764618,0.0156235351362455,0.620172190237888,0.2983508245877061,-0.0099191514145213,0.3732956397036937,0.063343328335832,-0.0057043837217241,0.5668431398948856,0.025177304964539,0.0006692836867013,0.1071376957048878,0.5070422535211268,-0.114993234993235,0.9290946468327476,0.6291308183800165,0.0178563690776674,0.1445745792758106,0.5602391361221422,0.0055960282369816,0.0174275645631345,0.9903416335683194,-0.2169582529957189,0.9031991436440876,0.9303681665576377,-0.2101699608168579,0.9229934203287736,0.0,-0.0006559244691302,0.4162693295602149,0.0,-0.1704605514243954,0.4160404001268819,0.0,-0.1211628675151371,0.4158216601855121,0.1,0.001484714571095,0.0148487815926346,0.1148936170212766,0.0014378502565507,0.0155397679381429,0.2148936170212766,0.0029225648276457,0.0247751439031574,11.833333333333334,6.0,1
05100314,4.0,-0.1281853281853281,0.0523248306854867,0.2785525819826611,0.0210312697115912,0.6638246434533395,0.3614775725593667,0.0175006791056512,0.5766763567764052,0.5571051639653223,0.0077145448349215,0.0925117959793815,0.0889558989822842,0.0113152885118009,0.7846836724410585,0.0252544289483603,0.0001444074315377,0.0184398433735504,0.0067847719562759,-3.259292059124048e-05,0.001933877362752,0.7916666666666666,0.0038490410017085,0.2358638978636952,0.1904205607476635,-0.0034679090627843,0.1752381467903967,0.0179127725856697,-0.0003811319389241,0.0846914764409869,0.0628055660022565,0.0008756088837585,0.0875356321083032,0.2994011976047904,-0.0166595024309945,0.306441075083722,1.5693862863190386,0.025337686157904,0.0904155738483221,1.397533854013537,-0.0050537344098976,0.0043095977277504,0.584782568058472,-0.0294797954641327,0.3029306681078609,0.5493690936925505,-0.0300472121265707,0.3098431419085329,0.0011282437006393,-0.0014687226327784,0.7732644853232243,0.2948047363188666,-0.3834572575735561,0.7556969304796525,0.205824385157495,-0.2722942988261918,0.7571008329460519,0.1083113952613764,-0.0006634586187609,0.0049728217647644,0.1827754795035727,0.0039365091919673,0.039945937521986,0.2910868747649492,0.0032730505732063,0.0185400666676412,27.833333333333332,8.333333333333334,1
05100315,5.0,-0.2872586872586872,0.3577909542195258,0.2475991649269311,0.0181717468400975,0.592208652251892,0.3544885177453027,0.0283809364219026,0.877356505713858,0.5206680584551148,0.008824153399475,0.5367701105916917,0.1156576200417536,-0.001730266794052,0.1204169594784336,0.0572025052192066,0.0004267769624916,0.0114054677768976,0.0250521920668058,-0.0005208554762449,0.0698833400581103,0.8164045898852529,0.0063645492338648,0.4207193889594983,0.163620909477263,-0.0047721260986011,0.3580451006608737,0.019974500637484,-0.0015924231352637,0.3878446861878882,0.04914618908788,0.0015252209917753,0.3322783984765465,0.5084745762711864,0.0300975013049316,0.5537059846164395,1.2280656013288729,0.0405143494011635,0.3759558088481525,1.0935887918531833,0.0157162869199249,0.1173723990875404,0.993139208804388,0.0612688383922174,0.6229211424827669,0.9329963252202298,0.0560941454805662,0.56027946097514,0.0024989587671803,-1.0096242485800172e-05,0.0254533172433742,0.6529660923547409,-0.0009936304239142,0.0026369552543187,0.4558825823688291,-0.0030544967110605,0.1428156169565639,0.0949604331528529,-0.0025231612562152,0.0543374866937172,0.1474385672636401,0.0023057087788453,0.0161567080676873,0.2423990004164931,-0.0002174524773698,8.255667027112779e-05,19.666666666666668,10.0,1
05100316,6.0,0.2007722007722007,0.1617792526883434,0.2089630015633142,0.0080515627605488,0.300169841390159,0.2980719124544033,0.0077661120477847,0.4153079514724644,0.4776793468820566,0.0013949866826249,0.0157856209897038,0.1545944068091019,0.0119027216631828,0.93333675685743,0.0508945631405245,0.0013438912822317,0.51636745795878,0.0204967865207573,-0.0005359940325331,0.3768181158183823,0.6841138659320477,-7.720501296124543e-05,0.0002327413019348,0.2672176308539944,-0.0012583685747182,0.090158176027882,0.0486685032139577,0.0013355735876795,0.2098908685175369,0.0881385281385281,5.6011744568009545e-05,0.0006580583492835,0.5697445972495089,0.01673455083609,0.4637862327788838,2.2024066680965992,0.0058984515087312,0.0187932595111821,1.961236634856412,-0.0343571830633514,0.3037467789064594,1.1128102071148056,0.0363118213484476,0.5244081413606754,1.0454202439108142,0.0316236468034072,0.5078688500956147,0.0105627705627705,0.0001767005963732,0.133500126857269,2.760001929361261,0.052999884077943,0.1451246682431041,1.9269558123036383,0.0285021686442941,0.0685956763090045,0.1018181818181818,-0.0004954708370758,0.0043325591486749,0.132987012987013,0.0006999282073026,0.0021695447778754,0.2348051948051948,0.0002044573702267,0.000120874520938,84.83333333333333,48.333333333333336,1
05100317,7.0,-0.6656370656370657,0.7643594368283535,0.2080459770114942,0.0372703705675169,0.8952153408316231,0.2910919540229885,0.0387273904800298,0.9459797164321356,0.443103448275862,0.0326240429340742,0.9638159652678352,0.1833333333333333,-0.0033231824980667,0.3361641307831471,0.0603448275862069,-0.0033429205845842,0.6789808844539094,0.0192528735632183,-0.0009375874835218,0.1498554653111451,0.5850999394306481,0.0289625553312987,0.8746002071958778,0.306480920654149,-0.0220917638040729,0.8671224233943093,0.1084191399152029,-0.0068707915272257,0.7879221383851012,0.0251572327044025,-0.002587043770421,0.5521105798641196,0.5568181818181818,0.072199428628,0.7349650638515062,0.6286292524870747,-0.0642452021732526,0.5821907803204551,0.5597924931754596,-0.0708906235038316,0.6843165242953513,1.0875626714596536,0.1430155756497696,0.7426642079533703,1.021701657655941,0.1332150402504999,0.7482564462302,0.006861063464837,0.0009700099469087,0.7029509218853034,1.7927633936463494,0.2564197101564541,0.7220984530749348,1.2516570386135604,0.1760391009295817,0.6971739951859801,0.0977701543739279,0.0003280266567142,0.0010247290760806,0.1097770154373928,0.0017168658306711,0.0294977866854666,0.2075471698113207,0.0020448924873854,0.0146563129875786,14.666666666666666,8.166666666666666,1
05200418,6.0,-0.3583011583011583,0.3255582326078409,0.2070588235294117,0.0069455823034089,0.0862129175957618,0.3215686274509804,0.0126383997087283,0.2600219411277472,0.4909803921568627,0.021647295398657,0.8235125056600948,0.1733333333333333,0.0093238425391567,0.4302112514785596,0.0423529411764705,0.0062886213468194,0.6774486204675217,0.0031372549019607,0.0009386698652481,0.2968717725175782,0.8514056224899599,0.0218523012575985,0.8720909668639647,0.1389558232931727,-0.0170179566235858,0.8030873850644176,0.0096385542168674,-0.0048343446340126,0.8474288644800902,0.0047058823529411,-0.006109151129947,0.7978463539686118,0.8333333333333334,0.2299133014975196,0.6810872533609317,0.1175906484064057,-0.1527606893606355,0.8002701782557089,0.1047141251939977,-0.1451596622613808,0.8062803085959471,1.6276448144294138,0.4484968452304593,0.6737714693108141,1.529077310777599,0.422510946909584,0.6858378345750238,0.0047058823529411,0.0001797896228167,0.0234808984429415,1.2296247747009668,0.0490752900286411,0.0277389249771934,0.8584894747196538,0.0316936063967914,0.0202639580274982,0.0752941176470588,-0.0019363969134956,0.0303429778675942,0.1458823529411764,0.0033713281662121,0.0448702979313746,0.2211764705882353,0.0014349312527165,0.004743785951454,1.0,0.8333333333333334,0
05200419,5.0,-1.732046332046332,0.8547810611176948,0.3054054054054054,0.1066293994601692,0.9404994132323116,0.3621621621621622,0.0926269106165148,0.8779576683579708,0.5243243243243243,0.0578264480986677,0.8306294272211481,0.1027027027027027,0.0066656940056752,0.1468105467683294,0.0351351351351351,0.0015984461386323,0.0459522133166648,0.0,0.0,,0.8898305084745762,-0.0023307713863117,0.0076195825793403,0.0932203389830508,0.0070212997176838,0.0931588766908415,0.0169491525423728,-0.004690528331372,0.4089526941763994,0.0319148936170212,0.0070519987472002,0.7568791561291409,1.0,0.0,,0.7974897697774855,0.1786274038465523,0.748922073304529,0.7101622852252505,0.1522525395042526,0.7243563471183947,1.9531737773152968,0.0070078478458054,0.0330037987382291,1.8348927729331188,0.0015567617892158,0.0457120070161994,0.0,0.0,,0.0,0.0,,0.0,0.0,,0.1117021276595744,0.0024598029142742,0.0214220695452593,0.2074468085106383,0.0047682461994887,0.0152444230132949,0.3191489361702128,0.0072280491137629,0.0241009895265258,2.0,2.0,0
05200420,8.0,0.0,,0.1631436314363143,0.0098194161157573,0.4164541418220068,0.216260162601626,0.0022846870704702,0.015462217185576,0.3829268292682927,-0.001953350930094,0.0218022504445195,0.1720867208672086,0.0022700113012065,0.4373376917529959,0.0742547425474254,0.0008141266620712,0.1207924745103057,0.0322493224932249,0.0023645930399685,0.6127311534370219,0.5645746164574617,0.0016760554488636,0.0181259220093265,0.3509065550906555,-0.0007410352122065,0.0055346350618126,0.0845188284518828,-0.000935020236657,0.1061667411573772,0.0229234088457389,0.0015833562802677,0.395469420838396,0.6823529411764706,-0.0064791836220407,0.0169583690157055,0.5728104333443105,0.0403250198648488,0.4443869917297594,0.5100859995460043,0.0276674723945215,0.330282419332737,1.3327538715798497,-0.0082276464577889,0.0085910028259721,1.252044480354363,-0.0105959407003217,0.0125436890476641,0.0035059331175836,-0.0005072317221205,0.5597072276436825,0.9160837217128966,-0.1299142706830023,0.5121753495195698,0.6395839196097745,-0.0948798824887995,0.4947139442920124,0.0857605177993527,0.0018258510573744,0.0639266172293051,0.1181229773462783,0.0012703612078044,0.0068253027709025,0.203883495145631,0.0030962122651788,0.0239373091143654,14.166666666666666,9.666666666666666,1
05200421,5.0,-0.3752895752895753,0.562934362934363,0.2212189616252821,0.0150469668554299,0.76646864195088,0.2942061700526712,0.0017446030630041,0.0128354969498469,0.5312264860797592,0.0298019291556257,0.8458519009182042,0.1294206170052671,-0.0100874125241139,0.4943658975607941,0.0436418359668924,0.0015243223455919,0.0891227999797256,0.0142964635063957,-0.0020329790626521,0.8067841970706339,0.7565284178187404,0.0210878220426609,0.8461464059385846,0.2158218125960061,-0.0196551443600451,0.7730574989463126,0.0276497695852534,-0.0014326776826157,0.1809703499243627,0.0135440180586907,-0.0026662956730375,0.7303000355422857,0.0,-0.0932818532818532,0.5615505586269705,0.3384380964292715,-0.0661629029058612,0.7224677433945877,0.3013781255583456,-0.0681701661994927,0.766496637424804,0.0,-0.1797915908579848,0.5718461886659904,0.0,-0.1710443672005573,0.5574229490470388,0.0,0.0,,0.0,0.0,,0.0,0.0,,0.0812641083521444,0.0001634471464473,0.0003162144161846,0.1264108352144469,0.0035481289240651,0.0426664490001731,0.2076749435665914,0.0037115760705124,0.0303401054683051,3.0,0.0,0
05200422,6.0,-0.0162162162162161,0.001495785683194,0.1561181434599156,-0.0189980745022158,0.4631503216477513,0.2637130801687763,-0.0036403598490092,0.0382018481505201,0.430379746835443,-0.0189795554567379,0.3781647918728636,0.1592827004219409,0.0215042382458545,0.8657178102555338,0.0443037974683544,0.0069761349710716,0.640468956425019,0.0,0.0,,0.4845474613686534,0.0009729108874219,0.0063677780480807,0.390728476821192,-0.006787192703378,0.485000039148436,0.1247240618101545,0.0058142818159561,0.4157538488287308,0.0125786163522012,-0.0033768907816034,0.8094603020564286,0.0,-0.1647361647361647,0.7413127413127413,0.3143146262435373,-0.0843198934898904,0.8194543583446429,0.2798962465877298,-0.0842928806214054,0.843907189650495,0.0,-0.3155797432630998,0.7329610268376632,0.0,-0.3024865378091855,0.7390256322162101,0.0,0.0,,0.0,0.0,,0.0,0.0,,0.0566037735849056,-0.0047165620506592,0.0862369017281,0.10062893081761,0.0035960116814672,0.1201989971029651,0.1572327044025157,-0.001120550369192,0.0034602102711487,2.0,0.0,0
05200423,5.0,0.1065637065637065,0.0240290710878946,0.265552460538533,0.013024633785417,0.1926478275567439,0.4178272980501393,0.0397075051118347,0.8281812796327824,0.5283194057567316,-0.0096216184045228,0.1125948257902471,0.0900649953574744,0.0058243174857153,0.3125924835883805,0.0167130919220055,-0.0003116671343798,0.0548489290064907,0.0167130919220055,-0.0003116671343798,0.0548489290064907,0.8384615384615385,-0.0073169002759744,0.4756615855351438,0.1557692307692307,0.0072231034691455,0.4355048947403892,0.0057692307692307,9.379680682887476e-05,0.0021023101441777,0.0436397400185701,0.0007106390335653,0.0404654446549499,0.3617021276595745,-0.010470674756389,0.0517000711148414,1.090470381577509,0.0200148934425222,0.0522543763492596,0.9710606549443382,-0.0010195124870314,0.0001504330221451,0.7064671109438307,-0.0170922420913584,0.0410819736557593,0.6636846199970855,-0.0185110966535558,0.0490458475111643,0.0,0.0,,0.0,0.0,,0.0,0.0,,0.1727019498607242,0.0001247561863273,6.808779419853472e-05,0.2005571030640668,0.0024883339141859,0.0071606834610792,0.3732590529247911,0.0026130901005133,0.0049640199800623,7.833333333333333,2.8333333333333335,1
05200524,7.0,-0.0671814671814671,0.0586433542955279,0.162015503875969,-0.0077323977728147,0.1629515389117873,0.2054263565891473,-0.018309424452814,0.5763234074968253,0.4015503875968992,-0.0214516426403185,0.7817518271363506,0.1333333333333333,0.0077511334524846,0.7521384479318108,0.0302325581395348,-0.0032237649008695,0.4088659012781216,0.0054263565891472,-0.0010206933202376,0.410849461994322,0.7482185273159145,-0.0013783961718451,0.0123456675945308,0.2098178939034045,-0.0019853567717668,0.0353380406582602,0.0419635787806809,0.003363752943612,0.64448292591748,0.0395348837209302,0.0037442690403324,0.6098313641437018,0.6274509803921569,-0.015367408224551,0.0595511002452747,0.9878981799259086,0.0955784452083581,0.6304351467053229,0.8797204122402716,0.0715737852367182,0.5509177124083977,1.225520801452735,-0.0257331496802923,0.0506628091279743,1.1513052692913686,-0.0268355305093315,0.0509668436266353,0.0,0.0,,0.0,0.0,,0.0,0.0,,0.0697674418604651,2.053516505220616e-05,3.873385757691139e-06,0.1674418604651162,0.0049403662011088,0.0611124894886995,0.2372093023255814,0.004960901366161,0.0429515443531559,8.5,5.333333333333333,1
05200525,6.0,-0.3938223938223938,0.3486969111969111,0.1985507246376811,0.000419109073088,0.0007210671578916,0.2898550724637681,0.0222131891527222,0.6926775237022537,0.4434782608695652,-0.0010005059890102,0.0040177284276301,0.1043478260869565,0.0046595970406542,0.3704881966661728,0.0275362318840579,-0.0108168894116251,0.7040612907951161,0.017391304347826,-0.0009859666897795,0.0617741021398977,0.7792792792792793,0.0186195291467802,0.8765595931263134,0.2117117117117117,-0.0146989790317916,0.7975711281217757,0.009009009009009,-0.0039205501149885,0.7060971022123677,0.008695652173913,0.0001226317565673,0.3216369433336775,0.0,0.0,,0.2172870677074888,0.0034796767833475,0.4169621216786913,0.1934934922063001,-0.000648302362869,0.0443094529242903,0.0,0.0,,0.0,0.0,,0.0057971014492753,-0.000786759107846,0.1251595347550889,1.5147551572403215,-0.2080400312378217,0.1265441674786447,1.0575594978430518,-0.1472568647818909,0.1255040043772698,0.0956521739130434,0.0009971866034338,0.006764898139888,0.1565217391304348,0.0028402444791795,0.0227671207545332,0.2521739130434782,0.0038374310826134,0.0222702223553227,1.0,0.0,0
05200526,3.0,-0.4664092664092664,0.619599406696181,0.3253205128205128,0.0406503970313318,0.845565193272418,0.4302884615384615,0.0250654258660783,0.6920902292195092,0.6370192307692307,0.0248378375202111,0.7389152828786474,0.048076923076923,-0.005565220476836,0.6937935384764211,0.0096153846153846,-0.0029707976703247,0.6631035947843984,0.0048076923076923,-0.000150560038262,0.0112462856500882,0.868959868959869,-0.0065200489270471,0.5197574826081877,0.1162981162981163,0.0040021793862069,0.3030694971516879,0.0147420147420147,0.0025178695408402,0.6776413372985557,0.0288461538461538,-0.0017392113780051,0.2108656899493427,1.0,0.0,,0.7208080611450352,-0.042451440321802,0.1926018644427329,0.641877450107438,-0.0527430118948453,0.309275085109005,1.9531737773152968,0.0070078478458054,0.0330037987382291,1.8348927729331188,0.0015567617892158,0.0457120070161994,0.0,0.0,,0.0,0.0,,0.0,0.0,,0.1057692307692307,-0.0021192718602682,0.0228991898104995,0.2019230769230769,0.0066427363762958,0.1312803884688352,0.3076923076923077,0.0045234645160276,0.0331007319987045,6.0,6.0,1
05200527,5.0,0.237065637065637,0.1916922315517573,0.206858407079646,-0.0326710428238244,0.7340580936232173,0.2905604719764011,-0.0264055004104022,0.8191677621745587,0.5081120943952803,-0.0058194369182065,0.181645495446108,0.122787610619469,0.0114656793793783,0.9472126890079268,0.0335545722713864,-0.0014599269859391,0.4860774046942903,0.0176991150442477,-0.0013567347887502,0.7598565141082946,0.7252956886684472,-0.0189822714017227,0.8436781633889677,0.2312094620373903,0.0174037223022143,0.8383293167857961,0.0434948492941625,0.0015785490995083,0.3993856225769212,0.0335545722713864,-0.0010025538170446,0.091394470058566,0.3626373626373626,0.0001658626028373,1.7248162749505802e-05,0.8384620809582857,-0.0240142726315897,0.0961437089873162,0.7466480073521132,-0.0369873405166032,0.2268168098758737,0.7082937873780746,0.0022941378476918,0.0010710378172791,0.6654006758988232,0.0010107691801016,0.000183946548796,0.0154867256637168,0.0033934734714911,0.5512048409879753,4.046608080459487,0.8956514853601725,0.5514001148693422,2.825228083286471,0.6198628857134224,0.5229793078561102,0.1349557522123893,0.0016813091307375,0.0180816528204313,0.1548672566371681,0.0024487005497052,0.0246282934582241,0.2898230088495575,0.0041300096804428,0.0339718236627344,15.166666666666666,5.5,1
05200528,8.0,-0.2262548262548262,0.2720629169329579,0.1791283486605357,0.0039639818033147,0.0690586270118837,0.2375049980007997,-0.0069091033459689,0.1944408126248903,0.4194322271091563,0.0005929007468164,0.0028182877675745,0.1879248300679728,-0.000142429902052,0.0005388513760395,0.0699720111955218,-0.0046967573701229,0.4532158780036438,0.0291883246701319,-0.0033952821107596,0.6940643705313312,0.7334162520729685,0.0162394020736808,0.8551270641422476,0.2466832504145936,-0.016411243653902,0.8636481215827714,0.0199004975124378,0.0001718415802211,0.1291629508420154,0.0355005983246908,0.0039547620281038,0.6800224887358499,0.4719101123595505,-0.0639328239328239,0.8238024427560902,0.887089404860849,0.1006245591223173,0.6861826883371862,0.78995049570462,0.0785219449281838,0.6480995502111117,0.9217224567105894,-0.119307017801972,0.8100370165458062,0.8659044546425954,-0.1165204668553862,0.8132391387729141,0.0023932987634623,-0.0006518218680093,0.4123283470685059,0.6253576337230684,-0.1678789599537999,0.4144117901572794,0.4366071321370396,-0.1215552624924515,0.4302860268021714,0.0837654567211807,0.0006154099332735,0.0064677821428728,0.1435979258077383,0.0031721127972636,0.0364561550541046,0.227363382528919,0.0037875227305372,0.038064635429605,14.833333333333334,7.0,1
05200629,6.0,-0.2393822393822393,0.3590733590733592,0.1636327661258409,-0.0154686889676521,0.4553586374132224,0.2694895132568263,-0.0022625604377677,0.0497676367385147,0.4570637119113573,0.0044010973288215,0.1707016370036351,0.1576968737633557,0.0071348966208359,0.8416680560543577,0.0502572220023743,0.0020918997543839,0.5631160140115863,0.0199841709537,0.0015465202106306,0.7850024975953065,0.6194122516556292,7.501966142917229e-05,0.0001068294856314,0.3143625827814569,-0.0034199157939209,0.2448783989967959,0.0662251655629139,0.0033448961324918,0.4689664248335122,0.0557965299684542,-0.0017719462884356,0.3226558352058751,0.3957597173144876,0.0081134174384837,0.0464316889124496,1.3942444042863218,-0.0420851444840242,0.4047712397517773,1.241570525207815,-0.0641519407534797,0.6176692492374847,0.7729875019763718,0.0180625119812076,0.091356690092492,0.7261766451184074,0.0156639206705243,0.0498526844253891,0.002365930599369,-0.0003431074767904,0.3784968438276421,0.6182064620440586,-0.087776860655099,0.3762598432606771,0.4316143849635483,-0.064632943727656,0.3962484984962523,0.0910883280757097,-0.0012841393473677,0.0293847528975718,0.1088328075709779,0.0008681695370551,0.0048849903751387,0.1999211356466876,-0.0004159698103125,0.000583215458109,47.166666666666664,18.666666666666668,1
05200630,6.0,0.0,,0.2337696335078534,0.0143177761803723,0.7255321210041563,0.3136125654450262,0.0096995007025173,0.4179229499990347,0.4882198952879581,0.0024896420197177,0.0385934511579562,0.1102094240837696,0.0072816722799221,0.846933518014019,0.0356020942408377,0.0005269319461065,0.1110169749854149,0.01282722513089,0.0012112915406139,0.7171911685424706,0.7697686928456159,0.0048983460710653,0.2875217718939252,0.2073695535233996,-0.0047246350202578,0.2723900352910098,0.0228617536309844,-0.0001737110508074,0.0426122660225478,0.0826812728221178,-0.0012783583214961,0.1392824512650365,0.4006309148264984,-0.0122444591161889,0.1552184124013141,2.066040702471702,-0.0284756674204439,0.1876521425920368,1.839803145117546,-0.0634117746172248,0.5168199882525631,0.7825017972209548,-0.020964157677517,0.1314517798334732,0.7351147702287258,-0.0218555499131333,0.1411109457400672,0.001564945226917,-2.2697615316259157e-05,0.4426638864216184,0.4089127771892886,-0.004915300049079,0.1430760396183507,0.285491413736974,-0.0049407991061246,0.4699962509762567,0.1032863849765258,0.0008209557282196,0.0092614112964179,0.1455399061032863,0.0028003539298494,0.0318908944889644,0.2488262910798122,0.0036213096580691,0.0342062116935989,52.833333333333336,21.166666666666668,1
05200631,5.0,-0.2393822393822393,0.3590733590733592,0.2642642642642642,0.0144821668145218,0.6584803158724817,0.3397147147147147,0.0090387887245486,0.3065209081685078,0.5225225225225225,0.0187049806174165,0.7078061830250942,0.1328828828828828,0.0067998414909028,0.8553543644290849,0.0435435435435435,-0.0015304891666931,0.6998622163705541,0.0206456456456456,0.0002696278154801,0.0955458632613566,0.7981402557148393,-0.0043094224824609,0.5063410691605954,0.18829910887253,0.0050293141533987,0.6054188805428895,0.0135606354126307,-0.0007198916709378,0.190300942983248,0.0662921348314606,0.0006759765315399,0.118874296298278,0.2090395480225988,-0.0057006474136618,0.0523697814551837,1.6565087128037213,0.020225475231009,0.1637310214687549,1.4751161175502772,-0.0110775853933237,0.0675742869401087,0.4082905636195817,-0.0094468162822926,0.0319477699626813,0.3835651559238722,-0.0102646495917905,0.05044155625289,0.0022471910112359,-5.2739813989305766e-05,0.3768243646068864,0.5871803699414729,-0.0123047197347535,0.253639290022533,0.4099528390515201,-0.0108827220701309,0.5480998593537818,0.1101123595505618,-0.0003965343552494,0.001410238825822,0.1820224719101123,0.0022069789810399,0.0099818090404759,0.2921348314606741,0.0018104446257904,0.0044202992263887,29.5,6.166666666666667,1
05200632,7.0,-0.2810810810810811,0.3836756756756754,0.2162661737523105,0.043911508718499,0.8475944935123824,0.2911275415896488,0.0411425948841781,0.8831607998040001,0.4417744916820702,0.0258451947787409,0.6924304563742094,0.1182994454713493,-0.0034646641053839,0.1143976655129711,0.0369685767097966,0.0005625287139087,0.0879953954611405,0.0175600739371534,-0.0024525396896765,0.8356288018111281,0.8170377541142304,0.0116153484800957,0.4425113916488166,0.1306873184898354,-0.0096014165236199,0.4244222332075117,0.0522749273959341,-0.0020139319564758,0.476321181064481,0.011090573012939,-0.0005540504891093,0.6619534225968643,0.0,0.0,,0.2771313802553924,-0.0134561270920196,0.7582940501838574,0.2467846758268893,-0.017500565344563,0.8874013432206524,0.0,0.0,,0.0,0.0,,0.0,0.0,,0.0,0.0,,0.0,0.0,,0.0831792975970425,0.0008726197223015,0.0069338498305699,0.1608133086876155,0.0041166415278639,0.0374669448770743,0.243992606284658,0.0049892612501654,0.0374520740319667,2.0,0.0,0
05200633,4.0,-0.8664092664092666,0.6486507096827381,0.2661870503597122,-0.0161119758673578,0.1479978084201716,0.3381294964028777,-0.0375543142886318,0.5043949292176779,0.580335731414868,0.0258750122251498,0.4586240717455294,0.1798561151079136,0.0030304150974599,0.0310278064088025,0.0335731414868105,-0.0094355729398322,0.5098307610881225,0.014388489208633,-0.0027101913926318,0.3132831342818158,0.841726618705036,-0.0054673892483518,0.1428740438657013,0.1151079136690647,0.0016524604169264,0.0261952156959047,0.0431654676258992,0.0038149288314253,0.2769990585147137,0.0815347721822542,0.0069059418321592,0.3683280372440611,0.7058823529411765,-0.1427541827541827,0.7800998771614054,2.037391929823217,0.1786492079601626,0.3501918683187375,1.814291497665788,0.1287711300081653,0.2622638399607484,1.378710901634327,-0.268209599036774,0.7169824986492532,1.29521842795279,-0.2611220926061249,0.7799272214403423,0.0,0.0,,0.0,0.0,,0.0,0.0,,0.158273381294964,0.0026808856514105,0.0243634465299493,0.1294964028776978,-0.0001641612556853,4.7118194091644305e-05,0.2877697841726618,0.0025167243957252,0.0065581212625358,5.666666666666667,4.0,1
05200634,9.0,-0.0756756756756756,0.0186025490373314,0.1382223724231159,0.0055167221483861,0.3240803427771794,0.1949983102399459,0.0090287584951348,0.55267997714018,0.3359242987495776,-0.0087340939158487,0.349904115796764,0.2250760392024332,0.0028098161214917,0.2207238288502396,0.1037512673200405,0.0070406619714897,0.7017241632699316,0.0385265292328489,-0.0023765559184702,0.7566054822373217,0.5801526717557252,0.0071634334760851,0.4926521738935661,0.3875780707841776,-0.0058854388325581,0.4311504242474392,0.0322692574600971,-0.001277994643527,0.6486333144366365,0.0506201810258129,0.0019888557881093,0.3977476205885744,0.8013245033112583,0.0084437101828406,0.1736188087803694,1.2648977307209333,0.0524109250673792,0.377912430582166,1.1263876943219586,0.0257959156366019,0.1618822293897992,1.5651260069877542,0.0219760926168429,0.1915174921397345,1.4703445399000488,0.0167858328458864,0.2038434626228904,0.011397921555481,0.0014969933235289,0.6388482932817909,2.9782229290025093,0.3964137281648797,0.6755813799496719,2.07931158392541,0.2726126476059413,0.6206081271971764,0.0784445189406637,0.0011405040095963,0.0278948439136138,0.1146496815286624,0.0024548910810528,0.027739836554061,0.1930942004693261,0.0035953950906492,0.0386960461641074,25.166666666666668,20.166666666666668,1
05300735,2.0,0.0,,0.4124656278643446,-0.0121783535692655,0.2767339861058329,0.5618698441796517,0.0005093489531284,0.0015459279834797,0.7644362969752521,0.0274206054199721,0.9266693151952566,0.0650779101741521,0.0052407817182991,0.736101240044089,0.0164986251145737,-0.0020767880514904,0.9492958734008168,0.0109990834097158,-0.0013845253676603,0.9492958734008182,0.875,0.0185148418286446,0.7825700214999387,0.1193181818181818,-0.0143831654608414,0.7059218979648074,0.0056818181818181,-0.0041316763678032,0.8153901338973081,0.0109990834097158,-0.0015840080310198,0.1710714240961205,1.0,0.0077220077220077,0.0016547159404304,0.2748452368802333,-0.0388943135512006,0.1626184421173263,0.2447488719016445,-0.0416838013507699,0.2068906155822396,1.9531737773152968,0.0241750054148693,0.0042340921831101,1.8348927729331188,0.0158712970134237,0.0020887565806211,0.0054995417048579,0.0023561289806398,0.6292066965834078,1.4370042050813314,0.6160526962813455,0.632592988884687,1.0032759672479914,0.4332792300377081,0.6244837799074584,0.148487626031164,-0.0045418951275602,0.0496968466024813,0.0934922089825847,-0.0025412533486499,0.0186928855270451,0.2419798350137488,-0.0070831484762102,0.0455898324920991,2.0,2.0,0
05300736,8.0,-0.1528957528957529,0.2293436293436294,0.1586001489203276,0.0075024339980812,0.3293739564345128,0.2323157110945644,0.0059614670047861,0.4449738489444143,0.4184661206254654,0.0186389760407591,0.8436054152472569,0.1418466120625465,0.0115445379762515,0.8939570041179675,0.0297840655249441,0.0006128454468273,0.0422243990351907,0.0122859270290394,0.0004045148459527,0.1439328011497015,0.626614481409002,0.0184510830005425,0.8339176653416457,0.2610567514677103,-0.0174816528878473,0.8494074989548264,0.1123287671232876,-0.0009694301126952,0.1444978499035443,0.0338038632986627,0.0006312519119326,0.0353290207536829,0.7032967032967034,-0.0092123086240733,0.0626990338737284,0.8446913683353903,0.0178003302375982,0.0452478056070563,0.7521951693681022,0.0012828561504543,0.0002567956519207,1.3736606785514174,-0.0122325345956282,0.0299952492188962,1.290474038106809,-0.015760179810757,0.05786948067712,0.0022288261515601,-9.473064997871672e-07,0.0007332278757365,0.582381719072709,0.001147480957826,0.0050348514555578,0.406602555820044,-0.0012387363767597,0.0231238235884533,0.0735512630014858,6.86279229019034e-05,0.0001407066980144,0.0936106983655274,-0.0004279504638807,0.0012844122191417,0.1671619613670133,-0.0003593225409788,0.0006679385530675,15.166666666666666,10.666666666666666,1
05300737,4.0,-0.4247104247104247,0.6370656370656371,0.2681159420289855,0.0086813963092997,0.4755500004064935,0.3800724637681159,0.0139652742106887,0.5959127301245435,0.5902173913043478,0.0166436624083196,0.5892291636012292,0.0804347826086956,0.0068254011814566,0.7603889892964553,0.0210144927536231,0.0027619893358373,0.7620632539844769,0.0043478260869565,-8.856535047008533e-05,0.4147726235102333,0.8528539659006672,0.0069329485194016,0.4798352026707231,0.1360266864343958,-0.0052947832617304,0.2990464244596177,0.0111193476649369,-0.0016381652576712,0.4152138025052813,0.0549530007230658,0.0018258351348823,0.4605324915708729,0.4013157894736842,-0.0048441459745807,0.0411919836229824,1.3731662847168853,0.0484530868871763,0.5200234075104138,1.222800521968954,0.0205230776945971,0.1623483505571447,0.7838394764225862,-0.0063179172970303,0.0327672936325754,0.7363714417692122,-0.008144312633311,0.0355159160674416,0.0,0.0,,0.0,0.0,,0.0,0.0,,0.1149674620390455,0.0012976534146505,0.023001724501142,0.1518438177874186,0.0023432874723281,0.013594774191364,0.2668112798264642,0.0036409408869787,0.022548458007967,25.333333333333332,10.166666666666666,1
05300838,5.0,0.3505791505791505,0.3022081032207614,0.1420400381315538,-0.0569692652404743,0.7929179520924386,0.2306959008579599,-0.046579955012869,0.7615711450895051,0.5004766444232602,-0.020436267850157,0.4348052982516242,0.0705433746425166,0.0048642810707638,0.4337132839520187,0.0285986653956148,0.001446886049893,0.3310334699946037,0.0171591992373689,0.0030244427582411,0.8580271231392645,0.4795918367346938,0.024857110276164,0.8144867485714602,0.4091836734693878,-0.0204737783656027,0.8578211170919359,0.1112244897959183,-0.0043833319105612,0.2578829199435015,0.0,0.0,,,,,0.0,0.0,,0.0,0.0,,,,,,,,0.0,0.0,,0.0,0.0,,0.0,0.0,,0.0284360189573459,-0.0074969520690136,0.2181072423480129,0.2104265402843601,0.0090451784779561,0.3587311145680326,0.2388625592417061,0.0015482264089425,0.0067530269851945,0.0,0.0,0
05300839,4.0,-0.2393822393822393,0.3590733590733592,0.2520802741067058,0.00230255759554,0.0262676857030926,0.3641703377386197,0.0042467042296606,0.0553678039091261,0.5692608908467939,0.0079867520731237,0.1220437383781866,0.0533529123837493,-0.0060833749025891,0.8493005435829885,0.0112579539892315,-0.0033779137910309,0.7194256146855036,0.0,-0.0013177561274726,0.6056796170000454,0.8425878757004585,-0.0008281280068385,0.01094309101735,0.1543555781966378,0.0009545155795535,0.014583141790006,0.0030565461029037,-0.0001263875727149,0.8534934039059362,0.0151737640724424,-0.0009897019491873,0.2035231171649965,0.5806451612903226,0.03003861003861,0.0933556801998881,0.3791622106594213,-0.0244626726033453,0.2115068081273075,0.3376428290335095,-0.029214247364743,0.3205620021901016,1.134100902957269,0.0612631184190346,0.1251376414175171,1.065421610090198,0.0563981506957899,0.0958220875198828,0.0088105726872246,-0.000450196879584,0.9099841502360894,2.3021609217969643,-0.111648202389345,0.7659944991572181,1.6073040826249023,-0.0873388817642986,0.8904269960822019,0.1674008810572687,0.0014136826876958,0.0119670095841258,0.1615271659324522,0.0024396143018751,0.0161242995456574,0.328928046989721,0.003853296989571,0.0176814836052809,5.166666666666667,3.0,1
05300840,8.0,0.0656370656370656,0.0559780994563601,0.1365131578947368,-0.0027359507077586,0.0237688780655419,0.2282072368421052,0.0143355224320486,0.3995991979094863,0.3729440789473684,-0.0005668155955025,0.0046590428998875,0.2076480263157894,0.0088873193566445,0.8808129458160581,0.0707236842105263,0.0062319978015544,0.6537868412610648,0.0197368421052631,0.0003229577050254,0.0937009527793205,0.5309657860545691,0.0178948996511601,0.8330800156692306,0.2403637938501515,-0.0189367236788799,0.9364230231583128,0.2286704200952793,0.0010418240277197,0.0171752222988791,0.0135356849876948,0.0009199002568999,0.2341523418039752,0.3636363636363636,0.0486964515535943,0.1561950844594064,0.338229869544676,0.0242047786168624,0.2224545959098027,0.3011927001324483,0.0159372136767716,0.1276020957494713,0.7102450099328351,0.0952403479914758,0.167255609192679,0.6672337356120432,0.0900946554211007,0.1564729421330379,0.0,0.0,,0.0,0.0,,0.0,0.0,,0.059064807219032,-0.0021223879113132,0.0579089963349065,0.0639868744872846,0.000373840083825,0.0026121480310881,0.1230516817063166,-0.0017485478274881,0.0158122788926601,5.5,2.0,1
05300841,5.0,-0.2154440154440154,0.2839789620891981,0.2303056392595781,0.0150561557734778,0.7168035473202587,0.3211364614722342,0.0140018199292339,0.5017727837602795,0.5144210073181231,0.0069977478725182,0.253350781774641,0.1188118811881188,1.9137428120445985e-05,1.6985362507049295e-05,0.0378820490744726,-0.002359744585132,0.3184989598423059,0.0180800688764528,-1.72608432709139e-05,0.0002640091609914,0.7496641289744738,0.0085219884044364,0.5761234494146298,0.2163009404388714,-0.0086804744228071,0.5553074829248332,0.0340349305866547,0.0001584860183707,0.011059813241618,0.1067585019371502,0.0010571217695796,0.0942008914439301,0.5362903225806451,-0.0081627606996732,0.0746953243336974,2.667682811458279,0.0316742822914681,0.1278472619949838,2.37556366669121,-0.0186653858994633,0.0577761082738909,1.0474681950924776,-0.0121110584907248,0.0772428795206443,0.9840352370971968,-0.0140520845015251,0.0645182627817635,0.0051657339647008,-0.00024524037605,0.8747949913247534,1.3497818232834546,-0.0605544714687254,0.7217830059657513,0.9423797505532144,-0.0478039562737298,0.9083568737839516,0.1033146792940163,-0.0003351899994103,0.0010064365024382,0.1239776151528196,0.0012173586651417,0.006604425953224,0.2272922944468359,0.0008821686657313,0.0017660153098715,41.333333333333336,22.166666666666668,1
05400942,9.0,0.2579150579150579,0.3136297184840881,0.1370154009559214,-0.0005010275524076,0.0032607059709387,0.1949017525225703,-0.0020472162297255,0.0570104255366955,0.3781200212426978,0.0063642280269865,0.412897049909664,0.1821561338289963,0.0113792401547634,0.7822897828983402,0.0685077004779607,0.0018364461689415,0.198038360322192,0.0169941582580987,0.0025133476868318,0.7889316076359023,0.6692781197537773,0.0179018290892351,0.7880070281091469,0.3128147733631785,-0.0161125766369549,0.8744996998184282,0.0179071068830442,-0.0017892524522801,0.1763055145768163,0.0564643799472295,0.0017053398234694,0.1030959143542393,0.8878504672897196,-0.026810300136262,0.3560635426521915,1.41093264809533,0.0465638233717888,0.1015577288193518,1.2564313570440755,0.016929796231321,0.0172612156806705,1.734126250887413,-0.0449308319944291,0.1967968566285739,1.6291104058751988,-0.0478107869630401,0.3476218134432124,0.0047493403693931,-0.0025613914034391,0.3398829766896046,1.2409801486098146,-0.661262284021007,0.333970321433797,0.8664174777843471,-0.4779021447244519,0.3469845519989585,0.0538258575197889,-0.0009944111706317,0.0157834854948211,0.1171503957783641,0.0020474028794225,0.0229669923032336,0.170976253298153,0.0010529917087907,0.0045506436796456,17.833333333333332,15.833333333333334,1
05400943,7.0,-0.1992277992277992,0.1586443586443586,0.1828851899274434,0.0093271711853345,0.6059736632163126,0.245411865130175,0.0096192530091043,0.6581243801252554,0.4167733674775928,0.0101175596660678,0.5981456267025853,0.1594110115236875,0.004079314708855,0.5348141433443941,0.0505761843790012,-0.0010765952876322,0.1500872256350633,0.0217669654289372,-0.0012784523980271,0.6102102009091424,0.7368421052631579,0.0081837382780322,0.7914771998884975,0.2447257383966244,-0.0074901696478911,0.779433104264732,0.0184321563402176,-0.0006935686301411,0.1020772768362829,0.0136199191317301,0.000853130925683,0.3904079930297727,0.71875,-0.0258632658632658,0.2319293537871376,0.3403347134128789,0.0219847414262285,0.4480399612140423,0.3030670573820747,0.0144123755138226,0.2715150702213345,1.4038436524453697,-0.0439343742790473,0.1630065745801142,1.318829180545679,-0.0465544884287872,0.2389265349305858,0.0012768674185997,-2.8923355178881085e-05,0.6345047468230063,0.333639410032716,-0.006721896374149,0.3770240752626083,0.2329376633895634,-0.0059592819307689,0.7145208860655298,0.0702277080229836,-4.423290797069748e-06,2.867166347675365e-07,0.0995956586507767,0.0003516083924082,0.0008067628154085,0.1698233666737603,0.0003471851016111,0.0004488848294977,10.666666666666666,7.666666666666667,1
05400944,9.0,0.1837837837837838,0.145801801801802,0.1900610287707062,0.0121658355433711,0.2598980519779337,0.2301656495204882,0.0048022163343843,0.1358487091199589,0.4088927637314734,0.0258354335083119,0.8726227958932808,0.1848299912816041,0.0020715033929065,0.1508135763006726,0.093286835222319,0.0016830818059111,0.1312710815102175,0.035745422842197,0.0035448379300795,0.5876636105107222,0.7121212121212122,0.0270371321896557,0.9572206859186816,0.2727272727272727,-0.02677738217578,0.9573788493880352,0.0151515151515151,-0.0002597500138756,0.0687583054772374,0.064516129032258,0.0021147255405303,0.2396330770671586,0.6891891891891891,-0.0102897102897103,0.1582440220031403,1.6121298571845946,0.0560121632154042,0.2861550385843936,1.4355968776596462,0.0236230154808783,0.0856502016412389,1.3461062519335152,-0.0151398670140312,0.0965148069536703,1.2645882624268792,-0.0176601970890606,0.1217019225445794,0.010462074978204,0.0002800103735786,0.0846731667405906,2.73369064994548,0.0800756002968483,0.0986005754081443,1.9085860161596488,0.0465691340036314,0.0668342348470131,0.083696599825632,0.0006976905547819,0.0034849808779569,0.088927637314734,0.0035854105796224,0.0518215084175396,0.1726242371403661,0.0042831011344043,0.0384021514633231,12.333333333333334,8.5,1
05400945,10.0,-0.122007722007722,0.0698450002797826,0.0953545232273838,-0.011913538183819,0.5460568428973445,0.1668704156479217,-0.0102556808545762,0.4939003694053145,0.328239608801956,-0.0002127192767968,0.0002716215370927,0.2475550122249388,0.010156775094244,0.8041401315732108,0.0825183374083129,0.0036411455877236,0.5033423591586872,0.0482885085574572,0.0059362474969876,0.7723520991206705,0.6742281033396346,-0.0011104581097279,0.0139925981848992,0.3106490233144297,0.0008791650624967,0.0094065912101957,0.0151228733459357,0.0002312930472311,0.1983364291904293,0.0146699266503667,-0.0020440541103625,0.3233089168416291,1.0,0.0889575289575289,0.6671814671814671,0.3665723147143455,-0.051093769672044,0.3347395950182038,0.3264315638688193,-0.053660781515906,0.4000057272855514,1.9531737773152968,0.1771380578047688,0.7119350873154973,1.8348927729331188,0.1648075988191588,0.6602924403315868,0.0073349633251833,5.4368500711822656e-05,0.0611478565506345,1.9165911830607976,0.0188846578524729,0.0841863239727944,1.3381101225764775,0.0064342207611112,0.0628414897629164,0.0366748166259168,-0.0020455387448061,0.0757142085298654,0.1100244498777506,0.0024138757987384,0.0307563098258136,0.1466992665036674,0.0003683370539322,0.0005692447624996,4.0,4.0,0
06100101,6.0,0.1482625482625482,0.1186100386100384,0.1603872868869711,-0.0169757075919631,0.7801148898232009,0.2439486423910755,-0.0225202904742337,0.8471536241732146,0.4668490844032835,-0.0115795788581887,0.6327611399235056,0.1521784887392128,0.0105704707797127,0.9451126057010194,0.0625131551252368,0.0038566490463701,0.8859719178561449,0.0265207324773731,0.0029359471663576,0.9422998349606548,0.6591653921782827,0.00860669744796,0.5679742721054777,0.2936421236617872,-0.0064108625099251,0.4894176308076791,0.04719248415993,-0.0021958349380349,0.4012328716557956,0.0226415094339622,0.001137263807365,0.4780230151903158,0.8333333333333334,-0.0110462563403739,0.3334974236107338,0.7115176407581075,0.0188154438006713,0.2798953957424432,0.5038132438579136,0.0175757657588327,0.3587516018620061,1.24453593575277,-0.0367982045961325,0.7158916397101946,1.529077310777599,-0.018888087435697,0.2474652989897561,0.0012578616352201,0.0003249818828679,0.3322672016412885,0.4429572701236273,0.122555205081458,0.4136927013013856,0.2294704570791527,0.0594426378709784,0.3198726143857647,0.0893081761006289,0.0002683291761315,0.0014528841567688,0.1320754716981132,0.0014733061497544,0.0069119664485614,0.2213836477987421,0.0017416353258859,0.0070126448183082,18.0,15.0,1
06100102,7.0,0.1436293436293436,0.2023868023868026,0.1765149610258989,-0.0077933226177794,0.3522792848928462,0.2491828011063615,-0.0153780258683201,0.7593721473681851,0.4475735479004274,-0.0007994604442623,0.0127947838074229,0.1548906210711591,0.0093404165058855,0.923720455147033,0.0593412119688207,0.0028588016845703,0.8374194251230849,0.0258989187830022,-0.0001022222239311,0.0522333815857433,0.6027155465037338,0.0081607056211691,0.3968271237449081,0.3517990495587237,-0.0104675724344375,0.6360851767054021,0.0454854039375424,0.0023068668132683,0.4601591120863606,0.0687704299723409,0.0034869849388409,0.7614311295253787,0.7038391224862889,-0.0043143406666924,0.0937609361361012,2.1611356888796305,0.0576560650260849,0.6147087023715987,1.5302625254258628,0.0538717651870742,0.6845617814786229,1.0511436971074586,-0.0229142793519814,0.5326926517179651,1.2914693191576796,-0.0068498017532161,0.074928746235807,0.0054060849886849,-0.000261729789756,0.6727439495866252,1.90375839567214,0.0050312034920803,0.004658486274726,0.9862267507230118,-0.0506730331015403,0.4946876619303015,0.0837314558712597,0.0001732919583748,0.0004253947242741,0.1222026653256223,0.0018863496238804,0.0224934202220373,0.205934121196882,0.0020596415822553,0.0161636833301387,91.16666666666669,64.16666666666667,1
06100103,7.0,0.0,,0.1755677039529016,-0.0009640806328027,0.0128388884339473,0.248107653490328,0.0030479416598052,0.1634319371344121,0.4505887300252313,0.0177498790979839,0.7296040589056783,0.1429772918418839,0.0071538889774823,0.8799175291201953,0.0454163162321278,0.0046976061861885,0.880860929759108,0.0100925147182506,-0.0001341619121571,0.089352947261114,0.6446078431372549,0.0044944941582565,0.2339747042139353,0.2947860962566845,-0.0061391638690378,0.4397328943147858,0.0606060606060606,0.0016446697107812,0.4334120400573661,0.0473397570171763,0.0008614643632989,0.1921880850001222,0.6814159292035398,-0.026753674689741,0.5474716093236425,1.4876690233557837,-0.0131355925345383,0.0277299662344027,1.0533925141268834,0.0009349978152326,0.0003819580485964,1.0176559333058048,-0.0570327816415324,0.7174523073781321,1.250325163857081,-0.0481150425315952,0.5171840094726997,0.0,0.0,,0.0,0.0,,0.0,0.0,,0.0791788856304985,0.0003688249630519,0.0021343608585675,0.106828655215752,0.0014397925236936,0.0156726077213759,0.1860075408462505,0.0018086174867456,0.0121502509884582,37.666666666666664,25.666666666666668,1
06100204,6.0,0.2571428571428571,0.404544431946007,0.2265168539325842,0.0178984648402274,0.5535892333429356,0.2939325842696629,0.0036768736212211,0.0618341468262669,0.4925842696629213,-0.0017771920181816,0.0237245412570439,0.1411235955056179,0.0046421228745479,0.379068454255908,0.0449438202247191,0.0009217291946128,0.1514255167027532,0.0107865168539325,-0.000189463624396,0.2342469074702324,0.7796610169491526,-0.0020756642874506,0.0472328469112858,0.2005649717514124,0.002948528283043,0.10248284212013,0.019774011299435,-0.0008728639955923,0.2797492343053224,0.0219632451815329,0.0008674086404307,0.335751466704942,0.4081632653061224,-0.0117515474658331,0.07919111998278,0.6902029407772319,0.0098523114255656,0.0580555768798127,0.4887206761911705,0.0114008446680657,0.1539010626454114,0.6095686215931936,-0.0275017973546349,0.1724567301967383,0.7489358256869872,-0.0210159654688449,0.0783432380795682,0.002689376961004,-4.719508118552156e-05,0.2350601997308991,0.9470668661988806,0.0269710661195315,0.3252953918998801,0.490620385597292,-0.0100844395823514,0.2995371778231502,0.0618556701030927,0.0005400656680521,0.0032271316252251,0.161362617660242,0.0026920303017981,0.0159510631938925,0.2232182877633348,0.0032320959698503,0.0183300190862565,8.166666666666666,3.3333333333333335,1
06100205,6.0,-0.0671814671814671,0.0418481215617253,0.1992809450436569,0.0104287485222618,0.8269208553483092,0.2865947611710323,0.0108225055466727,0.5216235451218441,0.4866461222393425,0.0085943406172613,0.452515375326988,0.1312275295326142,0.0060071390091721,0.8183636361904945,0.0413456599897277,0.0001415309747208,0.0113026604800163,0.0172059578839239,-0.0010866618735488,0.7912415417197449,0.7829394186362402,0.0058442882027703,0.5668210203264235,0.2064656343384949,-0.0066262586632943,0.6769899119236944,0.0105949470252648,0.0007819704605239,0.3355988556548788,0.0384024577572964,0.0021954651856885,0.7809820368144745,0.88,0.0331222782030235,0.8898308889276187,1.2068111546396474,0.040698309919519,0.7117271642338282,0.8545219509878847,0.0359392634669892,0.7645036098070415,1.314229948154925,0.0307480105363302,0.728899234093034,1.6147056401811446,0.0621749473421896,0.8886505543692109,0.0,0.0,,0.0,0.0,,0.0,0.0,,0.0737327188940092,0.0007015463926783,0.0084853227529788,0.1505376344086021,0.0041863960415377,0.0474663268374184,0.2242703533026113,0.004887942434216,0.0496639118691198,25.0,22.0,1
06100206,7.0,-0.0332046332046332,0.0038416122721057,0.1919781931464174,0.0169724976799911,0.7500623100210293,0.257398753894081,0.0111160277212178,0.34217632535754,0.4256230529595015,0.0048916093215789,0.1181023559909437,0.1810747663551402,0.0111203507915518,0.773858608179702,0.0498442367601246,0.0014345521818325,0.2560934792426347,0.0210280373831775,-0.001132186306436,0.6123280667685433,0.7423387096774193,0.0046091311807375,0.2354082081116599,0.2411290322580645,-0.0058509580501753,0.4255609720807687,0.0165322580645161,0.0012418268694377,0.3248877578090293,0.0169753086419753,-0.0006231159433936,0.0815932678936929,0.4772727272727273,0.0359680088251516,0.2456195646375839,0.5334552270601552,-0.0362875256360189,0.2438635510578233,0.3777303512977927,-0.0214995091449907,0.1765435745972694,0.7127796722947684,0.0445461314723613,0.184006884480774,0.8757442779908067,0.0666588054605069,0.2460344622019501,0.0065586419753086,0.0002657768416611,0.0381573254448307,2.309632525355256,0.1771952777235684,0.1308798639657964,1.19648658465461,0.0441517797712819,0.030331142240689,0.0763888888888889,0.0007388203868412,0.0069754645295143,0.1412037037037037,0.002969806115096,0.0230195778080939,0.2175925925925926,0.0037086265019373,0.0272418541360128,7.333333333333333,3.5,1
06100207,6.0,0.0,,0.1746121297602256,-0.0076502749029183,0.3373381364116183,0.2758815232722144,0.0034280907568768,0.1093775781754853,0.4840620592383639,-0.0014342648375684,0.0091214229830146,0.1232722143864598,0.0107359425153493,0.8933249956982261,0.0406205923836389,0.0016782203817237,0.4135432110484197,0.0146685472496473,0.001300622317912,0.7404539527978063,0.7539776075427225,0.0118688939658792,0.7927149781873399,0.2212728344136711,-0.010466484488691,0.8261924895610171,0.0247495580436063,-0.0014024094771882,0.2450489764770929,0.0184925749509666,0.0001045722730455,0.0063208390090756,0.7272727272727273,0.0344541944541944,0.5172919973468756,0.5811358707788971,-0.013099440923432,0.1087891316325008,0.4114921843221681,-0.0051728779025148,0.0356190406117663,1.0861404530205994,0.0363916411710761,0.3454345386975259,1.3344674712240865,0.0643080589891451,0.5297132929568384,0.0016811431773606,-3.951184729280158e-06,0.0109638509900853,0.5920163010618388,0.0250024248321565,0.5992829810901457,0.3066892911929276,-0.001548015684581,0.0468777977830585,0.0706080134491454,-0.000236346677665,0.0009258854312441,0.1479405996077332,0.0027525440561797,0.0270923141934988,0.2185486130568786,0.0025161973785147,0.0162765897857917,11.0,8.0,1
06100208,7.0,-0.0478764478764478,0.0636072807501375,0.2084483710657095,0.0106746236990306,0.3037940329161607,0.2702926559911651,0.0059754065756252,0.1671099941064983,0.4486471562672556,0.0023227232869463,0.0275394953746522,0.1524019878520154,0.0031618547725049,0.4784492131139022,0.0552181115405853,-0.0005033671786163,0.0732879529890456,0.0287134180011043,0.0011365163892358,0.2861972311470123,0.6945740956826137,0.0028163781283278,0.0701558841104998,0.2736289381563594,-0.0010460214233876,0.0117761032109156,0.0317969661610268,-0.0017703567049401,0.5818849426836125,0.0467546754675467,0.0021186418678132,0.3840797503637887,0.611764705882353,0.0813720389865174,0.5731322486857062,1.469282623586026,0.0306432793203168,0.1784902575563167,1.0403734248166028,0.0307005394840888,0.273963632101337,0.9136357928349748,0.1122822489371471,0.5256595342943307,1.1225226375590844,0.1502357333517745,0.5809758435900751,0.0,0.0,,0.0,0.0,,0.0,0.0,,0.1105610561056105,0.0021955864478312,0.0505011944247594,0.1452145214521452,0.0041193364201817,0.0459135491245219,0.2557755775577557,0.006314922868013,0.0709722303082179,28.333333333333332,17.333333333333332,1
06100209,6.0,-0.1528957528957529,0.0759365194147804,0.2085419734904271,0.0107673009468147,0.4084411460869567,0.2924889543446244,0.0123658498475003,0.5280968706369713,0.4848306332842415,0.0077157583970771,0.2722043493642951,0.1416789396170839,0.000841509987984,0.0314037042051772,0.0465390279823269,0.0012402876082867,0.3551432170786213,0.0200294550810014,1.312527993024497e-05,0.0002130667327231,0.7487654320987654,0.0022297501187205,0.0367560047750239,0.2271604938271605,-0.0051791648840932,0.1750924371280739,0.024074074074074,0.0029494147653726,0.8982711109118993,0.0436694021101993,0.0033973225926922,0.718055545467216,0.5570469798657718,0.0301425990082414,0.4940449160205639,1.3723267900221707,0.0769523662657454,0.6374323181000295,0.971720688439318,0.0619452830639943,0.6610148531603165,0.8319179812146034,0.0336615920008415,0.3462423918338017,1.0221214775399252,0.0561644059719498,0.4934226258060736,0.003516998827667,-0.0001630912360456,0.0676501465972845,1.2385147587864611,0.0041200772854236,0.0005618526926309,0.6416026261826252,-0.032042126514196,0.0773134876923914,0.093200468933177,0.0011749989520705,0.0180639362424837,0.1459554513481828,0.003596558885768,0.0276844466699466,0.2391559202813599,0.0047715578378386,0.0341117274910633,24.833333333333332,13.833333333333334,1
06100210,6.0,-0.3783783783783783,0.5287226389887985,0.2167648984937786,0.0047016471381565,0.1139730921038101,0.2868369351669941,0.0009413940603936,0.0069604136531942,0.4891944990176817,0.0156419253753412,0.7805020746520063,0.1257367387033398,-0.0010920923634709,0.1015385051459408,0.037328094302554,0.0003948631580031,0.0453192469849265,0.0157170923379174,-0.0001676794051947,0.0725491248284011,0.7980900409276944,0.0047631337183445,0.2572959923228377,0.1732605729877216,-0.0089901994599288,0.5579111647475183,0.0286493860845839,0.0042270657415842,0.8528012254534136,0.0156555772994129,-7.580989659446178e-05,0.0005822758073537,1.0,0.0,,0.4919821912613137,-0.0162592508232043,0.0246951760051372,0.3483640172794445,-0.0082421384259039,0.0127578068139887,1.4934431229033245,-0.0231949933233292,0.8717167036243951,1.8348927729331188,0.0015567617892158,0.0457120070161994,0.0,0.0,,0.0,0.0,,0.0,0.0,,0.0626223091976516,1.805697218255957e-05,3.5944927591069487e-06,0.1839530332681017,0.0036463723849089,0.0192940603499307,0.2465753424657534,0.0036644293570915,0.0164664832417066,4.0,4.0,0
06200311,8.0,0.0918918918918919,0.0945400732144251,0.1540504648074369,0.0129361622522244,0.6753015437863176,0.197211155378486,-0.0031913211263832,0.0694550070262792,0.3751660026560425,-0.0049461198492079,0.1992068725520338,0.1885790172642762,0.0201940453582078,0.8807864354504694,0.0657370517928286,0.0014915900933489,0.4105964014167825,0.0358565737051792,0.0026558222776761,0.7051648757280846,0.7246080436264485,-0.0031367779620877,0.0672028155421948,0.2297205180640763,0.0064766601261428,0.2670404697156727,0.0456714383094751,-0.0033398821640551,0.7683081804423455,0.0171957671957671,-0.0020490049754353,0.4221698195682751,0.3076923076923077,0.0149034749034749,0.0160900838506655,0.5403832170219754,-0.0851988623283335,0.4945389016983769,0.3826359402756861,-0.0550663556490885,0.4670261051398414,0.4595209608933305,0.0147849576338811,0.0070921917557424,0.5645823916717289,0.0282921316096552,0.0168283126859314,0.0,0.0,,0.0,0.0,,0.0,0.0,,0.0555555555555555,-0.000477375219832,0.0027974661800151,0.1507936507936507,0.0032117650603868,0.0310388760348541,0.2063492063492063,0.0027343898405548,0.0198214926949128,4.333333333333333,1.3333333333333333,0
06200312,9.0,0.3915057915057915,0.5379225915811282,0.1305091998288404,-0.0057417367413905,0.2797013214174045,0.1955498502353444,-0.0107711572016143,0.4117635989544753,0.3735558408215661,-0.0008566432987971,0.0095904799388898,0.2297817715019255,0.0150357080971413,0.8832208078940509,0.0860077021822849,0.0043470837366328,0.7811820540084136,0.0427899015832263,0.0024159649971469,0.6220673701135937,0.6029411764705882,0.002225610127713,0.0376597904458345,0.3226381461675579,-0.001623482369801,0.0258333720667613,0.0744206773618538,-0.0006021277579119,0.0692935022799015,0.0429787234042553,0.0002976023782694,0.0150970590201829,0.5247524752475248,-0.0361477023241729,0.7883263488902092,1.3506219613397694,-0.0280530803618013,0.1405821911656097,0.9563518774366708,-0.0104257906250928,0.0446249744952649,0.7836879753849127,-0.0682513613267268,0.8510659013768835,0.9628645244104485,-0.0654818325833873,0.7855191855615226,0.0,0.0,,0.0,0.0,,0.0,0.0,,0.0791489361702127,0.0016622149369835,0.0708574835809181,0.1302127659574468,0.0019365103412337,0.012087918515936,0.2093617021276595,0.0035987252782173,0.0333442738242182,16.833333333333332,8.833333333333334,1
06200313,5.0,-0.5884169884169883,0.5173543213543212,0.2167125803489439,0.0040756689264787,0.0410934613014373,0.2975206611570248,0.0113413648583115,0.499321313516995,0.5087235996326905,0.0224279719916657,0.6489161198960269,0.1179981634527089,0.0012291377289689,0.1295868069811153,0.046831955922865,0.0041867939170303,0.7798991032340318,0.0192837465564738,-0.0003733096065786,0.0562925605424858,0.7741034000931533,-0.0014354441188196,0.0347778578340319,0.1956217978574755,0.0016561100141693,0.042361596707891,0.0302748020493712,-0.0002206658953497,0.0207540841100799,0.0591985428051001,0.0047311185454961,0.5501267797515439,0.4692307692307692,0.0050450674687737,0.0066166762830692,1.8603356651576204,0.1093677827020869,0.4957603264424337,1.3172712698015423,0.0872040161070619,0.5168904295341735,0.700769465362329,-0.0034868512780213,0.0014095487870493,0.8609881472993866,0.0099985799636301,0.0075000685386353,0.0,0.0,,0.0,0.0,,0.0,0.0,,0.1120218579234972,0.00179108260407,0.0399217092647272,0.174863387978142,0.0045664630249462,0.0328065944459435,0.2868852459016393,0.0063575456290162,0.0498794936550012,21.666666666666668,10.166666666666666,1
06200314,7.0,-0.3845559845559845,0.230548411286774,0.2115702479338843,0.0177768439052766,0.528576392575764,0.2764462809917355,0.0161617768965998,0.4237753863136364,0.4450413223140496,0.0176977115234822,0.5356487044562097,0.1508264462809917,0.0041115133257108,0.4979832053987399,0.0537190082644628,0.0006520628602714,0.066382853721494,0.0152892561983471,-0.0011775056501835,0.538565893494499,0.727735368956743,0.01765072922013,0.7519610775503824,0.2150127226463104,-0.0147417952299706,0.7391823723085207,0.0572519083969465,-0.0029089339901593,0.6445265733340165,0.0421612771182971,0.0007171902253737,0.0818217103042543,0.5825242718446602,-0.0295823355420878,0.3392495182768353,1.324933415506382,-0.013468488897226,0.0276524649644482,0.938162265732143,-0.0004383872190541,6.213131726384713e-05,0.8699668677106742,-0.0597289706499695,0.4929009185135131,1.0688695764658944,-0.0531677971269022,0.3145824320255416,0.0024559967253376,-0.0012333648217197,0.7306644531623133,0.8648817758860837,-0.3496898266283924,0.6865654380587228,0.4480450594627747,-0.2298888162302417,0.7396588677942221,0.1080638559148587,0.0016771630166988,0.0438150380983161,0.1670077773229635,0.0054934093829888,0.0601776681368207,0.2750716332378223,0.0071705723996876,0.0767849643054414,17.166666666666668,10.0,1
06200315,5.0,-0.6254826254826255,0.5739889652276359,0.2565274151436031,0.0107791508476241,0.2484872564320357,0.3426892950391645,0.0152602800550387,0.4513677382616018,0.5248041775456919,0.0388519012565663,0.8805349813882024,0.1096605744125326,0.0011977890515524,0.0641244657575488,0.0372062663185378,-0.0049277448542904,0.7826650872269687,0.0045691906005221,-0.0031513307235931,0.8771172758467944,0.8068181818181818,0.0175898909501684,0.8159307733809122,0.1651069518716577,-0.0170740535716942,0.7767312598604681,0.0280748663101604,-0.0005158373784741,0.1477438166482925,0.0169712793733681,-0.0069984809501368,0.8086887029235468,0.4615384615384615,0.0680364037506894,0.6148466214490373,0.533328605833699,-0.2534237160289033,0.8135652503574935,0.3776406930136015,-0.1708816163940825,0.8187711857656839,0.6892814413399958,0.0952507111413164,0.5797584208366484,0.8468735875075933,0.1251998629615521,0.6209928009256406,0.0,0.0,,0.0,0.0,,0.0,0.0,,0.1135770234986945,-0.0003598021509811,0.0007234229256206,0.1762402088772846,0.0046296710334807,0.0500982374627255,0.2898172323759791,0.0042698688824996,0.028006852544507,4.333333333333333,2.0,0
06200316,6.0,-0.3498069498069498,0.2950885442505553,0.2315728380731282,0.0238657234563002,0.7071893599353474,0.3047011027278003,0.0211459907002262,0.4642444057114627,0.465467208357516,0.0138509724989602,0.2232557584761545,0.1247823563551944,0.0084023484768859,0.7566855556115535,0.0383052814857806,-0.0041524801565174,0.573342357130793,0.0208937899013348,-0.0009904394477499,0.2102628345019865,0.716012084592145,-0.0080847360154743,0.2684407474817557,0.2175226586102719,0.0077120648677657,0.3006097734777393,0.066465256797583,0.0003726711477086,0.0214433337652144,0.0335454019664546,-0.0005012526911648,0.0182643406957713,0.6724137931034483,0.0141769041769041,0.0420298930041744,1.054176415890892,-0.0466600510684779,0.1473403695247854,0.7464439520046398,-0.0251381891701553,0.0942553226850597,1.0042117550556835,0.0059930009521385,0.0034842838739198,1.2338072093860626,0.0270420963059762,0.0433589191750938,0.0034702139965297,-0.0001152966089715,0.4126177740926587,1.2220394323248711,0.0174931960577973,0.1020602218921522,0.6330677155971999,-0.0231144060455708,0.5357762693848653,0.1110468478889531,0.0037767155033348,0.1320414745197443,0.1873915558126084,0.0056371529507682,0.0393084721365524,0.2984384037015615,0.0094138684541031,0.0921725480876626,9.666666666666666,6.5,1
06200317,8.0,0.0741312741312741,0.0093312093312095,0.1444492070295756,0.005605365777766,0.0974740577502012,0.1954564937848264,-0.005922669999948,0.2152386019748143,0.3746249464209172,-0.002964503206223,0.0380067317680798,0.2147449635662237,0.0113149132601387,0.7317309673289174,0.095585083583369,0.0045494982264149,0.7051455081907358,0.0321474496356622,-1.611880929979772e-05,9.830659481535609e-05,0.6977678571428572,-0.0075365735530633,0.4466188091164232,0.2611607142857143,0.0064448344217054,0.4764865902485122,0.0410714285714285,0.0010917391313579,0.1235800769496094,0.0102607952116289,-0.0035271819418084,0.8215381992613788,0.5,0.102224673653245,0.8061792751994482,0.3224492087232125,-0.1291174756390014,0.8519889403618055,0.2283206663058522,-0.0868612519190979,0.8460893924069853,0.7467215614516621,0.1461636852028313,0.7869840820301599,0.9174463864665594,0.1884575160048207,0.8059395314004862,0.0076955964087216,5.4451195391594425e-06,0.0008144313968501,2.7100121998585327,0.1216305365817712,0.6617226740932431,1.403900060197809,-0.0027071074606665,0.0159406681847186,0.1000427533133817,0.0016910071005896,0.0323365679318538,0.148781530568619,0.0044941059474612,0.0518744169551822,0.2488242838820008,0.0061851130480509,0.0722530933491639,4.0,2.0,0
06200418,43.0,1.2061776061776062,0.9098757666690698,0.25,0.1237837837837838,0.7559063063063064,0.25,0.1237837837837838,0.7559063063063064,0.25,0.1237837837837838,0.7559063063063064,0.75,-0.0759073359073359,0.3500402401731566,0.75,0.0366023166023166,0.3212870012870015,0.75,0.0366023166023166,0.3212870012870015,0.5,0.0881081081081081,0.4806279745881338,0.5,-0.0881081081081081,0.4806279745881338,0.0,0.0,,0.0,0.0,,,,,0.0,0.0,,0.0,0.0,,,,,,,,0.0,0.0,,0.0,0.0,,0.0,0.0,,0.0,-0.0014939309056956,0.0011534025374853,0.0,-0.0104575163398692,0.0291146761734996,0.0,-0.0119514472455648,0.0261437908496735,0.0,0.0,0
06200419,6.0,-0.3667953667953668,0.3327074460110741,0.1864776444929116,-0.0017972949940082,0.0104248114957011,0.257360959651036,-0.0103397454832721,0.317442910142558,0.4918211559432933,0.0106269869163893,0.4356934896949264,0.0948745910577971,-0.0021754248656944,0.0766970584205257,0.034896401308615,-0.0001637872832856,0.0045993258990842,0.0065430752453653,-0.0001817727054572,0.3683013332059227,0.8785151856017998,0.0101631461802711,0.7883110432647015,0.0944881889763779,-0.0099021943746189,0.7863699618840024,0.0269966254218222,-0.0002609518056522,0.0184366493943085,0.0163398692810457,-0.0028299407817081,0.3861476950303911,0.6,0.1014157014157014,0.4540657540657541,0.5134863148172617,-0.1110121191369681,0.4443438281074271,0.3635907124791588,-0.0731481671110415,0.4299650711342385,0.8960658737419944,0.1442616147839904,0.4225107703772609,1.1009356637598713,0.1870930773016723,0.4541351616763565,0.0076252723311546,0.000184166071574,0.0204800898085151,2.685247503527218,0.1755291675313642,0.1242157474608132,1.39107090811055,0.0297931226699375,0.0170785962925897,0.0915032679738562,3.79959798228092e-05,1.136336048968012e-05,0.130718954248366,0.0028102812977304,0.0253941286223085,0.2222222222222222,0.0028482772775533,0.0124730330393638,2.5,1.5,0
06200420,7.0,-0.1312741312741312,0.0554220256207009,0.1943105110896817,0.0165815661709565,0.7242136248584325,0.2859209257473481,0.0258058881299237,0.8719020295503667,0.4334619093539055,0.0158459398788426,0.7160455485732129,0.1673095467695274,-0.0033979961108193,0.1792186205259701,0.0829315332690453,-0.0032390137159456,0.3607155049315659,0.0318225650916104,-0.0020250941864468,0.9002263228560876,0.7108255066732575,0.0040157629749309,0.2567314487280837,0.2609985170538804,-0.0045799862426591,0.3368009654109928,0.028175976272862,0.0005642232677282,0.153307093231714,0.0307692307692307,-0.0028691301896241,0.626050127583862,0.375,-0.0108502308502308,0.106511605058343,0.9669342297481976,-0.1252723630656817,0.7117740386497776,0.6846692801146006,-0.0797992368556635,0.6963300435447461,0.5600411710887465,-0.0252419031013521,0.2184811908419596,0.6880847898499195,-0.0194713526021251,0.0992281837181688,0.0,0.0,,0.0,0.0,,0.0,0.0,,0.0663461538461538,0.0006831565329779,0.0049285052260951,0.0807692307692307,0.0010364444620079,0.0085456316599705,0.1471153846153846,0.0017196009949858,0.0165318975049839,10.666666666666666,4.0,1
06200421,9.0,0.2509652509652509,0.1981304612883564,0.1295620437956204,-0.0103694178915862,0.5560785934073087,0.1945711678832117,-0.0096970751428681,0.5787863412120664,0.3480839416058394,-0.0160818519953338,0.5753539147485345,0.2424726277372262,0.0070604007571607,0.732756254898166,0.104242700729927,0.0054535783829962,0.7473649395011672,0.0394616788321167,-0.0002140737912532,0.0811317857611577,0.5905548996458088,0.0023259770721558,0.0456108282513572,0.3440377804014167,-0.0013664738186782,0.0185598639010584,0.0654073199527745,-0.0009595032534775,0.2124643553750225,0.0434387082101432,0.0016658229093392,0.2019415477916889,0.680628272251309,0.0042347088278328,0.0619025721860078,1.365077150594027,0.0183103574820752,0.0372774088606796,0.9665873450787772,0.0214247759943184,0.0862174365368341,1.0164796124472888,-0.0091108598859775,0.1224123361858072,1.248879897807882,0.0087531165752003,0.0716032055924826,0.0065954059586081,-8.543841783629423e-05,0.0989685075778814,2.3225789999318236,0.0764414433214838,0.3863347764457977,1.2031934018557804,-0.0188503232685591,0.1191880643535008,0.0777803047532408,0.0010436999579672,0.0226265675857894,0.1187173072549465,0.002427592154756,0.0211901670210878,0.1964976120081873,0.0034712921127232,0.029906284099361,31.833333333333332,21.666666666666668,1
06200422,9.0,0.4988416988416988,0.4292873944738954,0.1292263610315186,-0.0055031773368436,0.2189224624275423,0.2,-0.0040466056587219,0.0637293211688421,0.3492836676217765,-0.0187843943839676,0.7141748203772165,0.2260744985673352,0.0171544316704074,0.9009309253297028,0.0793696275071633,0.0076844822978281,0.9152074735215626,0.0329512893982808,0.0019374357780207,0.5492937707344805,0.6247404331059033,-0.0002828118212414,0.0037157924702866,0.3346188074755265,-0.0038507385714948,0.324547699572688,0.0406407594185701,0.0041335503927362,0.7984387238555698,0.0392714854866249,0.0014755043081257,0.5205859942671267,0.7898550724637681,0.0316245139226505,0.4083530252995615,1.2341206660275088,0.0151394675794177,0.1105730728866065,0.8738593401576504,0.0185393586637511,0.2500690669057901,1.1796036260613212,0.0310202752306501,0.2249512951568304,1.449299364128333,0.0590922859219763,0.3976856769307574,0.0051223676721684,4.059287345924846e-05,0.3125905965646209,1.8038470505034456,0.0932124955135627,0.8293632893665882,0.9344684805926796,0.0051405652791537,0.0804105322389964,0.0682982356289129,0.0004843230422342,0.0068213286117826,0.0870802504268639,0.0013676587334514,0.010220418155295,0.1553784860557769,0.0018519817756856,0.0123414411829196,23.0,18.166666666666668,1
06200423,9.0,0.2926640926640926,0.360519039392279,0.1350106307583274,-0.0070295129864703,0.3630174019599642,0.1888731396172927,-0.0071613153911361,0.4507125798323317,0.3642806520198441,-0.0013458362475537,0.0079470266645222,0.2002126151665485,0.0120553911033413,0.8236811555489705,0.0687455705173635,0.0047819766246728,0.7703401014111928,0.0240963855421686,0.0011257813935722,0.3272633165538864,0.7352941176470589,0.0001386857622016,0.0002719858476157,0.2494553376906318,-0.0004213407806023,0.0031688670985065,0.0152505446623093,0.0002826550184006,0.043079750549403,0.0144366197183098,0.0003023954190122,0.0612953555930193,0.975609756097561,0.0065912851627137,0.0155112695963708,0.4536760074434764,-0.0029687324361254,0.0065192609755185,0.3212400759692624,0.0010479244895233,0.0016922316988594,1.4570176808812918,-0.0126315878666603,0.0252687604396676,1.7901392906664573,0.0138014847253605,0.0200950987370241,0.0038732394366197,0.000172777079129,0.0763700074904359,1.3639652560672963,0.1133271710546869,0.2520172084998469,0.7065912489990108,0.029931297760306,0.0654479139412947,0.0591549295774647,0.0003093614427851,0.0024107753034577,0.1795774647887324,0.0061365757784205,0.0618113092623203,0.2387323943661972,0.0064459372212056,0.0639043747461113,6.833333333333333,6.666666666666667,1
06300524,10.0,-0.1752895752895752,0.1811414275754194,0.1385297377170299,0.0102413732645454,0.5877116051969075,0.1950498707055781,0.0135220235687759,0.7744784798501443,0.3261913557443665,0.0028345553589753,0.1823206017855392,0.2523088289619505,0.0142445882263906,0.9460236081448226,0.0794237162910971,0.0018109424457488,0.3510872800651745,0.032508311784263,-0.0012928267354174,0.3492210468748826,0.598621217924167,0.0077891723700234,0.5314952394935207,0.3577173496744542,-0.008516052799184,0.6006355692844019,0.0436614324013787,0.0007268804291606,0.0920679628224698,0.0136079440970945,6.576616239052635e-05,0.0123254873977826,0.6486486486486487,-0.0051480051480051,0.0810810810810809,0.4276345756793702,-0.009896885703448,0.34524890779268,0.3028005918859165,-0.0039983623475332,0.122523816497891,0.968719863504859,-0.0230930784474529,0.4269250730635908,1.1902007175782392,-0.0083813048019517,0.0581322461395358,0.0022066936373666,-9.05899295493313e-06,0.0282389138394187,0.7770894367376618,0.031530029099877,0.6162761842541578,0.402564943092151,-0.0027360810364239,0.2327454084417345,0.0507539536594336,-0.0005394849601951,0.0051880616805545,0.1147480691430673,0.0035820662197281,0.060063962353822,0.1655020228025009,0.0030425812595329,0.0280582727489507,6.166666666666667,4.0,1
06300525,6.0,-0.2316602316602317,0.1628861003861006,0.1738666666666666,-0.0076925618522571,0.3266134023896107,0.2501333333333333,-0.0112715054467183,0.6236763696721055,0.4581333333333333,-0.0055391924474344,0.2017288908316838,0.1749333333333333,0.0130008626472548,0.8476550047012085,0.0784,0.0045896097967897,0.5884431031081818,0.0266666666666666,0.0009153112338471,0.1168907481618332,0.7450110864745011,0.0061183487487322,0.43007108734041,0.2150776053215077,-0.0060404513609933,0.4950028612148373,0.0399113082039911,-7.789738773888855e-05,0.0052525106059653,0.0186666666666666,0.0006372564869001,0.1680708104802807,0.5142857142857142,0.0452509652509652,0.4050468274500859,0.5866067660472398,0.0051519501770692,0.0211910062157998,0.415366029936191,0.0073536847991971,0.0698560497298202,0.7680564632074238,0.0583921315009103,0.3290236512725905,0.9436591403656038,0.0838654287284724,0.4080012097124741,0.0,-0.000220802228381,0.0473578746991281,0.0,-0.067919952519932,0.0473471255289307,0.0,-0.0411451651624182,0.0473065893420625,0.0736,-0.002231687921173,0.0558859804577583,0.1344,0.0018065098432381,0.0092828868125589,0.208,-0.0004251780779348,0.0003662774753194,5.833333333333333,3.0,1
06300526,5.0,0.4864864864864865,0.7297297297297298,0.1753757427472911,-0.0216216648270785,0.8455147563087646,0.2714959804264243,-0.0294720960450207,0.8863773905009099,0.5332051730164278,-0.0203287249175962,0.8083530923209628,0.10372247465921,0.0043171506552539,0.4848720640370855,0.0438657811953862,0.0023231981425699,0.7407133310646592,0.0186123732960503,-0.0010229991676372,0.6703256214172254,0.5472496473906912,0.0223156121463906,0.7503387623881392,0.4167371885284438,-0.0247762121274165,0.8006954468211542,0.036013164080865,0.0024605999810258,0.8233718111064449,0.0304798397631281,0.0002749146959683,0.0755240662569586,0.6314285714285715,0.0335959879133096,0.8504766591941623,0.9578400124867844,-0.0176858823803326,0.3576483252298045,0.6782298233304521,-0.0058995433412158,0.1029295986467763,0.9430026576046704,0.0373425318531589,0.7832214867438825,1.1586037223377694,0.062601000286566,0.8605336318104416,0.0015675346163894,1.2484955507783004e-05,0.0030586496619232,0.5520089293276241,0.0300173605085617,0.1429905027243131,0.2859637935036729,0.0018311423505121,0.0017034018420786,0.0862144039014194,-0.0042954748314726,0.1448085472376183,0.099799703910128,0.0005158876889654,0.0042682206238114,0.1860141078115475,-0.0037795871425071,0.0502329651013468,58.333333333333336,36.833333333333336,1
06300527,7.0,0.0949806949806949,0.0238908496577208,0.1640625,0.0020750726955058,0.0259779597247421,0.2269965277777778,-0.007463158399786,0.195987739404625,0.4383680555555556,0.0022469665929112,0.0119665748672139,0.1432291666666666,0.0105689450256845,0.659874729591641,0.0451388888888888,0.0014702452999954,0.4332759254000983,0.0112847222222222,0.0005930194311436,0.3577192179897236,0.7971403038427167,0.0072837586259951,0.3955314526702671,0.1921358355674709,-0.0041196907044262,0.2022951203664699,0.0107238605898123,-0.0031640679215688,0.8176077661098082,0.0077922077922077,0.0003649162603522,0.1105129767870869,0.3333333333333333,0.0092664092664092,0.0166795366795365,0.2448729542868812,0.0053686976162927,0.0238640522204547,0.1733902722368144,0.0053447994690087,0.0467920886252027,0.497814374301108,0.00622946058458,0.0033702905600315,0.6116309243110396,0.0175704641088304,0.017684918487598,0.0034632034632034,0.0001470742294499,0.0065422279162214,1.219570665794922,0.1172135035663078,0.0349454739582394,0.6317887909192257,0.0284442371991454,0.0066366137692981,0.0753246753246753,0.0013544730926165,0.0505370196907258,0.174025974025974,0.0046813774092856,0.0291690413030683,0.2493506493506493,0.0060358505019022,0.0413372576775016,3.0,1.0,0
06300528,8.0,0.0857142857142857,0.0242093784078518,0.1306335728282168,-0.0125639612485335,0.7031427497549905,0.1926845199216198,-0.0122017415294114,0.9254585425679422,0.3875462660570433,-0.0012217935021308,0.0138286980109021,0.1909427389505769,0.0124092890171215,0.8852503073404623,0.0827345961245373,0.0049505302462324,0.9327603882769726,0.0298279991291095,0.0005284039004204,0.2279395227493625,0.6664375715922107,0.0117320160014047,0.6358937218064948,0.3088201603665521,-0.0102943776278977,0.6555189126068006,0.0247422680412371,-0.001437638373507,0.4442489765647806,0.0145494028230184,-0.0003690240140866,0.113797450793081,0.8208955223880597,0.0264615264615264,0.2257780879543159,0.457220257389077,-0.0253766522667872,0.428355276728055,0.323749697600335,-0.014500819337508,0.3119068188984084,1.2259607725325796,0.0224382909447087,0.0816025973804102,1.506255261363008,0.0497416806752202,0.2391234092322089,0.0002171552660152,-0.0003146336368045,0.3774077430778964,0.0764714505425154,-0.0910497500189466,0.2918365079085058,0.0396154209289742,-0.0577377342857151,0.3610520091477149,0.0690553745928338,0.0007173592340474,0.0157947645482956,0.1094462540716612,0.0016846488957617,0.0174703971044607,0.1785016286644951,0.0024020081298091,0.0235589161694084,11.166666666666666,9.166666666666666,1
06300629,8.0,0.0741312741312741,0.0784919373154671,0.1690056733353239,0.0087200140672165,0.3815737551392421,0.2376828904150492,0.0076212957876163,0.1888496105153916,0.393251716930427,0.0010549735515138,0.011761739821837,0.1857270827112571,0.0019645518400991,0.2728484200029496,0.0728575694237085,0.0047096534288545,0.7684097881086727,0.0301582561958793,0.0006659907135861,0.1765112588345277,0.6467103211724353,0.0108102849587022,0.3589581196435167,0.3233551605862176,-0.0095403469119507,0.3484038041958961,0.029934518241347,-0.0012699380467514,0.3120208787813875,0.0414307004470938,0.0025475411591019,0.6082794966535275,0.6690647482014388,-0.0033476104839295,0.0085160411962147,1.3019747788040186,0.0500214378309594,0.4283166596196098,0.9219056551170516,0.0429618600836133,0.4867037925224622,0.999210146978483,-0.0206299264225121,0.1266026956163806,1.2276620710991368,-0.0052101903021446,0.0062365990366161,0.0020864381520119,0.00011673976041,0.1027127980828028,0.7347413437371048,0.068886258997062,0.2269225112085667,0.3806268535455991,0.020437468134766,0.1000910919983345,0.0929955290611028,0.0007306283713086,0.0118683719144886,0.1716840536512667,0.0044581560359461,0.0508917795549886,0.2646795827123696,0.0051887844072548,0.0511530082518887,23.166666666666668,15.5,1
06300630,7.0,0.5714285714285714,0.6648697214734952,0.1213250517598343,-0.0255808959520559,0.818849720671466,0.1954451345755693,-0.031734595396428,0.9105341471874716,0.417391304347826,-0.0297337931093135,0.9183241213744832,0.1598343685300207,0.0095009190323837,0.746468489880759,0.0467908902691511,0.0053951322158567,0.7073565234003139,0.0144927536231884,-0.0010411703407542,0.5104218403646152,0.6919813322019517,-0.007931020295647,0.4945137275326782,0.2855324565125159,0.0066742455444567,0.4837617968231725,0.0224862112855324,0.0012567747511903,0.459236595178618,0.0383980181668042,0.0015545966608949,0.3395699243794471,0.5161290322580645,-0.0203272660415517,0.5641728463798072,1.2066716388992265,0.0193063737484169,0.0953659833771225,0.8544231623230306,0.0210242896944258,0.1771035702391946,0.7708093537565543,-0.0435672182642013,0.7022989901968147,0.947041431191287,-0.0365164702299182,0.5537834537350038,0.0,0.0,,0.0,0.0,,0.0,0.0,,0.0792733278282411,-0.000157077994935,0.0004515781694284,0.1362510322047894,0.0036426424334523,0.0385870605903179,0.2155243600330305,0.0034855644385172,0.0290329323859989,15.5,8.0,1
06300631,7.0,0.2378378378378378,0.2667016531094204,0.1444523639819434,-0.0357792990629198,0.7614688270626878,0.2264195770966975,-0.0220247366670788,0.7079367907977108,0.4502257068187217,-0.0163274237298016,0.7397359747695751,0.159895462105013,0.0059712541645705,0.6375023866767062,0.0586837728676645,0.0036881697648541,0.657726197015634,0.0168686148728914,-5.192209574888441e-06,4.242514090202487e-05,0.4982491245622811,0.0060929658066848,0.1328586353610408,0.4057028514257128,-0.0069037934189921,0.2453742787576006,0.096048024012006,0.0008108276123072,0.039688231358227,0.0256227758007117,-0.0004468507001282,0.1055602125928459,0.2777777777777778,-0.0715405365560163,0.9228406829260308,0.8052050169433388,-0.0382330339095111,0.4086333350961574,0.5701516425153613,-0.0209379675722003,0.3291801078497023,0.41484531191759,-0.1172602657324149,0.9339704944563872,0.5096924369258663,-0.1307861742001599,0.9246647091639796,0.0,0.0,,0.0,0.0,,0.0,0.0,,0.0654804270462633,-0.0007070378028214,0.0059321925546287,0.1580071174377224,0.0038945110708861,0.0536833601591221,0.2234875444839857,0.0031874732680646,0.0256565663336638,18.0,5.0,1
06300632,7.0,-0.0895752895752895,0.0346357786357784,0.1557155715571557,0.0103041041292113,0.741751033751199,0.2246624662466246,0.0053225219952387,0.1670734616886899,0.4167416741674167,0.0046562815423282,0.2992735434471438,0.1737173717371737,0.0112920290387457,0.9162790538319752,0.0486048604860486,0.0056678555480865,0.9744044830465496,0.0093609360936093,0.0006720662647734,0.3655720812390888,0.6931475903614458,0.0069044544185504,0.483976193769423,0.2831325301204819,-0.0064556163386558,0.4832789156497873,0.0237198795180722,-0.0004488380798945,0.2367088605439259,0.010596264367816,0.0007311715363306,0.6686403698007416,0.5932203389830508,-0.009039039039039,0.0663602025941441,0.3329914485528319,0.0154178577506562,0.547514791165185,0.2357854426400406,0.0128183613799299,0.6165527361784761,0.885940835620616,-0.0280854915967741,0.2455554691383591,1.0884957127569348,-0.0156427548597802,0.0558024906391207,0.0010775862068965,-0.0004859437933735,0.6628149547609374,0.3794730924011678,-0.1354118994361502,0.6239562000522958,0.1965829885538,-0.0904465021989825,0.6841422069676375,0.0581896551724137,-0.0006044679464965,0.0079177874727253,0.1454741379310344,0.0037904942493069,0.0405628652949986,0.2036637931034483,0.0031860263028104,0.0235009644185252,9.833333333333334,5.833333333333333,1
06300633,8.0,0.1891891891891891,0.1697851697851686,0.140562942496978,-0.0023939759327902,0.0910732184361768,0.1961664652046278,-0.0084072713654642,0.5672382786653705,0.3745467104127093,-0.0109664329810107,0.8712193200447733,0.1984113279226385,0.0106828758172446,0.9272658242815112,0.0768433776549818,0.0049951218055842,0.8790731520719421,0.0267656708685891,0.000877308929596,0.3256153859700377,0.6483437779767234,0.0123406300307373,0.6591888062766978,0.3201432408236347,-0.0120883986442995,0.6720030087176041,0.0315129811996418,-0.0002522313864378,0.0781621412681343,0.0360020572604148,0.0007725429558504,0.2673430967424813,0.6571428571428571,0.0463176514601679,0.7788174055668144,1.1313776989596174,-0.0057826792624103,0.0203086971252167,0.8011088353818188,0.0035057968560019,0.016364227749658,0.9814054807650416,0.056395680616966,0.6977903891707993,1.2057866793560494,0.0859891974305546,0.7868861845002849,0.0012000685753471,-0.0001974726812291,0.2298061383056096,0.4226053845770591,-0.0401129535098341,0.0976994364924527,0.2189273261864366,-0.0367515525431394,0.2114868918016276,0.0555460312017829,-0.0005213588603992,0.0087165764894522,0.1388650780044574,0.0026746025356121,0.0274857274306865,0.1944111092062403,0.0021532436752129,0.0140000734052384,35.0,23.0,1
06300634,8.0,0.0,,0.1260248301710002,-0.0048868387265399,0.1982675470628848,0.2042632935113609,-0.0114243579617434,0.618124658041043,0.3954087608339189,0.0002688269377135,0.0015119691230771,0.1806043569922698,0.0049398646973473,0.6397298900162895,0.0700398219723588,0.00147913432853,0.5053050913319148,0.0330288123682361,0.0015919633146651,0.4881430054452934,0.6225955685415144,0.0117468364396599,0.742420201981834,0.3542731921110299,-0.0093314179977923,0.7011245813036393,0.0231312393474555,-0.0024154184418675,0.7368332491688001,0.0256529850746268,0.0003644648936426,0.049576857530682,0.7545454545454545,-0.0093996251890988,0.0858693605941244,0.8061543543259809,-0.0100163579249165,0.0440311801179841,0.5708238517746494,-0.0016424193032835,0.0025154925123396,1.126870720008872,-0.0327454444084502,0.3582570997837777,1.3845100013949896,-0.0159385398075699,0.0688939969314326,0.0,0.0,,0.0,0.0,,0.0,0.0,,0.0671641791044776,-0.0010588229830775,0.0213140127449761,0.1217350746268656,0.0029507003101822,0.0379602018421746,0.1888992537313432,0.0018918773271046,0.0099468063243346,18.333333333333332,13.833333333333334,1
06400735,9.0,0.0455598455598455,0.015186615186615,0.1296158979682634,0.001087340748251,0.0288611955031797,0.1938306391813732,0.0003735601665904,0.0070906130966779,0.3612635325522764,-0.00382283675948,0.3309005865773265,0.1963517722082159,0.0112710908274369,0.9384606729939402,0.0685154975530179,0.0022700697038643,0.6051219971770109,0.0249147263829156,5.262577320120382e-05,0.0027950917194506,0.6061638531825926,0.0139275790786107,0.6867756782906045,0.3541892519746012,-0.0135244903475258,0.7287563075840112,0.0396468948428062,-0.0004030887310848,0.0676449657546385,0.0372395448500073,0.002098294102056,0.8203063379257363,0.8134920634920635,-0.0214295725929373,0.4135641602518822,1.170266195010749,0.0381820025998018,0.4972227070215693,0.828645101838123,0.0340332701051779,0.6511963108736678,1.2149041277586563,-0.0523310510853289,0.651027838184767,1.492670708140037,-0.0379357160921291,0.3809054478930976,0.0066499187232156,-0.000411083511629,0.3021038694334977,2.341775726122768,-0.0247138560005975,0.0173020711060707,1.213138111719623,-0.0794363520639253,0.289199828855229,0.0718191222107285,-0.0001393581030387,0.0006513557946918,0.1090586670607359,0.0017739585572168,0.017650893639147,0.1808777892714644,0.001634600454178,0.0107178218365598,42.0,34.166666666666664,1
06400736,8.0,0.003088803088803,2.328243534288621e-05,0.1255605381165919,-0.0064406164741225,0.3067540763936778,0.1966688020499679,-0.0055323024872057,0.1112967388542159,0.3792440743113389,0.002800861837375,0.0367543222370172,0.1877001921844971,0.0136097864411626,0.9564540128342758,0.0723894939141576,0.0064529465754934,0.6979907768271304,0.0153747597693786,0.0004447131030503,0.0644813548357942,0.7578947368421053,0.013045489496017,0.7712827085648114,0.206578947368421,-0.0138824986981539,0.7771433333327502,0.0355263157894736,0.0008370092021368,0.2510287224240001,0.0275464445868033,0.0009786250594888,0.0485265395118718,0.627906976744186,0.0227155727155727,0.1180073166828132,0.8656570058123677,0.0087908402361064,0.0033447990119405,0.6129566425113095,0.0117015083921616,0.012302869449531,0.9377433562416222,0.0198853700226459,0.0430236605958415,1.152141973702191,0.042855412925522,0.1231067494898016,0.0038436899423446,7.275625252311903e-05,0.1849414382650374,1.3535593712297902,0.0819674515944954,0.6594729852895128,0.7012005639125937,0.0115221093960613,0.274557313238241,0.0691864189622037,0.0008549147189106,0.0133408071476821,0.1768097373478539,0.0059216065996635,0.0493627365473579,0.2459961563100576,0.0067765213185741,0.0574177994869798,7.166666666666667,4.5,1
06400737,9.0,-0.1976833976833976,0.2965250965250952,0.1452651515151515,0.0098454469584756,0.5794227886863845,0.2073863636363636,0.0065708702248131,0.198936224212292,0.3710227272727273,0.0002584508679474,0.0007757892607156,0.1893939393939394,0.0063775972296125,0.5971489222185019,0.0744318181818181,0.0029367714372952,0.7165832517449403,0.0227272727272727,0.0012858570540775,0.4669000600084679,0.622879684418146,0.0062551481650626,0.364662314896339,0.3538461538461538,-0.0056305733874397,0.3144616172776706,0.0232741617357001,-0.0006245747776228,0.2766585977483117,0.0393596986817325,-0.0004695388629245,0.0986158655912888,0.8181818181818182,0.0243486043065875,0.4976960266182969,1.2368927976581223,-0.0508332103319952,0.6254574584229551,0.8758222382633567,-0.0268779149514535,0.4981562837338821,1.2219080096481745,0.0189818477560424,0.2038071618782646,1.5012759051270972,0.0458360045283489,0.5343071123249818,0.0022598870056497,-0.0006000707217711,0.7573694950028221,0.7958215361543136,-0.1534760003423266,0.666303916563161,0.4122689567862744,-0.112375091330592,0.7691129388734801,0.0824858757062146,0.002231825808368,0.1348095478967589,0.119774011299435,0.0023824367928039,0.0238537184887427,0.2022598870056497,0.0046142626011719,0.064508399829921,34.833333333333336,28.5,1
06400838,9.0,0.0,,0.1382216603455541,0.0048801597435391,0.2381558236570304,0.1898440792246102,-0.0017999395835397,0.028306311717512,0.360724820901812,0.0058126244227025,0.4244209204995759,0.2157606405394016,0.0128739170681676,0.9271644029521248,0.0790139064475347,0.001785331999145,0.341484853735279,0.0356089338390223,0.0013811648384099,0.3043662450460432,0.5850079024610522,0.0123378272217902,0.6197319791159696,0.3878979453601264,-0.0136625163955984,0.6340406693522975,0.0270941521788214,0.0013246891738082,0.3831687586039408,0.0184486373165618,0.0004326931005713,0.1653673646336841,0.6818181818181818,0.0523925495354066,0.5910661500064274,0.5797551146917914,-0.0017301908840944,0.0044657176536575,0.410514494995337,0.0026115807698762,0.0171801565036747,1.0182566747068118,0.0649104373993159,0.4926339431193799,1.2510632542725808,0.0972870849070493,0.5774189067538236,0.0088050314465408,0.000622619813702,0.7194197233338969,3.1007008908653915,0.3337498515323649,0.8705185714615966,1.6062931995540692,0.1113656405626878,0.7221953024388603,0.0716981132075471,0.0008304787406504,0.0195607104555385,0.1056603773584905,0.0028007903619064,0.0366202064414041,0.1773584905660377,0.0036312691025568,0.0495495641974741,14.666666666666666,10.0,1
06400839,10.0,0.1976833976833976,0.2965250965250967,0.1208201892744479,0.0075109269167247,0.2997851509579247,0.1643533123028391,-0.0024698255649334,0.0499308419280373,0.3056782334384858,-0.0102744263679478,0.7497118389438989,0.2176656151419558,0.0128262347104197,0.8729125133906247,0.079179810725552,0.0026905281645065,0.4174313442740081,0.0416403785488959,0.0005052326335522,0.0548919061365515,0.5632107023411371,0.0059143450875826,0.1099029947420011,0.4026755852842809,-0.0060975996551751,0.1219865236060184,0.0341137123745819,0.0001832545675924,0.0169480767448088,0.0415617128463476,-0.0001132540188612,0.0034431875725829,0.8106060606060606,0.0021032769479974,0.0185977717767188,1.3060918909382138,-0.040870897169868,0.1909613573286751,0.9248209104822532,-0.0194111598940886,0.1299940019800105,1.2105940465958764,-0.0154198051251885,0.2664338908691642,1.4873752023018465,0.0051095733206767,0.0423117745642057,0.0,-0.0011911466341457,0.5114117855920964,0.0,-0.3731438224867914,0.5119012775189642,0.0,-0.2200470136627876,0.5109992918154183,0.0869017632241813,0.0018899565914201,0.0654199158225483,0.1284634760705289,0.0028918895934051,0.0241755616219496,0.2153652392947103,0.0047818461848252,0.0487073764607758,22.0,17.833333333333332,1
06400840,7.0,-0.2393822393822393,0.3590733590733591,0.141363862618218,-0.005389730828138,0.2276484092645475,0.2130413140866102,-0.0093183746217991,0.5012925061935007,0.4265803882528621,0.0082671980955014,0.1996205564257752,0.181184668989547,0.017566158493305,0.9432755086948086,0.0547536087605774,0.0049754801962502,0.7494063977163848,0.0154305624688899,0.0013147335981298,0.1364379852158174,0.8006295907660022,0.0058302152750577,0.2598477075998686,0.1930745015739769,-0.0030528129415354,0.0919081747974288,0.0062959076600209,-0.0027774023335222,0.8396271893497148,0.0222662048490846,0.0029482075753819,0.749301320532207,0.7333333333333333,-0.033609119323405,0.5098478078087119,0.6997235581428694,0.0807119769110355,0.6531891294120111,0.4954620594594772,0.0602011718283541,0.6889105180549153,1.0951916234624377,-0.0688016456101829,0.627252517523557,1.345588033484287,-0.0605751943579512,0.5125124242175543,0.0089064819396338,-6.147369972594917e-06,0.0005360828070758,3.13642678647655,0.1367279594933758,0.5913725896321588,1.6248007129157227,-0.0055024389225166,0.0278320483024422,0.0801583374567046,0.0001800672658865,0.000658321986246,0.1543790202869866,0.0039679646245906,0.0262178531122257,0.2345373577436912,0.0041480318904771,0.0237431688761159,7.5,5.5,1
06400841,9.0,-0.0517374517374517,0.0157803153250808,0.1324948815443112,0.0088767816138355,0.3872823295335029,0.1991810470897923,0.0038205793602983,0.1920001610697023,0.3606317636735888,-0.004224075553144,0.1340571981113532,0.1591108511260602,0.0059272930790435,0.874365643896738,0.0596665691722725,0.0082764930279171,0.9162802038733602,0.0207663059374085,0.0027758941816446,0.8790821762104081,0.5995174909529554,0.0077246071187614,0.289259124974679,0.3570566948130277,-0.0068918328820603,0.2783362709881875,0.0434258142340168,-0.0008327742367011,0.2461048984110448,0.0281567489114658,2.825032834399589e-05,0.0005841674364561,0.6391752577319587,-0.0060602619426148,0.0223079020757284,0.8848360404299542,-0.0243099637302371,0.2518182419216547,0.6265369827463797,-0.010864795798794,0.1364151368369428,0.9545718929897536,-0.0241255233391077,0.1410060158661793,1.1728180610500345,-0.0102610207279771,0.018069495476557,0.0052249637155297,0.0001448970486712,0.0519919922817987,1.8399763528212216,0.1311765993630817,0.3126270014005947,0.9531849755595576,0.024824491064388,0.0413231188564249,0.0522496371552975,-0.0004319597375269,0.0036029980070596,0.1062409288824383,0.0013177749263322,0.0087374816470207,0.1584905660377358,0.0008858151888052,0.0031506432236092,16.166666666666668,10.333333333333334,1
06400842,8.0,0.4779922779922779,0.7329741207528159,0.1568424681144433,0.0113324085226597,0.6581046048334143,0.2237159600137883,0.0153849385647731,0.7039771820038568,0.3915891072044122,0.003582659504464,0.2479859245285255,0.1209927611168562,0.0086885871222526,0.8859118598184348,0.0351602895553257,0.0053231666086172,0.9075662897484902,0.0137883488452257,0.001318632281493,0.730034760554274,0.6002855103497502,0.0104429778209348,0.4117676466705772,0.356887937187723,-0.0133831473793273,0.5810837139414942,0.0428265524625267,0.0029401695583924,0.6377479133852939,0.0350756533700137,0.0022507172726141,0.830534063502882,0.7058823529411765,-0.0023125466402777,0.0099566088739017,1.102265120913093,0.0455992374654685,0.6295984635262087,0.7804947261278888,0.0386452885471935,0.7617497786436058,1.0541951455788172,-0.0199052615177651,0.225419994004458,1.29521842795279,-0.0031285067375341,0.0059526053132852,0.0020632737276478,-0.0010521452685929,0.7289287458458493,0.7265839678437767,-0.2991133771337227,0.6363731879567954,0.376400990463397,-0.1962083736514891,0.7108224703381991,0.1134800550206327,0.0031433128225495,0.0749026260330911,0.1196698762035763,0.0019532945478475,0.0131141503651546,0.233149931224209,0.005096607370397,0.0545289945868932,17.0,12.0,1
06400843,10.0,0.1057915057915058,0.0594805867035693,0.1339905074844833,0.0182344037452302,0.7103731194725046,0.1770719240598758,0.0073673542931245,0.1415750917495909,0.30741146403797,-0.009596842260731,0.2276543795350247,0.2278203723986856,0.0158897779836058,0.9353526372388608,0.085797736400146,-0.000642254974668,0.0367144888153376,0.0394304490690032,0.0001348841167725,0.012184755494774,0.5620465826651394,0.0164448220588315,0.8166661663212598,0.4108438335242459,-0.0164720521094924,0.8439908336580435,0.0271095838106147,2.723005066092111e-05,0.000129512898417,0.0390032502708559,0.0015652023003747,0.5809088616054753,0.5555555555555556,-0.0208443737855502,0.4894517804945917,1.2256912771456023,0.0185220526499888,0.1663136774861701,0.8678906367649866,0.0208563422260285,0.331598793132942,0.8296906238351801,-0.0450041529645118,0.6760643009812534,1.0193848738517326,-0.0374151341298864,0.4639656288636047,0.0043336944745395,0.0004407846693946,0.1462307794125421,1.5261149718235485,0.2013348217309665,0.2409082258842786,0.7905916072716205,0.0793591759008936,0.1477714136089627,0.0910075839653304,0.0032913877880757,0.2265155405592835,0.1278439869989165,0.0041272274321433,0.0898074900116665,0.218851570964247,0.007418615220219,0.1649554022732485,18.0,10.0,1
06400844,10.0,0.0,,0.1081429031219826,-0.0084407478332256,0.6880866010917812,0.1707434824589636,-0.0063337670725167,0.5339534542399784,0.3170260701641454,-0.0066446858760004,0.5699623480368566,0.2458963630511747,0.0105522073848172,0.8799984400275347,0.1005793369810106,0.0040914452342809,0.6508840109977863,0.0535886707434824,0.0015542289035873,0.3717247748290441,0.5215358931552587,0.0152059359464261,0.790309784135402,0.4474123539232053,-0.0165747664271553,0.8240559118508266,0.0310517529215358,0.0013688304807291,0.6981645015620572,0.0232409039910242,0.0001522061117389,0.0369962563725811,0.7793103448275862,0.0081727203466333,0.2996102159224049,0.730353831974416,-0.0155690055444872,0.2114022315733331,0.5171508226542804,-0.0059086505911411,0.0780525613626955,1.1638556750901767,-0.0053407298411955,0.0773482001640623,1.4299509195961546,0.0161564397877223,0.3781608463016928,0.0064112838595928,-0.000756954683774,0.4820541689698278,2.257740213164185,-0.1314162996768835,0.2321271578890282,1.169604188991354,-0.1419654832072236,0.5037650186120979,0.0634717102099695,-0.0005002980901545,0.0051743427949371,0.1019394133675268,0.0019315600136441,0.0326510827627555,0.1654111235774964,0.0014312619234895,0.0092207955490635,24.166666666666668,18.833333333333332,1
07100101,8.0,0.1196911196911196,0.1328314335474241,0.1328976034858388,0.0056601559712587,0.5465542162129006,0.1935770192850802,0.0017718094596271,0.0824675414094646,0.354474300008069,-0.0059552295129101,0.6052382010071784,0.1781650931977729,0.0025997086783287,0.4170039875177647,0.0728637133865892,0.0018885809580062,0.3996775415005814,0.0296134914871298,0.000700989200438,0.256368245819797,0.4926112510495382,0.0153515272499635,0.6547928842588459,0.4235096557514693,-0.0174023055556929,0.7393263183729264,0.0838790931989924,0.0020507783057293,0.7271004829100077,0.055006031363088,0.001082116682841,0.3841182243662514,0.8128654970760234,-0.0008247811834678,0.0026536368435642,1.3806008890655952,0.0509219386970324,0.8103558304122004,1.2239805465981155,0.0030770555316358,0.0169961600246655,1.3745767928593415,0.0012547708641786,0.0032967011795761,1.4915210259514826,-0.0001972021434427,4.892225807240358e-05,0.0148773622838761,0.0002763100619373,0.0910989654542733,1.7845272678495323,-0.1549835986111017,0.4125624698041383,2.7140625231135016,0.0439689746839156,0.0499765592556961,0.0564535585042219,-0.0009763677929468,0.0212309254791805,0.0998793727382388,0.0009327845245453,0.0063403626522769,0.1563329312424608,-4.358326840155017e-05,8.522688133449918e-06,114.0,92.66666666666669,1
07100102,8.0,-0.1791505791505791,0.1391616105901816,0.1663366336633663,0.0141555746507193,0.7137690941766122,0.2366996699669967,0.0084595493235195,0.2813886647044124,0.401980198019802,0.0108021310256108,0.3473423099011642,0.1891749174917491,0.0027256180581816,0.4720202471986275,0.1004620462046204,-0.0018116470770355,0.3051241714376209,0.0629702970297029,-1.2096116689334628e-05,2.3747429000353648e-05,0.606730635516618,0.0052208696298434,0.1804012660202738,0.3546099290780142,-0.0037945438409465,0.1399901557774721,0.0386594354053678,-0.0014263257888969,0.2870866890033055,0.0703114732553555,-0.0027461858891744,0.3738143642637785,0.6093457943925233,-0.0231313249607129,0.693624203020351,1.764753429439305,-0.0354332296755557,0.1805351975532417,1.5645534377700905,-0.0929898718256114,0.5912785538848784,1.0304196583706964,-0.0370426916836491,0.8070148410999619,1.1180841943480313,-0.0414724712667479,0.7418690816205241,0.0191878039164147,-0.0019454940595446,0.9439407203399752,2.3015611669349627,-0.5569342345593538,0.9566857104797278,3.500412137360659,-0.3685387780068965,0.938747638328482,0.0725456696017873,0.0015640253339944,0.062105664346357,0.1474569588645025,0.0037006633466069,0.0489466088872364,0.2200026284662899,0.0052646886806013,0.0721557052533383,89.16666666666667,54.333333333333336,1
07100103,6.0,0.0594594594594594,0.0258665445106117,0.2042073948151296,-0.0044883208700412,0.0550634076171701,0.2736931576710582,-0.0098066368519009,0.3847011821981845,0.4847003824904377,-0.0035169985571541,0.0743301954119355,0.1143221419464513,0.0086162404951843,0.8409420622609991,0.0471738206544836,0.0031716138950723,0.8576197732569102,0.0250743731406714,0.0004829221048239,0.1668663273394652,0.7007874015748031,0.0151263724531165,0.8315812988731675,0.2573678290213723,-0.0147765632292333,0.8490067959928709,0.0418447694038245,-0.0003498092238832,0.0298933775406073,0.0943476413089672,-0.0021579365993177,0.2906132164496922,0.6081081081081081,-0.0047548255107712,0.0589815585369088,2.368039181241696,-0.0106132831688065,0.0301360529589594,2.0994002788044384,-0.0889142339524054,0.7253025426970021,1.0283266985273802,-0.0061476461644256,0.0408247595104428,1.1158131727295992,-0.0078143699078925,0.0547955802141341,0.0050998725031874,-0.0001168091596822,0.02476989847082,0.6117254773285564,-0.0837360900370671,0.4837699024653304,0.9303647091096972,-0.0240831300473925,0.0362643043685714,0.1070973225669358,0.0021325520209639,0.0575277845248982,0.0994475138121546,0.0014947212805323,0.0111172923836618,0.2065448363790905,0.0036272733014963,0.0383170881160673,74.0,45.0,1
07100204,7.0,-0.0131274131274131,0.0006136554257549,0.1865874363327674,0.0187725531513665,0.9210885129123476,0.2597623089983022,0.0236210338594174,0.904815132088067,0.434295415959253,0.0030862206253488,0.0329961025973831,0.1485568760611205,-0.0011970352561654,0.0382045143093632,0.0398981324278438,-0.0100805495383794,0.7873066389261955,0.0132427843803056,-0.0092561231079156,0.7731818393013568,0.7141089108910891,0.0245909131533267,0.7616024607108229,0.2415134370579915,-0.0273403797572974,0.8254453957242789,0.0443776520509193,0.0027494666039707,0.7014982244605008,0.0575490859851049,0.0031482853980605,0.7191287222640341,0.7470588235294118,0.0036411331589824,0.0265076405227875,1.4444292254333575,0.1020951612003301,0.8783714649384937,1.2805679663619391,0.050451553365789,0.6982713408071572,1.26329598859612,0.0086618983044029,0.0729058139336039,1.3707728362500358,0.0079300475192581,0.0400959662485485,0.0101557210561949,0.000987515047334,0.6704187743022383,1.2181703183430037,0.0160972443412441,0.0403088768145828,1.8526981724230849,0.1780306443180889,0.7085374895085563,0.0832769126607989,0.0002378668730572,0.0014747818633773,0.1371022342586323,-0.0003507120878055,0.0002786660548871,0.2203791469194312,-0.0001128452147483,2.230179004292232e-05,56.666666666666664,42.333333333333336,1
07100205,7.0,-0.2393822393822393,0.3590733590733591,0.1820337978061073,0.0019453864263223,0.0808826780831896,0.266824785057812,0.017068336777988,0.8975089180025198,0.4381855914616069,0.0173048644213107,0.625275659438537,0.1408241921138452,0.0086708740063119,0.8714011736733445,0.0533649570115624,0.0047379573759429,0.9298997329914088,0.0204565668544322,0.0003092226152634,0.019641058941624,0.660853316723762,0.0111603580753212,0.5689184552801008,0.2609778885082529,-0.0181203508444776,0.7900956122455417,0.078168794767985,0.0069599927691564,0.9166159661659689,0.0621485646641018,0.0050477978326831,0.7542939895127603,0.5714285714285714,0.0121909499295154,0.2444286259035278,1.5598719177364155,0.1520575405412854,0.7703433024249968,1.3829144234336042,0.0927982019978377,0.5983960141814737,0.96630064369557,0.0224068023346137,0.2334069913474589,1.0485101559617822,0.0232899352375553,0.2481456121811333,0.0097662030186445,-0.0001871215572709,0.0306300292032305,1.1714479527741213,-0.1539889662797808,0.5554794671870119,1.7816387811398555,-0.0401633563759838,0.0447134985030339,0.063924237940219,-0.0005272675704362,0.0049629825100163,0.1260728026043208,0.0024597650367424,0.0267366402587068,0.1899970405445398,0.0019324974663062,0.01304184753059,35.0,20.0,1
07100206,7.0,-0.0416988416988416,0.0069498069498071,0.1963130025495195,0.0206850109005574,0.6576042192122589,0.2478917434791135,0.0127463413038543,0.4275528315434118,0.4296920964895077,0.0133301139227069,0.3974487604386406,0.1298293783094724,0.0014717751444407,0.1169324667806455,0.0505981565012747,0.0004978892160038,0.0550890440015366,0.0129437144538144,-0.000573426789386,0.3056294172893341,0.7007496876301541,0.0021904098432204,0.0733465731860175,0.2655143690129113,-0.004098986195367,0.2556853518851613,0.0337359433569346,0.0019085763521465,0.7457188443605842,0.0533515731874145,0.0024338016100108,0.7262788167702152,0.5860805860805861,0.0128994745256749,0.328368932234018,1.3390755077273309,0.0836804990458225,0.772000055854004,1.1871659542342765,0.0355759906778807,0.460804151412802,0.9910775832775076,0.0235340313820091,0.3971874818940796,1.075395031755674,0.0245207993624029,0.3788184724852482,0.001172562048075,-2.0682932946404155e-05,0.0010904980290563,0.1406478452368666,-0.0190653710444268,0.0382506536150054,0.213909337554731,-0.0044096880692329,0.0013111930036575,0.0703537228845026,0.0011471256074546,0.0215362158121453,0.1571233144420558,0.0023836114001125,0.0152632385811212,0.2274770373265585,0.0035307370075671,0.0262404990908381,45.5,26.666666666666668,1
07200307,7.0,0.1111969111969112,0.0389911247054101,0.1903398243604429,0.0113959226881839,0.4753795629026478,0.2563955708285605,0.0032643490593307,0.0732604912472569,0.4322260404734631,0.0080752212705306,0.2982447611328511,0.1521573119511264,0.0110786227961146,0.9194492894804,0.0588010691103474,0.0012196274312686,0.1657338547279478,0.0206185567010309,3.9225635218489155e-05,0.002124532933704,0.6663975782038345,0.0026746784159952,0.062197074280024,0.2960645812310797,-0.003167535368977,0.1024558789671865,0.0375378405650857,0.0004928569529818,0.1161893860083387,0.048,0.0033657960429617,0.7034389159043549,0.6785714285714286,0.044241017502439,0.6857282556149897,1.204755933721451,0.1029658233395072,0.8111152073587421,1.068084076978777,0.0593963258338598,0.6603613890303525,1.1474820143884894,0.0765956684830015,0.6479745102959404,1.2451058102046164,0.0821850195316018,0.6680313395468715,0.0026666666666666,9.937368047934148e-05,0.0980200106159167,0.319864455145354,-0.0191535284508481,0.2342670188636954,0.4864773690078038,0.0169473820025734,0.0953099912288824,0.088,0.0008410004519806,0.0161796468949073,0.136,0.0027170222043847,0.0244739226179975,0.224,0.0035580226563653,0.0298972134056622,42.0,28.5,1
07200308,6.0,-0.2393822393822393,0.3590733590733592,0.1983353993270763,0.0056062870827706,0.3829041305269641,0.2851071365326722,0.0085403768815461,0.4585328566262674,0.4632548255710997,0.0074448186611502,0.3680181484816246,0.159553745351514,0.0084995348520593,0.7592584086509175,0.0605631308659465,4.821687953303595e-05,0.002537024306495,0.0292190543651496,0.0006606074970682,0.2423100622607676,0.7251342841266901,0.0080912644540747,0.5553189338774294,0.2437488423782182,-0.0098203651421882,0.6814169182861045,0.0311168734950916,0.0017291006881135,0.5115615282020081,0.0406432231843081,0.0007589980332281,0.2496258716879176,0.417391304347826,-0.0162904972605559,0.4832562829614548,1.0201075895179277,0.0368659192565632,0.6078226227964598,0.904382906671963,0.0012547946539864,0.0020394534431841,0.7058196006124162,-0.0263452931639489,0.4435293756516456,0.7658682878329539,-0.0293157580389605,0.473693040433959,0.0031807739883371,-0.0001755540490069,0.0293271357537319,0.3815312020199929,-0.068306500676482,0.1550767315170275,0.5802654604705205,-0.0346406085827421,0.0296203677784958,0.0837603816928786,-0.0003912955798991,0.0033673164633052,0.1410143134829475,0.0020175079244195,0.0116017335451161,0.2247746951758261,0.0016262123445204,0.0054261140289292,38.333333333333336,16.0,1
07200409,6.0,0.3459459459459459,0.5189189189189191,0.1931634304207119,0.0003878642458742,0.0006899540109998,0.2579894822006472,-0.0109630831911708,0.501588799703271,0.4818972491909385,-0.0125345652915862,0.6010483547829757,0.1188309061488673,0.0060956156560127,0.8777430288325004,0.0359021035598705,0.0014683827709142,0.699017524687999,0.0155744336569579,0.0006383633855718,0.6631518229689917,0.6639519931418774,0.0066651022858529,0.5416594940537511,0.2972567509644235,-0.0076389093728267,0.6332072794971444,0.0387912558936991,0.0009738070869737,0.4427706391591467,0.0654545454545454,0.0013162735978503,0.373822057739013,0.5987654320987654,-2.705709355149795e-05,7.90709678866186e-06,1.642849000529251,0.0612824951391003,0.7990248656796002,1.4564782867892412,0.0044828339772275,0.0160843928087668,1.012527989304463,0.0018717873037906,0.0111193328321629,1.098670364040201,0.0009211751119175,0.0023748474971049,0.0019191919191919,3.596132631283278e-07,1.0503192202193644e-05,0.2302054790818835,-0.0253590955484015,0.7195051512458615,0.3501162883010709,-0.0008789416408119,0.0020437812509453,0.0993939393939394,0.0028849305379787,0.2166727305255102,0.1127272727272727,0.0025899319142322,0.0359309721587609,0.2121212121212121,0.005474862452211,0.1085602385095128,108.0,64.66666666666667,1
07200410,2.0,-0.7382239382239383,0.8375103856116515,0.4223304665499657,0.0638756576773359,0.9588239731838766,0.5325367227338458,0.0592960941911733,0.9761431185114616,0.7187761625694498,0.0466671907854824,0.9678105947564128,0.0404901438465636,-0.0102814456648656,0.9748981433149542,0.013775782022985,-0.0042320954842546,0.8917682583326371,0.0050993226272927,-0.0010337208219652,0.8977165176018891,0.7061832936402929,0.0443757672474767,0.9052486669248434,0.2673546793684396,-0.0398567501598887,0.8814605240385112,0.0264620269912675,-0.004519017087588,0.9087113905976666,0.0217573221757322,-0.0044181527111494,0.8619071811574972,0.6223776223776224,0.0230337359717893,0.3688938232311616,0.5460888123563061,-0.0966372744828091,0.7950359369523285,0.4841385286166003,-0.1127144667844416,0.8671908959209157,1.052456819969126,0.0410257919667228,0.4424987704501202,1.141996201335997,0.0433363939775287,0.3874682989283745,0.003195131228604,-0.0006840380529861,0.4741977780816045,0.3832533410832503,-0.1496696894708706,0.6765868938571429,0.5828846376472354,-0.1275929071981686,0.5016415622823698,0.2154431342715861,-0.0002723437765893,0.0001905012916419,0.0963103841764929,0.0004579176413828,0.0033548389465383,0.3117535184480791,0.0001855738647934,6.13691752628931e-05,47.666666666666664,29.666666666666668,1
07200411,6.0,0.3498069498069498,0.3925579230286083,0.2048357664233576,-0.0005358916733527,0.0011205572332314,0.2851277372262774,-0.0179287959782135,0.3409350528456556,0.4945255474452554,-0.0179489276999043,0.6836447824270413,0.1300182481751824,0.0067457349194962,0.6912918098759124,0.052463503649635,0.002783405131167,0.6890998498479246,0.0187043795620437,0.0006004014292318,0.2654503671588712,0.6881981544439048,0.0104687164015889,0.6451034512228501,0.266634288489558,-0.013724019561129,0.7161946944999189,0.0451675570665371,0.0032553031595401,0.7091010167361507,0.0889598540145985,-0.0078095359035746,0.8954805577496855,0.6717948717948717,0.0205881728893236,0.5454257858536198,2.232810666397534,-0.148946882418739,0.8655190932784103,1.979512574236442,-0.2199150369996674,0.9439980529746158,1.136022679831843,0.0367153951602801,0.6585024532009613,1.2326715551499412,0.0387281518323169,0.6079382757970859,0.0027372262773722,-0.00136949807947,0.7578134286158718,0.3283280219329592,-0.2446638765136359,0.8268829278170855,0.4993494891731563,-0.2554424401244597,0.7496972809395672,0.1423357664233576,0.0040686503120449,0.1842573592372498,0.1751824817518248,0.004586003073554,0.0665145811378145,0.3175182481751825,0.008654653385599,0.1293665964775819,32.5,21.833333333333332,1
07200412,4.0,0.5544401544401544,0.6080774402566663,0.2357575757575757,-0.0648969853703844,0.8528583493271774,0.3521212121212121,-0.0585403760578277,0.8996690681292778,0.62,-0.0082912262657727,0.1237900924508921,0.0812121212121212,0.0049304481266101,0.1263276442968478,0.029090909090909,0.0044332072662669,0.2914530272387843,0.0145454545454545,0.0025889234449835,0.3806412466187433,0.6401780038143674,-0.0031659460365539,0.0227731083938799,0.2174189446916719,-0.0122142854097456,0.6191482803324798,0.1424030514939606,0.0153802314462995,0.3356434636919964,0.0132850241545893,0.0036438838668221,0.7402427821697504,0.4545454545454545,0.1951093951093951,0.8175898608331041,0.3334419099973822,0.0942575128793644,0.7564213608373299,0.295615057537403,0.0799692214478896,0.7191379794983852,0.7686482393032942,0.3306951219243756,0.8149944057506909,0.8340421695150539,0.3585998844502353,0.8174631258590279,0.001207729468599,0.000379767228688,0.1574737845972516,0.1448661481636567,0.0448560119826031,0.1574960116782197,0.2203248953839691,0.069237856674401,0.1574667073695963,0.0869565217391304,-0.0111536534385703,0.1044844871855089,0.0833333333333333,-0.0006964831722906,0.0037286757119041,0.1702898550724637,-0.0118501366108609,0.0932046275627775,3.6666666666666665,1.6666666666666667,0
07200413,8.0,0.1706563706563706,0.1781813759766511,0.1313212393642639,0.0053905816311845,0.3530625821397712,0.1905602825493658,-0.0038696408073998,0.1315762568192421,0.3599293626585326,-0.0114634015375036,0.6047668733693261,0.1558837694654037,0.0132743400373785,0.8607247580227785,0.0492855996147054,0.0054229797570865,0.9025264022262393,0.013485310643763,9.259137465817968e-05,0.0043664302477334,0.5901944209636517,0.0146127448926525,0.4962041691066214,0.3034657650042265,-0.0181939892788363,0.6633880018575242,0.1063398140321217,0.0035812443861837,0.3692270474601604,0.0424581005586592,0.0010769987352486,0.3845904693209814,0.6466165413533834,0.0143057747465656,0.265799002858476,1.0656593454705572,0.045714560230255,0.6215492599052628,0.944767107197242,0.0080721422490663,0.0496009929024781,1.0934454652344607,0.0259856522564414,0.3276676778611617,1.1864720185883324,0.0271366803190546,0.300134099843958,0.0027134876296887,0.0004475186531438,0.6457164287733819,0.3254805908302685,0.0318298067664781,0.3167694497701662,0.4950188710973263,0.081807092422952,0.6366021920517047,0.0747007182761372,0.0005706162390153,0.0092902709759327,0.118754988028731,0.0014837062172071,0.0093519685372469,0.1934557063048683,0.0020543224562224,0.0118095532456539,44.333333333333336,28.666666666666668,1
07200414,6.0,-0.3907335907335907,0.5148729086229086,0.198958935801041,0.005307420790011,0.1614988873596125,0.2967032967032967,0.0021288399823744,0.0225859198758409,0.4875650665124349,0.0001845956060517,0.0001046052883549,0.1278195488721804,0.0125520585633722,0.8308198334046674,0.0213996529786003,-0.0007928698456529,0.1264751919820292,0.0109890109890109,0.0004210220682444,0.076841433659797,0.7463592233009708,-0.0045299473576454,0.3639956003882167,0.2281553398058252,0.0039681751212029,0.4118137419181389,0.0254854368932038,0.0005617722364424,0.0714678221171873,0.0456911509543088,0.0006633539528574,0.0658398565972863,0.6962025316455697,0.0774661631804488,0.9217862112248568,1.1468059423076276,0.037964258011253,0.2469840900925913,1.0167081415235608,-0.0031182561984128,0.0024238802662758,1.177296670325299,0.1328020770619757,0.9162537946089268,1.2774569938141966,0.1431975169267334,0.917823540144624,0.0034702139965297,0.0015125282216567,0.6798787549921537,0.4162492909641681,0.1849532263576468,0.5436839798559335,0.6330677155971999,0.2781497836939551,0.6558294873887036,0.0867553499132446,-0.0008252736039653,0.0050469697337129,0.1700404858299595,0.0035442206857305,0.0206811880352848,0.2567958357432041,0.0027189470817651,0.008525006678114,13.166666666666666,9.166666666666666,1
07300515,7.0,-0.0223938223938223,0.0036690443470107,0.1629142423475841,-0.0059050820309301,0.2987183889975897,0.2388059701492537,-0.0026860491364684,0.0959050163025679,0.448773083733873,-0.00637802912677,0.1965068490997594,0.1492537313432835,0.0057409849588961,0.6595688451153561,0.0480647609410574,-0.00033568001022,0.022841085712997,0.0212496837844674,0.0012299735132364,0.6180212984632873,0.6723819572672118,0.0160466005261026,0.7336007414630459,0.3102083882880506,-0.0123858382874032,0.6616231115353215,0.0174096544447375,-0.0036607622386993,0.8392040311902577,0.0511335012594458,0.003601555706726,0.8502671570548263,0.6748768472906403,0.0025952431517438,0.0592195318279334,1.2834039386306388,0.1106002649920682,0.8874285509346703,1.1378099686539238,0.0636420047226992,0.7640376003429132,1.1412343809163197,0.0064116263134348,0.0609868746305012,1.238326649713484,0.0057894394512464,0.0680498912914597,0.0,-0.0002120191128537,0.1351711314903595,0.0,-0.0313466301927425,0.1352199872869298,0.0,-0.0392875546322212,0.1350474192715031,0.072544080604534,0.0004013622940303,0.004288309009928,0.1390428211586901,0.0031747009543266,0.0303539393779204,0.2115869017632242,0.003576063248357,0.0299452518147513,33.833333333333336,22.833333333333332,1
07300516,7.0,-0.2548262548262548,0.2371033762011206,0.1718931475029036,0.0103854888141091,0.6131075167645821,0.2313201703445606,0.0076999502353523,0.4379559961533711,0.4175377468060395,0.0064665287030591,0.256941818751206,0.167634533488192,0.0045632342666019,0.7837325669483645,0.0598141695702671,0.0012205827124883,0.2850404932385574,0.0209059233449477,-0.000202129076895,0.0492614743286917,0.6726142742582197,0.0031354369632573,0.1047353191929875,0.2933039294306335,-0.0023374319347035,0.0761257380145502,0.0340817963111467,-0.0007980050285537,0.2708708543602756,0.0480324074074074,-0.0029448487487598,0.5696904184246341,0.6827309236947792,0.0009841848525137,0.0017120251713984,1.2055693298958383,-0.0501543075937561,0.4220278153059772,1.0688051985585272,-0.0884914847356379,0.736766719372314,1.1545158293149882,0.0038354522068719,0.0120327775021362,1.2527380377455029,0.0028587475127303,0.004938592005975,0.0034722222222222,7.077420833733592e-06,0.0009651317309358,0.416490175970513,-0.044871079687556,0.6316149699220107,0.6334340742289112,-0.0003235186250887,6.642428963243852e-05,0.0694444444444444,-0.0001724329583456,0.0006840228216277,0.1354166666666666,0.0020751519414745,0.0149960906112047,0.2048611111111111,0.0019027189831289,0.0094790263375795,41.5,28.333333333333332,1
07300517,9.0,0.3907335907335907,0.5392123552123551,0.1580821917808219,0.0003404030865457,0.0018737709843352,0.233013698630137,0.0016255783836839,0.0359006120435134,0.3884931506849315,0.006805351325279,0.4760839661844697,0.1987671232876712,0.0094133654032621,0.4378682503323241,0.0747945205479452,0.007534516546952,0.608323827250328,0.0235616438356164,-0.0019896947411438,0.3496813153380579,0.5929228591648974,0.0243127478294625,0.9267630156151676,0.3302193913658882,-0.0221575189250998,0.9231937802918786,0.0768577494692144,-0.0021552289043626,0.6962019454719759,0.0347374179431072,-0.0014714582074103,0.4078669105474648,0.515748031496063,-0.0160035621711588,0.4577483273445591,0.8718772997733423,-0.0190155687414588,0.1248499909611465,0.772968395424785,-0.0488443230994599,0.5230756094349535,0.8721433959338952,-0.0252653689788338,0.5375769775900567,0.9463423356466084,-0.0285109188824633,0.4754109489229853,0.1278719912472647,0.0279575928401672,0.855696958013181,15.338139303246686,2.6111288401786896,0.8917236247618067,23.32756120190936,5.109452069326265,0.87709754305178,0.0656455142231947,0.0006963617123972,0.0063383695885741,0.1009299781181619,0.0011697780585639,0.0101500058857527,0.1665754923413566,0.0018661397709611,0.0143925466690146,42.333333333333336,21.833333333333332,1
07300618,7.0,-0.4216216216216216,0.4579683131407267,0.18523180197189,0.0131666675076131,0.8156178846202559,0.2731277533039647,0.0182298103093032,0.8787679419267782,0.4417872876022656,0.0078817854575181,0.418574446754464,0.131529263687854,-0.0013073818481255,0.0465239430056219,0.0513950073421439,-0.0016110360635164,0.6988839157996425,0.0216068806377176,0.0009929708285867,0.4061240174559758,0.6442307692307693,-0.0007437182201073,0.0057876115221353,0.3070214669051878,-0.0025849407746996,0.0857103367384867,0.0487477638640429,0.0033286589948069,0.7943181297166734,0.0606251311097126,0.0022166799947654,0.4059694679873494,0.6470588235294118,-0.0410728257685886,0.7613676285800643,1.5216351341055665,0.0805126388276346,0.6720172540735444,1.3490153583965567,0.0275280629334555,0.2257099954327356,1.0941933759493954,-0.0674131501058604,0.7685870314679044,1.187283558956724,-0.0744398938062379,0.7734480294132626,0.0050346129641283,0.0011928797867675,0.8270670290022155,0.6038976497394979,0.1147713997562759,0.623283775577766,0.9184594757856586,0.2189136050057469,0.8116339308353704,0.093140339836375,0.001178285852281,0.0211265651537946,0.1409691629955947,0.0027225365572228,0.0239312225666477,0.2341095028319698,0.0039008224095038,0.0326350997712725,48.166666666666664,31.166666666666668,1
07300619,6.0,0.2324324324324324,0.2161549809335597,0.18525555766673,0.0041917241899277,0.2609031972839557,0.2671480144404332,0.0009317587943946,0.0062592610214713,0.4556336690100703,-0.0146887516771058,0.5426274735643217,0.1413642409272278,0.005897182174219,0.7946501505728116,0.0571917157514725,-0.0029907953382012,0.8787656241182369,0.0161504845145354,-1.6361123137151247e-05,0.0001846926169205,0.6993269992082344,0.0149491686496594,0.7547539792526149,0.2430720506730007,-0.0130753060127072,0.7242374349232125,0.0576009501187648,-0.0018738626369521,0.4003742510555715,0.0316801810296058,-0.0003588896397688,0.0349917919807767,0.5059523809523809,-0.0117280959423022,0.1508428953071325,0.7951434599330715,0.0051109942769408,0.0154210684035789,0.7049395190318157,-0.0212489729947163,0.2535920267155279,0.8555786949387858,-0.0180221618652837,0.1606620104748601,0.928368367257828,-0.020658266954706,0.1511844667049104,0.0033943051103149,4.86901470074829e-05,0.2816850453840488,0.4071440830154893,-0.037260568647085,0.8445689804857905,0.6192197323784039,0.0073560616003116,0.4117261569563551,0.0973034131623609,0.0006572601943592,0.0090367397198432,0.1584009051480294,0.0028695287256245,0.0251928407535135,0.2557043183103903,0.0035267889199838,0.0268717830745585,28.0,14.166666666666666,1
07400720,6.0,-0.1289575289575289,0.2160793378184677,0.2012857459543338,0.0052519398456669,0.3051600552980901,0.2802039459099978,0.0036655695800294,0.1444008818153199,0.4927953890489913,0.0015747037751673,0.007648279517138,0.1168255375748171,0.0071313061654455,0.9314349321607728,0.0348038129017956,-0.0010783579020194,0.3743244022508079,0.0172910662824207,0.0008557050109545,0.6029569222275797,0.7652034750800183,-0.0053624978881228,0.4208406424475222,0.2034750800182899,0.0041156945141879,0.343313963048566,0.0313214449016918,0.0012468033739348,0.3345479734578059,0.0444985609918087,0.0046369249637638,0.7855797364415941,0.4925373134328358,0.0055669523521845,0.0443890510326037,1.116873029103072,0.1327174877555591,0.828822598510652,0.9901709259129132,0.0905221130890897,0.7430555816332817,0.8328934652749128,0.0108750975764302,0.0524518851695845,0.9037531568178048,0.0109494741567932,0.0499361150897155,0.0026566305069736,0.0003027074097692,0.1943529095483394,0.3186606261133701,0.0100919406002591,0.0121921393534794,0.4846464822969044,0.0551258315353493,0.1915330589301356,0.0783705999557228,-0.0006920648803426,0.0080563982771921,0.1833075049811822,0.0048315434741458,0.0386598321227634,0.261678104936905,0.0041394785938032,0.0253323060182727,33.5,16.5,1
07400721,8.0,0.2471042471042471,0.1853281853281855,0.1516410469464063,0.0022676547570971,0.0348430844702296,0.2156211051100955,-0.0018534804338051,0.013678594814232,0.3921894474449522,0.0044347060302872,0.0721599245159587,0.1516410469464063,0.0084759184768482,0.7461996747089654,0.0461154964686331,0.0002813425338116,0.0060715103753261,0.0074781886165351,-0.0018654264065734,0.6457809126909335,0.6826758147512865,0.0131803353502673,0.8034475612246281,0.2680102915951972,-0.0126654795842705,0.7899265646064317,0.0493138936535162,-0.0005148557659967,0.2023052473422886,0.0308515014397367,-0.0006976710885907,0.2024535290830857,0.8,0.0361067503924646,0.6638620879903587,0.7743443629945566,-0.0026754121708025,0.0061421013684638,0.6864999466389711,-0.029055814736747,0.4480776954028144,1.352820901173798,0.0633139753700745,0.6076147482494967,1.467914218346495,0.0674498739350673,0.6519241913977916,0.0024681201151789,7.77558939907833e-06,0.0406774059699233,0.2960489609531249,-0.0315946658623297,0.838315644710353,0.4502567175103079,0.0002798378761011,0.0014786230456284,0.0814479638009049,0.0007815409914586,0.0117981705726446,0.1061291649526943,0.0019000364311813,0.0183456241763873,0.1875771287535993,0.0026815774226399,0.0263826028723924,12.5,10.0,1
07400822,5.0,0.6416988416988417,0.7892230944031635,0.1549719064419182,-0.0553815639974149,0.9614901612096616,0.2486606559519142,-0.0673123203780408,0.9869881989844042,0.5448843590748726,-0.0184655721022847,0.8902027894232458,0.1168169345354762,0.007734268745494,0.9132561150714116,0.043251012674768,0.0012218409881582,0.6011112351384627,0.0171174702730955,0.0005239597036484,0.3829817159133275,0.5670889524587931,0.0100515256842049,0.4299021986752114,0.3464105707669255,-0.0090294715601532,0.4157322620071497,0.0865004767742814,-0.0010220541240517,0.2594637938647599,0.0119932212227871,-0.0002908835312525,0.2094550708609773,0.4456521739130434,-0.0054329840044125,0.0290417154345417,0.3010188423455587,-0.0018057625549459,0.0223473474937164,0.2668701795779762,-0.0116473371605278,0.5355540893707189,0.753609469403882,-0.007630701863575,0.0221360917255386,0.8177239531549768,-0.0092540425901403,0.0266331776306655,0.0007821666014861,-0.0008540599561089,0.2021925352441729,0.0938202351814687,-0.1522707503307421,0.2776300240132864,0.142689881406278,-0.1579586483904991,0.1936768807115246,0.0829096597575283,-0.004230224405927,0.1622630983210298,0.0985529917872506,0.0007471746289782,0.008941772237312,0.181462651544779,-0.0034830497769487,0.0571518253751968,15.333333333333334,6.833333333333333,1
07400823,6.0,0.0764478764478764,0.0759365194147803,0.2204183577895722,0.0090527304917799,0.5640319970914001,0.300343428036216,0.0059073810716499,0.215991619629467,0.4826724945363722,0.0060885358982476,0.258121512519722,0.1214486418982204,0.0133377448914223,0.9711131061042308,0.0302841086481423,-0.0006534289888373,0.2082582307645919,0.0112394630034342,0.0006832539984188,0.2150125832711416,0.8209383977018831,-0.0030689399672989,0.3139238735429713,0.1407596552824768,0.0044309838447205,0.551529162040441,0.0383019470156399,-0.0013620438774215,0.6555818375834019,0.0330320972265503,0.0036193430940596,0.7315085387423111,0.6792452830188679,-0.0093781773569478,0.0762740302813401,0.8290753153531332,0.1017379524948434,0.8295245736046204,0.7350220224352755,0.0714345802596824,0.7527291276671951,1.1486215198645453,-0.0140125755188749,0.0497654749541135,1.2463422608602317,-0.0163052918045431,0.0670064625958172,0.0018697413524462,-1.160837918497915e-05,0.0375298521164982,0.2242739246111083,-0.0264376199516052,0.9035461769460232,0.3410950701986783,-0.0030578583152474,0.1868987766121614,0.0972265503272047,-0.0002527638964846,0.0010735054779276,0.1514490495481458,0.0036759713020851,0.0304913102923025,0.2486755998753505,0.0034232074056004,0.0208705838019835,17.666666666666668,12.0,1
07400824,6.0,-0.3104247104247103,0.4610495083401488,0.1997206703910614,0.010501546722645,0.680026208304467,0.2756983240223463,0.0044527978333287,0.2696063467129939,0.4801675977653631,0.014248105322973,0.6915416931476231,0.1522346368715083,0.0019168814479001,0.2695051326817089,0.0525139664804469,0.0004125090264905,0.027091491801397,0.0256983240223463,0.001766703709494,0.7093585992637137,0.6980690462258631,0.0023262722379468,0.0514491918995341,0.2580456407255705,1.973303494625257e-05,6.046082262622932e-06,0.0438853130485664,-0.0023460052728931,0.4128923266195773,0.0674282529952633,0.0022603514860219,0.3100137266128169,0.5413223140495868,0.0062775616479518,0.0433466034630574,1.6923872478440556,0.0837520317913065,0.613857768964459,1.5003967367236928,0.0258515615121899,0.1345849252188244,0.9153901758975594,0.0125090043847194,0.0559305289093862,0.9932684018770188,0.012495801808704,0.0484054433525144,0.0039008080245193,0.0009561096574172,0.7527810571192803,0.4678986875210668,0.0954864502292823,0.5958614051564939,0.711620559289766,0.1751416583005509,0.7463464138139966,0.0668709947060462,-0.0008562538142554,0.0076683657287875,0.1588186124268598,0.0033614758662231,0.02794426169046,0.2256896071329061,0.0025052220519676,0.0123700186726841,40.333333333333336,21.833333333333332,1
07400825,5.0,-0.2393822393822393,0.3590733590733592,0.1981275303643724,0.0017452224340001,0.0281984561162187,0.3001012145748988,0.0100439402170684,0.409383324507609,0.5037955465587044,0.0102610911902251,0.2993250836277884,0.1239878542510121,0.0094283616980501,0.8899329560720113,0.0318825910931174,0.0001166346061685,0.0070583969077506,0.0159412955465587,-0.0002945046422886,0.1140997057765914,0.7335989375830013,0.0001119155853863,0.0001793008581311,0.2337317397078353,0.0008428990763875,0.0102984152496549,0.0326693227091633,-0.0009548146617739,0.2156524591205239,0.0487620010106114,0.0014410649761465,0.3566731020289636,0.4455958549222797,0.007150323365349,0.0539454043231142,1.2238814595346978,0.0576571800808648,0.5379411221643654,1.0850399341886892,0.0138001413768543,0.0766537549066085,0.7535142325190842,0.0132477554953606,0.0514707222204959,0.8176206138458456,0.0137667852494134,0.0541530109904179,0.0030318342597271,2.1321438046627652e-05,0.0478221588243819,0.3636660050919891,-0.0365706233620841,0.8142863080033869,0.5530945327274172,0.0024223365741736,0.0289897354367726,0.0788276907529055,-0.0005024689072945,0.0039788829355461,0.1803941384537645,0.0035979161394592,0.0210683515814017,0.25922182920667,0.0030954472321647,0.0132961247093258,32.166666666666664,14.333333333333334,1
07400826,8.0,-0.1691119691119691,0.1487370330743825,0.1772557394554191,0.0093499112207136,0.5192403500302568,0.2600106780565937,0.0133942519186165,0.4994494341036019,0.4217832354511479,0.018210484712647,0.6953553309890275,0.2210357714895889,0.0120565618163934,0.8194684104325649,0.0672717565403096,0.0036386826942617,0.5163786788713074,0.0192205018686599,-0.0020655172359592,0.6124023015057094,0.6944899072558647,0.0071951031011622,0.3152503970252001,0.2465902891434806,-0.0118580506763119,0.634831163272823,0.0589198036006546,0.0046629475751496,0.7099559007117522,0.0127320954907161,-0.0003796951296493,0.3673698025433374,1.0,0.0,,0.319563908148926,-0.0035999040608462,0.127294378230052,0.2833114262543174,-0.0140754043264074,0.7426913086889122,1.6910261264672473,0.0031059814185549,0.0338214910356129,1.8348927729331188,0.0015567617892158,0.0457120070161994,0.0,0.0,,0.0,0.0,,0.0,0.0,,0.0795755968169761,-0.0011980698920121,0.0191197394466976,0.146419098143236,0.0038176221887408,0.0385007239069301,0.2259946949602121,0.0026195522967286,0.0153017902833082,4.0,4.0,0
07400927,7.0,0.1436293436293436,0.2023868023868026,0.180793577273429,0.0087760849919443,0.7963299684167342,0.2578354176316196,0.0027959288272986,0.145213489608931,0.4450362822294272,-0.0040543251942613,0.1754190429846175,0.1448201327775204,0.0077837580110878,0.9344869859819964,0.0470125057897174,0.0008722197133519,0.401371724924108,0.0206113941639647,0.0011772310543372,0.7472544187732791,0.5232738240808674,0.0177835151146308,0.7343680661378613,0.3476807695443059,-0.0161097731637952,0.7141320659984602,0.1290454063748267,-0.0016737419508356,0.4118013048012139,0.0275088366374673,0.000186944201666,0.05447254824942,0.3379888268156424,-0.0012249311801696,0.0060499948856106,0.690446545182559,0.0174293446909925,0.3592189967055604,0.6121197997643597,-0.0068959535228769,0.0915710966285179,0.5715479365992652,-0.0009526600509432,0.0010780841286694,0.6201732556561659,-0.001655951423249,0.0029555094790455,0.0056093437836176,-0.000226780316376,0.2254166453940134,0.6728361349011884,-0.1104660904843576,0.6291616521229433,1.0233070521429712,-0.0443114708557177,0.1908252896947728,0.0843706777316735,-0.0004132915094965,0.004323138109131,0.1138773628400184,0.0008820718675681,0.0068390552954182,0.198248040571692,0.0004687803580715,0.0009845121502236,59.666666666666664,20.166666666666668,1
07400928,8.0,0.3459459459459459,0.518918918918919,0.1726618705035971,-0.0021725233393261,0.0424609207424787,0.2490007993605116,0.0066180981651366,0.3445011583490138,0.4168665067945643,0.0120844440774666,0.5749479552900102,0.1610711430855315,0.0168095424629832,0.9388332165645744,0.0559552358113509,0.0015057688652295,0.1880637587709468,0.0167865707434052,0.0010598452885709,0.6585694464637208,0.6456826882177796,0.0091108456957246,0.3510159350358468,0.2560612505316886,-0.0096845098613401,0.5395478598506422,0.0982560612505316,0.0005736641656155,0.0102850631854251,0.0214285714285714,-0.002868675843927,0.6616014846612461,0.4444444444444444,-0.0316525516525516,0.417332626731689,0.537837470411362,-0.060134175048185,0.5892368906668913,0.4768232486512396,-0.0763132586713471,0.7318585591505534,0.7515671673187766,-0.0521283990852438,0.3723401388343195,0.8155078990813861,-0.0573846603216015,0.3961594649246541,0.0087301587301587,0.0013665451852226,0.5584925605513742,1.0471752995830044,0.0989177769865952,0.3683286788808189,1.5926342437755483,0.2477113920396637,0.5881765410121123,0.0547619047619047,-0.0006765762409584,0.0062388262756887,0.1166666666666666,0.0023985391632527,0.0327976935625095,0.1714285714285714,0.0017219629222942,0.0099228179003345,9.0,4.0,1
07501029,0.0,-2.42007722007722,0.7708892134153009,0.7534724507932329,0.2431859660766102,0.9166621486631404,0.7836218813771312,0.216554615293408,0.9098173568757816,0.8479362780593772,0.1541113977305595,0.9084740403360692,0.0370614179448357,-0.0296955049523781,0.9153168799460067,0.012046606543348,-0.0109310149345747,0.8843599476926903,0.0051346191824106,-0.0043678555379175,0.8463307601339077,0.9045303131245837,0.1146805377280619,0.926570475277666,0.07381745502998,-0.0881591172452601,0.9238858514944348,0.0216522318454363,-0.0265214204828018,0.9323263895722494,0.0091978188029695,-0.0085308421867366,0.8787172285804367,0.6428571428571429,-0.0331711907364081,0.5195679855109282,0.230856807920257,-0.2031061201085449,0.8773891313002788,0.2046675792997459,-0.2037976102897731,0.8868331110174581,1.0870882241575162,-0.0536911965977542,0.5678825548091344,1.179573925457005,-0.0597405112649278,0.5312859471501309,0.0003941922344129,-0.0004239637219534,0.9276475034643982,0.0472830316061393,-0.0701081960721455,0.9464745606966158,0.0719121004052006,-0.0787416127493995,0.9245835967617412,0.217988305630379,0.0132872330690786,0.0806954619670123,0.0819919847579002,0.0005635021182632,0.0039105382706308,0.2999802903882793,0.0138507351873419,0.0729065276456136,23.333333333333332,15.0,1
07501030,5.0,-0.122007722007722,0.0642574002574,0.1983739837398374,-0.0216127270241718,0.6361345722156923,0.3073170731707317,-0.0141484254052438,0.5301250852362054,0.5320325203252032,0.0059519325244434,0.1395264075662353,0.1086178861788617,0.0001006939739663,0.0027741380907752,0.0393495934959349,-0.0019565883853478,0.675840199010176,0.0214634146341463,-0.0001400811958031,0.0301679390092239,0.7592968221771467,0.0107412843044285,0.6941426000462123,0.2143340094658553,-0.0071966634277221,0.5459386759877008,0.0263691683569979,-0.0035446208767064,0.8182344036790745,0.0678952473326867,0.0006716692041921,0.0776081614954763,0.4761904761904761,0.0076513029454205,0.0786428334833277,1.7041083769904133,0.0465040840074616,0.491826552417448,1.5107881787203843,-0.0116859746989571,0.0756208789588996,0.8052505364129748,0.014158458680901,0.0947574384637153,0.8737584633014851,0.014647299737591,0.0879348431535597,0.005819592628516,3.9261388165581155e-05,0.001756899631949,0.6980553094830714,-0.0762966574489341,0.1917995555496662,1.061662541481628,0.0047642971818372,0.000622559845601,0.1241513094083414,0.0008275784252818,0.009020576324821,0.1590688651794374,0.0035748087695562,0.0322066217424765,0.2832201745877789,0.0044023871948381,0.0353875543108501,35.0,16.666666666666668,1
07501031,6.0,0.1637065637065637,0.0853421102601428,0.2185792349726776,0.0153599496355159,0.6785227417712013,0.2870459659273545,0.0076680359749087,0.3018522081857401,0.4750883960141434,0.0020330218427038,0.0225304815842682,0.1350048216007714,0.0102118114090912,0.9333144672465112,0.0289296046287367,-7.106000521484555e-05,0.0012721202404389,0.0115718418514946,-0.0005470198592703,0.3787928181858843,0.7763333333333333,0.0004324480173286,0.00215555799123,0.1743333333333333,-0.0040789194224944,0.2518103889876314,0.0493333333333333,0.0036464714051657,0.610785264936242,0.0763554700032082,0.0033496153933085,0.7528166929198318,0.4663865546218487,-0.0080098234615212,0.0680880087274862,1.9164521991344865,0.1156768133862145,0.8789825260878367,1.6990429520970276,0.0476957940519412,0.5961581687932193,0.7886718488985902,-0.0116398335708378,0.0557059062657736,0.8557693184688075,-0.0137657461736541,0.0611471547365153,0.0,0.0,,0.0,0.0,,0.0,0.0,,0.1135707410972088,0.0024239676850638,0.0770546301417391,0.190567853705486,0.003450779148323,0.0243590829984816,0.3041385948026949,0.0058747468333869,0.0471322599829948,39.666666666666664,18.5,1
07501032,5.0,-0.2393822393822393,0.3590733590733592,0.2671269251194901,0.030759176932851,0.8302778649965762,0.3536909187466808,0.0373780064939279,0.8948004501650149,0.5268189060010622,0.0198001058366957,0.5014323947450796,0.1465746149761019,0.0010971840189999,0.0435469345077946,0.0446096654275092,-0.0011721022245859,0.0723363705332655,0.0286776420605416,-0.0027499819292959,0.8275250078015914,0.7922149122807017,0.0038747076865477,0.3890586271223859,0.188048245614035,-0.0050620957256285,0.5767982268500307,0.0197368421052631,0.0011873880390808,0.4086074047751405,0.0191184280403611,0.0002442812163541,0.0115247944265211,1.0,0.0,,0.4798549921885758,0.0139817343564541,0.0611797015406972,0.4254185118077975,-0.0018549128325878,0.0014069039497217,1.6910261264672473,0.0031059814185549,0.0338214910356129,1.8348927729331188,0.0015567617892158,0.0457120070161994,0.0,0.0,,0.0,0.0,,0.0,0.0,,0.1178969729155602,0.0015194395678776,0.0247682710683412,0.1497610196494955,0.0039148077741261,0.0373999274825868,0.2676579925650558,0.0054342473420037,0.0434609659100201,6.0,6.0,1
07501133,2.0,-0.0061776061776061,9.455519659662404e-05,0.3707291299753434,-0.0337478877981177,0.224533131477299,0.53989080662205,0.0105833269514094,0.0329092200967674,0.7120464952448045,0.0307442652712916,0.4936520669702917,0.0852412821415991,-0.0042716654374461,0.1682963957130281,0.038393800634026,-0.0016116819495002,0.1173710200267914,0.0195491370200774,-0.0016926191460531,0.4399290920182106,0.7880650994575045,0.0242839210386765,0.4451924117783925,0.1536166365280289,-0.0176246058264487,0.4541715965062712,0.0583182640144665,-0.0066593152122278,0.418093473043776,0.0173547199579279,-0.0005029086437887,0.0563289727317999,0.4545454545454545,-0.0560264819880546,0.751905830750752,0.4355875384872456,-0.0051255230442777,0.0112951160717337,0.3861729176560132,-0.0187329020566241,0.1554065187274884,0.7686482393032942,-0.0930865302163083,0.7655138237314761,0.8340421695150539,-0.1020843936258744,0.7563565085286734,0.0,-0.0005996928526293,0.8399844789149122,0.0,-0.0914945669160373,0.8425253356469362,0.0,-0.1110661353384113,0.8410171605920034,0.0447015514067841,-0.0140158916735612,0.2011298246407044,0.2592689981593479,0.0096926638936418,0.111363853793828,0.303970549566132,-0.0043232277799194,0.0107665256637358,33.0,15.0,1
07501134,6.0,0.2594594594594595,0.2270270270270271,0.1887323943661971,-0.0022328631979035,0.0433149733298793,0.2647887323943662,-0.0078436687961331,0.2235450021905151,0.4501408450704225,-0.0182467300866957,0.6163025036930952,0.1583098591549295,0.0027416781330203,0.2570786133354901,0.0549295774647887,-0.0003177912432115,0.0163436049631346,0.0154929577464788,0.0002131943048436,0.0250165925631909,0.734407027818448,-0.0088483143916962,0.6695620840564909,0.2439238653001464,0.0093243806553007,0.7281402939611443,0.0216691068814055,-0.0004760662636045,0.0929010601144899,0.0412573673870334,0.0030247925228643,0.8068992471051633,0.4625850340136054,0.0496636554648977,0.8035600454166144,1.0355220451927991,0.0924400055139495,0.8345683331092558,0.918048690919872,0.0543887246039171,0.6913722773306554,0.7822433782297471,0.085444322026843,0.8181512511610962,0.8487939357785855,0.0919278384986159,0.8074659635699515,0.0067358967162503,9.225946787272342e-05,0.0410303259505904,0.8079652248970491,-0.0749467212813766,0.4462519846428864,1.228822992161166,0.01385379493267,0.0227064306424457,0.1212461408925063,0.0015621829033111,0.0458398385967439,0.1582935728318832,0.0031330164223276,0.0257826545681688,0.2795397137243895,0.0046951993256387,0.0427179019009771,24.5,11.333333333333334,1
07501135,10.0,0.0494208494208494,0.0101376101376099,0.1357512953367875,0.0054641723558215,0.0575204726888858,0.1761658031088082,-0.0057107883756542,0.0913863004182592,0.3160621761658031,-0.0175450609080668,0.613213250549552,0.2808290155440414,0.0299081759373141,0.867216931148786,0.1295336787564766,0.00280238607411,0.2517925236063142,0.0435233160621761,0.0022052657976973,0.5457917639380105,0.6248612652608213,-0.0125112444990416,0.5413823171705384,0.3307436182019977,0.0138389097364819,0.6819476670674779,0.0443951165371809,-0.0013276652374401,0.0706629025026202,0.0466321243523316,6.226776234668352e-05,0.0002535886336464,0.8666666666666667,-0.0003033645890788,0.0010193050193035,1.1704235107397516,0.0213921019339993,0.0529851531850743,1.037646447842076,-0.017659244092393,0.044539260986175,1.4655559762716144,0.0022072724616905,0.0336452438808341,1.590240403208703,0.0007914595208057,0.0032492174673511,0.0124352331606217,3.518773091459077e-05,0.0067502076873674,1.4915959048228944,-0.1576328670164821,0.8344910027648237,2.2685473166167016,0.0002497768579766,1.6354145480512727e-05,0.0559585492227979,-0.0012368420422747,0.0150439916054272,0.155440414507772,0.0025154001480935,0.0140229981690765,0.2113989637305699,0.0012785581058187,0.0031485286623584,7.5,6.5,1
07601236,7.0,-0.3992277992277992,0.2949987215828095,0.2073089700996677,0.0184590310652579,0.5456748916602687,0.3049833887043189,0.0326757442913359,0.9228427464501366,0.4637873754152823,0.0287018977080416,0.8639251264197836,0.16843853820598,0.0014582482538344,0.1565631345545316,0.0691029900332226,0.0041940114690525,0.789660770982338,0.027906976744186,0.0016823024188805,0.637218499239947,0.696159122085048,0.0113765189893115,0.5669720576062856,0.2301097393689986,-0.0134309028128482,0.7204730578203511,0.0737311385459533,0.0020543838235366,0.4533288877227839,0.0361405835543766,0.0037079419783384,0.8652574644886535,0.4495412844036697,0.0006860912654809,0.0003152440309903,0.907095468443566,0.1063335919799974,0.8947361344358601,0.8041912880656408,0.0723255073953408,0.8204764358991558,0.7601860568522488,0.0022410988598423,0.0010134589264662,0.8248600538873654,0.0018270963537091,0.0006376283175796,0.0,-0.0009847142801328,0.7566623029840573,0.0,-0.1498631453952898,0.7678466599818595,0.0,-0.18265537710469,0.7497806920203695,0.0875331564986737,-0.0008257978203331,0.0092401709288311,0.1153846153846153,0.0024932199339358,0.0178659526821625,0.2029177718832891,0.0016674221136026,0.0059474286938747,18.166666666666668,8.166666666666666,1
07601237,7.0,-0.6316602316602317,0.4974628396964728,0.1566533155318202,-0.0122711114435959,0.432364004585143,0.2465509568313306,-0.0005925296889316,0.0032683904098866,0.4383622607921673,0.0271373945632878,0.9138163987552343,0.2189586114819759,0.0009228432884789,0.0249686521821654,0.0787716955941255,-0.0052210781659081,0.7893557948751908,0.034712950600801,-0.0014152727298841,0.2477350859266089,0.6452205882352942,0.0121395730723735,0.5289760497355318,0.2858455882352941,-0.0135199025115394,0.6055961322082359,0.0689338235294117,0.0013803294391658,0.2172355406494192,0.047556142668428,0.0001473511597527,0.0105785946441371,0.5555555555555556,-0.0036319933378756,0.0103027400334873,1.193615522181094,0.0251359278310348,0.3939089553072533,1.0582074738891447,-0.0158289985129843,0.1944993889911928,0.9394589591484708,-0.0042831718588406,0.0059033912954873,1.0193848738517326,-0.005802679576725,0.0084673940449248,0.0026420079260237,-6.602388924442948e-05,0.6990089567085731,0.3169066596552384,-0.0452040506735153,0.9025970132508868,0.4819788992811795,-0.0134704075552323,0.7363197622413555,0.0845442536327609,0.001052025102044,0.0141468947221135,0.1003963011889035,0.0016060713753764,0.0091382561066524,0.1849405548216644,0.0026580964774204,0.0141750902579422,18.0,10.0,1
07601238,8.0,-0.4795366795366795,0.7095924018878743,0.1685621445978879,0.0098095633343299,0.6299519456180633,0.2372055239642567,0.0014263796216372,0.0562125849074414,0.4191714053614947,0.0177826216604277,0.8797241952335666,0.1884646628757108,-0.0011542864993602,0.0599783090136529,0.0796100731112916,-0.0005177444647452,0.0204173641800144,0.0320877335499593,-0.0034218285212512,0.6856209602006439,0.4691943127962085,0.0225923542342672,0.8239899759145246,0.3903489875053856,-0.0198913673156952,0.8611982643946791,0.1404566996984058,-0.002700986918572,0.2479440581550591,0.0243704305442729,0.0028590151132768,0.5662812189617801,0.5,-0.029064779064779,0.1315115892668892,0.6116754334491525,0.0798688225491303,0.6249898129306822,0.5422847669469826,0.0573782437466451,0.5253745478535252,0.8455130632336236,-0.0472870711435105,0.1163612411996226,0.9174463864665594,-0.0524262553972485,0.1251045946111441,0.0024370430544272,0.0006510731502396,0.3888170436112423,0.2923212932888085,0.0688442708256686,0.2166799430759128,0.4445873599786997,0.1190815555825628,0.3719995638056739,0.0682372055239642,-0.0001745891029906,0.0002004247078424,0.1218521527213647,0.0018737226574819,0.0299948476575209,0.190089358245329,0.0016991335544913,0.0085425746529683,10.0,5.0,1
07601339,3.0,-1.254054054054054,0.8932385016595543,0.2917547568710359,0.015556177286253,0.4153346357977602,0.4069767441860465,0.0366818734030714,0.7902469960287326,0.6004228329809725,0.0475906566870579,0.9153232131864686,0.0718816067653276,0.0103522901344311,0.6278109033118047,0.0126849894291754,-0.0001182976330039,0.0879839655871166,0.0126849894291754,-0.0001182976330039,0.0879839655871166,0.9023861171366594,0.0067467741471037,0.3741962110446941,0.0976138828633405,-0.0067467741471037,0.374196211044696,0.0,0.0,,0.0211416490486257,-0.0031401341390856,0.3182781358072803,0.0,-0.235032175032175,0.8215005045177514,0.5306359820830915,-0.06780312293293,0.2740673782314908,0.4704387231231399,-0.0822224404828958,0.3814755913764807,0.0,-0.3966406194201026,0.8199834270351509,0.0,-0.4313037762267123,0.8209566519389274,0.0,0.0,,0.0,0.0,,0.0,0.0,,0.0887949260042283,-0.0032160080477296,0.0625172572844577,0.1458773784355179,0.0010162326800852,0.0020623773075065,0.2346723044397463,-0.0021997753676444,0.0065851669029802,3.3333333333333335,0.0,0
07601340,4.0,-0.5598455598455598,0.7100082172968469,0.2374045801526717,0.0091827069987536,0.1134724455293781,0.3603053435114504,0.0077154281905908,0.2152886238733764,0.5725190839694656,0.028109042755538,0.7310783253302772,0.0938931297709923,0.0035267104155272,0.371620086215023,0.0236641221374045,-0.0021416438369179,0.4984704885339125,0.0137404580152671,0.0012676695752378,0.4210051716233717,0.9171826625386996,0.0110854822842024,0.7100760695296156,0.0650154798761609,-0.0120020741919223,0.8159004629495515,0.0178018575851393,0.0009165919077199,0.0727061971847304,0.0366412213740458,8.311977980917966e-05,0.0006479486412616,0.5,-0.0692161549304406,0.5726739806555614,0.9196610181079778,0.0190793656861572,0.0555269424239296,0.8153313564723488,-0.0130215661708629,0.0276249758845134,0.8455130632336236,-0.1149556381586695,0.5964673123458956,0.9174463864665594,-0.1261333109272816,0.5795829837543706,0.0,0.0,,0.0,0.0,,0.0,0.0,,0.1053435114503816,-0.0018874375629018,0.0231556152668925,0.132824427480916,0.0013218155878064,0.0052396559369763,0.2381679389312977,-0.0005656219750954,0.0004925701959572,8.0,4.0,1
07601341,11.0,-0.1961389961389961,0.241061153319218,0.1133899794901845,0.0080917439407207,0.2998451147498531,0.1825373571637855,0.0139959071411673,0.739127739569744,0.3231760914151773,0.006768418205363,0.6572463313937631,0.2809844711397597,0.0094303758876498,0.4306644910513899,0.1394667447992968,0.0003055829933788,0.00374654917072,0.0641664225021974,0.0009548132991291,0.2316236886113754,0.3898872982028632,0.0186734628699986,0.9034521618297314,0.4300944258300335,-0.0147831291848514,0.890618234026991,0.1800182759671032,-0.0038903336851472,0.3009774185924175,0.0183619935878752,-0.0004458296843732,0.116822727989765,0.4126984126984127,-0.0221340821340821,0.3509270745225454,0.4608691818739155,-0.0026692143543592,0.0086915577928249,0.4085865202665825,-0.0179264576491215,0.3064967103941743,0.6978837982245782,-0.0361929560300998,0.357010714732463,0.7572573348612871,-0.0400367329491225,0.3512160379642319,0.0002914602156805,-0.0004027684426378,0.3638037305336472,0.0349604111569535,-0.0704690535518281,0.518675643393429,0.0531707995855221,-0.0738884281748591,0.3485155547392217,0.0664529291751675,0.0002457725559718,0.0018522679989777,0.0944331098805013,0.0031694548916108,0.0823383172556502,0.1608860390556689,0.0034152274475826,0.0583160134401025,10.5,4.333333333333333,1
07601442,7.0,-0.7305019305019304,0.7864812134918355,0.1727421109902067,-0.0011906789008049,0.0108557110546225,0.2546245919477693,0.009517136834965,0.5390286087228457,0.4251904243743199,0.0141947599547855,0.8326955577054127,0.2287812840043525,0.0061527906972453,0.7496810293861413,0.0862350380848748,0.0004357876924738,0.0303020238663678,0.029923830250272,-0.0007744654494883,0.1440514125811287,0.7713475177304965,0.000406683986495,0.0030597829330205,0.2141843971631205,-0.0020388896800344,0.0869369983334599,0.0144680851063829,0.0016322056935393,0.491690868707341,0.0393060449986446,0.0007671727568174,0.3727408921195463,0.6758620689655173,0.0103632090588612,0.2016028568631254,0.9865456446508222,0.0365045785415676,0.6623048773583389,0.8746283498346584,0.00204063068818,0.0093040916041224,1.1429004165088985,0.0195174653256943,0.2238266717358186,1.2401344258444529,0.0200460713049437,0.2132552329668139,0.00975874220656,0.0010924983287444,0.7919578011273254,1.170553034551987,0.0385553350654639,0.0939995857291223,1.7802777125522775,0.1976438222692599,0.7338187651073302,0.0715641095147736,-0.000582076141665,0.0062096028892788,0.1349959338574139,0.0025474782925776,0.0254567687189358,0.2065600433721875,0.0019654021509126,0.0104016030890099,24.166666666666668,16.333333333333332,1
07601443,7.0,0.2108108108108108,0.210810810810811,0.1795755968169761,0.0028639573048787,0.1976873967596036,0.2440318302387268,-0.0015761401012493,0.0325792476666013,0.4310344827586206,0.0008675369618168,0.0100514724193547,0.1633952254641909,0.0052033431229696,0.7775098458141986,0.0618037135278514,0.0042104480162015,0.6786840562173404,0.0145888594164456,0.0009093980166363,0.6423799501257981,0.7430441898527005,0.0016275124501696,0.0998273139655767,0.220949263502455,-0.0027385279276841,0.290858514565162,0.0360065466448445,0.0011110154775145,0.3079954414515807,0.0285563194077207,0.0036101386824781,0.746640765783519,0.6574074074074074,0.0271659641584453,0.354715330943958,0.7167374010770134,0.0999501438341057,0.8053649158137733,0.6354281261772206,0.0731027699741181,0.7409957010203454,1.1116931016590237,0.047961935157597,0.3778835324035793,1.2062721007245505,0.0509228671945494,0.3589417868651436,0.0015864621893178,2.204315280548093e-05,0.1520748859846082,0.1902948239230689,-0.0175612489967454,0.880867417177453,0.2894167319586352,0.0033112318234778,0.2837725571631099,0.0745637228979376,-0.0005218543501446,0.0058265404621938,0.1570597567424643,0.0043596792229178,0.0515173460450482,0.2316234796404019,0.0038378248727732,0.0294398403518979,18.0,11.833333333333334,1
07601544,6.0,-0.2664092664092664,0.3094653094653092,0.2328379334748761,0.0055586903226689,0.3636394149603968,0.3142250530785562,0.0122628590925329,0.7176248174586075,0.4978768577494692,0.0164520664527125,0.7333065622853407,0.1525123849964614,-0.0038692053627626,0.4293718257427558,0.0537862703467799,-0.004893005529926,0.8462912502612681,0.0322009907997169,-0.0004595824383122,0.0932057359153688,0.7453279589593258,0.0108828870444796,0.8453485519738299,0.2242579699523635,-0.0123173153258918,0.8500883216698486,0.0304140710883107,0.0014344282814122,0.2427634760729135,0.0554378531073446,-0.0018967796343209,0.2656973341568358,0.3694267515923566,0.022944815884908,0.5883988982786197,1.3914392184135755,-0.0200401876886042,0.0542955774380721,1.2335893367884003,-0.0671388294184121,0.4327512455466098,0.6247102887586009,0.039941135680641,0.6301139104549272,0.6778584766249738,0.0427125749193709,0.5982067343966526,0.0,0.0,,0.0,0.0,,0.0,0.0,,0.0847457627118644,-0.0008810715270983,0.0101100711702426,0.1292372881355932,0.0020416033908478,0.0217463323218893,0.2139830508474576,0.0011605318637494,0.0042271171032117,26.166666666666668,9.666666666666666,1
07601545,5.0,-0.1451737451737451,0.0778307911387763,0.2245901639344262,0.0055656840272935,0.1950949716444359,0.3191256830601093,0.0031004141242739,0.0328512181611061,0.521311475409836,0.0077358932937684,0.2037405799487524,0.1650273224043716,0.0187972799165465,0.9126602054274112,0.0497267759562841,-0.0002441643502437,0.0063370468430578,0.0114754098360655,0.0001698202906141,0.008802464646785,0.832039911308204,0.0102420743354417,0.8085098558499818,0.1535476718403547,-0.0089750661804408,0.7723697913897142,0.0144124168514412,-0.0012670081550009,0.3680390298683924,0.0098039215686274,-0.0049183923851641,0.7665773355577865,0.7222222222222222,-0.0024710424710425,0.0003168003168004,0.2460694309071591,-0.1156457858724172,0.7638692844997577,0.2181544274874952,-0.1192053627946695,0.7898279604741048,1.221296646893012,-0.0013438021333419,3.148195612845406e-05,1.3252003360072524,-0.0030402489490528,0.0001396744631161,0.0065359477124183,-7.360110890257305e-05,0.1353590168767827,0.783981507709201,-0.0973909613147043,0.914142056668304,1.1923464926661858,-0.0167620223930865,0.3763285011268558,0.1078431372549019,-0.0016941630451608,0.0212275473599949,0.15359477124183,0.0003841280089904,0.0003908318768424,0.261437908496732,-0.0013100350361704,0.0028482990943839,3.0,2.1666666666666665,0
07601546,8.0,-0.1675675675675675,0.0957739126308049,0.1635009310986964,0.0083218207993455,0.569311919486843,0.2197392923649906,0.0045266226810912,0.3761973610670828,0.4014897579143389,0.0116714229695316,0.5361172269616219,0.1891992551210428,0.004640052011609,0.5721624947630948,0.0636871508379888,-0.0026476154561079,0.6491549008351206,0.0093109869646182,-0.0037318055469521,0.9034070036614316,0.7674777906527617,0.0038232934086305,0.153798116383992,0.2139822325222093,-0.0035519150185168,0.1845839272171665,0.0185399768250289,-0.0002713783901136,0.0229317850706344,0.0263255469039673,-0.0011134913121431,0.1801632356464113,0.647887323943662,0.0530289787432644,0.6924563301295399,0.6607470591878555,-0.0137170443265024,0.0418062374063231,0.585789530539281,-0.0368751399358874,0.2700610683383496,1.0955943917956814,0.0913597010644383,0.6538782633968133,1.1888037683792037,0.0982743566399306,0.6797203909165076,0.0044493882091212,-4.408777711134189e-05,0.0978219678112064,0.5337004257152737,-0.0653360459059126,0.89844962987718,0.8116975011253679,-0.0103446058479974,0.2985633480556018,0.0578420467185761,0.0001994123086863,0.0010102832833418,0.1446051167964405,0.0036411603819578,0.0364941338894437,0.2024471635150166,0.0038405726906442,0.0366269649127054,11.833333333333334,7.666666666666667,1
07601547,8.0,-0.2061776061776061,0.2016462302176581,0.1372549019607843,0.0055429995935055,0.201160518310356,0.2227450980392157,-0.0060109341892314,0.0607149925850685,0.4133333333333333,0.0122889428233086,0.3753368714193227,0.2070588235294117,0.0022993616669091,0.0788330407951013,0.0517647058823529,-1.0071865786039343e-05,5.919192066938805e-06,0.0117647058823529,-0.003850725733605,0.829862105341031,0.7284552845528456,-0.0038145977645983,0.1643491867512492,0.2422764227642276,0.0060459242430807,0.380678533295263,0.0292682926829268,-0.0022313264784823,0.6225157970973864,0.0141176470588235,-0.0008671962446135,0.23185332869433,0.3333333333333333,-0.0329472329472329,0.2965250965250963,0.3543399805063091,-0.0148593508000376,0.1332448625119775,0.3141423755819932,-0.0261261896376825,0.355880196069786,0.5636753754890824,-0.0539914421670273,0.3094319960188071,0.6116309243110396,-0.0597268385223546,0.2997606662480504,0.0,0.0,,0.0,0.0,,0.0,0.0,,0.0611764705882353,-0.0003992853486283,0.002535773126519,0.1552941176470588,0.0040383812868048,0.0269337816169629,0.2164705882352941,0.0036390959381765,0.0170058373571885,3.0,1.0,0
07601548,8.0,-0.3498069498069498,0.359325506264282,0.1515981735159817,0.0145949082033994,0.3911226703485756,0.2228310502283105,0.0120673590329665,0.3552802735584476,0.3799086757990867,0.0043479590272627,0.06789313392808,0.1799086757990867,0.0009170828140235,0.0054565461172922,0.0684931506849315,-0.0078489304105032,0.7224469520297261,0.0337899543378995,-0.0036990974939089,0.8054203927641881,0.7735159817351598,0.001063831089908,0.0227140802538641,0.2045662100456621,-0.0056355718665353,0.4433269028597912,0.021917808219178,0.0045717407766273,0.8972839130145175,0.018970189701897,0.0006609055869908,0.0824998771928292,0.5714285714285714,-0.1604890604890605,0.6165218982949601,0.4761343459829582,0.0238378779181933,0.1683496383382438,0.4221199491221453,0.0081185066555629,0.0273266963588786,0.96630064369557,-0.2690855053305681,0.5941475345692917,1.0485101559617822,-0.2935528413572269,0.609531810988019,0.005420054200542,2.635990270073058e-05,0.0155372281664646,0.650131006392996,-0.0670035025478718,0.8921386789432804,0.988775140259764,0.0021652553749421,0.0072866834580184,0.043360433604336,-0.0020921361640055,0.0685124911926077,0.1409214092140921,0.0035097139171707,0.0320799399275624,0.1842818428184282,0.0014175777531652,0.004235864190702,3.5,2.0,0
08100101,5.0,0.02007722007722,0.0111858797573086,0.1925866236905721,-0.0204679986353317,0.5243237053906304,0.3021756647864625,-0.0102384309684585,0.4182261375582177,0.521890948160086,-0.002820989305879,0.0720876263958265,0.061778135911899,0.0045046822205143,0.74961160443869,0.016116035455278,-0.0001228732653425,0.0160579765890149,0.008058017727639,-0.0005341450785425,0.81842835012054,0.7884167636786962,0.004081782220227,0.3916042167563153,0.1830616996507567,-0.0052577075174792,0.4897855249871736,0.0285215366705471,0.0011759252972522,0.6102229568831508,0.0541700187717886,-0.0064195149080731,0.8372511095710186,0.2326732673267326,-0.0037396058379359,0.0117715910853395,0.8898335144018202,-0.1281406601254787,0.8734601775247892,1.205377802078936,-0.1724919362403666,0.8783248195090936,0.6042251497388385,-0.0026513169014203,0.0009465087177052,0.4269304966725573,-0.006574034672894,0.0104918100676442,0.0002681684097613,8.64864864864865e-05,0.081081081081081,0.0969627331431109,0.0308639883126369,0.0810810810810813,0.0489216984118869,0.0157581758110816,0.0810810810810814,0.080450522928399,-0.0032492342592317,0.0973583908417008,0.1013676588897827,0.0011689076334278,0.0071349891411421,0.1818181818181818,-0.0020803266258039,0.0118248160971003,33.666666666666664,7.833333333333333,1
08100102,6.0,0.1853281853281853,0.1853281853281851,0.2024826696759632,0.0013998662394058,0.0068103320359558,0.2676124455908431,-0.0003306704785816,0.0008446039472321,0.4792842173142028,-0.0086398466273597,0.1602315985830035,0.0572303724004513,0.0027025433579995,0.7672269955501413,0.014992745445752,0.0001985293395022,0.0481817471577398,0.0069321296147025,-0.0001375025667467,0.6182300513294763,0.8276515151515151,0.006262621256861,0.4434459724807906,0.153064738292011,-0.0083776699918454,0.6258016903307657,0.0192837465564738,0.0021150487349844,0.7872920028337995,0.0850378482847479,-0.0013356876927081,0.0817751228652279,0.4109848484848485,-0.0099727178424326,0.4466886674643329,1.3968894438669488,-0.0495412165529841,0.4550544071401828,1.8922410769474225,-0.0659511281897968,0.3796309274206892,1.0672793848183528,-0.0142472988699719,0.2923332114090639,0.7541131282698613,-0.0177070007918929,0.4290590491782966,0.0028990175551618,3.705474268057019e-05,0.12060342408678,1.04820946594168,0.0429620780491634,0.5038154856455269,0.5288649123534668,0.005390698821468,0.1365026507590855,0.0744081172491544,-2.9505574393761853e-05,2.3254907462688656e-05,0.1903688194556289,0.0038039656166156,0.0206090749391789,0.2647769367047834,0.0037744600422219,0.0183364256638669,88.0,36.166666666666664,1
08100103,6.0,0.2594594594594595,0.2270270270270271,0.1815399105250765,0.008168848914625,0.4919737568108842,0.2580645161290322,0.0082943783599282,0.3674693408033834,0.4782199199434895,-0.0103633899991236,0.1541625089863759,0.034141747115611,0.003205580899327,0.8552433040354566,0.0113020955968919,0.0013897366646491,0.8335070075141989,0.0042382858488344,3.523826988417732e-05,0.0339046253494829,0.851542741527567,0.0011959593167025,0.0353028761464054,0.1433990895295903,-0.0010106248752155,0.0250230998503363,0.0050581689428426,-0.0001853344414869,0.2881808978200957,0.0576787807737397,0.0046183804486387,0.7337109549199166,0.3699186991869919,-0.0065875795470268,0.2114546392373932,0.9474708217941098,0.0631839303576744,0.6533389487684298,1.2834539025829383,0.0850651466516428,0.6724205566022501,0.960635417963962,-0.0062894757958628,0.0271440544117006,0.6787611477110318,-0.0114772057428546,0.1806473662004702,0.0028135990621336,0.0006383229412571,0.7558033186116484,1.0173243570194437,0.2452315883087879,0.8143444555157765,0.5132821009461002,0.1167596778834504,0.7206082350250985,0.0759671746776084,0.0001996702883092,0.0008885978492123,0.2011723329425556,0.0062465901787784,0.0452593541117677,0.2771395076201641,0.0064462604670877,0.0475000189023002,41.0,15.166666666666666,1
08100104,6.0,0.2903474903474903,0.363902187902188,0.1767986614612381,0.0031982738695844,0.106900658366292,0.2646402677077524,0.0043032162626793,0.2078971188962213,0.4891243725599554,-0.0099549732832337,0.4665699490239461,0.0546569994422755,0.0024829349923354,0.7218952843569391,0.0206358059118795,3.140866225508969e-05,0.0019352918595516,0.015058561070831,-0.0006574086916682,0.3335288407186001,0.8510071090047393,0.0027401883457744,0.1983873326609513,0.1365521327014218,-0.0040501484814504,0.3618752268786055,0.0124407582938388,0.0013099601356759,0.6094569638928036,0.0456570155902004,0.0039573662566727,0.6695346767505868,0.3719512195121951,0.0040909751845712,0.0223106559605272,0.7499931430868371,0.0551005417080054,0.6045230465629381,1.0159485698805182,0.0743859733798756,0.5933313967429,0.9659136345461816,0.0207791469183112,0.0748752811638607,0.6824906045665868,0.0081427234382747,0.0267489218778387,0.0016703786191536,2.197920302415928e-06,0.0012134643718989,0.6039655321113484,0.0182457422212416,0.3043940608176436,0.304725523459788,-0.0004279390208777,0.0029042145838233,0.0835189309576837,0.0004954508083749,0.0041789080780478,0.1804008908685969,0.0046100189411757,0.0282548213194543,0.2639198218262806,0.0051054697495507,0.0319582543633255,27.333333333333332,10.166666666666666,1
08100105,3.0,0.2223938223938223,0.1482625482625484,0.2554399243140965,-0.0348845922119372,0.7966205693641355,0.3759066540523494,-0.0219999809898155,0.694727343650801,0.663197729422895,-0.0048681201333744,0.0774201549961752,0.0378429517502365,0.00021653205085,0.019848600895768,0.0170293282876064,0.0010224889365906,0.6161659850415181,0.0056764427625354,-0.0009452135296461,0.7392691062608179,0.847518895826487,0.001667936202578,0.034092708935576,0.1340782122905028,-0.0024407636073933,0.0824809250776865,0.0184028918830101,0.0007728274048153,0.2961597697577219,0.0594900849858356,0.0023907623904823,0.5241817063842721,0.3227513227513227,-0.0060923212242137,0.0471796849814655,0.9772245348118273,0.0235338036738043,0.2719080630023037,1.3237585939892773,0.0318662036091239,0.3024836642242057,0.8381472807702316,-0.006812744141018,0.0080129314264707,0.5922140695710065,-0.0105715523490108,0.0438742367620906,0.0012590494176896,-7.0256012537618506e-06,5.761259841619015e-05,0.4552395743036331,0.0063668265258996,0.0003834546346719,0.2296871430631746,-0.0022932369583243,0.0001833365482412,0.0849858356940509,-0.0016413892574843,0.0210270224017606,0.1680830972615675,0.0023537313036649,0.0115187137866691,0.2530689329556185,0.0007123420461805,0.0008351211970238,31.5,10.166666666666666,1
08100206,6.0,0.277992277992278,0.4169884169884168,0.1755525034336371,0.004805593144935,0.534310673541187,0.2608315644899488,0.000307895235255,0.0006883486755553,0.4750905231614434,-0.0155827052841407,0.6678254587056522,0.0775377700087401,0.0064205279665032,0.9298366406873316,0.0230990136096891,0.0007282078278737,0.207405469299553,0.0067424147833687,0.0003614437565012,0.6991494097118054,0.7715749730312838,0.0057441789742811,0.3070840944487695,0.1910733549083063,-0.0065252837785573,0.4102886573756094,0.0373516720604099,0.0007811048042762,0.266942144831935,0.0731828949008851,-0.0005806722612235,0.0317406812957423,0.3475298126064736,0.0065415888947766,0.0971440732717853,1.202151929060582,-0.0326297255119825,0.4683571938974222,1.6284475989759744,-0.0434538403260846,0.3768861158431691,0.9024941088998534,0.0262862500321549,0.2484476426256145,0.6376799415304195,0.0124538020101418,0.0996798121688251,0.00448821842663,1.7038259531902224e-05,0.0061731030789129,1.6228232325226009,0.0529908224819538,0.3594004560910881,0.8187812593947578,0.0009339660241472,0.0005348973251341,0.0673232763994514,-0.0001707832176328,0.0006189522665239,0.1720483730208203,0.0043900301862794,0.0342350492390589,0.2393716494202718,0.0042192469686466,0.0263425408244695,97.83333333333331,34.0,1
08100207,5.0,0.1621621621621622,0.0810810810810811,0.207663782447466,0.0049791838240291,0.1972588064043098,0.2985166872682324,-0.000585604341348,0.000498190571963,0.5197775030902348,-0.0026902624481628,0.020303033784181,0.0723114956736712,0.0073721903502238,0.7017544775249099,0.0148331273176761,0.0028122632409463,0.7617643298756726,0.007416563658838,2.094953706065394e-05,0.0095864613511467,0.7869225764476252,0.0099641674824363,0.586489444822587,0.1994144437215354,-0.0082053480750144,0.4893867102380768,0.0136629798308392,-0.0017588194074218,0.500169458287014,0.0512029611351017,0.001428270297873,0.3306744490737534,0.3433734939759036,-0.0029637895457059,0.0250082994356605,0.8410946107767611,0.0093241466499535,0.0550095770259745,1.1393555725534454,0.0125921067728613,0.0612070855255744,0.8917006375407569,0.0013556115113831,0.0010929197970424,0.6300535425131794,-0.0050108469718107,0.0225371006102661,0.0030845157310302,-0.0001843989538433,0.1571846434385462,1.1152807892987682,-0.0282069618226518,0.0319873353401092,0.5627051615605381,-0.035430828869933,0.1603554819678959,0.0851326341764343,0.0009355443329751,0.0088461760488812,0.1573103022825416,0.0047591154892675,0.0438042950507475,0.2424429364589759,0.0056946598222426,0.0478075758046202,27.666666666666668,9.5,1
08100208,5.0,0.2054054054054054,0.1268680445151031,0.1827646038172354,-0.0048916632622117,0.2062593346727165,0.2692307692307692,-0.0099163011451535,0.3081929262717282,0.5062174667437825,-0.0118228009859273,0.3023772819054796,0.0574031231925968,0.0058217685151338,0.9853364438839808,0.0151821862348178,-1.9998671586541425e-05,0.0009706059218931,0.0069404279930595,6.347057559645112e-05,0.0185692402052479,0.8459996916910745,0.001798588805892,0.072336093860854,0.1382765531062124,-0.0022944574269032,0.128450278202675,0.0157237552027131,0.0004958686210112,0.3133967696327092,0.0928756850302855,0.0052597068039354,0.6773098064823442,0.3571428571428571,-0.0151506435970528,0.5602824095982568,1.5256390728078502,0.0633095258439198,0.7157348984413299,2.06664667331967,0.0858059269528119,0.642595074282279,0.9274580565900103,-0.0289223982416594,0.3892711398578137,0.6553188474761139,-0.0272483552758715,0.5758302568324001,0.0018748197288722,-0.0003199811353629,0.3098979195331299,0.6778861284364851,-0.0856010702750035,0.2447402444209833,0.3420215133996313,-0.0600725602739635,0.2846316576338731,0.0865301413325641,0.0005323517278561,0.0063610566246931,0.1903663109316411,0.0048025726627391,0.0326301656731259,0.2768964522642053,0.0053349243905953,0.0355261735598004,107.33333333333331,38.333333333333336,1
08100209,5.0,0.115057915057915,0.0968566629583581,0.2227456258411843,0.0062421690790832,0.396064324265299,0.3093876177658142,0.0012681059940685,0.0166457170881462,0.5259084791386271,-0.0027184608908995,0.0409282691231588,0.0656123822341857,0.000296231208963,0.013909012916757,0.0250672947510094,0.0033066703609318,0.880749890666831,0.0121130551816958,0.0011181492025035,0.6970131422994545,0.729869666131048,-0.0013251858811225,0.016469445545507,0.2297803963577932,0.0017002503939805,0.044029393656928,0.0403499375111587,-0.0003750645128579,0.0225479263479067,0.0835290171083529,0.0027680499974841,0.4941454828257362,0.251004016064257,0.0065613331904014,0.0769017946952836,1.3721043583386077,0.0228785934032805,0.3393465019608039,1.8586669403983245,0.0311360055130384,0.273236906283466,0.651827951418682,0.0245014788642567,0.1449532104769703,0.4605654550534936,0.0124304094446535,0.0763523775200696,0.0090573633009057,0.0004104026380679,0.1851516972308832,3.2749073670069895,0.2352633139445533,0.4827290308560478,1.6523258507896723,0.0710017314296525,0.1351490688842136,0.0855417645085541,-1.2075262112887885e-05,2.791981204786076e-06,0.1439114391143911,0.0025858930949188,0.0156781750218643,0.2294532036229453,0.002573817832806,0.0124001190487321,83.0,20.833333333333332,1
08100310,6.0,0.2131274131274131,0.1696822096822097,0.1793981481481481,0.0011253989409186,0.0073618506710472,0.2529761904761904,-0.0009609513938063,0.0065739595936994,0.4614748677248677,-0.0088153761770465,0.3845091138714512,0.0765542328042328,0.0088667147413303,0.92698488853031,0.0166997354497354,0.0007510149130466,0.185100107313472,0.0049603174603174,-0.000422088332826,0.4868448529975469,0.7680140597539543,0.0018088675233493,0.0835724423566789,0.2070298769771529,0.0009687139737323,0.0286167763934134,0.0249560632688927,-0.0027775814970817,0.8452836858642071,0.0805945499587118,0.0005884743963398,0.042075784401469,0.5081967213114754,-0.0065654251127906,0.0580059840834753,1.323900808185479,-0.0143124479744312,0.0748733735051488,1.793369906295221,-0.0191716472935246,0.0813707974290599,1.3197272018362771,-0.001979112843556,0.0007833563895712,0.9324864911627324,-0.011209751057485,0.0461617781388637,0.0021469859620148,0.0002991570730665,0.3350169034822642,0.7762943706983629,0.1270652013919813,0.409448333784286,0.3916725307866298,0.054845340942259,0.3109602173803567,0.0822460776218001,0.0012974227308497,0.0324817118273,0.1347646573080099,0.0019652382115135,0.009660393189831,0.21701073492981,0.0032626609423633,0.0235781127224938,81.33333333333333,41.333333333333336,1
08100311,6.0,-0.0957528957528957,0.1309561662502844,0.1981025888406496,0.0118685731619395,0.8379133598731078,0.288149220131854,0.0144029154140107,0.6670852855478455,0.4957388647692555,0.0025670132724693,0.0435359347577718,0.0657662003537546,0.0054152649431367,0.9339552834921389,0.0194565042611352,-2.7371584245691217e-05,0.0005954136435769,0.0115774240231548,-0.0001619669197371,0.2150110155413962,0.8199246833276276,0.0078593096343743,0.6546306637507211,0.1651831564532694,-0.006895207521902,0.6593406167202271,0.014892160219103,-0.0009641021124723,0.3823643123795802,0.1023584148884967,-0.0011715371022379,0.1132403490549112,0.4435736677115987,-0.0021152045876425,0.0159718388971289,1.6814088330400467,-0.0516243132141448,0.7263283138192678,2.2776540226498065,-0.0689538656135723,0.6319043780147571,1.1519087210688468,0.0066068399019009,0.0302981577601409,0.8139101171474492,-0.003236184086466,0.011225453400914,0.0003208727739451,-0.0002112091482683,0.280325537604475,0.1160192625992814,-0.065554552715615,0.2344846826849262,0.0585365035706486,-0.0389551141383089,0.2689712953235744,0.0693085191721482,-0.0004309342078083,0.0028663298371546,0.142467511631638,0.0031201328424463,0.0299669250687479,0.2117760308037863,0.002689198634638,0.0182694173314885,106.33333333333331,47.166666666666664,1
08100312,7.0,0.3428571428571428,0.370686456400742,0.1750837053571428,0.0064704969264189,0.1363420746659216,0.2333984375,-0.0016204266535637,0.0116866218962118,0.4373604910714285,-0.0154395543202486,0.3058864898871833,0.0640345982142857,0.0074389167214761,0.8828463204934791,0.0142299107142857,0.0006938230348422,0.3631261303742453,0.0061383928571428,-3.928224667216334e-05,0.0052435151202964,0.8284600389863548,-0.0033547251003167,0.1725503957774397,0.1521967311440995,0.002531467007788,0.1254510242095878,0.0193432298695456,0.0008232580925286,0.3964223396258468,0.0731809311402286,0.0014783405108219,0.1779250090283531,0.3885714285714285,-0.0118086324552287,0.5059824968524669,1.2021196709944764,0.0032250562956628,0.0077223639232828,1.6284039018616352,0.0048285205159622,0.0071467496119121,1.0090743655699312,-0.0190871123987356,0.3353143632270466,0.7129869060540118,-0.0210848384267182,0.4474843983163202,0.0016727069974909,2.8753897766652662e-05,0.1758047928002275,0.6048074132545201,0.0271779673135659,0.5173261521405981,0.3051502872226257,0.0044704300915661,0.2324640737602393,0.0802899358795651,0.0013431006978529,0.0585931392615951,0.1965430722051853,0.0057603178466762,0.0410738139727543,0.2768330080847505,0.0071034185445292,0.0568274814370544,87.5,34.0,1
08100313,6.0,-0.0362934362934362,0.0285886844546057,0.202135774218154,0.0186336600665673,0.5791538666040739,0.2929061784897025,0.0175302705786673,0.6560343819919364,0.4843630816170862,-0.0002461151920537,0.0001987529527559,0.0373760488176964,-0.0029777928956802,0.2890162294506654,0.0061022120518688,-0.0042605589619144,0.6308348988816108,0.0,-0.0018616386646745,0.6465466586717482,0.8773204196933011,-0.0049881256163109,0.2768000345147889,0.1178369652945924,0.0050254050354457,0.2887444235258645,0.0048426150121065,-3.7279419134813255e-05,0.0359862258589033,0.0045558086560364,-6.517709728926703e-05,0.1303152796151621,0.0,0.0,,0.0748368067661514,-0.0025319653538635,0.7208803938149586,0.101374722568221,-0.0033837360348551,0.6276640078243311,0.0,0.0,,0.0,0.0,,0.0,0.0,,0.0,0.0,,0.0,0.0,,0.0865603644646924,-0.001118105419534,0.0115579219139466,0.1685649202733485,0.0040510598401549,0.0249385892459761,0.255125284738041,0.0029329544206208,0.012600735729179,1.0,0.0,0
08100314,6.0,0.0386100386100386,0.0071323962949579,0.2102532804394263,0.0146183983999403,0.7351529773186888,0.3062252059810803,0.0196285621069322,0.7977646286738169,0.4948123283490998,-0.0047234942743643,0.0685740816729956,0.0608788526090936,0.0030716314448162,0.6200446215805272,0.0204455294476655,0.0020420455660861,0.7069191480975595,0.0068660360085444,-0.0001300145228718,0.075135866982393,0.7889787163834351,0.0027103649044872,0.0840663798207596,0.192707474014189,-0.0023770060009278,0.0751789535511253,0.0183138096023758,-0.0003333589035594,0.0530877310010713,0.1151792524790236,0.0019736304515291,0.2570604429574198,0.304635761589404,0.0128801911792862,0.2649531978559749,1.89201261774272,-0.0008977464764144,0.0004584977695041,2.5629401160659055,-0.0005921401211714,9.629145016187834e-05,0.7911032959522738,0.0405450234860264,0.3507972989702893,0.558973957317374,0.0240633504615329,0.28863725388313,0.0004576659038901,-0.0004181152277717,0.4073665620442949,0.1654801061284488,-0.1317313153326693,0.342299651373957,0.0834915393033988,-0.0768671890337014,0.3907290059755153,0.0860411899313501,-0.000737177349219,0.0125419719143049,0.1638443935926773,0.0029035550282895,0.0149102779131611,0.2498855835240274,0.0021663776790705,0.0071609919216772,125.83333333333331,38.333333333333336,1
08100415,4.0,0.2548262548262548,0.2002206287920571,0.2610978520286396,-0.0244047969007463,0.6733793303875326,0.3691328560063643,-0.0165315076684271,0.4510558393581988,0.569610182975338,-0.0238290402156559,0.5451459323137198,0.0342084327764518,0.0049469041455956,0.9439316734557928,0.0095465393794749,0.0001980884133105,0.0640320378253367,0.0057279236276849,-0.0002121938625265,0.3549402845817888,0.8467413441955194,-0.0078179320611356,0.5933025608020894,0.1313645621181262,0.0031143853663762,0.2181688660984235,0.0218940936863543,0.0047035466947593,0.8427577596296433,0.0630844824853384,0.0065798224534787,0.8096089137818191,0.4497487437185929,0.0084491668761168,0.0610313118050647,1.0362685490406964,0.0953256277476521,0.8488409699202109,1.40374023431326,0.1286927897493975,0.8247314129589821,1.1679446682485255,0.0329971250307419,0.1598893330610084,0.8252407194849957,0.0160063565672591,0.0657626447831745,0.0009510223490252,-1.7133309906229043e-05,0.0011231392340806,0.3438649851551694,0.0051478520562835,0.0009089637057063,0.1734940688330256,-0.0038049109671503,0.0014737520221418,0.1616737993342843,0.000625214984175,0.0028103708600513,0.2006657156443176,0.0005442781189557,0.0005058748853443,0.362339514978602,0.0011694931031308,0.0017472608472997,66.33333333333333,29.833333333333332,1
08100416,6.0,-0.1405405405405405,0.1937755937755935,0.2044187044187044,0.0007178958267215,0.0072006119108601,0.2818532818532818,-0.0006486032513796,0.0068798743452987,0.4976404976404976,0.0011993746753815,0.0107233895242939,0.0692835692835692,0.005887836942633,0.8232365252491123,0.0158730158730158,-0.0009627231583855,0.4389898669686418,0.0102960102960102,0.0003939801886302,0.4313119675593527,0.7638792904860631,-0.0012446750878118,0.0257069981084906,0.2144667127390002,0.00194324305165,0.0647419833784694,0.0216539967749366,-0.0006985679638382,0.0978568935552607,0.0793752674368848,0.0026180613025072,0.427927806844912,0.3638814016172507,-0.0274805769403675,0.8952990370148753,1.3038720454852712,0.0217507171197995,0.130274651856899,1.766238734484766,0.0293136583645598,0.1412107753473999,0.9449572652049164,-0.060110195627345,0.8464561863719586,0.667683354032267,-0.0498537675361384,0.9077498800536764,0.0012836970474967,0.0005940201554171,0.5085954678884375,0.4641515171895514,0.2132303455315129,0.5201037120466745,0.2341835858509967,0.1094065583603551,0.4996528387289692,0.0757381258023106,0.0001402764476509,0.0003701162674905,0.1604621309370988,0.0035798891210462,0.0311154464009528,0.2362002567394095,0.0037201655686972,0.0319669088142872,61.833333333333336,22.5,1
08100417,6.0,0.1065637065637065,0.0368874368874369,0.2016203277481127,0.0005830104867826,0.0027886874609532,0.2929478917326459,0.0077860655564652,0.2151606840929817,0.4953047320935371,-0.0126923097700332,0.2515712137014685,0.0357208617197569,0.0015146388398986,0.3132461621714919,0.0108635610384827,-0.0008076237395238,0.4659022444179809,0.0034984349106978,-0.0012664918136131,0.7989542244849247,0.849473056273613,-0.0007024110330786,0.0159495318451465,0.1294491946709087,0.0003900108820128,0.006652710257724,0.0210777490554782,0.0003124001510657,0.0491948569127584,0.0633841631453242,0.0025832702666447,0.3709665494576927,0.2695652173913043,-0.0334273685973674,0.6901534082676564,1.0411913070703165,0.0254303998939769,0.3044568095300299,1.4104086539197058,0.0348046245606866,0.2426402837018344,0.7000292114088078,-0.0776723263693196,0.688192103596841,0.4946232692254494,-0.0609979416319544,0.681591349450476,0.0018372221201543,-0.0007513864110727,0.4889181465777354,0.6642918094629076,-0.2282701522874262,0.407779608747733,0.335162618735856,-0.1389904258931498,0.4642003258272222,0.0727539959581113,-0.0007066163104287,0.0110475461979847,0.2215689876906118,0.0065519376581059,0.04296380447155,0.2943229836487231,0.0058453213476771,0.0323425691964487,57.5,15.5,1
08100418,6.0,0.3521235521235521,0.4427435839200545,0.195386961494472,0.0096393257632333,0.337623253614688,0.2600076248570339,-0.0023814522337922,0.023177502496793,0.478459778879146,-0.0143987880135331,0.3581225396895399,0.0604269919939001,0.0055062842042981,0.7113006598214711,0.0213495996950057,0.0009622876309211,0.3831248380907126,0.0068623713305375,0.0008992650013976,0.8586089355110882,0.8060422960725075,0.0022057064057805,0.0886436573520256,0.1466263846928499,-0.0098404254598775,0.701559606849196,0.0473313192346425,0.0076347190540969,0.9580838275712036,0.046077684691546,0.001945945930992,0.5777105210459832,0.3553719008264462,-0.0040840841707709,0.019249883265783,0.7569033394156888,0.0199111611184438,0.4262274259216274,1.025309194231023,0.026935382519244,0.4150935950569189,0.9228590910201424,0.0005457017107603,4.754434435749744e-05,0.6520693325299513,-0.0068547723126279,0.0149508004950165,0.0001904036557501,6.149494204101623e-05,0.0810810810810811,0.0688450174963177,0.0219453841813402,0.0810810810810809,0.0347351510620575,0.011204618750769,0.0810810810810811,0.0913937547600913,0.0014994356223405,0.0469222369658053,0.177075399847677,0.0041299768848155,0.0237740783779618,0.2684691546077684,0.0056294125071561,0.0371075887628002,40.333333333333336,14.333333333333334,1
08100419,6.0,0.1428571428571428,0.0512512697386648,0.1815524520948359,-0.0013533890448837,0.0080982180223476,0.2569015914257876,-0.0109579183180592,0.2730179797338721,0.4881455017862942,-0.0061749661960205,0.0616502188362304,0.0519649236765183,0.0051599407025814,0.8148509336262729,0.0146151347840207,0.0017547355031505,0.5439574353168135,0.0097434231893471,0.0002070975533512,0.252716274541929,0.8403159340659341,0.0024866151215415,0.1073230636464139,0.1198489010989011,-0.0058785144299823,0.5504015689093138,0.0398351648351648,0.0033918993084407,0.7121513246688197,0.0401164671627305,0.0027068362456525,0.4438059354029999,0.5080645161290323,0.0326297711448568,0.4428640734120551,0.6589803321129438,0.034617500104373,0.4336011568872013,0.8926616625240504,0.0471252262740914,0.3819763429764894,1.3193838805038534,0.0971209291695291,0.5031275144048759,0.9322439088289232,0.0607143548347947,0.4492574156524072,0.0,0.0,,0.0,0.0,,0.0,0.0,,0.0951148495632481,0.0014910915937514,0.040444990337472,0.1921708185053381,0.0049439775072267,0.0268808393024446,0.2872856680685862,0.0064350691009781,0.039245317658795,20.666666666666668,10.5,1
08100520,5.0,-0.3235521235521236,0.1637958192932015,0.2512181916621548,0.0070142935394931,0.1390286524963042,0.3605847319978343,0.0266726257400455,0.767522133446373,0.5143475906876015,0.0118787251793158,0.2253526695601279,0.1229020032485111,0.0090630892313722,0.7070092547072031,0.0292365998917162,-2.992520836499139e-05,0.0005593507842809,0.0097455332972387,-0.0004260925042717,0.7572391319306494,0.6943483275663207,0.0044034053147116,0.2853898951801467,0.2162629757785467,-0.0025525798948569,0.1053769313047022,0.0893886966551326,-0.0018508254198547,0.2147736917948101,0.0324851109907958,-0.0002879290879564,0.0145530138415058,0.6,-0.0318801918801918,0.5207055283365425,0.5336224932919406,-0.0151485129980913,0.1706371098018972,0.7228506205866113,-0.0199404964582759,0.145077055420545,1.5581295350712174,-0.0640800273012458,0.3415762666168175,1.1009356637598713,-0.0573848584052314,0.4985161015373182,0.0129940443963183,-0.0005681233390289,0.757239131930646,4.698309022943072,-0.0513257144493375,0.0760852111951783,2.370490699009331,-0.1109968931197306,0.7182222527448151,0.1234434217650243,0.0001083884506835,0.0001036224210054,0.149431510557661,0.0017199819419579,0.0080731496393752,0.2728749323226854,0.0018283703926415,0.0060682491911836,10.0,6.0,1
08100521,6.0,0.0,,0.1766796412252496,-0.0068397415065038,0.438605059715388,0.2638348282281266,-0.0106089054333863,0.7072221975466005,0.4812997123032662,0.0028643361611176,0.2211084144943425,0.1391098324589609,0.0015340300520849,0.2495639715992249,0.0649856151633102,-0.0005497625759346,0.0320276392805427,0.0396006092401421,0.0009222824660862,0.1868375134758605,0.5520042380363764,0.0100178743540246,0.4045421874034295,0.3298604979692742,-0.0052405174968444,0.2804501959179195,0.1181352639943492,-0.0047773568571802,0.5136928878516351,0.0218892069371948,-0.000336333888839,0.0337258832669524,0.4230769230769231,0.0326153106146568,0.4077160123807025,0.3595669777861813,-0.0124366275128705,0.1250294586596634,0.4870731955689825,-0.016774772151057,0.1364853787788481,1.0986810824220123,0.0951041999639838,0.4607842774677582,0.7763007885486272,0.0604701452140647,0.4079816499026841,0.0020205421788179,-6.0305808051333134e-05,0.761155593015948,0.7305755822003581,0.0012304675340988,0.0041145899880314,0.3686055161702504,-0.0121187407483798,0.8606630349518939,0.0949654824044451,9.053325896089068e-05,0.0001000994591959,0.117191446371443,0.0009840652172158,0.0089764695405452,0.2121569287758881,0.0010745984761767,0.0043763126573599,21.666666666666668,9.166666666666666,1
08200622,6.0,-0.0401544401544401,0.0060934753541753,0.1978146194423511,-0.0127582831110182,0.5677378620000885,0.2837226827430293,0.0008173923601432,0.0102367056975416,0.4740015071590053,0.0057110022867158,0.3008300721687227,0.1073850791258477,0.0064479588364649,0.713274525268746,0.041446872645064,-0.0014802707192675,0.2161446695697888,0.0278824415975885,-0.0008118027217478,0.0504660998271599,0.6954962136309286,0.0173397560087878,0.8957489223056251,0.2475089677162216,-0.0158125211956196,0.9308285182980272,0.0569948186528497,-0.0015272348131681,0.2474436190558278,0.035941594908274,0.0070041597875084,0.8399950248300426,0.40625,-0.0296254593313416,0.2699170720807746,0.5904010453674065,0.1112640146994288,0.8475406434744897,0.7997634421406041,0.1498965381102592,0.8430581226033621,1.0549835393711369,-0.0639597054230545,0.2295492515504916,0.7454251890040795,-0.0538301239274786,0.2577738284908367,0.017970797454137,-0.0003402227936034,0.5797803029267685,6.497773691782744,0.0775350539132399,0.2103415036760811,3.27839484917277,-0.071439777088139,0.4744076143496835,0.0831149382253837,-0.0005590475600696,0.0037268952877067,0.1190565331336578,0.001923522734427,0.0258711319707158,0.2021714713590415,0.0013644751743573,0.0065876919879228,16.0,6.5,1
08200623,6.0,-0.0795366795366795,0.1437241753031229,0.1956027293404094,-0.0058607802637106,0.0860570826485771,0.302122820318423,0.0111306214570005,0.4607537151522197,0.4950720242608036,0.0063039553759799,0.248982160064118,0.1288855193328279,0.0065740657968371,0.7458288335428631,0.0413191811978771,-0.001227238398703,0.1504416356742158,0.0246398786959818,0.0003525672358701,0.0938262138180906,0.7061649319455564,-0.0010594238033985,0.0144910307841694,0.2321857485988791,0.0019889010698439,0.0583534176079025,0.0616493194555644,-0.0009294772664453,0.1120902740195397,0.0430188679245283,-0.0006301019033534,0.055688630601595,0.2368421052631578,-0.0311963571583208,0.3243548033878317,0.7066571380035498,-0.0239482813402844,0.1982930003341989,0.9572451633300358,-0.0322076930478886,0.2124477092856843,0.6150511322649542,-0.0727168444754191,0.2723687644700016,0.4345798672736333,-0.0567080589690842,0.3203513724918827,0.0079245283018867,0.0001493906078265,0.0431315102404182,2.8653036489448573,0.1316865295084004,0.1930738809735843,1.445663879598662,0.0234484195263173,0.0397024349683245,0.1041509433962264,-0.0015372103176041,0.0177970916637598,0.1086792452830188,0.0011856427089896,0.0062376011195037,0.2128301886792452,-0.0003515676086144,0.000280478863167,19.0,4.5,1
08200624,6.0,0.0177606177606177,0.0071665650613012,0.200524628388225,0.0020817825940016,0.0276329623175325,0.2730982220926843,-0.0031083810685993,0.0558287338728967,0.4730399300495482,-0.0052402208607558,0.1703388781073981,0.1603031186243078,0.0031322730859246,0.4377892044444326,0.0670358496065287,0.000640589620629,0.1700019936919115,0.0346837656659865,0.0010379042426899,0.3187014940450419,0.6811594202898551,0.0032038210401937,0.0703813114348929,0.2312801932367149,-0.0031462138788778,0.0899772298666033,0.0875603864734299,-5.760716131594642e-05,0.0005206885402454,0.0447934845840605,-0.0012278861443592,0.2298057128938841,0.3896103896103896,0.0080746454243991,0.0802253283962046,0.7358081963688821,-0.034944607454571,0.464069414910659,0.9967334924297776,-0.0469273715082958,0.4696139549745183,1.0117724253709204,0.0313516765733649,0.1459074728807698,0.7148932881557606,0.0155195823055946,0.0873022198328326,0.0017452006980802,8.481699378288803e-06,0.0464733024171849,0.631019252863282,0.0214082287813559,0.5645667663813796,0.3183752414972538,0.0007248068717524,0.0119794503230559,0.0907504363001745,0.0002536991901698,0.0008086223866364,0.1535776614310645,0.0024253236400974,0.0192155329726031,0.2443280977312391,0.0026790228302673,0.0187625842684723,25.666666666666668,10.0,1
08200725,7.0,-0.2401544401544401,0.1900458801222156,0.1703212646608873,0.0059080692261487,0.1732619439928173,0.2463029066802651,0.0122228932629858,0.5477910728886296,0.4487506374298827,0.020027092344889,0.6965509347430843,0.1438041815400306,0.0027837969330465,0.3284120071636891,0.0566037735849056,4.821184156763661e-05,0.0002356593916794,0.0275369709331973,0.001112316961771,0.2215597086992929,0.6632978723404256,0.0065940639519355,0.4483827075992466,0.2595744680851063,-0.0061533314901662,0.3680692422824393,0.077127659574468,-0.0004407324617692,0.0209964673548642,0.0391459074733096,0.0024840988203188,0.4747885115032821,0.5064935064935064,0.0115851115851115,0.0893256383226577,0.6430372595618242,0.0314927245684055,0.3375424557153484,0.8710650093984686,0.0425444014897498,0.3395791030782011,1.3153041529821965,0.0434426305689308,0.1509334064285789,0.9293612746024886,0.0221765560835096,0.0980024006650202,0.0030503304524656,-0.0001434154393292,0.814950099464315,1.1029202802968805,-0.0157884857278195,0.1464587900356124,0.5564687749199586,-0.0279787303381459,0.8973010060886655,0.0823589222165734,6.327818925894772e-05,4.293647660025268e-05,0.1281138790035587,0.0026907015639143,0.0435238763078886,0.2104728012201322,0.0027539797531732,0.0274209749740595,12.833333333333334,6.5,1
08200726,7.0,0.5351351351351352,0.6579219077149296,0.1711229946524064,0.0009141513499738,0.0210154505502541,0.2406417112299465,-0.0090123904256566,0.4098478774090905,0.4214876033057851,-0.0185707494494399,0.774638010693103,0.1453573164803111,0.0228238796704965,0.937761521453919,0.0432668935342732,0.0055968661020306,0.8900577843111159,0.0165289256198347,3.2115042176547065e-05,0.0001757570065386,0.7757575757575758,-0.0025864327968064,0.0778357555167996,0.1974747474747474,-0.0009191790574016,0.0168089285535826,0.0267676767676767,0.0035056118542081,0.6398407122379355,0.0584823586273562,-0.0043540671562486,0.8005913345230689,0.4214876033057851,-0.0367672504318467,0.5722841507977854,0.9606709373154174,-0.0937886895525999,0.906707431775871,1.301334917375866,-0.1259553733898516,0.9007070943336175,1.094553805628541,-0.0825402010508219,0.5444413748659762,0.7733845571866864,-0.0669101998423142,0.5699471644600118,0.0,0.0,,0.0,0.0,,0.0,0.0,,0.0898985016916384,-0.0002266349121216,0.0008465035254316,0.1275978733687772,0.0022597617830193,0.0249849734518867,0.2174963750604156,0.0020331268708976,0.0143563888834911,20.166666666666668,8.5,1
08200727,5.0,-0.1683397683397683,0.1336094763279227,0.2039365773646801,-0.0089562101580261,0.2330002061839456,0.2936030617823947,0.0006039984662409,0.0022487497863242,0.5013668671405139,0.0036422689642232,0.1277741219215147,0.1060688901038819,-0.0071306517759011,0.7117016106220473,0.0338983050847457,-0.0033697465836599,0.8860339744686598,0.0153089119737561,0.0015234933565292,0.508718776363837,0.8942361499720202,0.0001824439824253,0.0011799987586174,0.0889759373251259,-0.0030673203173085,0.2953325974117005,0.0167879127028539,0.0028848763348832,0.5200539921215344,0.0483432916892992,7.410468543018817e-05,0.0011280030978447,0.5393258426966292,-0.0056076484647913,0.0475611459820415,0.7941197385008969,-0.0134621557603226,0.1277486756906436,1.0757229183766877,-0.0180434703480296,0.1363160423487264,1.400565874221319,7.296883751365352e-05,1.6827048288092783e-06,0.989605091020109,-0.009562779871802,0.042830934396154,0.0,0.0,,0.0,0.0,,0.0,0.0,,0.091254752851711,-0.0002071371004584,0.0004396120873417,0.2020640956002173,0.0064117177523195,0.0718836624092688,0.2933188484519283,0.0062045806518611,0.0533488095074207,14.833333333333334,8.0,1
08200728,7.0,-0.0926640926640926,0.0221214014317461,0.2540792540792541,0.0430696049960576,0.8452142978510699,0.3193473193473193,0.0367150356842263,0.6031136249699798,0.4638694638694638,-0.0046998183618155,0.0795990153250403,0.1142191142191142,-0.0350536805596652,0.7987375278060824,0.0233100233100233,-0.0223879092134625,0.8037280793943806,0.0069930069930069,-0.0014780913972916,0.1131878890121064,0.748792270531401,0.0261027349620157,0.6996677197151002,0.1570048309178744,-0.0312428124110648,0.8831627551589027,0.0942028985507246,0.005140077449049,0.2082734878950484,0.1080459770114942,0.00294504623478,0.0561680857404707,0.6808510638297872,0.0151774223202794,0.0761721722963717,1.774836590811497,0.0195791175128386,0.0077216735702234,2.4042122422414995,0.0251462746056534,0.00752068342909,1.7680902525630835,0.0581552161687021,0.147003403112512,1.2492886964651022,0.0289376808942862,0.0798486934590729,0.0,0.0,,0.0,0.0,,0.0,0.0,,0.1379310344827586,0.0057941460650195,0.1283878965445876,0.193103448275862,0.0030119674895805,0.0111754415445576,0.3310344827586207,0.0088061135546,0.0594015554428942,7.833333333333333,5.333333333333333,1
08200729,6.0,0.1567567567567567,0.1771147771147772,0.2114118507681053,0.011750026978961,0.2929271314994528,0.2662765179224579,0.0006137179909232,0.0018835027647134,0.4411119239209948,-0.0237906857491095,0.7154884318012993,0.1287490855888807,0.0085431563412839,0.5244950028171398,0.0373079736649597,-0.000117942919073,0.0007426825721572,0.0175566934893928,-0.0001037228795361,0.000921705691511,0.62,0.0155963887919629,0.6364486729877781,0.2961538461538461,-0.0151641156930209,0.7089256227273077,0.0838461538461538,-0.0004322730989419,0.0079440463481976,0.1316752011704462,0.0183099489147211,0.7736033982554025,0.4277777777777777,-0.0091571984313656,0.1561063263578024,2.1629862731021525,0.2797734937914367,0.73715226310595,2.9300038688152252,0.3764569951079642,0.7472952818165433,1.110888650004479,-0.0114428968814783,0.0452605337093394,0.7849263528658341,-0.0161509810432097,0.141642853240828,0.0087783467446964,0.0008400890797311,0.3246751534737694,3.174022225814138,0.3786047354971458,0.4937153356691536,1.6014251357242992,0.1505880728518626,0.2932463879590509,0.0570592538405267,-0.0020375292886176,0.0249320859188654,0.1536210680321872,0.0064997016777077,0.1285583466190617,0.2106803218727139,0.00446217238909,0.0438143670609595,30.0,12.833333333333334,1
08200730,7.0,-1.1243243243243244,0.7668720563161538,0.2064220183486238,0.0285880896658972,0.7229810634835563,0.2715596330275229,0.0268725938984073,0.6279799417151332,0.455045871559633,0.0172617602472743,0.3615275234005002,0.163302752293578,-0.010163263872301,0.5677127290775483,0.0688073394495412,-0.0027068383545402,0.2182533081092705,0.0229357798165137,-0.0021870987385091,0.6833928236611797,0.8197343453510436,0.0220398156461567,0.8053624066152062,0.174573055028463,-0.0176597294504913,0.8130757603599543,0.0056925996204933,-0.0043800861956653,0.6087891153538102,0.0547445255474452,-0.0056850421761924,0.6418410508286876,0.5,0.0246168246168246,0.3419809321160996,0.8992707528377867,-0.1157897815601039,0.7840136617533499,1.218161584145503,-0.1554224437375292,0.753996806245768,1.2984412792260145,0.0773085683246543,0.4511738086628841,0.9174463864665594,0.0458915914291064,0.3325539662540728,0.0,0.0,,0.0,0.0,,0.0,0.0,,0.0711678832116788,0.0015183909518322,0.0185585732268325,0.1094890510948905,0.000959586990128,0.0033676897959166,0.1806569343065693,0.0024779779419603,0.0178134652637306,10.0,5.0,1
08200831,6.0,-0.3204633204633205,0.487151201436916,0.1858902575587906,-0.0024364431480061,0.0215734526425518,0.2814483016050765,0.008892808773663,0.4014859878444843,0.4815229563269876,0.0246914778711034,0.8782040104121865,0.1634938409854423,0.0086924416618329,0.8311964369326018,0.0578574094811496,0.002940024425962,0.7578940899929758,0.0100783874580067,0.0010855887161958,0.5365125341853314,0.7320410490307868,0.001999669083907,0.0439216840072952,0.2360319270239452,0.0011970703634052,0.0188001424365413,0.0319270239452679,-0.0031967394473123,0.8140445005809228,0.0387192851824274,0.0003675541903659,0.0186732971845174,0.2884615384615384,-0.0166376460494107,0.3496887239721148,0.636029272098922,-0.0051815520200087,0.0117164919534672,0.8615719161531459,-0.0070718881223567,0.013163726777296,0.7491007380150083,-0.0348049511885095,0.2616179167676781,0.5292959921922458,-0.0301071680260677,0.354831211597385,0.0,0.0,,0.0,0.0,,0.0,0.0,,0.1027550260610573,-0.0008341494500843,0.0076683202467092,0.1608339538346984,0.0033920776016609,0.0241950042160709,0.2635889798957557,0.0025579281515766,0.0104033860042819,17.333333333333332,5.0,1
08200832,5.0,-0.2393822393822393,0.3590733590733592,0.2434843860061047,0.0128965987363218,0.5161507730696233,0.33505517727166,0.0212058192966158,0.7895107025123362,0.5073961023714487,0.0156120965603666,0.6917711063654511,0.1544963606480394,0.0099926489005888,0.8100562416239667,0.0502465367457149,0.0011487984388934,0.280635773915009,0.0159661892463019,-0.0005388196727274,0.2812119386050788,0.7513892244503503,0.0122287861740813,0.7107392336587901,0.2114037207054844,-0.0128283205562381,0.7652337921802068,0.0372070548441652,0.0005995343821567,0.1858864745327223,0.0306217858812529,-0.001508560654562,0.3449820285535968,0.3816793893129771,0.0191022748165605,0.4492890203176051,0.5030142496861386,-0.0356258671161822,0.5102347240923203,0.6813883730920786,-0.047868471228016,0.508052515440578,0.991176549027492,0.0589546461034054,0.5333391579461245,0.700340753027908,0.0356261552213724,0.4638729729045516,0.0,0.0,,0.0,0.0,,0.0,0.0,,0.1037868162692847,-0.0011190906514856,0.0085430674237897,0.1711079943899018,0.003414090888675,0.0358948959905942,0.2748948106591865,0.0022950002371893,0.0098168593638064,21.833333333333332,8.333333333333334,1
08200833,5.0,-0.027027027027027,0.0810810810810812,0.2232375979112271,-0.0003815010909794,0.0014307702257995,0.3085291557876414,-0.0037800459836296,0.1050859656758319,0.5369886858137511,0.0084840005205657,0.4138546591774097,0.1575282854656222,0.0057389165809169,0.4625174379347427,0.0557006092254134,-0.0001773105312386,0.0076184511645299,0.0234986945169712,0.0026709197562454,0.7611700590512421,0.8363636363636363,-0.0020389245684052,0.0288110950032136,0.1363636363636363,0.0021168933760009,0.0436129158810956,0.0272727272727272,-7.79688075956983e-05,0.0012254290321273,0.0147569444444444,-0.0017908608033092,0.3461776629968496,0.6470588235294118,0.0884133112704541,0.7045921796617264,0.2424075906665746,-0.0358187702852835,0.4058460565365647,0.3283678622077403,-0.0481611723780565,0.4112432097439773,1.680335773116019,0.2433227745105598,0.7489771556346354,1.187283558956724,0.1630497360293306,0.7016505594335407,0.0030381944444444,-0.0009495861919217,0.5454152113861962,1.0985322149455834,-0.2803734871909831,0.4498148207817789,0.5542548149502973,-0.1761600856228656,0.5244011042304951,0.1041666666666666,-0.0015023831919912,0.0194615736998782,0.1692708333333333,0.0042234939626147,0.0426908231399997,0.2734375,0.0027211107706235,0.0120113726210355,5.666666666666667,3.6666666666666665,1
08300934,4.0,-0.2169884169884169,0.3444844360098599,0.2263191354100445,-0.0086699171283536,0.3648906813603889,0.3442466624284806,-0.0007772474096556,0.006435456905583,0.5460902733630006,-0.0009653685225272,0.0035758676061132,0.0956770502225047,0.0048521677678763,0.8966948062634007,0.0184361093452002,0.0002915684040846,0.0540826100367076,0.0076287349014621,-0.0008915045804893,0.6023122743929281,0.7092221857564818,-0.002693011807118,0.1317428120091831,0.2244830981293075,-0.0017402492639147,0.0715278361917811,0.0662947161142107,0.0044332610710328,0.787153455527529,0.0543547361729179,-0.0014832859394877,0.3134244600386827,0.4736842105263157,-0.0041191137790533,0.0487571113012462,0.8928678078716181,-0.0424104169899733,0.5044266595421971,1.209488087805751,-0.0570860896995544,0.5438679990498628,1.2301022645299085,0.0029727060349908,0.0038706275718869,0.8691597345472667,-0.0068293742292358,0.0379338492930885,0.0,0.0,,0.0,0.0,,0.0,0.0,,0.091544818817546,-0.0006128035516206,0.0045610904632422,0.1411315956770502,0.0024913656477691,0.0233338913544923,0.2326764144945963,0.0018785620961484,0.0090760254617903,28.5,13.5,1
08300935,4.0,0.1374517374517374,0.0755136088469421,0.2328863796753705,-0.0409201157295375,0.7515236723227401,0.3429781227946366,-0.0368118437260594,0.8037399655242371,0.6224417784050812,0.0006668919175592,0.0049770948924754,0.0536344389555398,0.0004814001835484,0.0217851192701586,0.0127028934368383,-0.0003350203093912,0.3138971666996868,0.0042342978122794,-0.0001116734364637,0.3138971666996888,0.8982558139534884,-0.0001234273497896,0.0005491407090227,0.0930232558139534,-0.0010319317791989,0.0346408002829151,0.0087209302325581,0.0011553591289885,0.3463724610780156,0.0252986647926914,-0.001122759931272,0.1506795859699315,0.3333333333333333,-0.0920683949255377,0.6209100716096148,0.415573047832838,-0.027269341456393,0.2941325449253721,0.562939604872862,-0.0364423760879649,0.2765781449583746,0.8656275194840096,-0.2267362657194267,0.6159956091466421,0.6116309243110396,-0.1686427252364175,0.6175562638357146,0.0,0.0,,0.0,0.0,,0.0,0.0,,0.1391426563598032,-0.0027070096725665,0.0362266779683901,0.1728742094167252,0.004173491375377,0.0700590382980045,0.3120168657765285,0.0014664817028104,0.0039555470421238,6.0,2.0,1
08301036,3.0,-0.437065637065637,0.5744097923664486,0.2704761904761905,-0.0047074030631649,0.033967967176444,0.4257142857142857,0.0244331088144974,0.7247248228275571,0.6142857142857143,0.0153127728448369,0.4875131782239991,0.0561904761904761,-0.0002468147694837,0.0043230049766246,0.0171428571428571,-5.384682230700766e-05,0.0082377220714369,0.0057142857142857,-1.7948940768996215e-05,0.0082377220714316,0.8993089832181639,0.0081402842284569,0.5872831449359743,0.0888450148075024,-0.0081881709987589,0.6128742687406814,0.0118460019743336,4.788677030205087e-05,0.0125372258920897,0.0170454545454545,-0.0063262456958719,0.688190882430441,0.1666666666666666,-0.0742048170619599,0.4272934276195381,0.2800002116790381,-0.1150202351041908,0.6838789654844117,0.3792912205180315,-0.1553031330830993,0.7012203460935686,0.4328137597420048,-0.1852575801735862,0.4137323291671713,0.3058154621555198,-0.135930599605103,0.4264244408509555,0.0,0.0,,0.0,0.0,,0.0,0.0,,0.1420454545454545,-0.0008363057063164,0.0034154845065431,0.1875,0.003326392059667,0.0198490492427502,0.3295454545454545,0.0024900863533505,0.0078016770850435,3.0,0.5,0
08301037,4.0,0.1729729729729729,0.1793793793793791,0.2418200408997955,-0.0099517667255486,0.3243869077404339,0.33640081799591,-0.0093290608715386,0.3148716676159249,0.5823108384458078,-0.0065872956894191,0.1668408659518891,0.0618609406952965,0.0120223004382104,0.7980163895157779,0.0097137014314928,0.0022503894648073,0.5923990180321419,0.0035787321063394,-0.0007377108903054,0.4327306664178578,0.8516570226196739,-0.00099437305529,0.057573566204763,0.126775381378222,-0.0005602062496919,0.0192064190844845,0.0215675960021041,0.001554579304982,0.7173117990479274,0.0259938837920489,-0.0037313636058614,0.5412242028306693,0.392156862745098,-0.0484882084882084,0.5025432633520072,0.4269931872291957,-0.0733105967358105,0.6156228673362756,0.5784094453567535,-0.098436497847425,0.6096021276648045,1.0183853170400117,-0.1124224521781964,0.4682724934894543,0.7195657933071054,-0.0884935195823408,0.4960212435201805,0.0,0.0,,0.0,0.0,,0.0,0.0,,0.1162079510703364,-0.0009801665125959,0.0089831439561756,0.1620795107033639,-7.666999948594199e-05,1.3798580619006628e-05,0.2782874617737003,-0.0010568365120819,0.0015631121843573,8.5,3.3333333333333335,1
08401138,4.0,-0.4602316602316601,0.4215646559908854,0.247244094488189,-0.0068297524011494,0.0582353220796669,0.368503937007874,0.0017223154105195,0.010236689576879,0.5590551181102362,0.0160357809040192,0.4735848049117326,0.1322834645669291,-0.0105319956490187,0.5634516450700702,0.0456692913385826,0.0059498280958042,0.5621160954169323,0.0094488188976377,-0.0003906709034267,0.554628620641386,0.755591054313099,-0.0006513313757045,0.0050168273104336,0.1964856230031949,-0.006772801169674,0.3050869544636101,0.047923322683706,0.0074241325453785,0.7582374178179552,0.0850393700787401,-0.0071744174684602,0.2730958003580953,0.3333333333333333,-0.0304049104049104,0.5486693402082272,1.3969144418884925,-0.1511288047500463,0.3414361790417052,1.892274939529329,-0.2035076776878074,0.3523498614898832,0.8656275194840096,-0.068571988650922,0.534364517079128,0.6116309243110396,-0.0553293177087634,0.5373856096682086,0.0,0.0,,0.0,0.0,,0.0,0.0,,0.1322834645669291,0.0019750311699362,0.0172487706234604,0.0755905511811023,0.0021606057697074,0.0121231201327807,0.2078740157480315,0.0041356369396437,0.0288044854735483,9.0,3.0,1
08401139,7.0,0.1335907335907336,0.0635504956311555,0.2137142857142857,0.0058234786348344,0.1359931298212832,0.3028571428571429,0.0095359158067008,0.3191935498325126,0.4662857142857143,0.0066146018871027,0.1449366334244667,0.1508571428571428,0.0079630951619007,0.7159245042869873,0.0485714285714285,0.005687522121259,0.814382588283022,0.0165714285714285,0.0008099404896084,0.2602874135932536,0.6913875598086124,0.0049905462952779,0.2182858385764574,0.2715311004784689,-0.0030058698588187,0.1038388231616339,0.0370813397129186,-0.0019846764364592,0.2544087214019797,0.0913763563677898,-0.000986492529321,0.035210688741941,0.49375,-0.0341174582319505,0.3489838219023524,1.5010100820258354,-0.0448075855408715,0.166679763871739,2.0332839843494703,-0.0602196401573088,0.1794722466370113,1.2822107632356894,-0.0720037974133229,0.2598814162338206,0.9059783066357274,-0.0616735941234455,0.3276213062958993,0.0137064534551684,-0.0032836143668837,0.8052272329439548,4.955897638706941,-0.9641605591505572,0.7535798455016396,2.5004547807368556,-0.614838049961587,0.8380031759543557,0.1096516276413478,0.0009549527367482,0.0086925102937006,0.1541976013706453,0.0038175476243749,0.0426469056503747,0.2638492290119931,0.0047725003611232,0.0417432050605944,26.666666666666668,13.166666666666666,1
08401140,7.0,-0.1274131274131274,0.1074437786533186,0.2193308550185873,0.018688587491337,0.4538343714228496,0.2924411400247831,0.0263764396901097,0.7108881949053198,0.4460966542750929,0.0034531441265432,0.121396602416429,0.1524163568773234,0.0048171227355941,0.137313533206378,0.0322180916976456,-0.0060506089320435,0.6353754609563865,0.0099132589838909,-0.0012945012987501,0.0453911960675492,0.7712418300653595,0.022295416042968,0.7791608621293786,0.2,-0.0182769149635824,0.82335385333037,0.0287581699346405,-0.0040185010793856,0.4219244463599332,0.0148698884758364,-0.0105773363430354,0.6366829111563308,0.5,0.0552123552123552,0.1764839005504623,0.2442628860248362,-0.1887832607900336,0.6606129323536731,0.330881064739398,-0.2537953234062126,0.6552454920703037,1.2984412792260145,0.1559695016583522,0.2112075506512988,0.9174463864665594,0.1017329904694005,0.1753246193600071,0.0074349442379182,-0.0004520042686175,0.8079939054700991,2.688282764986324,-0.0730141199005604,0.3784807384718862,1.3563495418433191,-0.0872449536390527,0.8677417225754581,0.0743494423791821,-0.0005750671746467,0.0012321390701603,0.0892193308550185,-0.0006841274554546,0.0018574621221661,0.1635687732342007,-0.0012591946301014,0.0026189842467267,2.0,1.0,0
08401241,7.0,-0.227027027027027,0.1589189189189188,0.148655139289145,0.0006350229697542,0.0022182274017362,0.2291066282420749,0.0079574952233144,0.2492639902496306,0.4097022094140249,0.0030847205882092,0.096236159605257,0.164745437079731,0.0081894190306806,0.6232317034862827,0.0720461095100864,0.0003560720440849,0.0287745927168248,0.0302593659942363,-0.0006230006523238,0.3606537299164966,0.6736602628918099,0.01536582911227,0.6568288200513812,0.2917087967644085,-0.0148031258344151,0.599663746032715,0.0346309403437816,-0.0005627032778548,0.07190465703966,0.0393982808022922,0.0006453937609551,0.1202401422197639,0.3818181818181818,-0.0427844055730112,0.6546961737455175,0.6471829152466784,-0.0007688733199964,0.0009993893067777,0.8766807580263957,-0.0008433900262221,0.000582469126741,0.991536976863502,-0.0990358129561329,0.6145987403251916,0.7005954223926454,-0.0778924100883059,0.6612704551546693,0.0090735434574976,-0.0019058482503629,0.7713452655130049,3.2807576914625365,-0.5491454694835143,0.7191753921246267,1.655277580793029,-0.3577820478155157,0.79111737329676,0.0630372492836676,-0.0005289611377105,0.0048625714799105,0.0974212034383954,0.0007117786648737,0.0033340781117562,0.160458452722063,0.0001828175271632,0.0001433660714497,27.5,10.5,1
08401242,7.0,0.0,,0.1917744916820702,0.0083803498042287,0.232143401129122,0.2444547134935305,0.0008774101739249,0.0068765724402556,0.4371534195933456,0.0017815669531023,0.0227573349975545,0.1571164510166358,-0.0008218995576789,0.0411221942069613,0.0577634011090573,0.0053536700478202,0.812251030628242,0.005083179297597,-0.0020865605354552,0.5686210956480503,0.7488083889418494,0.0046597271900417,0.2919269419614396,0.2264061010486177,-0.0027393823769168,0.1196565764532796,0.0247855100095328,-0.0019203448131249,0.6713186397142683,0.0110599078341013,-0.0012665911651442,0.5410755037449528,0.5,-0.0352123552123552,0.3881935148410792,0.1816775567023436,-0.0254844509990464,0.6493444198124085,0.2461023218845107,-0.034207532003159,0.6389538897413798,1.2984412792260145,-0.0760910373093324,0.2810506478371209,0.9174463864665594,-0.0637726996317699,0.3897956416893433,0.0027649769585253,-0.0005613922749451,0.2942887326441744,0.999743866978785,-0.1599486528143415,0.2225838023495931,0.5044120185564787,-0.1051032958831213,0.308710284334214,0.0525345622119815,-0.0019072664738419,0.0544322180815778,0.1078341013824884,0.0013781212262113,0.0091144865178233,0.16036866359447,-0.0005291452476306,0.0009152269971487,4.0,2.0,0
08401243,7.0,-0.2393822393822393,0.3590733590733591,0.18451674186654,0.0055807363081155,0.4304976702449008,0.2619330325338399,0.0104817047014194,0.6225014002738645,0.4379007361671811,0.0185112953744599,0.7404572670174011,0.1897411541201615,0.007570428157823,0.7720996915713934,0.0588933744953692,0.0003702762785404,0.0247767800013459,0.016860603182142,-0.0017009741162727,0.799772622151375,0.6978293043907252,0.0049425244916666,0.1908903807084058,0.2476566354218056,-0.0034577017678814,0.1461747492851526,0.0545140601874691,-0.0014848227237851,0.2511189494027566,0.0715466351829988,0.007203766364601,0.9265396125204884,0.504950495049505,0.0549673082923511,0.787681587279336,1.1752736157748718,0.1039195543985285,0.8634786760847826,1.592037954174387,0.1398798254936987,0.8913901497578672,1.311297133475777,0.1528937870602036,0.8344635016003303,0.9265300140553372,0.101445636040676,0.7995968718805478,0.0028335301062573,-3.5338021861646126e-05,0.1848197854103328,1.0245309050030524,0.0180191146944719,0.2280211304800541,0.5169181016611847,-0.0079284258280145,0.3542009575905083,0.0949232585596221,0.0015792887849083,0.0297495303918254,0.150177095631641,0.0029349013163141,0.0223544364772242,0.2451003541912632,0.0045141901012225,0.0360329365628059,50.5,25.5,1
08401244,7.0,0.1482625482625482,0.0693175550318403,0.1782101167315175,-0.0021905693545238,0.0367909054234175,0.2435797665369649,-0.010049974035148,0.5619152466508188,0.4431906614785992,0.0031146207573106,0.0415977604736835,0.1322957198443579,0.0027534975548873,0.1983284948621406,0.0307392996108949,-0.0026888067806582,0.3713526748318003,0.0046692607003891,-0.0031339260355505,0.8312606125058752,0.7939418094858509,0.0092278954493745,0.5750798394506217,0.1917098445595854,-0.0116929489748656,0.6738156093716543,0.0143483459545635,0.0024650535254911,0.7947606597580212,0.0318199456732634,0.0004761089319279,0.0467069727247774,0.4146341463414634,-0.01720437863295,0.3274130989375997,0.5226960360822505,-0.001573383968998,0.0022983404848692,0.7080495271654678,-0.0018008886035993,0.0015364074278516,1.0767561827727925,-0.0328696912971008,0.1977032493959756,0.7608091985332444,-0.0309440534002189,0.3382931903192008,0.0,0.0,,0.0,0.0,,0.0,0.0,,0.0628637951105937,-0.0003322803281989,0.0020181289249636,0.1722933643771827,0.0054454823954818,0.0638228451417327,0.2351571594877765,0.0051132020672829,0.0523134195284284,13.666666666666666,5.666666666666667,1
08401245,5.0,-0.4015444015444015,0.6023166023166022,0.2222222222222222,0.0032650117026416,0.0108761865133426,0.3313667649950835,0.012843606914221,0.4789060061935665,0.5211406096361848,0.0158330377505939,0.659987851110212,0.0776794493608653,0.0113917219267738,0.8474796722365162,0.0176991150442477,-0.0002836040306786,0.1777498959229029,0.0,0.0,,0.7489878542510121,0.0008862746700186,0.0055866924444748,0.2267206477732793,0.0030608699540054,0.0807460870064085,0.0242914979757085,-0.003947144624024,0.745519466961065,0.0353982300884955,-0.0008045820621518,0.1396307794839704,0.5,-0.0037506894649751,0.0371943371943377,0.581475365846734,-0.0247940632374501,0.3911901012402949,0.7876726231406909,-0.0332843943155766,0.377400536179185,1.2984412792260145,0.0041999480634207,0.0057538499018149,0.9174463864665594,-0.0060729375770396,0.0305509250661368,0.0039331366764995,0.0018610726080316,0.4107200511386163,1.42212008609896,0.6681671247605405,0.4126771308277834,0.717518243374342,0.342978529273013,0.4083963300097186,0.0943952802359882,-0.0010330272061274,0.0078922745403985,0.135693215339233,0.0033088842056859,0.0360555560009178,0.2300884955752212,0.0022758569995585,0.013401614432023,6.0,3.0,1
08401246,7.0,0.1081081081081081,0.0289575289575289,0.1709710743801653,-0.0111017013209592,0.2894958788424646,0.2412190082644628,-0.0115495704208519,0.2584432329780939,0.434400826446281,-0.0002604856115107,0.0004168409450497,0.1492768595041322,0.0071057835078554,0.5251534613297443,0.0304752066115702,0.001412708093892,0.3260381089326497,0.009297520661157,0.0012559929079947,0.6663232841220246,0.816358839050132,0.0087834093652169,0.8494283631470921,0.1646437994722955,-0.0111145684973398,0.8271031866274197,0.0189973614775725,0.0023311591321228,0.5116403507241574,0.01956745623069,0.0001813463496176,0.0128403158288886,0.3157894736842105,0.0443096157381871,0.3024152188046819,0.3214283240146596,-0.0026939064709749,0.0096174263207398,0.4354101755620657,-0.0035457930899617,0.0092255415527509,0.8200681763532722,0.1202610548931878,0.3319821065492263,0.5794398230315112,0.0814966405605871,0.3026298291344513,0.0030895983522142,9.202380156191936e-05,0.5301927294623555,1.117118533132834,0.0636329341752875,0.6992857031920702,0.563632379128506,0.0155171148325282,0.5826213409131085,0.0895983522142121,0.0009681223845557,0.0136868618449333,0.1730175077239958,0.004538509063249,0.0464266764329124,0.262615859938208,0.0055066314478047,0.055336975691815,6.333333333333333,2.0,1
09100101,6.0,0.4447876447876447,0.6671814671814671,0.1761688695995265,-0.0016065194161326,0.0578666802862931,0.2541921483527323,-0.0170248453319452,0.5423856258972624,0.473564805681594,-0.0272798271232639,0.6880296867514779,0.1086999408167291,0.0113319195510325,0.9742461407607436,0.0312684947721444,0.0049780797738237,0.97137891388626,0.001775498125863,0.0001575767358302,0.1681868326512525,0.6799788695192815,0.0104202721177083,0.5683284995115687,0.2544109878499735,-0.0108685559516345,0.6784081737288419,0.0656101426307448,0.0004482838339261,0.0358162056569524,0.0447026388341866,0.0021773161799767,0.7598801437984307,0.5594713656387665,0.0023203331525191,0.0191396593991094,1.2379770859079215,0.0488339998321433,0.578639952902089,0.9947120153693316,0.0329789485586666,0.5002951796616129,1.0888117874150405,0.0187427395408876,0.2442758398710098,1.0265699654735951,0.0051727592188653,0.0256100326219202,0.001181567546278,-2.149799941632772e-05,0.0247098363581707,0.3041247890926242,-0.0026005973269963,0.0062547510866091,0.2155522017068843,-0.0044754764266223,0.0331169312661351,0.0744387554155179,0.0001279463435621,0.0004082607230554,0.1234738085860575,4.057741832209218e-05,6.52986968796565e-06,0.1979125640015754,0.0001685237618842,8.107538821078286e-05,75.66666666666667,42.333333333333336,1
09100202,8.0,0.2972972972972973,0.2835494453991566,0.1452173913043478,-0.0015959303552925,0.0243255950722663,0.2226086956521739,0.0057674295572575,0.2871951937488164,0.3891304347826086,-0.0172343692135034,0.7176467726343103,0.1491304347826087,0.0145614801448349,0.8973337490087424,0.0243478260869565,0.0051928380905472,0.7870219934057211,0.0026086956521739,-5.892843364277798e-06,0.0045249869708213,0.6740331491712708,0.0014995615167694,0.0216094588453307,0.2720994475138121,-0.0050682160922258,0.2567666861414366,0.0538674033149171,0.0035686545754563,0.6469726768352424,0.0186470078057242,-0.0029377989401517,0.5083308794648562,0.4418604651162791,-0.0527154055725484,0.3375847744502955,0.5164028116966243,-0.0898153362553302,0.5239535985595235,0.414928585845687,-0.0764941271717004,0.5508728026029666,0.8599240503792471,-0.0875802723791272,0.2725286490410974,0.8107665740867269,-0.095712180652977,0.3218968707783944,0.002601908065915,0.0012039135145689,0.7285210011417032,0.6697075797972011,0.3044411985228124,0.7366941140817869,0.474663521364943,0.2218927635895971,0.7214989883631762,0.0624457935819601,-0.0012591568731241,0.0256703000599982,0.1561144839549002,0.0035566994757406,0.0309443120605091,0.2185602775368604,0.0022975426026164,0.0094120734674182,7.166666666666667,3.1666666666666665,1
09100203,6.0,-0.0169884169884169,0.0009665823458923,0.206688596491228,-0.0129094795523319,0.3893263108859809,0.2976973684210526,-0.0050335537376427,0.1233519449235578,0.4978070175438596,-0.0028077675200271,0.0369423282558815,0.0833333333333333,0.0079317435567078,0.8687102718152594,0.0296052631578947,0.0035172060461971,0.8943967584143059,0.0,0.0,,0.8769230769230769,0.0029398495033906,0.393769883726091,0.1025641025641025,-0.004523855890059,0.6213937727357384,0.0205128205128205,0.0015840063866683,0.716680800216606,0.0257675438596491,0.0009968950412602,0.0916816142449438,0.6382978723404256,0.0534013605442177,0.4497353158005908,0.7135961028317973,0.0209456692480357,0.0586238435327748,0.5733729854029892,0.01306676862344,0.0352769249703457,1.2422195128658775,0.1182973747614377,0.5265518701600278,1.1712081529360334,0.098980737247533,0.4392841068546977,0.0032894736842105,7.187965015294315e-05,0.2806490336434432,0.846680745072558,0.0248566638746543,0.2649188755857818,0.600095438743179,0.0116825419821265,0.4338446804157794,0.0953947368421052,-0.0015968253168454,0.0167999415750939,0.1842105263157894,0.0040777292131216,0.0272222208816439,0.2796052631578947,0.0024809038962762,0.0078467133480364,7.833333333333333,5.0,1
09100304,6.0,0.0046332046332046,0.0005956977385541,0.2141833810888252,0.0122174855148716,0.7017129304465324,0.2970391595033428,0.0091949441127198,0.4686790106606378,0.4820916905444126,0.0008961070974352,0.0101706240529827,0.1024355300859598,0.0045760790502438,0.709487619903602,0.0243553008595988,0.0019183836892893,0.6871849491173552,0.0028653295128939,0.0006528636211412,0.7363364603717646,0.782967032967033,0.0079351694475926,0.3845109275130449,0.187062937062937,-0.0082086197570434,0.4755946691625935,0.0299700299700299,0.0002734503094508,0.0216126156959131,0.0467334287076776,-0.0002082988888734,0.0030550059318569,0.4795918367346938,0.0424327944047333,0.4567577083794439,1.2942169723048065,-0.0199921293375794,0.0409962568904048,1.0399006471936112,-0.0236872677784606,0.0809080044896443,0.933354729224736,0.0924672365366175,0.5335320673273987,0.8799995951822099,0.0787196204685216,0.4632538094397463,0.0014306151645207,0.0005578094414668,0.5794920298063493,0.3682273912761911,0.1407644894208121,0.5776589685679728,0.2609857129870192,0.1023647970468626,0.5557699724593053,0.0886981402002861,0.0003083138739377,0.0010949009689488,0.1487839771101573,0.0034600046215098,0.0322433840592102,0.2374821173104435,0.0037683184954476,0.0302342047012728,32.666666666666664,15.666666666666666,1
09100305,5.0,-0.2393822393822393,0.3590733590733592,0.2153846153846154,0.0014346560368727,0.0124292265083763,0.3090301003344481,-0.0007466034106582,0.001610855230583,0.5444816053511705,0.01757117897547,0.4139312921018697,0.0929765886287625,0.0113199040558673,0.9358030109902188,0.0240802675585284,0.0026942110693203,0.8250993096619694,0.0,0.0,,0.8694424841213833,0.0054048022005038,0.4209456719777729,0.123500352858151,-0.0050439151543662,0.3827797414073698,0.0070571630204657,-0.0003608870461376,0.1323557799241989,0.0327759197324414,-0.0019828029874637,0.6050347753658935,0.6122448979591837,0.0052123552123552,0.0246465082687203,0.9076832745562472,-0.0666180681546188,0.731174637804815,0.7293216244699006,-0.0598648657253407,0.7483707434609441,1.191516675606046,0.0246670157988993,0.1318886490537628,1.123403738530481,0.0104426851688241,0.0324818581416816,0.0,-0.0007075225242009,0.1546652473378357,0.0,-0.1802145007603334,0.1602747362660437,0.0,-0.1302854145151571,0.1488659895475393,0.0882943143812709,-0.0011486662570234,0.0174914466322529,0.2207357859531772,0.0056430880268762,0.0345693930385089,0.3090301003344481,0.0044944217698528,0.0185982000639878,8.166666666666666,5.0,1
09100306,6.0,-0.2347490347490347,0.2676138996138998,0.191391237509608,-0.0017201181841327,0.0052347109157721,0.2482705611068409,-0.0074830151396718,0.2415078711192572,0.4642582628747118,0.0126109170867336,0.3430129425573461,0.1683320522674865,0.0035910073553943,0.2048340447859392,0.06456571867794,0.0085672576042867,0.6039703980315543,0.0092236740968485,0.0013598363076691,0.3981802428753423,0.6881382560879812,-0.0089330481131187,0.7266769858256925,0.2741555380989788,0.0084968254514932,0.7316580528456759,0.03770620581304,0.0004362226616255,0.0252465446055607,0.0229533282325937,-0.0045393112014025,0.6527192122126527,0.7,0.0176282404853833,0.0233599019988269,0.6356603354597332,-0.1368142906332824,0.6582810709819149,0.5107517583104327,-0.115708782679251,0.6730137815201935,1.3623007324429124,0.0485309958638871,0.0469580785261697,1.2844249410531832,0.0327391091961185,0.0244286225890385,0.0045906656465187,-0.000173161773423,0.7087750887005457,1.1815957758319402,-0.033418578285226,0.2874766400282444,0.8374706046423555,-0.0342723655850547,0.7481269854263713,0.1009946442234124,0.0024289254498985,0.0500052950858058,0.1514919663351185,0.0042894757697392,0.0549877392427039,0.252486610558531,0.0067184012196378,0.1088039319204333,5.0,3.5,1
09100407,5.0,-0.2795366795366796,0.2617041672214083,0.2493664470349721,0.0119352705178918,0.5979235797083599,0.3613786112519007,0.0140113906588902,0.3351271076896381,0.5261023821591485,0.0119984515923391,0.4889813598409617,0.1186011150532184,0.0171315217916288,0.8952494609987964,0.0364926507856056,0.0042875419179159,0.7566885560392996,0.0060821084642676,-0.0001640297500015,0.4918316451420155,0.8409931325937665,0.0183820210782076,0.9504614966524112,0.1526677231907026,-0.0151773743269548,0.932639978716232,0.0063391442155309,-0.0032046467512528,0.8786903582168635,0.0192600101368474,-0.002846245705707,0.7975888734801588,0.6578947368421053,0.0877244591530305,0.538288058481486,0.5333790542480673,-0.0874916987159939,0.8299166050887621,0.4285689614503455,-0.0747658022907352,0.844673729974031,1.280357831243339,0.1804326820786869,0.5684199398581612,1.207166297982315,0.1615709848582151,0.5493178918481536,0.0,0.0,,0.0,0.0,,0.0,0.0,,0.0912316269640142,0.0007165721952763,0.0041038946628366,0.1581348200709579,0.0036130049290197,0.0354120589532364,0.2493664470349721,0.004329577124296,0.0313287616875962,6.333333333333333,4.166666666666667,1
09100408,5.0,-0.3714285714285714,0.4051182377712991,0.2312399355877616,0.0015221582923259,0.0120484902881548,0.343317230273752,0.0122999973049483,0.4945304658681106,0.5407407407407407,0.0117822715075846,0.412799467175747,0.1243156199677938,0.0116846967086212,0.8718322594446443,0.0425120772946859,0.0031045822191689,0.8179331027004821,0.0,0.0,,0.7492447129909365,0.0070819513278397,0.5535048296056686,0.2047667002349781,-0.0058000656701805,0.5215318655398876,0.0459885867740852,-0.0012818856576592,0.2991355409877561,0.0530376084860173,0.0031832755390357,0.6724087310641026,0.6363636363636364,-0.0231582516332998,0.4414999036002467,1.4688024176960115,0.0750536965155528,0.5963685795615854,1.1801796896864498,0.0530532146565542,0.5095980738181634,1.2384552113117386,-0.0279122968123769,0.202819194824253,1.1676590373210756,-0.0414626272067638,0.444860250121199,0.0038572806171648,0.0008009879084909,0.6568638095175197,0.9928291089761144,0.2064882753288514,0.6637409584226588,0.7036798973111916,0.1463793374235752,0.6084605147846731,0.0964320154291224,-0.0004333330669832,0.002158384185769,0.1350048216007714,0.0022572768196156,0.0182772149196334,0.2314368370298939,0.0018239437526324,0.0066998638003878,27.5,17.5,1
09100409,8.0,0.0,,0.1239010989010989,-0.0243660017296036,0.8006827397678843,0.2008241758241758,-0.0250218102468855,0.8185058911098779,0.4197802197802198,0.0099665057855943,0.5207751554154265,0.1733516483516483,0.0070305276170029,0.7239896438529154,0.0557692307692307,0.0048816035024384,0.7883882133507162,0.0049450549450549,0.000694424809492,0.6555270069268545,0.5018813314037627,0.0077169105525136,0.635636143827122,0.373082489146165,-0.0045428940998476,0.5753989284984435,0.1250361794500723,-0.0031740164526659,0.5412202030664008,0.0082417582417582,-0.0004640993426294,0.2068344890670014,0.6,0.0526126126126126,0.5083306836248012,0.2282439721005141,-0.0158270424701422,0.2634571691491106,0.1833935571735537,-0.014351115907226,0.3030560827964023,1.167686342093925,0.1154685944368902,0.589080172204618,1.1009356637598713,0.0975774111961239,0.5008425106132665,0.0065934065934065,0.0007698086282777,0.4858319597435721,1.6970831637498305,0.2060461275446835,0.5330345240809065,1.2028286596346798,0.1393581536845451,0.4967297945616608,0.0873626373626373,0.0013131144259549,0.0406263102325182,0.1021978021978022,0.0021349042588678,0.0535216449228452,0.1895604395604395,0.0034480186848227,0.0718762851654166,5.0,3.0,1
09200510,5.0,0.0509652509652509,0.0720794263651398,0.2064717779003493,-0.0113457420853163,0.4163091227125908,0.283875712447141,-0.016244026191387,0.8345833932228816,0.5249126677698106,-0.0133414259127291,0.5217080091839923,0.0880676594962309,0.0056635235154867,0.8293291643301549,0.0242691671263099,0.0035723533645351,0.7434134794830625,0.0029417172274315,-0.0001356930989795,0.0785322937108032,0.6671203577678397,0.0041835966396303,0.3602260945187602,0.2745479292241882,-0.0032465596069337,0.3330964264667633,0.058331713007972,-0.0009370370326966,0.086191260364156,0.0319911748483177,-6.388502317893871e-05,0.0014383054788975,0.3045977011494253,0.0058577713750127,0.0583242313985394,0.8859508621044407,-0.0114785863982059,0.0692857473350651,0.7118596762360849,-0.0144696290497449,0.146769434785383,0.5927909591089849,0.0184862016389336,0.1380638802269432,0.5589041204911224,0.0111616520989187,0.0659825933464985,0.0033094318808604,-0.0006397708919906,0.7753687392446226,0.8518178041987565,-0.1518908674398804,0.7000431141367165,0.6037363928668277,-0.120249084934759,0.7892559192478148,0.0761169332597904,-0.0011166660616327,0.0167813843091657,0.1257584114726971,0.0021319636324323,0.0222339840040884,0.2018753447324875,0.0010152975707996,0.0028513349044728,29.0,8.833333333333334,1
09200511,5.0,-0.0231660231660231,0.0018954018954017,0.2257091128545564,0.0001071029793417,4.427034074450109e-05,0.3019513176423254,-0.0044511427138848,0.0839824488107546,0.5292697646348823,0.006050945220179,0.0825266865776824,0.0927378797022731,0.0081762401200749,0.9576741361216417,0.0140816737075035,6.651663217644493e-05,0.0028937441227695,0.0016093341380004,0.0001228845989041,0.1419047974658982,0.7860435875943,0.0062487457657751,0.4204303172217331,0.1873428331936295,-0.0064583263447991,0.4990888860064129,0.0266135792120704,0.000209580579024,0.0304654765300055,0.0593441963387648,0.0008011500401679,0.107612478482626,0.2813559322033898,-0.012878200773307,0.1036255971892465,1.6434545513413266,0.0047849156541475,0.008484718719563,1.3205123160528531,-0.0053574734069872,0.0174977585985544,0.5475591321683377,-0.0176643375272546,0.0599336561137547,0.5162579666218605,-0.0233528280741675,0.0994439921877338,0.0024140012070006,0.0001228760567287,0.0413215963501522,0.6213420555269948,0.0352576927602099,0.0551675500755672,0.4403838584862437,0.0220176250104518,0.0337336919570072,0.1086300543150271,0.0014146947469784,0.0353578415616967,0.1689800844900422,0.0032955920540835,0.0208297642446514,0.2776101388050694,0.0047102868010619,0.0375947647680623,49.166666666666664,13.833333333333334,1
09200512,7.0,0.2918918918918919,0.3405405405405401,0.1699496106275767,-0.0015563300132034,0.0184488476395607,0.2565277141548328,0.0011645230398456,0.0084634373139875,0.4411360513055428,-0.0006900774558322,0.0122516190296818,0.1314704535043518,0.004620399902208,0.4724599064228787,0.0435180943655519,0.004909268477808,0.7059173585378711,0.0054970224461749,-4.4409835343913075e-05,0.2826188055563049,0.6052376333656644,0.0135196379843146,0.7607385232760676,0.3011639185257032,-0.0152144942281684,0.7909512479791065,0.0935984481086324,0.0016948562438538,0.2898294954297282,0.0627576729271644,0.0073673986662745,0.6420886630545937,0.5109489051094891,0.0237610187043873,0.1368744129549725,1.7379860132399507,0.1921633654025142,0.6383267197166562,1.3964681492030504,0.1478565849181161,0.6136784783894753,0.9943800966736588,0.0584595371385222,0.2144836318560126,0.9375364533234914,0.0444934286581726,0.1381357932256383,0.0027485112230874,-2.2204917671956012e-05,0.2826188055562595,0.7074419051820182,9.857658885039892e-05,2.0522782675502785e-05,0.5014081906860094,-0.0053720231359365,0.2099130385548925,0.1099404489234997,0.0022456611226023,0.0523790691488676,0.1126889601465872,0.0019980846761818,0.0251473402822386,0.222629409070087,0.0042437457987842,0.0570579096878889,22.833333333333332,11.666666666666666,1
09200613,4.0,-0.1714285714285714,0.1406052076002811,0.2348429510591672,-0.0049732858892528,0.2627487349248878,0.3363769174579985,-0.0057467966690948,0.2535911367640192,0.5544192841490139,-0.0013912442622316,0.0174350013335428,0.1051862673484295,0.0098735537164873,0.8296706681269617,0.0257487216946676,0.0025145590253468,0.8695368240280178,0.0,-0.0003308858168864,0.4168923649054687,0.7421800947867299,0.0114193714701386,0.7597704041215969,0.2077725118483412,-0.0118448867740722,0.8639117985055278,0.0500473933649289,0.0004255153039336,0.0296339658508414,0.0496905715325809,0.0005979209985179,0.0731671319820532,0.5201465201465202,-0.0627783944247959,0.9295772600990656,1.3761109086016432,0.0019200617324357,0.0008826154634665,1.105702254790097,-0.0061791315738821,0.0158063552695459,1.0122799791046238,-0.1059783521915907,0.9272121557904496,0.9544130906831608,-0.1143402441753359,0.9374733503251956,0.0045504186385147,-0.0005139033123037,0.6228923783276248,1.1712365603479142,-0.1194675041151208,0.6113066023183403,0.8301283826807718,-0.0968840072907336,0.5784904691223196,0.127775755369494,0.0015098412265642,0.0301143604683796,0.113578449217328,-0.0005487612786116,0.0011863078338071,0.241354204586822,0.0009610799479526,0.0018977081102785,45.5,23.666666666666668,1
09200614,6.0,-0.7644787644787645,0.5231571268437628,0.2272727272727272,0.0359895622962199,0.742557839488627,0.3228438228438228,0.0449832531659315,0.8057418006664447,0.4743589743589743,0.0260874524445866,0.5671245004905789,0.2191142191142191,0.0106566082828032,0.62373192908561,0.092074592074592,0.025544751212755,0.8975952869924759,0.0069930069930069,-0.0001208674293022,0.2010822428714634,0.7798053527980535,0.0108893940357487,0.4715437306479293,0.1800486618004866,-0.0133547457783547,0.5808756494604912,0.0401459854014598,0.0024653517426059,0.3491367558043138,0.0093240093240093,0.0003423165155606,0.0095778398093921,0.0,-0.4837310924369747,0.8263739495798319,0.2582154027803796,0.0067760377514183,0.0048439523595132,0.2074755394286668,0.0042590268554551,0.0029261535084764,0.0,-0.9176908968540394,0.8246890538340178,0.0,-0.8881878780110068,0.8233545041461963,0.0069930069930069,-0.0001208674293022,0.2010822428714634,1.7999366888255777,-0.0152653964527977,0.0237174015989368,1.2757273662792057,-0.0258939615029296,0.2276706143635113,0.1048951048951049,0.0027375492339237,0.0360903117403769,0.1678321678321678,0.0043225303444549,0.0319275152762178,0.2727272727272727,0.0070600795783786,0.0652082212748895,1.3333333333333333,0.0,0
09200715,8.0,0.2996138996138996,0.3892305570876996,0.1296192294732112,-0.0025396462590073,0.117313577852114,0.1972368864427721,-0.0052629109725984,0.4481588613939519,0.3761653375266764,-0.0077636120944284,0.7996756536108911,0.1846568572391329,0.0074714778524618,0.7869864240588287,0.0604290688531955,0.0048582631583796,0.9525614614531404,0.0104459171065932,0.0016491574053551,0.8951876233564083,0.3578611143972554,0.0194063723655628,0.8910977080807136,0.4273039157695493,-0.0174298051722493,0.9440965125937404,0.2148349698331953,-0.0019765671933135,0.256909988206403,0.0239883421141127,0.0020840830952918,0.7045660353999437,0.5654205607476636,-0.0457509404515206,0.7048146275613811,0.6643235979053784,0.0523484579644581,0.5818757610561573,0.5337826301084011,0.0391808263489955,0.5253876680891184,1.100389777206892,-0.0729246633666226,0.6254851687471303,1.0374861005836793,-0.0831775039593478,0.7154311679989102,0.001345140679296,-3.811259585584203e-05,0.91973588147867,0.3462270326224292,-0.0067003537037513,0.3740082197169724,0.2453926869784909,-0.0076618069403994,0.8345853974642855,0.0605313305683219,-0.0010576599947439,0.0331062737115293,0.0538056271718417,-0.0001627703179429,0.0010320000302738,0.1143369577401636,-0.0012204303126868,0.0159587727333494,35.666666666666664,20.166666666666668,1
09200716,7.0,-0.1528957528957529,0.2293436293436294,0.1873669268985096,-0.0011716946538323,0.0074990751789516,0.2615330021291696,-0.0092237522402766,0.2687960112771441,0.4613200851667849,-0.0025580624170275,0.029168363281987,0.1614620298083747,0.0127550091466093,0.8588507610780522,0.0372604684173172,0.0011132202374017,0.1525266121937983,0.00319375443577,0.0003477996049099,0.2520049078196964,0.7022900763358778,0.0140359976200895,0.6890234506040874,0.2460923300617957,-0.0138092593886988,0.7216988479349122,0.0516175936023264,-0.0002267382313907,0.0187326118482855,0.045777146912704,-0.0036571313316875,0.4440386529586987,0.5116279069767442,-0.0018350137356348,0.0012104724534894,1.2677340849245018,-0.1187853690625785,0.5445803020021582,1.018621702228695,-0.1046341967819288,0.5690948782409625,0.9957015320180757,0.009645208668407,0.009562626586211,0.938782348942526,-0.0024297162059941,0.0006171199320706,0.0,0.0,,0.0,0.0,,0.0,0.0,,0.1213626685592618,0.0032083357138955,0.1344444545166628,0.1256210078069553,0.0032790741202881,0.043584678424713,0.2469836763662171,0.0064874098341837,0.1184099694159225,21.5,11.0,1
09200717,6.0,-0.3266409266409266,0.363922156196081,0.2019778243931675,0.0081540914733775,0.4240955792777613,0.287383877734492,0.0104332408818136,0.3909971630725685,0.4746778543602037,0.0078914860626059,0.548702242439261,0.1348516631705124,0.0050716548187008,0.7561011444739225,0.0296673658975127,0.0001932103603613,0.0339105428855426,0.0,0.0,,0.7663464518128292,0.0083889676630236,0.8312024975734232,0.1815928106600557,-0.0110673057187338,0.9096726399124128,0.0520607375271149,0.0026783380557102,0.7713768133600799,0.0197782439316751,0.0002277708347596,0.0432586528597578,0.6363636363636364,0.0273967473967474,0.3994620458323686,0.5477308146781291,0.0004632210220247,0.0001995745592635,0.4401005711255074,-0.0027520148346214,0.010398394183215,1.2384552113117386,0.0680812453459907,0.4962705459778168,1.1676590373210756,0.0513716199958079,0.4167783800453053,0.0002996703626011,-1.0128422666340551e-05,0.0004123384497987,0.0771324382685219,-0.0008848686962167,5.161034589129532e-05,0.0546685685879312,-0.0019920198297208,0.0004764730810712,0.0899011087803416,0.0006419372577035,0.0078943116442407,0.1060833083608031,0.0024417709924705,0.0373882912403552,0.1959844171411447,0.003083708250174,0.0383382703242766,11.0,7.0,1
09200818,3.0,-1.0,0.8920780711825488,0.2674040338321405,-0.0154746115782406,0.4366896694730411,0.394925178919974,0.0126997186906802,0.2578478733600904,0.6180871828236825,0.0470133746091892,0.9141416666281854,0.0800260247234873,-0.0027787256493841,0.2883104526651907,0.0279765777488614,-0.0019327288093197,0.4307890194766642,0.0039037085230969,-0.0004606828890389,0.9610820859753936,0.8318703578663066,0.0139381193885911,0.7474845642839791,0.1559756920999324,-0.0108710635685629,0.709866605771044,0.0121539500337609,-0.0030670558200281,0.7279665575313177,0.0149642160052049,-0.0003384646528225,0.0088927403563896,0.3478260869565217,-0.1424967824967825,0.6001284564443883,0.414413041514965,-0.0141795930218904,0.0188780759892203,0.3329800174922992,-0.01422613609031,0.0275273804710659,0.6769196186051739,-0.2598275373344992,0.5623802233934407,0.6382235731941283,-0.2602067948204574,0.5921491213553235,0.0,0.0,,0.0,0.0,,0.0,0.0,,0.1483409238776838,-0.0013142042800176,0.0122740475363848,0.128822381262199,0.0018161076217287,0.0166267686506019,0.2771633051398828,0.0005019033417111,0.0005562982456348,3.8333333333333335,1.3333333333333333,0
09200819,6.0,0.1065637065637065,0.0368874368874369,0.2033398821218074,0.0027873104805326,0.0225265068444376,0.2711198428290766,-0.0068039879772935,0.2404235448938566,0.4662737393582187,0.0049860736701403,0.0742426925612498,0.1168958742632613,0.0079429486006775,0.8250462407909993,0.0281597904387688,0.0040183617160639,0.863417556570235,0.0019646365422396,8.003943350768679e-05,0.0443768168222358,0.6994889267461669,0.0214516790990118,0.8713828756566049,0.2449744463373083,-0.023331912551597,0.8953208946420863,0.0555366269165247,0.0018802334525851,0.620203252968681,0.0327439423706614,0.0020199890417852,0.3755029435538689,0.33,-0.0999761540097674,0.6129384928471411,0.9067977062277572,0.0478977738315059,0.3294711851285767,0.7286100721586287,0.0342075148277112,0.2837579593566596,0.6422274881516588,-0.1811626053123923,0.5942623487430418,0.6055146150679293,-0.1830160858960083,0.6043289913384574,0.0078585461689587,-1.423765241451152e-05,0.0011684824201846,2.0227186365584093,0.0122366820168827,0.0094935909755705,1.4336268241880268,-0.0064367912941179,0.0059470457995645,0.1218074656188605,0.0020928580168804,0.043849197636562,0.1198428290766208,0.000706317229182,0.0021401226007683,0.2416502946954813,0.0027991752460625,0.0212342795088154,16.666666666666668,5.5,1
09300920,7.0,0.0,,0.1800878477306003,-0.0095407121660209,0.5943301970283825,0.2576866764275256,-0.006631692437348,0.3184052846786471,0.4361012340514537,-0.0010097936795037,0.0318203840055251,0.164400752980548,0.0078727748835042,0.8698627851758122,0.0522903158335076,0.0058632619713434,0.9022154558747432,0.0,0.0,,0.7289514178940426,0.0092171071528101,0.6290471680554115,0.2349967025719938,-0.0091144896125384,0.5958138015644352,0.0360518795339635,-0.0001026175402717,0.0096124072587973,0.0282013787340714,0.0008705782482009,0.2427179090335229,0.6888888888888889,-0.0227754576574452,0.4187822014240545,0.780997757051686,0.0163575733290661,0.1003809802118308,0.6275300744731168,0.0088836681672763,0.0448375527790643,1.340676911293025,-0.0254264679466224,0.1896850699495125,1.2640372435761484,-0.0406966837362969,0.3788622206733564,0.002924587424274,-0.000227458507624,0.3250788199577313,0.7527623252619191,-0.0515128017494301,0.3224783856479314,0.5335295983478108,-0.0430024131273557,0.2940093928677156,0.0739502820137873,-0.0015415911028454,0.0554039659286779,0.1278462502611238,0.0027590925891593,0.0312102524029181,0.2017965322749112,0.0012175014863138,0.004556385519729,22.5,15.5,1
09300921,6.0,-0.3451737451737451,0.4542472936977353,0.1748466257668711,-0.0106406924734193,0.2084518314473343,0.254601226993865,-0.0178338363211835,0.3279240064548765,0.4826175869120654,0.016156946088145,0.6346049181198434,0.1543967280163599,0.0062173314198155,0.632987748249571,0.0725971370143149,-0.0009766546841134,0.0501658551632686,0.0,0.0,,0.7632432432432432,0.0056050634827077,0.5641944976352163,0.2172972972972973,-0.0086067442277685,0.8104810020261337,0.0194594594594594,0.0030016807450608,0.6848968001800246,0.0,0.0,,,,,0.0,0.0,,0.0,0.0,,,,,,,,0.0,0.0,,0.0,0.0,,0.0,0.0,,0.0920245398773006,0.0002138922795237,0.0005636286233572,0.1104294478527607,0.0019219158851242,0.0129863809909966,0.2024539877300613,0.0021358081646479,0.0135461223488919,0.0,0.0,0
09300922,4.0,-0.2972972972972973,0.149881439711208,0.2517321016166282,0.0026701083388031,0.0196445586006891,0.3614318706697459,0.0021130892183604,0.0060565140699926,0.5658198614318707,0.0175690155712615,0.258471341816854,0.1200923787528868,0.0002239212049667,0.0022169465545163,0.0519630484988452,0.008450316751203,0.8916756973483589,0.0069284064665127,0.0001159811467331,0.0991484527032174,0.8544378698224852,0.0180277770757734,0.7361351100963713,0.1242603550295858,-0.0184764737557006,0.7750741200314804,0.0213017751479289,0.0004486966799272,0.1423542103809868,0.0669745958429561,0.002707540563729,0.1599682170252754,0.6206896551724138,0.0192426192426192,0.0495844886588319,1.8547677979161097,0.0568233651667118,0.0880790182939444,1.4903020704573002,0.0360099931514842,0.0558204456336459,1.207951388373026,0.0501049140227232,0.0867758068314273,1.1388989625102115,0.0360176530641513,0.0529461130808081,0.0,0.0,,0.0,0.0,,0.0,0.0,,0.138568129330254,0.0010797346198499,0.0060386488244073,0.277136258660508,0.0078434470168074,0.069893279078125,0.4157043879907621,0.0089231816366573,0.0732629025884337,9.666666666666666,6.0,1
09300923,5.0,-0.5822393822393823,0.7173341408635525,0.2422577422577422,0.01322079728819,0.5544474282236813,0.3376623376623376,0.0229965023937528,0.7167442909921188,0.528971028971029,0.0253810216923358,0.680698339406312,0.1178821178821178,-0.0029738993720049,0.423820281405036,0.0209790209790209,0.0039261531986464,0.7891871184099668,0.0,0.0,,0.8261546445251686,0.0050949899978689,0.4416249736824844,0.1696938245978204,-0.0038538704923729,0.3606708974308235,0.0041515308770108,-0.0012411195054959,0.507488463602981,0.0284715284715284,0.0009638649176578,0.2734764997661223,0.5789473684210527,0.0327241527241527,0.5498054883553809,0.7884791763472304,0.0189380074333686,0.1536736729169241,0.633541379326822,0.0110983919433741,0.0822397039150885,1.1267148914941385,0.0767933338409009,0.6112104123253013,1.0623063422244372,0.060963582996846,0.5464613652795385,0.0,0.0,,0.0,0.0,,0.0,0.0,,0.1258741258741258,0.0019043012474112,0.0330188273328511,0.1588411588411588,0.0027127462483566,0.021568772398687,0.2847152847152847,0.0046170474957678,0.0403749353537268,9.5,5.5,1
09301024,6.0,-0.0339768339768339,0.0060607325472186,0.2044384667114996,0.0006732595696495,0.0019475839446636,0.3066577000672495,0.0106745943512189,0.4189150078035691,0.4774714189643577,0.0060875246121522,0.2201946479401454,0.1607262945527908,-0.0018579862159504,0.092552185871363,0.0410221923335575,0.0009334754404616,0.1499556387088505,0.0080699394754539,-0.0007981089320408,0.9452786018563196,0.6496034607065609,0.021769421035586,0.7075522353821189,0.250901225666907,-0.0171011334209731,0.6969534771567447,0.099495313626532,-0.0046682876146129,0.6481498195035937,0.0403496973772696,-0.0036388637637882,0.6569870169383563,0.3,-0.0666120666120666,0.7967142269949061,1.1174284578962626,-0.1166106978771691,0.6742847101489762,0.8978514433244593,-0.1020573332404486,0.695179029422152,0.5838431710469625,-0.1180853182177419,0.7736964985579641,0.5504678318799356,-0.1217270538524435,0.7851575911889155,0.0040349697377269,-0.0003992615220767,0.9453970106660748,1.0385646799007031,-0.0906878760024201,0.8991212778399303,0.7360955482633212,-0.0756254023999598,0.9688157386519316,0.0766644250168123,-0.0041480539177121,0.0884231129150563,0.0484196368527236,-0.0007608438314441,0.0083414769603437,0.1250840618695359,-0.0049088977491562,0.0744085281043344,10.0,3.0,1
09301025,7.0,0.0,,0.1595441595441595,0.0110300972646368,0.7594166080643576,0.2124542124542124,-0.0048269889794323,0.1903919129692493,0.4015059015059015,-0.0089177254283424,0.6105322715135642,0.1623931623931624,0.0061844540799441,0.8792479164785345,0.0459910459910459,0.0043454824573213,0.8197378951140297,0.0048840048840048,0.000212313073808,0.1995368231408288,0.6564275194613928,0.0069371797238678,0.6159952577556838,0.2621502209131075,-0.0110435519310842,0.8152323343278628,0.0814222596254996,0.0041063722072164,0.8644929518659819,0.0141843971631205,0.0013176849199982,0.6784065484198136,0.5714285714285714,-0.0762887562887562,0.684756607361775,0.3928170489105774,0.0333635221141139,0.6504256993553821,0.3156276823223335,0.0250836352399811,0.6103120977878209,1.1120822305656428,-0.1308215308308242,0.6321232025662293,1.0485101559617822,-0.1391612556490573,0.6912329192065493,0.019047619047619,0.0021213176765946,0.7335276149485774,4.902684695277289,0.5624660183024912,0.8359890728648169,3.474838350055742,0.3850084100669872,0.7209721592313872,0.0729483282674772,0.0003986804341961,0.0029639628202615,0.1252279635258358,0.0025042669432503,0.027613761077704,0.198176291793313,0.0029029473774465,0.0237744048940308,11.666666666666666,6.666666666666667,1
09301126,6.0,0.0,,0.2138364779874214,0.0140123129182114,0.681765015890601,0.2949985025456723,0.0126115865042368,0.7901108149424535,0.4764899670560047,-0.006730108365038,0.5724856690235971,0.1398622342018568,0.0109017932346568,0.900873666213614,0.0452231206948188,0.0051432736954355,0.7638744744428893,0.0053908355795148,0.0004551251327774,0.3397237178156777,0.6921159239638517,0.0020107929226363,0.1267022502934512,0.2517918354627609,0.0001368551050555,0.0005015561083746,0.0560922405733873,-0.0021476480276919,0.6031883774551678,0.0407307577118897,0.0001905063886833,0.0054235290535501,0.5073529411764706,0.0061030035191526,0.0236118219447006,1.1279813911214784,-0.0068901242871572,0.0072013467805146,0.9063307032364584,-0.0121879135782658,0.0318392692902896,0.9873818333882454,0.0236161712647407,0.0862223925916807,0.9309382450910676,0.0118798972044036,0.0274352797501278,0.0071877807726864,-0.0002964812436705,0.8796685683479962,1.850069696331052,-0.0587871949242522,0.4468994543472963,1.3112597547380158,-0.0582355578883939,0.9087421573370572,0.1078167115902965,0.0011425135097824,0.0257842979628212,0.0934411500449236,0.0012451005841029,0.0109339576883467,0.2012578616352201,0.0023876140938854,0.0265803907077882,22.666666666666668,11.5,1
09301227,10.0,0.3057915057915058,0.3164462620908613,0.11378002528445,-0.0084718560045441,0.1058956974389427,0.1403286978508217,-0.0201129857981785,0.5760462852696961,0.3438685208596713,0.0010940907537592,0.0096830029038793,0.1466498103666245,0.0049835754505447,0.5919097741079351,0.0556257901390644,0.0100947841627484,0.8445446605079819,0.0,0.0,,0.8292682926829268,0.0083923088006006,0.5435930347832447,0.1490514905149051,-0.0105436063226971,0.7090452372544134,0.021680216802168,0.0021512975220965,0.3676056793477849,0.0151706700379266,-0.0008556317213265,0.1604273937252603,0.5,-0.0254826254826254,0.229343629343629,0.4201304973177604,-0.0289606010263886,0.2274024356757777,0.3375739813460103,-0.0262781630444575,0.2577716718642229,0.9730719517449375,-0.0356953208878777,0.1332985800816837,0.9174463864665594,-0.0457962940547047,0.2317478073000169,0.0126422250316055,0.0016304825703155,0.3167819001199897,3.253994266776961,0.4392618770877668,0.3113104325551264,2.3063086394175274,0.2929401795375407,0.3277405330247389,0.0530973451327433,0.0014095708275421,0.0151943111913719,0.13653603034134,0.0026360828392448,0.0194153913814416,0.1896333754740834,0.004045653666787,0.031495093917883,2.0,1.0,0
09301228,9.0,-0.071042471042471,0.0170798972192702,0.1524115755627009,0.0137463544987797,0.699345139900019,0.2102893890675241,0.0061101881088656,0.1953678813279221,0.3562700964630225,0.0006979671798108,0.0058645198398988,0.202572347266881,0.0133484087903258,0.9100952134035902,0.0353697749196141,0.0009921782016926,0.276006508788686,0.0,0.0,,0.7755644090305445,0.0116145605250699,0.6906659257191592,0.196547144754316,-0.0146782867696017,0.7779315246483334,0.0278884462151394,0.0030637262445317,0.6902522042251824,0.0493273542600896,0.0003620933365059,0.013701250945889,0.4675324675324675,0.0203470917756632,0.2867648585208062,1.3660521140365596,-0.0048777254554255,0.0036544791114129,1.097620034264438,-0.0115496095999124,0.0310341433381147,0.9098854613718896,0.0500070610505649,0.3721826677254942,0.8578719457869126,0.0379961624043007,0.3086250750859217,0.0044843049327354,-0.0018786827098841,0.6465426822822187,1.1542194910406172,-0.457537862734607,0.6793384349145405,0.8180673245646924,-0.3475473760873223,0.6401425318491536,0.0807174887892376,0.0002378383460266,0.0007340677652456,0.1114670083279948,0.0013725597316395,0.0072809569942183,0.1921844971172325,0.0016103980776661,0.0071754964576407,12.833333333333334,6.0,1
09401329,9.0,-0.0787644787644787,0.013883600519545,0.1807266982622432,0.011553472764741,0.4225053771446786,0.2407582938388625,0.0257433462354062,0.924900456853964,0.3892575039494471,0.0170571321629477,0.4742133428669428,0.1889415481832543,0.0130303168382892,0.852730227828976,0.046129541864139,0.0016343237275202,0.6589728746889465,0.0018957345971563,-1.7110912221599814e-06,0.0031552510358978,0.7287096774193549,0.0057205078242133,0.5317735301312918,0.2341935483870967,-0.0056229521991333,0.4937213809295518,0.0370967741935483,-9.755562507996656e-05,0.0079784861953485,0.0263901979264844,-0.0011327970583296,0.3443416558246114,0.7738095238095238,0.0406344367268737,0.6006931540699634,0.7308396367101601,-0.0404702364581887,0.4602895378184357,0.5872281290332578,-0.0372379917996763,0.5346273882825556,1.505944687224308,0.0959179472571515,0.7542851589921558,1.4198575028649134,0.075604339574655,0.6104424417011909,0.0059692114357524,0.0004748828797607,0.1616321767891946,1.536420981319225,0.1279137983369295,0.2046099275306175,1.0889573528685523,0.0865500566034369,0.138560068590094,0.0999057492931197,0.0016188460242055,0.0440314684757821,0.1168708765315739,0.0027848310222791,0.0312521045148549,0.2167766258246936,0.0044036770464846,0.0482741058060649,14.0,10.833333333333334,1
09401330,11.0,0.416988416988417,0.5592063207957247,0.1035897435897435,-0.0055244645910733,0.3013709836306433,0.1651282051282051,-0.0134082113663485,0.3553027582226185,0.318974358974359,-0.0094127663384371,0.2492738990484013,0.2369230769230769,0.0221479328294376,0.936846805013069,0.0717948717948717,0.0164637500440006,0.756438901380337,0.0,0.0,,0.6518518518518519,0.0079246123153796,0.3618123736515202,0.3153439153439153,-0.0070787232209823,0.2854872168937543,0.0328042328042328,-0.0008458890943973,0.0858814627562626,0.0123076923076923,-0.002403035387306,0.6883609156923494,1.0,0.1585585585585586,0.7135135135135138,0.340844331670101,-0.0724845164299933,0.6999855200237161,0.2738677120458402,-0.0613347241994314,0.7335770681625962,1.946143903489875,0.3258961595190685,0.7226527082657184,1.8348927729331188,0.2926808316806805,0.7150348002905295,0.0,0.0,,0.0,0.0,,0.0,0.0,,0.043076923076923,-0.0023064409987034,0.0592486241971554,0.0923076923076923,0.0007523289287144,0.0027194791195531,0.1353846153846153,-0.001554112069989,0.0074041750210719,2.0,2.0,0
09401431,6.0,-0.5637065637065637,0.6524933269119315,0.2443868739205526,0.0174546113392787,0.7028090237158557,0.3298791018998273,0.0334770426180184,0.9000472110380461,0.4766839378238341,0.0292737105515458,0.9072205563559153,0.1519861830742659,0.0006618376623825,0.0162398657647463,0.0259067357512953,-0.001730145244924,0.8530144776985762,0.0,0.0,,0.7392497712717292,0.009911142483164,0.5820826491228772,0.2150045745654162,-0.0078140560296668,0.4610767919390069,0.0457456541628545,-0.0020970864534971,0.3875142517894503,0.0876288659793814,-0.0077617185716108,0.8837932513322353,0.4117647058823529,-0.0240274772782512,0.6237405313953138,2.4267589336047783,-0.2488319722918205,0.904476332904536,1.9498957590892616,-0.2177891921737932,0.929369396397502,0.8013533720252426,-0.0351143342018272,0.4977413648818274,0.7555440829724607,-0.0433811735830099,0.6300793680672495,0.0,0.0,,0.0,0.0,,0.0,0.0,,0.0773195876288659,-0.0019206308163782,0.0280590367909938,0.1082474226804123,0.0002400940515194,0.0002679602063171,0.1855670103092783,-0.0016805367648587,0.0077457363343527,17.0,7.0,1
09401432,9.0,0.5498069498069498,0.4601832463901432,0.1694117647058823,-0.0057037901697511,0.0491347669904099,0.228235294117647,-0.0134683489368511,0.2738519974298308,0.3717647058823529,-0.0258409859857113,0.4437981971582975,0.1623529411764706,0.0189326644396135,0.7003421493207095,0.0658823529411764,0.0108377857035315,0.6224246228085967,0.028235294117647,0.0078497095643451,0.4168249488699627,0.7830423940149626,-0.0192106218359303,0.716359272780811,0.2019950124688279,0.0150508080360814,0.7372970722087647,0.0149625935162094,0.0041598137998489,0.4168087826663819,0.0141176470588235,-0.000238216730603,0.1529913467396303,1.0,0.0,,0.3909684980921747,-0.0110908259171829,0.3312507409312922,0.3141423755819932,-0.0112868044858048,0.4466519289394005,1.946143903489875,0.0251652550851898,0.6809446723523023,1.8348927729331188,0.0015567617892158,0.0457120070161994,0.0,0.0,,0.0,0.0,,0.0,0.0,,0.1411764705882353,0.0017014185538136,0.0053985215094871,0.1129411764705882,0.0016349782706325,0.0084493813236482,0.2541176470588235,0.0033363968244462,0.0122783081528012,1.0,1.0,0
09401433,5.0,-1.5899613899613898,0.4633730363666669,0.301186943620178,0.0396786693974912,0.492157576476249,0.3353115727002967,0.0208787056915576,0.2255666679743332,0.5103857566765578,0.0311422922063286,0.4774896506294626,0.1795252225519288,0.0120920349334377,0.2254309633431724,0.0459940652818991,-0.000198646109942,0.0012138476865061,0.0,0.0,,0.8245341614906833,0.0055813190071375,0.2042418037477551,0.1226708074534161,-0.0049218642448573,0.2898817720947463,0.0527950310559006,-0.0006594547622802,0.016168893500718,0.0563798219584569,-0.0034625455814834,0.0614493525737025,0.1578947368421052,-0.1076668505239933,0.4619548349451886,1.5613603472276512,-0.1160438543608648,0.0892376099709814,1.2545497936817978,-0.1030061547065241,0.106630324151877,0.3072858794984013,-0.2014596179257924,0.44934371372292,0.2897199115157556,-0.1976127690073476,0.460864710690066,0.0,0.0,,0.0,0.0,,0.0,0.0,,0.1691394658753709,0.0058798755012427,0.1028199131996847,0.2047477744807121,0.0035985206030575,0.0149437007911269,0.3738872403560831,0.0094783961043002,0.0569890674676555,6.333333333333333,1.0,1
09401534,7.0,0.1235521235521235,0.0661886376172092,0.1804684922467832,0.0048968493630995,0.1659199739279456,0.2583305839656878,0.0087873826000729,0.5562424914643227,0.4328604420983173,0.0043074392965653,0.0793258572511079,0.1342791158033652,0.0118409994470785,0.8863192160928846,0.0359617288023754,0.0037595881919496,0.8867168961644891,0.0019795447047179,-2.5370316002194097e-05,0.1729258111793576,0.676249144421629,0.0037592855958255,0.2051184969523239,0.283709787816564,-0.0090408604978577,0.576837421407143,0.0400410677618069,0.0052815749020321,0.8310107962030222,0.0948304247612775,0.0012396586826383,0.2117991801842329,0.6840277777777778,-0.031047111408557,0.6470628301207266,2.6261960359171432,0.0063707426373764,0.0083312975467634,2.1101430562636354,-0.0097309774026124,0.0273185081469639,1.3312164895399492,-0.0418139073693578,0.5395466602802346,1.255117625929946,-0.0559937085640658,0.636777902193693,0.0039512676983865,-0.0005794994945414,0.2783878177207201,1.017020532770725,-0.1363010033180791,0.2768577935057775,0.7208258678087315,-0.1083034235147398,0.2833592430536528,0.0612446493249917,-0.0012370868965678,0.0157648196475133,0.1461969048403029,0.0029759996147079,0.0315301895255356,0.2074415541652947,0.0017389127181401,0.0074292337666529,48.0,32.833333333333336,1
09401635,10.0,-0.2007722007722007,0.1957528957528951,0.1515875725503584,0.0144786975302701,0.7748254404016387,0.196654148173438,0.0099435579160443,0.526351858415939,0.3475588938204165,0.0172062493432627,0.6277149008181855,0.192557186753158,0.0099335917433028,0.4808036795525959,0.0597473540457494,0.0032013451396638,0.7612999964259841,0.0040969614202799,-0.0003127483720304,0.2177938752704169,0.7547703180212014,-0.0092597346980581,0.5645456381543283,0.2257950530035335,0.0075231538406902,0.4230789537508239,0.019434628975265,0.0017365808573678,0.4802217912429526,0.0361158432708688,0.0023643620764766,0.5259709042490871,0.490566037735849,-0.0106396695892494,0.1177968386449923,1.0001777875668636,0.0566751465906532,0.4758276465940471,0.8036407734224187,0.0409543419105634,0.4371277472210101,0.9547121035988066,-0.0076981614768439,0.0211538037393068,0.9001360772879451,-0.018801108455752,0.1064172086190906,0.0020442930153321,-0.0015193565734548,0.6623555471935256,0.5261825141438997,-0.370482087276205,0.660452808259356,0.372938357842439,-0.281930684669715,0.6764567559309189,0.0654173764906303,0.0008216335477589,0.011285182000296,0.145144804088586,0.0043137325742605,0.0474659329474838,0.2105621805792163,0.0051353661220194,0.0556705672810616,17.666666666666668,8.666666666666666,1
09501736,8.0,-0.2084942084942085,0.2358663531847885,0.1588845654993514,0.0085022698537367,0.4049705078325044,0.2230869001297017,0.0015904424986898,0.0104350324917762,0.4079118028534371,0.0098673349006825,0.7683234720150182,0.1990920881971465,0.0023525933804223,0.1084617563118247,0.0752269779507133,0.0188363817500925,0.9343004258746636,0.0038910505836575,-6.18770426014078e-05,0.2682583252337719,0.7050067658998647,0.0204005012687493,0.8265945877683495,0.2726657645466847,-0.021868053663763,0.8628633378128189,0.0223274695534506,0.0014675523950136,0.368211504673798,0.0356679636835278,0.0013865828422107,0.2100059723928747,0.4363636363636363,0.0152724152724152,0.1005124653190384,0.9877743885543216,0.0286606923685502,0.1133449616539589,0.7936746680965294,0.017923875240083,0.0723521772999884,0.8492264306137636,0.0398152706416289,0.1775213590331124,0.8006804827344518,0.028613238139686,0.1011152668756903,0.0084306095979247,0.0001075551264854,0.0068402751655756,2.1699625839991885,0.0431332600622717,0.0173505495688233,1.5379877911238933,0.0168122809461642,0.0045053922438923,0.0622568093385214,-0.0006705655248853,0.0046396622240321,0.1050583657587548,0.0026408444832211,0.0682036087965813,0.1673151750972762,0.0019702789583357,0.017203146084205,9.166666666666666,4.0,1
09501737,8.0,-0.2393822393822393,0.3590733590733591,0.1507817197835237,0.0065531201344139,0.6130986727219727,0.2109140108238124,0.0077072350764325,0.7305306810558634,0.3726698737221888,-0.002802790570489,0.1940448032700512,0.1886650631389056,0.0090377881878735,0.8617148683006733,0.0440469031870114,0.000819368936803,0.1059053231322804,0.0027059530968129,-2.6452888344639376e-05,0.1997418390321699,0.6471592673082893,0.0067431800671605,0.5635746789477667,0.3179136914001862,-0.007573196189182,0.6385587380138633,0.0349270412915243,0.0008300161220214,0.5442826732442447,0.0415416916616676,0.0002024754244563,0.0205071206717054,0.6498194945848376,0.029811263261772,0.783784548152094,1.150439073132905,-0.0068003469429799,0.0498438012032057,0.9243754040539428,-0.0121219528237512,0.1921612842213461,1.2646422477551535,0.072663798345911,0.8318148643020326,1.1923490943247703,0.0556615462736864,0.7726329956353813,0.0031493701259748,-0.000441382754706,0.4691644311013341,0.8106193576099595,-0.1049412353986457,0.4756989524710371,0.5745364848434996,-0.0824801896118153,0.4189785546382754,0.0566886622675464,0.0001119903328566,0.000446223890971,0.1115776844631073,0.0017224122445449,0.0147236208762676,0.1682663467306538,0.0018344025774015,0.0122741366229645,46.166666666666664,30.0,1
09501838,9.0,-0.6301158301158302,0.6342613289981709,0.1769047102235728,0.0094300731866439,0.2780549660772353,0.2248751899283698,0.0045050977612865,0.1445094080986603,0.3952680703277621,0.0213696521368963,0.7744998785034819,0.2129368352507054,0.0038864205641013,0.4997448378670064,0.0612112003472975,0.0016166984965131,0.6202139427342203,0.0026047319296722,0.0006242545823576,0.7527553692261626,0.7340545413567726,0.0022343239187227,0.0864148665406399,0.2503944106378183,-0.0041438014895725,0.2992678937550705,0.015551048005409,0.0019094775708497,0.6799548776043032,0.0253631042705397,-0.0010721288521288,0.596584648588161,0.5726495726495726,0.016385224204773,0.1146397605192185,0.7023957138389113,-0.0383588121053197,0.6903160237321235,0.5643734961274157,-0.0354653376234836,0.7063595918077455,1.114458474648048,0.0458710194925515,0.2134713578023478,1.0507505622779398,0.030982138127365,0.1126227500877096,0.0119228267938434,-0.0007980408391453,0.7222142715088948,3.068827673447468,-0.1732507669559039,0.6526782477336519,2.1750695286767727,-0.1527785495780492,0.6628773976869109,0.085844352915673,0.0011058812389709,0.0310376861430958,0.1456752655538695,0.0035911676184157,0.0358705699915231,0.2315196184695425,0.0046970488573866,0.0459466749393179,19.5,11.166666666666666,1
09501939,8.0,0.2555984555984556,0.2452263443567792,0.1718887262079063,-0.0044810680390713,0.1890514080208848,0.2424597364568082,0.0034290655342973,0.2715738544508427,0.4070278184480234,-0.0010267216100185,0.0247536467201012,0.1654465592972181,0.0190960076145156,0.9331453919645616,0.0245973645680819,0.0034537294133427,0.8312589987044773,0.0017569546120058,6.050486487597089e-07,0.0001630985013677,0.6521870286576169,-0.0022060270107142,0.0849348866336582,0.2971342383107089,0.0003578440582367,0.0040594104382081,0.0506787330316742,0.0018481829524774,0.4443472246491736,0.060614934114202,-0.0036864227271662,0.7018057265197983,0.3188405797101449,0.0182439021492537,0.7190507435260716,1.6786458574748204,-0.1240770197764014,0.7689236562641187,1.3487884573853517,-0.1112723986241405,0.8156433337217737,0.620509650388076,0.0423955416656977,0.7814320601543395,0.5850382754279508,0.0339645424013812,0.7334802716499612,0.0,-0.0008562331161395,0.7575671115203064,0.0,-0.2126715274681836,0.7461267321945408,0.0,-0.1588752625856323,0.7486483346677271,0.0755490483162518,0.0003798757057917,0.0039489987619111,0.1352855051244509,0.0035250884862995,0.0335843726357416,0.2108345534407028,0.0039049641920913,0.039746186501017,34.5,11.0,1
09501940,7.0,-0.2687258687258687,0.3217314299883108,0.1664156626506024,-0.0137197675500373,0.3390815586304572,0.2545180722891566,-0.0172186903057281,0.6907966710304447,0.4728915662650602,0.0088008075728694,0.2518923384855852,0.1558734939759036,0.0136742716168115,0.8493727879251316,0.0301204819277108,0.0044951542179034,0.7064862547150667,0.0,0.0,,0.7325038880248833,0.005540700012035,0.3618264629673425,0.2161741835147745,-0.0067710714040916,0.39085110272748,0.0513219284603421,0.0012303713920566,0.1394595758445455,0.0268056589724497,0.0034953686962679,0.7115390125395438,0.3333333333333333,0.0174774774774774,0.1217704536140289,0.7423452495421038,0.0920161931052199,0.7122841849000217,0.596472865029101,0.0712934147071542,0.6929808474993515,0.648714634496625,0.0404333432883645,0.164225604184521,0.6116309243110396,0.0323871408986716,0.1255061480565192,0.0081906180193596,0.0010636760623242,0.3325605420268316,2.108190924439787,0.2856155247580012,0.3295101694292487,1.4942063642272454,0.1909597079175501,0.347330182685365,0.0714817572598659,0.0011433544335767,0.0126581803987584,0.1250930752047654,0.0023931378154141,0.0209360614276361,0.1965748324646314,0.0035364922489908,0.0323166429655648,6.0,2.0,1
09501941,7.0,0.0563706563706563,0.0721939985097882,0.2099644128113879,0.0208710903372748,0.636903404155053,0.2615658362989324,0.0075900225447217,0.0976817125146116,0.4270462633451957,0.0015581221788709,0.0085868863933766,0.1405693950177935,0.0025251514973735,0.1083892028773411,0.0427046263345195,0.0029115778309968,0.455451303099563,0.0,0.0,,0.7243589743589743,0.008559296873276,0.6207081818490368,0.2316849816849817,-0.0039175107182989,0.2028139853164924,0.0439560439560439,-0.004641786154977,0.7716669344436132,0.0327433628318584,0.0018288055255792,0.1622814444479574,0.081081081081081,-0.1202684316970031,0.5324872770315383,0.9067816567108328,0.0426207457319196,0.1260771244395868,0.7285971764051391,0.0298547210636678,0.0963014155644905,0.1577954516343142,-0.2268153765518252,0.5262341390554561,0.1487750896972799,-0.2204464755591491,0.5318276365008267,0.0,0.0,,0.0,0.0,,0.0,0.0,,0.1061946902654867,0.0033940962036231,0.0839630459911319,0.1008849557522123,0.0006297473048705,0.0017770319347374,0.2070796460176991,0.0040238435084937,0.0458519290057956,6.166666666666667,0.5,1
09502042,7.0,-0.0386100386100386,0.0030227065717669,0.1594918842625264,0.015594048768981,0.651507111050577,0.2244177840508116,0.0125306972131411,0.3964978360737045,0.3860268172194778,-0.0073846444087503,0.1323094606618997,0.1707833450952717,0.0006684096115813,0.0121673880296228,0.0726887791107974,0.0116381152390392,0.949434520773808,0.0,0.0,,0.6790766939687267,0.0015347205703473,0.0528304386406026,0.3015636634400596,-0.0013260533515655,0.0403135415332518,0.0193596425912137,-0.0002086672187817,0.0085876647044053,0.0111888111888111,0.003839482493829,0.5352755262496338,0.125,-0.2346203346203346,0.2670701654779083,0.3098584833364555,0.1065257280934892,0.5223747450270222,0.2489706473144002,0.0853884794144751,0.5147376765156383,0.2432679879362344,-0.4387834057408697,0.2588831483368016,0.2293615966166398,-0.428583401079894,0.2648341085414512,0.0083916083916083,-3.834090457492553e-05,0.0206174287571239,2.1599240265906934,0.0083052462680642,0.0058617967712197,1.530872839535047,-0.0112615958549804,0.0846339021418668,0.1048951048951049,0.0033687185387362,0.1454271764694352,0.1888111888111888,0.00572937226805,0.0456306955759829,0.2937062937062937,0.0090980908067862,0.0857337541452081,2.6666666666666665,0.3333333333333333,0
09502043,9.0,0.2563706563706563,0.2072606929749774,0.1474639949906074,-0.0063705207771419,0.3932516337449829,0.2144646211646838,0.001553171751307,0.0583854551799717,0.3678772698810269,0.0051767448954235,0.2638583111814748,0.1775203506574827,0.0147320259904941,0.9662159543192926,0.0491546649968691,0.0036672168540394,0.9140248651829294,0.0043832185347526,0.0007563439621844,0.3314670790593651,0.6367771280051981,0.0097425385161054,0.5604521620213774,0.2953216374269006,-0.0077464971709426,0.5764226037270721,0.0679012345679012,-0.0019960413451627,0.3715974417430046,0.0187852222917971,-0.0009995980300712,0.1785353245542343,0.7,0.0169057369057369,0.0346358917773086,0.5202304686574021,-0.0342137329019596,0.2613201750531332,0.4180041002578181,-0.0309169622881915,0.3052282866201758,1.3623007324429124,0.0482095555184188,0.0708966349878483,1.2844249410531832,0.0319845155071657,0.037810230035833,0.0018785222291797,1.2350583584107486e-05,0.0709464500604177,0.4835146145937212,0.0070074251935969,0.1034936068117937,0.3426969568777578,0.001367993761997,0.0599917145191903,0.0695053224796493,0.0005478507353973,0.0064959384138332,0.1296180338134001,0.0029537393560601,0.0288164106164988,0.1991233562930494,0.0035015900914574,0.032606618866081,10.0,7.0,1
10100101,4.0,-0.6980694980694981,0.4686050690011085,0.3219814241486068,0.0426989418653974,0.5811464837131752,0.4035087719298245,0.0387150201804381,0.6290536328891968,0.6171310629514963,0.049268531708782,0.6160746854302492,0.0598555211558307,-0.0108951129014054,0.3841478383692444,0.0278637770897832,-0.0003143703497578,0.0033733296564926,0.0,0.0,,0.8456591639871383,0.0310474597685499,0.8888685806110822,0.1414790996784566,-0.0275056836380138,0.8853812911762986,0.0128617363344051,-0.0035417761305361,0.7875769389327756,0.0288957688338493,-0.0011263957464745,0.3011272572386717,0.0714285714285714,0.021003861003861,0.1575289575289576,0.9343862417506024,-0.0272308239422468,0.1521167786672758,0.6429814704894597,-0.038299158111786,0.4343769260553904,0.1634392887589818,0.0477923222605819,0.15740775914169,0.1310637694952227,0.0384452842162477,0.1575251631912186,0.0,0.0,,0.0,0.0,,0.0,0.0,,0.1486068111455108,0.0036664968866741,0.077041191520626,0.1857585139318885,0.0040631882538458,0.0298186396636284,0.3343653250773993,0.00772968514052,0.0668076303548838,4.666666666666667,0.3333333333333333,0
10100102,4.0,-0.2926640926640926,0.0921515018994943,0.2443778110944527,0.0038448955922616,0.0157923967416168,0.3268365817091454,-0.0077723746860832,0.077264704718037,0.5322338830584707,0.0097250903100266,0.0631188606502396,0.128935532233883,0.0104172206410302,0.6120838016520171,0.0464767616191904,-0.0050006997883436,0.7681583496921854,0.0,0.0,,0.8170542635658915,0.0010209332885632,0.0025361948859581,0.1736434108527131,-0.0012525758316509,0.0039961583833955,0.0093023255813953,0.0002316425430877,0.1273272626728957,0.0539730134932533,-0.0254314782419986,0.4274132348139714,0.3333333333333333,-0.0460291831720403,0.1683804156978181,1.7452950127022928,-0.8008035832958922,0.4279341969783614,1.2009940895563458,-0.6172106500155605,0.4507235260722231,0.7627166808752486,-0.0965274477679061,0.1514279020633236,0.6116309243110396,-0.0838461594207122,0.1666199610728447,0.0,0.0,,0.0,0.0,,0.0,0.0,,0.1349325337331334,-0.0022400774377947,0.0080552938428051,0.1799100449775112,0.0040554814505966,0.0102517618692961,0.3148425787106446,0.0018154040128019,0.0016457680998758,6.0,2.0,1
10100103,4.0,-0.7359073359073359,0.7936473305767912,0.2798507462686567,0.0207485165946078,0.6907536658281674,0.3737562189054726,0.0279335827614646,0.7912110019056608,0.5646766169154229,0.0371209031704805,0.9038395611094232,0.125,0.0005505570756872,0.0059000177594825,0.0410447761194029,0.0056998317753272,0.7828064003543869,0.0,0.0,,0.7955128205128205,0.0066498976947629,0.25768090350088,0.1641025641025641,-0.0088169287927531,0.4185739626259644,0.0403846153846153,0.0021670310979901,0.3822554815907024,0.1007462686567164,0.0035783923151568,0.6056865201833608,0.2962962962962963,-0.0338147551962073,0.7224681916004032,3.257775485463888,0.1433102535003869,0.6164024341586047,2.241780945151351,0.0427780322671778,0.2638688897620757,0.6779703830002209,-0.0705019142913565,0.6370836032928175,0.5436719327209241,-0.0616741904462739,0.7121243108147295,0.0,0.0,,0.0,0.0,,0.0,0.0,,0.1305970149253731,0.0009222350167219,0.0057154477225355,0.1865671641791045,0.0051829578446797,0.0757688913394957,0.3171641791044776,0.0061051928614017,0.051360621733047,27.0,8.0,1
10100104,4.0,-0.3644787644787645,0.3193700064987194,0.2937433722163308,0.0080174941306609,0.1286535405860032,0.3997879109225875,0.013590963513774,0.2584857896837612,0.6044538706256628,0.0213295250367026,0.3240392424886442,0.0774125132555673,0.0097888003912058,0.7372211411238598,0.0148462354188759,0.0033300181514497,0.5918585979397,0.0,0.0,,0.8899572649572649,-0.0007246686731387,0.0101372255292699,0.0908119658119658,0.000672365407667,0.008226995995621,0.0192307692307692,5.230326547167493e-05,0.0043333785851805,0.0233297985153764,-0.0095963727799197,0.642144054657618,0.5909090909090909,0.0482460011031439,0.1225617337648204,0.7544025867913704,-0.299962753281143,0.6292277424118491,0.519128881529098,-0.2354425495106933,0.6681521269075248,1.3520886615515773,0.1188497265721041,0.1352662881079332,1.0842548203695703,0.0892548801353868,0.1215411267339657,0.0,0.0,,0.0,0.0,,0.0,0.0,,0.1399787910922587,0.0018023734532362,0.0170406682042775,0.2545068928950159,0.0059568488815982,0.0252814790105924,0.3944856839872747,0.0077592223348344,0.0317243006871748,3.6666666666666665,2.1666666666666665,0
10100205,10.0,0.4756756756756756,0.7135135135135136,0.1147007262709742,-0.0022657578237546,0.0649672010008919,0.1745554720761332,0.0023007790465566,0.1603843864921598,0.3233158026546456,-0.0096999131162558,0.5481314557040331,0.2206361131980966,0.0084821896647702,0.8163123952091116,0.0891560230403205,0.0081306775420502,0.93468573032479,0.0057600801402454,0.0009994701141181,0.629818967030821,0.3579412529243566,0.0101298464001066,0.4631077407897007,0.4330647257603327,-0.0125173438265318,0.6169548273325648,0.2089940213153106,0.0023874974264251,0.3338006008067935,0.0097087378640776,0.0005514207179256,0.1620476734363229,0.4615384615384615,-0.0888398602684317,0.639211580178944,0.3139460014758439,0.0205811105620963,0.1861740125277601,0.2160364233371312,0.0089884476722072,0.0860193159724741,1.056069250442652,-0.1910727155587425,0.6184403280077355,0.8468735875075933,-0.162398621773076,0.6402246509976603,0.0014936519790888,-8.578606092231312e-08,3.3433711683183986e-05,0.3651705603298657,-0.0109044611715281,0.8350294388102597,0.2724854568751702,-0.0006826241794122,0.0152403375958317,0.0776699029126213,-0.000411320759504,0.0037039788369398,0.0642270351008215,3.472437457323735e-05,2.8121286037574578e-05,0.1418969380134428,-0.0003765963849307,0.0011355875273043,6.5,3.0,1
10100206,4.0,-0.4046332046332046,0.4789784621109922,0.3167469234884965,0.036056718238772,0.9259433326561074,0.3991439272338148,0.0353410813911119,0.6955788981800026,0.6078116639914393,0.0280670063981149,0.6051161421221888,0.0706260032102728,-0.0063422670584447,0.73011410357476,0.0240770465489566,-0.0064375894740086,0.8919596863239557,0.0032102728731942,-0.0002702501968682,0.7661309704031019,0.8746518105849582,0.0170792072441187,0.834013818723127,0.1186629526462395,-0.0151178695571492,0.8196492642060398,0.0066852367688022,-0.0019613376869695,0.5944292742269723,0.0272873194221508,-0.0017084447519906,0.4989980943598494,0.2352941176470588,0.0307593307593307,0.4059099414927637,0.8823747168285758,-0.0477198965884297,0.4680875882505031,0.6071906537131891,-0.0509991310815493,0.6943630223564439,0.5383882453237049,0.0729829503552304,0.4363882080320869,0.4317394759842632,0.0566176838824512,0.4116457347319864,0.0,0.0,,0.0,0.0,,0.0,0.0,,0.1348314606741573,0.0007704626961216,0.0021513993795501,0.2022471910112359,0.004230441385117,0.0371410081475468,0.3370786516853932,0.0050009040812387,0.0315720953462701,8.5,2.0,1
10100207,4.0,-0.8054054054054054,0.4249053302164075,0.3162863886703383,0.0476108086056295,0.8847114989928133,0.4193548387096774,0.0633122052892361,0.8706297796713484,0.5428796223446105,0.0482726776112194,0.7484044697608236,0.088119590873328,-0.0013930637649711,0.0601903979761218,0.043273013375295,-0.0010081218379651,0.1314259292170913,0.009441384736428,0.0022251243787627,0.7239555036744627,0.9366479550922212,0.0163883392317902,0.952299082510135,0.0489174017642341,-0.0160785894632428,0.951768262741943,0.0144346431435445,-0.0003097497685473,0.3077481840958174,0.009441384736428,-0.0016463206171332,0.499678140311271,0.5,0.0819819819819819,0.4601103305949119,0.3053007535988537,-0.0492358642441492,0.4454495771168515,0.2100873479501921,-0.042733923792555,0.5371490507052564,1.144075021312873,0.1928983409188314,0.4878064149170502,0.9174463864665594,0.1506606206425747,0.4623120541785308,0.0,0.0,,0.0,0.0,,0.0,0.0,,0.1510621557828481,0.0027438234326435,0.0443368141216971,0.2029897718332022,0.0040205148575025,0.0194305813329574,0.3540519276160503,0.0067643382901462,0.0392056748687691,2.0,1.0,0
10100208,5.0,-0.0795366795366795,0.1437241753031229,0.2455205811138014,-0.0036183402867286,0.0255885310420167,0.3375302663438256,0.0083994578621301,0.2233678212813434,0.5472154963680388,0.0046272613216377,0.1371531279042865,0.1428571428571428,-0.0021924392083752,0.1796861497418326,0.0445520581113801,0.0007169508680105,0.050359534579035,0.0,-0.0022609150632837,0.753442465995004,0.8233830845771144,0.0108753659745309,0.8346769530939038,0.1378109452736318,-0.0089206041552088,0.8849061343230724,0.0388059701492537,-0.0019547618193221,0.398032125478909,0.0319612590799031,-0.0012061818856125,0.2302272513116354,0.6363636363636364,-0.0196214596214596,0.1825256477678047,1.0335132774977176,-0.0294166636211557,0.1341425746188436,0.7111939979882896,-0.041436511410013,0.3622102283852052,1.456095481670929,-0.03149410841943,0.13740197260725,1.1676590373210756,-0.0350451058669224,0.1841143467280057,0.0,0.0,,0.0,0.0,,0.0,0.0,,0.1336561743341404,0.0010752669351969,0.0115513339715355,0.1336561743341404,0.0020060083093646,0.0176243030715402,0.2673123486682808,0.0030812752445616,0.0246367097102684,11.0,7.0,1
10100209,4.0,0.0,,0.2652818991097923,-0.0118968365348729,0.2787592648869715,0.3905044510385757,0.0079093068425771,0.2919411373718987,0.6071216617210683,0.0055855229497241,0.1036470526246553,0.0848664688427299,0.0039409770927545,0.435506453685341,0.0261127596439169,0.0065409354652977,0.8994247439567233,0.0035608308605341,-0.0001411741869868,0.4504997391488167,0.8796296296296297,0.000845588621716,0.0481185319339334,0.1092592592592592,0.0014361697518177,0.0956071522603604,0.0111111111111111,-0.0022817583735337,0.7558199694982044,0.0219584569732937,-0.0057168547882825,0.8383060937889427,0.3783783783783784,0.0001100358243215,1.299516910413523e-06,0.7100582858305289,-0.1762596250802285,0.820199519089216,0.4886141301708054,-0.1434618985968817,0.8551116179391534,0.8657865026151471,0.0054054484127631,0.0006093122815739,0.6942837519206396,0.0003241350512842,3.3511627236526564e-06,0.0,0.0,,0.0,0.0,,0.0,0.0,,0.1068249258160237,-0.0033122585569283,0.0602737721788586,0.1637982195845697,0.0037074082418053,0.0337902354856144,0.2706231454005935,0.0003951496848769,0.0002517798577708,6.166666666666667,2.3333333333333335,1
10100210,7.0,-0.1768339768339768,0.1173767556376255,0.2093874833555259,0.0188266096213588,0.7789654113996275,0.2842876165113182,0.0181921784980817,0.6047310657180629,0.4500665778961384,0.0236359407712361,0.6633647706613731,0.1627829560585885,0.0212564199451331,0.6783704063529403,0.0409454061251664,0.003098280910509,0.699567958867146,0.0,0.0,,0.7227987947773686,0.0019447997348679,0.0787605669963573,0.2564445932373619,-0.0022361188362793,0.115388327165074,0.0207566119852695,0.0002913191014113,0.0488883594580512,0.0634551495016611,-0.0007428292910736,0.0975705062533104,0.3507853403141361,-0.0086595405380983,0.3257720317475285,2.0519135172871352,-0.0060841569553685,0.0067844315562423,1.4119882246881672,-0.0433441423646866,0.4430553469223346,0.8026494913922773,-0.0126406672453264,0.1981711805030975,0.643653485793293,-0.0153988167569076,0.3247133728778422,0.0,0.0,,0.0,0.0,,0.0,0.0,,0.0897009966777408,0.0011079772848059,0.0217356252112271,0.1275747508305647,0.0012078588823276,0.0064069807881803,0.2172757475083056,0.0023158361671335,0.0149194746019066,31.833333333333332,11.166666666666666,1
10100311,8.0,0.1528957528957529,0.2293436293436294,0.1342620391497538,-0.0019739579487281,0.0904516539248092,0.2075177134622313,-0.0095709757122159,0.4075777581931122,0.3904167167046956,-0.0167461527434021,0.963298067391586,0.1658460429926744,0.006913946169566,0.844726516289991,0.0638885553020295,0.0066471517548529,0.9744031915952276,0.0043232856971298,0.0004638813268155,0.7712026995911803,0.4512333965844402,0.0169195896238033,0.6950052171875294,0.4139152435167615,-0.0178993143610025,0.7976275683882637,0.1348513598987982,0.0009797247371992,0.1221758464389505,0.0145985401459854,0.0011934594256825,0.4563268798991693,0.5491803278688525,-0.0639785030334613,0.6533011177734038,0.47206479054032,0.0428846856873706,0.4578917714557872,0.3248430891054674,0.0220489543781379,0.2981070846661962,1.256606990622336,-0.1320214292028155,0.6371391404819187,1.007687014643598,-0.116286455201143,0.6635692792799941,0.0072992700729927,-0.0005208104830457,0.5629678505833816,1.784537884239745,-0.1894643393502221,0.74179345924323,1.3315986377950837,-0.0997588033897882,0.4578508536284544,0.0710781380878305,-7.308429728019106e-05,0.0001390343821277,0.0840014359219815,0.0005725349294239,0.0036955094559711,0.1550795740098121,0.0004994506321437,0.0012782620086576,20.333333333333332,11.166666666666666,1
10100312,4.0,-0.6841698841698841,0.8075148988115242,0.2697170379289584,0.0123609965197651,0.5266579097603998,0.3669476219145093,0.0155552504343668,0.7422326172114082,0.5580975316074653,0.0268088938896669,0.7962753148493779,0.1038531005418422,-0.002812510289964,0.718009324723915,0.0364238410596026,-0.0004530725044053,0.0404726357848098,0.0,0.0,,0.8541602701872889,0.0116771105245251,0.9161735557109224,0.1215842800122812,-0.0102108098652579,0.9184410096775508,0.0242554498004298,-0.0014663006592673,0.7943872503609178,0.0230953809238152,-0.0025558147639273,0.676756965206954,0.3636363636363636,0.0013916585345156,0.0005740495292732,0.7468223568401074,-0.075931406089796,0.7023024365676616,0.5139126795101343,-0.0692868902910903,0.7750008859910631,0.8320545609548167,0.0090505211582384,0.0045787019510933,0.6672337356120432,0.0028325050949018,0.0007144511617901,0.0,0.0,,0.0,0.0,,0.0,0.0,,0.1151769646070785,-0.0001544553010104,0.0001414137546722,0.1349730053989202,0.001226702222665,0.0090572758805084,0.2501499700059988,0.0010722469216546,0.0029443517786048,12.833333333333334,4.666666666666667,1
10100313,6.0,-0.2193050193050193,0.2335598455598456,0.2129120879120879,0.0108341632933712,0.4597335379307333,0.2925824175824176,0.0005338508639819,0.0008670842752283,0.4752747252747252,0.0149827062674704,0.3095268528036425,0.1442307692307692,-0.0081104509679777,0.7105667834747742,0.0563186813186813,0.001701488693956,0.1514367660375816,0.0,0.0,,0.7987465181058496,0.0050669037897751,0.1746251801792051,0.1448467966573816,-0.0113321645294225,0.7466060419382434,0.0564066852367688,0.0062652607396473,0.5955587523641335,0.0205198358413132,-0.0040355465450118,0.5230915985112787,0.7,-0.0049862107004964,0.0168143782752286,0.6635384025720641,-0.1243807952246289,0.5173361802405819,0.4566022900901064,-0.1033143166651594,0.5861953605422183,1.601705029838022,0.0028660383309598,0.0011302820519446,1.2844249410531832,-0.0080178166961983,0.0126394653410352,0.0123119015047879,-0.0001305256418178,0.2026785810030624,3.0100344887381745,-0.1222447706518259,0.7488603747958047,2.2460480443246755,-0.030012190333535,0.3596067762371926,0.1108071135430916,0.0016356634784178,0.0381638778287712,0.1395348837209302,0.002540881928255,0.0156828169522407,0.2503419972640219,0.0041765454066728,0.0395576101013578,5.0,3.5,1
10100314,5.0,-0.3945945945945945,0.3792561213250869,0.2583559168925022,0.0128374125953338,0.2748682478951206,0.3432700993676603,0.0142203919285971,0.2522484219487408,0.5185185185185185,0.0199136757166798,0.52221892789243,0.1418247515808491,0.0009082422721968,0.0061258636552236,0.024390243902439,-0.0046408090535065,0.5568797939320396,0.0,0.0,,0.8280961182994455,0.0144780783155268,0.8095857807817217,0.1414048059149723,-0.0141556904547272,0.8045410187224279,0.0304990757855822,-0.0003223878607996,0.0508248379673441,0.0332434860736747,-0.0108856763143308,0.7523865456573239,0.3243243243243243,-0.0517639631925345,0.2731763659353183,1.074975931378653,-0.3379800678054384,0.7445982483399736,0.7397257945532858,-0.269164101097988,0.7743433813526179,0.742102716527269,-0.1114901952109002,0.2562340342984366,0.5951003587891196,-0.0946977529488428,0.2723931090522469,0.0,0.0,,0.0,0.0,,0.0,0.0,,0.1185983827493261,0.0018332668268199,0.0155930788827742,0.1725067385444744,0.0056396801193323,0.0537814034831916,0.2911051212938005,0.0074729469461522,0.0637565342226159,6.166666666666667,2.0,1
10100315,3.5,-0.5173745173745175,0.6581789746346707,0.283434650455927,-0.0053425792411496,0.0265112232318024,0.4042553191489361,0.0160052029643172,0.3391355245156582,0.6109422492401215,0.0126459102894411,0.1829780976951274,0.1268996960486322,0.0093014787377324,0.583240491441533,0.0372340425531914,0.0012264687152078,0.1202616149186285,0.0,0.0,,0.8412822517591869,0.0131800810258638,0.6051148879422061,0.1352619233776388,-0.0014832727079906,0.0405653805543214,0.0234558248631743,-0.0116968083178732,0.8887573016422715,0.0220364741641337,-0.00043004947894,0.029643129646837,0.2068965517241379,0.0153925353925353,0.0447797975581757,0.7125810838969192,-0.0074222444173871,0.0085170963899464,0.4903501493221968,-0.0192348113998683,0.0976921337968629,0.473410353646706,0.0397998230067081,0.0519275971034062,0.3796329875034039,0.0286545890242025,0.0453627912617665,0.0045592705167173,-0.0001370194069378,0.2666336288000924,1.1146581617363756,-0.0682991088057869,0.5608325144997879,0.8317432220878104,-0.0274941488724761,0.4631916210470772,0.1185410334346504,-0.0032662485415169,0.0657114664070922,0.155015197568389,0.0037920931401386,0.0324234967117011,0.2735562310030395,0.0005258445986217,0.0003715485918002,4.833333333333333,1.0,0
10100316,4.0,-0.4030888030888031,0.4931539575289576,0.288125,0.0222212046318999,0.7008438254631189,0.399375,0.0273644972111584,0.6050357690742678,0.60625,0.0314515838560245,0.8585636802429368,0.088125,-0.0006710936297845,0.011706443045246,0.026875,-0.0014212489782077,0.168439874709192,0.0,-0.0017760237547486,0.5659741960975481,0.7170462387853692,0.0206834628620334,0.7487463752851027,0.2594893029675638,-0.0078702076968542,0.5739689654822443,0.0234644582470669,-0.0128132551651791,0.7936480579496594,0.041875,-0.0076445095071129,0.5510506854693582,0.4477611940298507,0.0776918062632348,0.4499120002865074,1.3540883476154992,-0.2332982065258226,0.5267749318905668,0.9317920984059642,-0.1959318379882315,0.606473938870363,1.024544795205558,0.1833083472692165,0.4728431974405748,0.8215937789252771,0.1432336537196224,0.4514403643173844,0.0,-0.0011455534981102,0.3596384596506073,0.0,-0.2988868223821457,0.359696443320638,0.0,-0.2113638228684226,0.3594308571641376,0.2024999999999999,0.0078297630686857,0.2207256068981946,0.1012499999999999,0.0020844030544906,0.0161326334320218,0.3037499999999999,0.0099141661231763,0.1346632103729297,11.166666666666666,5.0,1
10200417,3.0,-0.1575289575289575,0.0831101051790702,0.2958500669344043,-0.0197404505861799,0.6386126701026948,0.4404283801874163,0.0021751943343682,0.0087738242305188,0.6305220883534136,0.0211025621165143,0.5786223195125206,0.0642570281124498,0.0074085343713313,0.7567857050584601,0.0200803212851405,0.0042405493541544,0.8432499817246722,0.0,0.0,,0.85500340367597,0.0132326477435159,0.6265542076204383,0.1381892443839346,-0.0117843473871178,0.6076420533825504,0.0068073519400953,-0.001448300356398,0.3648565279733793,0.0428380187416332,0.0011165489788563,0.0551687579825078,0.453125,0.0118388518388518,0.0238623427195464,1.3852289435935494,0.047292065238294,0.0946847288951454,0.9532209522345174,0.008797141794609,0.0069526321421597,1.0368179880647912,0.0369490178567689,0.0433418613262969,0.8314357877353195,0.0227651600419417,0.0262565337113261,0.0,0.0,,0.0,0.0,,0.0,0.0,,0.180722891566265,-0.0002703707753121,0.0002650793554478,0.1646586345381526,0.0026153651270191,0.0196603120975262,0.3453815261044177,0.0023449943517069,0.006539919275041,10.666666666666666,4.833333333333333,1
10200418,2.0,-0.1683397683397683,0.0911375898130865,0.3755102040816326,-0.0069625455628178,0.0839003101084974,0.5036734693877551,0.0181777674644588,0.3146819038930856,0.7355102040816327,0.0292572084864559,0.8952218864778587,0.0506122448979591,-0.0105427856089585,0.9239641175045544,0.0155102040816326,-0.0066522326532554,0.9473706387600048,0.0,0.0,,0.9156223893065998,-0.0015302798371809,0.0419243795558961,0.0743525480367585,0.0027895896688371,0.1410273517206934,0.0100250626566416,-0.0012593098316561,0.815217874085192,0.0097959183673469,-0.001272533794883,0.2466020131684845,1.0,-0.0082368082368082,0.0046332046332046,0.3167651084278718,-0.0376108561249458,0.2080015460326346,0.2179763422405667,-0.0339899143347378,0.2998469784773805,2.288150042625746,-0.0003418545945099,1.5686557482963437e-06,1.8348927729331188,-0.0140126447197859,0.0039752033693184,0.0,0.0,,0.0,0.0,,0.0,0.0,,0.1763265306122449,-0.0040648790089086,0.0494187517289416,0.1665306122448979,0.0034000508587484,0.0295016185350489,0.3428571428571428,-0.0006648281501601,0.000525685167304,2.0,2.0,0
10200419,4.0,0.3652509652509653,0.4196689228268175,0.2884130982367758,-0.0019067056859575,0.0096995426570422,0.4143576826196473,-0.0118194985788723,0.2123002951028504,0.628463476070529,0.0203570923232801,0.5243308269892171,0.0982367758186398,0.0156177438628875,0.6241549338169385,0.0100755667506297,0.0028862859391627,0.3898420878899989,0.0,0.0,,0.916243654822335,0.00479537971436,0.3702100132997663,0.0837563451776649,-0.00479537971436,0.3702100132997704,0.0,0.0,,0.052896725440806,0.000108285924098,0.0008712653497706,0.5714285714285714,0.1179775694061408,0.7599722013234493,1.7104916906605805,0.0182331875043508,0.02121853644713,1.177044795159231,-0.0190871404827459,0.0519572878580482,1.3075143100718547,0.2784067762654718,0.7668752932350674,1.0485101559617822,0.2175236294004797,0.7607059445813591,0.0,0.0,,0.0,0.0,,0.0,0.0,,0.1738035264483627,0.0002157544348835,0.0001073173469227,0.1889168765743072,0.0051996368656743,0.0589197188306471,0.36272040302267,0.0054153913005579,0.0258392572200351,7.0,4.0,1
10200420,4.0,-0.8486486486486486,0.5786958830598954,0.3117437722419929,0.0531440290633126,0.8416111282919982,0.3857651245551601,0.0380436598128943,0.6848710854041523,0.5551601423487544,0.0364308678292458,0.7420604297927764,0.1032028469750889,-3.828615508712438e-05,2.42571742334885e-05,0.0185053380782918,0.0041621374720787,0.750551271025926,0.0,0.0,,0.8552915766738661,0.0050961429697415,0.4140884052989032,0.1295896328293736,-0.0051626141107278,0.4527553024471561,0.0151187904967602,6.647114098629822e-05,0.0015053466931602,0.0533807829181494,-0.0021219731963479,0.2183647677747628,0.48,0.0442927728642014,0.3026227558487961,1.7261443853387148,-0.053509908574323,0.1648913585067222,1.1878159219070028,-0.0716508177650113,0.394367743323348,1.098312020460358,0.1108926226531217,0.348860406258171,0.880748531007897,0.0822042176836494,0.3066434307441164,0.0,0.0,,0.0,0.0,,0.0,0.0,,0.1793594306049822,0.0066604664288577,0.2307646265055948,0.2177935943060498,0.0076658610773644,0.1215600554694721,0.397153024911032,0.0143263275062221,0.214601613087359,12.5,6.0,1
10200421,2.0,0.4324324324324324,0.5675675675675677,0.3801308744794765,-0.0639702443641523,0.7303053140917143,0.5562165377751338,0.0016332235304791,0.0016215075672105,0.747471743010113,0.0284706831727261,0.951304764601786,0.0493753718024985,-0.0054860925357633,0.611066969146143,0.0017846519928613,-0.0013570233923423,0.7907161711914292,0.0,0.0,,0.8348010932280595,0.0301373065414916,0.8051513695709536,0.1351351351351351,-0.0253892165490507,0.7644656070240025,0.0300637716368053,-0.0047480899924408,0.9262106536635092,0.0749851807943094,1.0384329195738156e-05,3.495410511145103e-06,0.3122529644268774,0.016492086356446,0.2814445527033585,2.424753661072619,0.0199834821516518,0.0144873044773028,1.6685516169953476,-0.0297540947756714,0.0592130392197153,0.7144816338633752,0.0429571975027616,0.3690805463544362,0.5729507077538196,0.030673170345963,0.292559855470944,0.0053349140486069,0.0003115997058064,0.1622583037580323,1.3042888033595763,0.0428408078329334,0.0555887280109999,0.9732431063434132,0.0553156972154369,0.1685299438374983,0.1227030231179608,-0.0078000550326812,0.1764146852246572,0.1973918197984588,0.0039315970530919,0.0752855183718212,0.3200948429164196,-0.0038684579795892,0.0226173907876089,42.166666666666664,13.166666666666666,1
10200422,4.0,-0.2926640926640926,0.1789989636143484,0.273462783171521,0.0167370982245889,0.5734044648352338,0.3705501618122977,0.0211363360547259,0.618847752984323,0.5533980582524272,0.0072547305424993,0.0740576050269378,0.0914239482200647,0.0125385922027996,0.8448534374288242,0.0194174757281553,0.0051174314955536,0.7329411990124245,0.0,0.0,,0.8492586490939045,0.0056702818826236,0.2606561540065443,0.1219110378912685,-0.0069371851378278,0.4415443806957304,0.028830313014827,0.0012669032552042,0.0925280364160339,0.0380258899676375,-0.0105228687098886,0.6747968506049247,0.5106382978723404,0.0620227948799377,0.2982966891821225,1.229621839113722,-0.3273088835813149,0.6737468489646414,0.8461426580704307,-0.2626097460997017,0.7105995725984054,1.168417043042934,0.1528536242184239,0.3232182500809691,0.9369665223488264,0.1151418510377828,0.300664262780889,0.0,0.0,,0.0,0.0,,0.0,0.0,,0.1553398058252427,0.0018173696685133,0.0187288867364989,0.233009708737864,0.0030663105350899,0.010809660935347,0.3883495145631068,0.0048836802036032,0.018973439763778,7.833333333333333,4.0,1
10200423,4.0,0.437065637065637,0.3972898563904987,0.2585688514732411,0.0291901207829964,0.4118230079894025,0.3403487672880336,-0.0015791709137242,0.0021220793557207,0.6127480457005412,-0.0887329887576098,0.7591291378662537,0.0469031870114251,0.0141377661949678,0.9319100608841042,0.0186410102224894,0.0067795679510438,0.920522181261136,0.0006013229104028,-5.617790501927246e-05,0.0019763538559669,0.8646341463414634,-0.030887886971251,0.8830609237054389,0.1207317073170731,0.0270136653054576,0.8666573535159066,0.0146341463414634,0.0038742216657933,0.9240108669343876,0.0306674684305472,0.0089759726750121,0.8374739482201792,0.3333333333333333,0.0775289575289575,0.2692910384776511,0.9916766961831678,0.2935415156475075,0.8553940528670426,0.6824048898315997,0.1980622906196138,0.8545671665409424,0.7627166808752486,0.1804447396751261,0.2712410979701191,0.6116309243110396,0.1423658307853846,0.2672246903483083,0.0,-0.0005802334924859,0.1675568935992377,0.0,-0.1543465286219557,0.1891179851796415,0.0,-0.1066205432200346,0.1576158259255676,0.137101623571858,0.0050155340685102,0.1423983184332352,0.2814191220685508,-0.0015756950925546,0.000511738836648,0.4185207456404088,0.0034398389759555,0.0024333112660174,8.5,2.8333333333333335,1
10200524,4.0,0.071042471042471,0.0980386100386105,0.2650260293421675,-0.0144868855493367,0.3935129215368933,0.375769048745859,-0.0157199678510074,0.3718145249863979,0.6213913866540464,0.0160647788197768,0.7573620136154907,0.0998580217699952,0.0028878282426218,0.2521764474961606,0.0222432560340747,0.0012233942734691,0.3670072317608397,0.0028395646000946,-0.0001344371665659,0.8183912587563759,0.87908337396392,0.0047854015554709,0.6290291647953303,0.1033642125792296,-0.0015324662430951,0.1434242190693364,0.0175524134568503,-0.0032529353123758,0.8940858459618171,0.0255560814008518,-0.0045959248086393,0.7110317790416988,0.3518518518518518,0.0309408609408609,0.3991240991280975,0.8263926456264287,-0.1388231705681673,0.6757823673877937,0.56866757529632,-0.1183524942723833,0.7312647879609928,0.8050898298127624,0.0771862984491676,0.4417700204867733,0.6456104201060974,0.0575027860637042,0.4054652855685347,0.0,0.0,,0.0,0.0,,0.0,0.0,,0.1448177946048272,0.000720002743112,0.004587419209125,0.1504969238050165,0.0036494376590112,0.0461025333902024,0.2953147184098438,0.0043694404021233,0.0373959348092277,9.0,3.1666666666666665,1
10200525,6.0,-0.6486486486486487,0.4995704751205972,0.2577319587628865,0.0245165811713343,0.8144263525819604,0.3425852498017446,0.0414926418333702,0.8793135792602782,0.4988104678826328,0.0344475382632325,0.8688018597640084,0.1213322759714512,0.0019415313461716,0.1186391882377072,0.014274385408406,0.0001137922710588,0.0010301849619471,0.0,0.0,,0.7330097087378641,0.0056667449753542,0.3160607202963511,0.220873786407767,-0.0090984761306097,0.4907202402524842,0.0461165048543689,0.0034317311552554,0.3595011655885332,0.0258823529411764,0.0017283943435474,0.4530030497923605,0.2727272727272727,-0.0776833976833976,0.3194121174502646,0.8369431051108968,0.0619182774759194,0.5391893651293032,0.5759276885669875,0.0303372471291763,0.3446715469564991,0.6240409207161125,-0.1678851550434078,0.2751506024847575,0.5004253017090323,-0.1418299394858901,0.312917337121634,0.0,0.0,,0.0,0.0,,0.0,0.0,,0.1035294117647058,0.0010664099477074,0.0082550881636157,0.2070588235294117,0.0051698891574325,0.0693187543985134,0.3105882352941176,0.0062362991051399,0.0616147541217179,5.5,1.5,1
10200526,4.0,-0.2301158301158301,0.2024838111452285,0.2739299610894942,0.0033169999068312,0.0275621052837685,0.3750972762645914,0.009726489873882,0.4605714498309461,0.5859922178988327,0.0158454580837876,0.6931288029208532,0.090272373540856,-0.0012172382441661,0.0195531180164331,0.0194552529182879,-0.002174244807521,0.3337447312304141,0.0,0.0,,0.8655394524959742,0.0060987294018901,0.3832161186358815,0.1344605475040257,-0.0046609006695125,0.286280723847841,0.0,-0.0014378287323776,0.4169323514043452,0.0747081712062256,0.0047893226398665,0.5809809298891557,0.1875,0.0157960443674729,0.2766690228031693,2.415796157660034,0.1723576667060272,0.6632847138805565,1.662387668449458,0.0824538138229756,0.5156184405288684,0.4290281329923273,0.0399822094021405,0.3079368236498374,0.3440423949249597,0.0293717292581563,0.2793765809104197,0.0,0.0,,0.0,0.0,,0.0,0.0,,0.1260700389105058,0.0020221102732793,0.0272058867875367,0.1494163424124513,0.0013842364405633,0.004371535529401,0.2754863813229572,0.0034063467138427,0.0153328186728486,16.0,3.0,1
10200627,4.0,-0.2725868725868726,0.3127513521879719,0.2762237762237762,0.0253237950485721,0.2457669785945739,0.4283216783216783,0.0511967566270842,0.913061355580557,0.5629370629370629,0.0098256720681576,0.1568323702005298,0.1486013986013986,-0.0035920568442908,0.2443799033439497,0.0384615384615384,0.0066442095141296,0.7435264319129574,0.0,0.0,,0.9142857142857144,0.006302524193667,0.3534515286734927,0.0642857142857142,-0.0060687126408103,0.3487097612090659,0.0214285714285714,-0.0002338115528566,0.0894029766686177,0.0209790209790209,0.0050199600400892,0.5302228818047154,0.0,0.0,,0.6783868143778725,0.1666753710445099,0.5533080409784332,0.4668199637145004,0.1093244068957249,0.4847096374159571,0.0,0.0,,0.0,0.0,,0.0,0.0,,0.0,0.0,,0.0,0.0,,0.0944055944055944,-0.0030054515238152,0.0385879771671008,0.1678321678321678,-2.373698152130501e-05,7.500437063656662e-07,0.2622377622377622,-0.0030291885053365,0.010697189489025,2.0,0.0,0
10200628,4.0,-0.3915057915057915,0.3869267764004606,0.2828882294757666,0.0013868697303009,0.0023042880966527,0.3837784371909001,0.0081090206814082,0.1283414256723736,0.6013847675568744,0.0271879630488514,0.4491381224834473,0.0830860534124629,0.0007851065847644,0.0069690409103345,0.0158259149357072,-0.0002256146974078,0.0020007235169333,0.0,-0.0009517264487915,0.1305635778120065,0.8550873586844809,0.0053554473446025,0.2272355643362971,0.1140801644398766,-0.0112272490726059,0.5876789690286394,0.0308324768756423,0.0058718017280034,0.9217319882456771,0.0613254203758654,0.0012253777711181,0.0440912241727555,0.4838709677419355,-0.0397363597363597,0.6650821447377852,1.983045663130306,0.0535157020804041,0.0910483052761935,1.3645980211977449,0.003765402053763,0.0010819436558152,1.1071693754640706,-0.0788560604148387,0.5563577658196753,0.8878513417418317,-0.0719831462386261,0.6373655950778034,0.0,0.0,,0.0,0.0,,0.0,0.0,,0.1602373887240356,0.0052077824629757,0.1326317368045479,0.2433234421364985,0.0071067747702285,0.0649255767086555,0.4035608308605341,0.0123145572332042,0.1196193359025407,10.333333333333334,5.0,1
10200629,6.0,-0.1436293436293436,0.1119346002027563,0.2080830147460404,-0.0037333594429342,0.0452734962727158,0.3129437465865647,0.0031370880458233,0.0569199507160034,0.4997269251774986,0.0006080273375982,0.0011814466514092,0.1452758055707264,0.000467376606957,0.0157333720273928,0.0420535226652102,-0.0001152425000995,0.0011097091311096,0.0021845985800109,-0.0002804727381319,0.1140793699208871,0.8033333333333333,0.0103797471527616,0.6386197812923573,0.1811111111111111,-0.0068230776006858,0.4641670271856326,0.0155555555555555,-0.0035566695520757,0.8768583360120993,0.0480611687602403,0.0013326946856172,0.1740000259567724,0.2727272727272727,-0.0156120327548899,0.0671431634710957,1.554127011128918,0.0556753750804387,0.2749234571239833,1.0694451890375518,0.0120280642163372,0.0362007687714229,0.6240409207161125,-0.0303073661357761,0.0531241518656443,0.5004253017090323,-0.0282639108381849,0.0661280920071799,0.0,0.0,,0.0,0.0,,0.0,0.0,,0.111414527580557,0.0009176918808156,0.0084525716544224,0.1736755871108683,0.0046734526645028,0.0609617779555474,0.2850901146914254,0.0055911445453184,0.0583518262647921,14.666666666666666,4.0,1
10200630,7.0,-0.7081081081081081,0.6871271271271271,0.2319644839067702,0.0242080458473219,0.6737476673663094,0.3041065482796892,0.0299598112557177,0.6950111434565867,0.4495005549389567,0.0177890058986786,0.7038939583717776,0.1576026637069922,0.0058118697668156,0.2387357273036099,0.0266370699223085,-0.002031500617395,0.1284475646522559,0.0,0.0,,0.8471121177802945,-0.0010046295508087,0.0099979927590856,0.1392978482446206,0.0013291422458551,0.0194914165485193,0.0135900339750849,-0.0003245126950463,0.1640484580663974,0.0577136514983351,-0.0048699276878993,0.7794344839460332,0.5,0.0024570024570024,0.0810810810810808,1.866253922202686,-0.1393803293741066,0.7392387003687322,1.284229837284878,-0.1375251976114397,0.8490307245577341,1.144075021312873,0.0157861577713763,0.2430859859964517,0.9174463864665594,0.0052677409313864,0.0919123478429949,0.0,0.0,,0.0,0.0,,0.0,0.0,,0.0932297447280799,0.0015292821910828,0.0117118467204395,0.246392896781354,0.0083338486533792,0.0906370085325749,0.339622641509434,0.0098631308444621,0.1121481288287041,8.666666666666666,4.333333333333333,1
10300731,11.0,-0.2640926640926641,0.1835766079668518,0.1370415155179363,0.0088783920057043,0.4574897437967616,0.203950020153164,0.0120110308570408,0.4565360227901835,0.3264812575574365,0.0164853556498118,0.7068188124732995,0.2539298669891173,0.003322279483761,0.3646968557537792,0.0894800483675937,0.0032062323879984,0.5011353782035196,0.0,0.0,,0.7410788381742739,-0.0006120697807239,0.0029232919954822,0.2199170124481327,-0.0015657258640744,0.0263181561093488,0.0390041493775933,0.0021777956447983,0.4988194349166411,0.0305466237942122,0.0009862593831284,0.1214633964620974,0.8421052631578947,-0.0364723564723564,0.608400980247106,0.9877690110743192,0.0392477358435054,0.1929230204740433,0.6797158850012313,0.0111156927116138,0.0369367185279039,1.9268631937901015,-0.0653407392849546,0.5995392708381927,1.545172861417363,-0.0656863199464668,0.6159608647774246,0.0096463022508038,0.0021370151891399,0.8266460099309483,2.3583442778859656,0.4897295256948459,0.8088086483431275,1.7597654023594191,0.3909392502981025,0.8440979594119964,0.0795819935691318,0.0005293879092947,0.0072802324866536,0.1519292604501607,0.005265037769578,0.0834107549268157,0.2315112540192926,0.0057944256788727,0.0873562215301472,12.666666666666666,10.666666666666666,1
10300732,8.0,0.0,,0.1455902939804013,-0.0024477909957162,0.0143854816246351,0.2333177788147457,0.001002642852738,0.0121927231802513,0.4073728418105459,0.0089075351801974,0.4962983429067169,0.1969202053196453,0.0144709911660356,0.9062039462964048,0.0480634624358376,0.0095274684335749,0.8491188960714535,0.0027998133457769,0.0013132426439558,0.7367569485021426,0.7273163706192991,-0.0006246265633317,0.0037303025989577,0.213154104656745,-0.000185625012009,0.0006705875168397,0.0595295247239558,0.0008102515753408,0.0558469699857032,0.0223985067662155,-0.0017141639558413,0.6561812453862996,0.625,0.0443310657596371,0.6366393656187623,0.7242879287431508,-0.0488605846491927,0.6267672663855834,0.4984060088561721,-0.0492420373992215,0.7849761832060722,1.4300937766410913,0.1130483839188782,0.6513219757973856,1.1468079830831992,0.082315372695653,0.6359560364162595,0.0027998133457769,0.0012297614793936,0.6913877595999383,0.6845030988544426,0.3002141485679721,0.668712768671694,0.5107671863124399,0.2262108381081288,0.6675157728677961,0.0671955202986467,-0.0021351181245536,0.0507474772238611,0.1007932804479701,0.002041959635345,0.0215910307575342,0.1679888007466168,-9.315848920855068e-05,2.465723927624897e-05,8.0,5.0,1
10300733,8.0,-0.054054054054054,0.0810810810810812,0.1707097933513028,0.0118853627702888,0.4904685103411589,0.2345013477088948,0.0082753170682428,0.1900697980330314,0.3809523809523809,-0.0119962733948175,0.4070183976038127,0.1859838274932614,0.0115666491035428,0.7849667342642124,0.0467205750224618,0.0042451393605419,0.9237583793406294,0.0,0.0,,0.6066886481394254,0.0114652330283377,0.8406725749169051,0.310880829015544,-0.012418371259822,0.8301547334458053,0.0824305228450306,0.0009531382314842,0.2069068687370078,0.0372866127583108,0.0008671608458257,0.1587879954986487,0.4698795180722891,0.0048193248193248,0.0224868510146034,1.205716247357138,0.0387955615390776,0.2112839702286444,0.829692445242199,0.0050331116275463,0.0091319691047959,1.0751548393060737,0.0200421174224334,0.0756141608515917,0.8621785318601402,0.0095102565135995,0.0272849514338902,0.0026954177897574,0.0013235626501322,0.719477784591866,0.6589802968755932,0.3242577944952106,0.7153023559396046,0.4917224080267559,0.2442923130201779,0.7094681263223062,0.1078167115902965,0.0019282270947503,0.0472412301692862,0.0700808625336927,-0.0020355019418904,0.0346794381863372,0.1778975741239892,-0.00010727484714,4.103070114580554e-05,13.833333333333334,6.5,1
10300734,8.0,-0.1420849420849421,0.0875344732487588,0.1502196193265007,-0.0004673965840045,0.0036032850725856,0.2222547584187408,0.006639536994606,0.4399395604845014,0.3812591508052708,0.0122174315771584,0.7875168192628048,0.1994143484626647,0.0064279716568235,0.459059653077119,0.0787701317715959,0.0128638319293064,0.9722362659633582,0.0035139092240117,-2.990436153464124e-05,0.1500884491019255,0.7438875305623472,0.0083663700120356,0.6015867676669939,0.2368581907090464,-0.0064146954422361,0.4844726437001081,0.0192542787286063,-0.0019516745697994,0.6201823070390451,0.0236772873428821,0.000151946155272,0.0143996066376669,0.5185185185185185,-0.0439798296941154,0.7856449323014363,0.7656391377705248,0.0112062750809138,0.0782297062494232,0.5268611166038252,-0.0061061860702874,0.0534943460186423,1.1864481702503866,-0.0883536862106595,0.7645178098196642,0.9514258822616172,-0.0798733762528381,0.7806804541776351,0.002046185325928,-0.0004536661378158,0.4517304051044181,0.5002548468242957,-0.1365669284397089,0.5693951791945375,0.3732835701974525,-0.0841543547864517,0.4146166640287615,0.0771704180064308,0.0007757621556371,0.0157015288936001,0.1192633732826659,0.0032500026558768,0.0441721735157901,0.1964337912890967,0.0040257648115139,0.0595800720982578,13.5,7.0,1
10400835,9.0,-0.4980694980694981,0.3581436190131849,0.1812154696132596,0.0168495772755379,0.5822072206562964,0.2349907918968692,0.0157141521455119,0.4795941595497588,0.3709023941068139,0.0124153638522272,0.406099633155488,0.2246777163904235,0.0023646284331116,0.1197235063885755,0.0766114180478821,0.0108093878436594,0.906603041933739,0.0029465930018416,0.0008515372504343,0.3859281182338843,0.7662090007627765,0.0012080101105938,0.0339269009845639,0.2116704805491991,-0.0009683423119199,0.0245108445459042,0.0221205186880244,-0.0002396677986739,0.0250626034602166,0.0256692335900256,-0.0004650794590269,0.0626257464986191,0.4571428571428571,-0.0176526176526176,0.2347234604352809,0.8300515843934121,-0.007357636459006,0.0126366683621507,0.571185409703233,-0.0214315084725562,0.1945136400402008,1.0460114480574838,-0.0306376380053278,0.1333451902343142,0.8388081247694257,-0.0317081394403835,0.2247930963481211,0.0044004400440044,0.0001292069294636,0.0367714965681256,1.0758270193216504,0.00175767900179,0.0001165523595866,0.8027679356564419,0.0219489506205598,0.0283386209841101,0.1012101210121012,0.0036334476687224,0.1327019609709427,0.1936193619361936,0.0054583860473864,0.0701837488209115,0.2948294829482948,0.0090918337161089,0.1361142626821867,11.666666666666666,5.333333333333333,1
10400836,9.0,-0.1536679536679536,0.1392105741119396,0.154228855721393,0.0161532597325491,0.6366310282392607,0.2106135986733001,0.0084172842012067,0.2067330720950765,0.3797678275290215,0.0019436381905278,0.0330648749859247,0.2377003869541183,0.0052554283057488,0.3749650554264319,0.0823659480375898,0.0050941175786553,0.5909697180765843,0.0033167495854063,-9.48371159875039e-05,0.5524813590983185,0.6724941724941725,0.0053406307226955,0.3839574681815489,0.2756410256410256,-0.0083025912615009,0.6947445322254839,0.0518648018648018,0.0029619605388053,0.4382053040331609,0.0254284134881149,-0.0010714960624651,0.2211534433138773,0.2608695652173913,-0.0400073542930685,0.597964259194089,0.8222643200622157,-0.0275999285168427,0.1687678130257114,0.5658267406143327,-0.0356809937481121,0.3871168709191879,0.5969087067719336,-0.0839615379068715,0.4915143259921332,0.4786676798955961,-0.0728816218578475,0.579979964499306,0.0199004975124378,-0.000569022695925,0.5524813590982571,4.8653072664844785,-0.2905331915199467,0.7552354999419677,3.630428126923909,-0.1149979184220483,0.5592484936531921,0.0696517412935323,0.000762794485116,0.0073376798805838,0.1094527363184079,0.0004626463577059,0.0008672961387988,0.1791044776119403,0.0012254408428219,0.0050934739502075,7.666666666666667,2.0,1
10400837,10.0,0.2594594594594595,0.2514760914760914,0.1493036211699164,0.0007375513933221,0.0065455725160987,0.2108635097493036,-0.0032006759559275,0.0696900117392118,0.3718662952646239,0.0112287078598957,0.6775789046697405,0.2105849582172702,0.0086035150864482,0.781798837647858,0.0743732590529247,0.0043922383581634,0.7569626953305033,0.0011142061281337,0.0003334805372451,0.2964624740022782,0.6606425702811245,0.0019385438449865,0.0451729278017782,0.3103843947217441,-0.0023771532372923,0.0954167746295256,0.0289730349971313,0.0004386093923057,0.045031143694401,0.0205441421432537,9.302605733348384e-05,0.0045587801576818,0.5675675675675675,-0.023084123084123,0.2508571131780126,0.6643243818014665,0.0084807855020671,0.0344139299790304,0.457143147883291,-0.0060077269751254,0.0416037251712441,1.2986797539227206,-0.0395171792019729,0.1357326331943703,1.0414256278809593,-0.0413652454677025,0.2444178182417312,0.0102720710716268,9.47586082933476e-05,0.0171876455435157,2.51133329683822,-0.0515548173629528,0.0794142907362864,1.87392379094483,0.0132408875891709,0.006672618597648,0.064963908939478,-0.0008453437035785,0.0151713199009564,0.121599111604664,0.0019013732882805,0.0132117345930812,0.1865630205441421,0.0010560295847019,0.0027943411616921,12.333333333333334,7.0,1
10400938,8.0,-0.1181467181467181,0.1813690422386072,0.1432827735644637,0.0030916088840846,0.0727910499875348,0.2212892741061755,-0.0033284155194777,0.0672541879753968,0.411430119176598,0.0049185908565415,0.2363297362031658,0.2099133261105092,0.0117997278832583,0.8874018970576143,0.0625677139761646,0.0070776659816645,0.8553574075464124,0.0016251354279523,0.0007846228209232,0.731733366214167,0.7526211391328989,-0.0034853769516525,0.2732346123003868,0.2215925191272315,0.0037230876376638,0.2546596892905858,0.0257863417398696,-0.0002377106860112,0.0450442909583044,0.0333152762730227,0.0014340285280958,0.2846850079854794,0.4878048780487805,-0.060033082934454,0.6063621125399128,1.0772973707197906,0.054811547787473,0.3604005732812806,0.7413232522367594,0.0201137245026335,0.144800173038052,1.116170752500364,-0.125206820971067,0.5121051906721468,0.8950696453332286,-0.1093976562386433,0.5846646039375372,0.0100216684723726,-0.0003673119182992,0.2887414549412338,2.4501144461568978,-0.1712640549748267,0.5913638399000367,1.8282430918156225,-0.07205765235246,0.2220772335554489,0.0747562296858071,-0.000799179250711,0.0113126329250698,0.1170097508125677,0.002636240968908,0.0438194322143379,0.1917659804983748,0.0018370617181969,0.0130925442530123,20.5,10.0,1
10400939,9.0,0.0,,0.1518032786885245,0.0187653290348114,0.9226786129449712,0.2045901639344262,0.0131220552763167,0.7049368768585607,0.3534426229508197,0.0010757722700207,0.0181941210885366,0.220655737704918,0.0052726179922637,0.6404229292239298,0.061967213114754,0.0005788843029339,0.0393266764377006,0.0039344262295081,0.0008438262478034,0.6590671046035965,0.5340261481729802,0.0111824543321784,0.6800112841535513,0.3251759973181361,-0.0164808849778171,0.8769174156584857,0.1407978545088836,0.0052984306456386,0.8100805700724296,0.0134162303664921,-0.0001316758710191,0.0122875910173242,0.8536585365853658,0.0818073175216032,0.5093603768583153,0.4338331034792175,-0.0009126162162428,0.0006964612851714,0.2985346255735292,-0.0086141451934665,0.1068810174662263,1.953298816875637,0.2007779576815916,0.4926524763672285,1.56637187933315,0.1512297057096808,0.5022327849438458,0.0107984293193717,0.0019352863071871,0.6458003536971201,2.640018250866455,0.4306469790230301,0.5989410482897775,1.9699468067642576,0.3523707474247558,0.6709693801851077,0.0765706806282722,7.937968483715845e-05,9.1466554510089e-05,0.1374345549738219,0.0026543580848595,0.0318407554980242,0.2140052356020942,0.0027337377696966,0.0236838198038442,6.833333333333333,5.833333333333333,1
10400940,10.0,-0.4864864864864865,0.4082857280015363,0.120620842572062,-0.0021069937247846,0.0170552673973055,0.1929046563192904,0.0162329765165899,0.8268792296659125,0.3232815964523282,0.0065940841371435,0.3758520845846003,0.2261640798226164,0.0086916129893865,0.7477775025113429,0.0811529933481153,-0.0004047296883809,0.0313238313296652,0.002660753880266,2.3707083282084952e-05,0.0613447696295211,0.7353888633225955,0.0030857558629931,0.0823035156689032,0.237919926369075,-0.0015266660206622,0.0273279217247869,0.0266912103083294,-0.0015590898423309,0.4733602869264698,0.0079610791685095,7.455116851794253e-05,0.0170638998475831,1.0,0.1662805662805663,0.7482625482625482,0.2574329441557783,0.0044830712801668,0.0621681502679791,0.1771479561552593,-0.0014835049485919,0.0151897668032388,2.288150042625746,0.3964034064357807,0.7611375837355977,1.8348927729331188,0.3068886964809782,0.7486908486571731,0.0106147722246793,0.0009761585694486,0.4617550675635984,2.5951174539497046,0.1835670025537377,0.3269179580708523,1.9364424241796705,0.1748441926883829,0.5059310261154575,0.0583812472357364,-0.0007998678313833,0.015253311961791,0.1804511278195489,0.0059794494668979,0.0852821795955257,0.2388323750552853,0.0051795816355145,0.0491516894631396,3.0,3.0,0
10400941,9.0,-0.4247104247104248,0.6370656370656368,0.1440308087291399,0.0069155459379483,0.3505878988819987,0.2084724005134788,0.0066600267548762,0.2696453564034654,0.3573812580231065,0.0080842406766609,0.4278769870656026,0.2146341463414634,0.0035764919633339,0.4933287569880258,0.0605905006418485,0.0021874025371433,0.5654209838528692,0.0041078305519897,-0.0001978977933222,0.0399620518884205,0.7459387483355526,9.072474030787106e-05,0.0002625917687261,0.2202396804260985,-0.000910462160295,0.0258501756633596,0.0338215712383488,0.0008197374199871,0.4923508635304769,0.0197385285824147,-0.0001499693573582,0.0226869668429029,0.7012987012987013,0.0061903347617633,0.1136795992509578,0.6382737087169745,0.0006944220915142,0.0004071124061395,0.4392168350389099,-0.0115809087971467,0.2185225139994036,1.6046766532700036,0.0284295399199989,0.3757389045395656,1.286807918680369,0.0124811574596304,0.1438106434880902,0.0061522686490643,0.0004935802555538,0.5360875016445605,1.5041170375237842,0.0848680355634221,0.3364577966296452,1.1223522996847564,0.0882434368220073,0.4523872343215147,0.0738272237887721,0.0003239924972978,0.002665484183277,0.1015124327095616,0.0023147678257206,0.0296861698878704,0.1753396564983337,0.0026387603230185,0.0290206963326178,12.833333333333334,9.0,1
11100101,8.0,-0.5459459459459459,0.6310361587745786,0.1632653061224489,0.0020861598663734,0.0074649121953288,0.2089795918367347,-0.0061641391149856,0.1756030321721072,0.4097959183673469,0.0114865174308437,0.5162363768608405,0.2416326530612245,0.0014031368981499,0.0297940719349046,0.0620408163265306,0.0035892953674192,0.27190476470833,0.0097959183673469,-0.0002748544037363,0.6183733039526085,0.7076271186440678,0.0034987947530852,0.2363613308787197,0.2508474576271186,0.0008950780608068,0.0198392378317224,0.0415254237288135,-0.004393872813892,0.876395467775986,0.0244897959183673,0.0037667832201393,0.8530167692788867,0.6,0.113101673101673,0.8541591101670546,0.7547002750943638,0.1081961523058421,0.7843182672538772,0.5449408556014167,0.0784443284026431,0.8030095599576037,1.2777036048064083,0.2228489879936309,0.8127326849058167,1.1009356637598713,0.208469331879346,0.8490226643946216,0.0,0.0,,0.0,0.0,,0.0,0.0,,0.0587755102040816,0.0018690639849616,0.0306887069419916,0.0832653061224489,0.0008040707876426,0.0049112151900723,0.1420408163265306,0.0026731347726043,0.0246989544102661,5.0,3.0,1
11100102,5.0,-0.7737451737451737,0.4754452151017974,0.2063074901445466,-0.032746325772551,0.6065289438406216,0.328515111695138,-0.0028436604532114,0.0108847640302869,0.533508541392904,0.0215365882303348,0.4245687353039383,0.1156373193166885,0.0081275946928912,0.3030815391077739,0.0367936925098554,0.0081142761954844,0.7766345936836964,0.0,0.0,,0.7819650067294751,-0.005620141945941,0.4368999736146512,0.2099596231493943,0.0059402497540055,0.4786968242603237,0.0080753701211305,-0.0003201078080645,0.3992805267077188,0.0249671484888304,-0.0032761859783324,0.6984415551136904,0.3157894736842105,0.0199485199485199,0.3590733590733593,0.7694108148410563,-0.1230944875746005,0.6893289203617354,0.5555627864267619,-0.0871140133782584,0.7093788637687646,0.6724755814770571,0.0293009717683573,0.2110384607495374,0.5794398230315112,0.0369460358986801,0.3769116278746459,0.0078843626806833,0.0018071395309452,0.3265308609184776,2.4297183626559673,0.5933459701119342,0.3635434750980432,1.4383365049507997,0.3297391764643572,0.311143056167263,0.102496714848883,-0.0024553059016271,0.0295844144208617,0.1498028909329829,0.0049620223354865,0.0760447551573519,0.252299605781866,0.0025067164338594,0.0112031562538307,3.1666666666666665,1.0,0
11100203,5.0,-0.2949806949806949,0.3007543384767583,0.2376317923763179,0.0007063434753551,0.0014596780061696,0.3471208434712084,0.0064825377816576,0.1156480001168983,0.5498783454987834,0.0174764435083323,0.5354791367927527,0.1119221411192214,0.0098606718887382,0.6520995241540022,0.0145985401459854,0.0024355644896867,0.7978682056622861,0.0,0.0,,0.9280397022332506,0.0126301900620479,0.937754301453216,0.0595533498759305,-0.0089486770956401,0.8250613185590756,0.0124069478908188,-0.0036815129664077,0.5460020055739081,0.0194647201946472,-0.0023836437384657,0.4500580835779969,0.0,-0.0895752895752895,0.293204513763855,0.5998428788260151,-0.0902445283246846,0.5301464455250817,0.4331241188072899,-0.0637770938623469,0.5261024409821904,0.0,-0.2035055214511577,0.3058347163822427,0.0,-0.1644303961066949,0.290908584553849,0.0,0.0,,0.0,0.0,,0.0,0.0,,0.0924574209245742,-0.0013012021079701,0.0098491572251643,0.1313868613138686,0.0031945146641806,0.0208115225651162,0.2238442822384428,0.0018933125562105,0.0044326425751909,4.0,0.0,0
11100204,5.0,0.1166023166023166,0.0543984031110706,0.2140287769784172,-0.0034501894951849,0.0113201321982929,0.2652877697841727,-0.0240087090823323,0.5420371897567682,0.5044964028776978,-0.0031869755798641,0.0338721466502931,0.1591726618705036,0.0276901207242367,0.9349115614446046,0.0575539568345323,0.0098374845147358,0.8980911525021102,0.0053956834532374,0.0001996505997372,0.6961347650454311,0.8566176470588235,-0.0029281060054128,0.2538121706050209,0.1213235294117647,0.0063105159304445,0.5847581530545964,0.0220588235294117,-0.0033824099250316,0.7706381459620792,0.0161870503597122,0.0005989517992118,0.6961347650454311,0.3333333333333333,0.0,0.0,0.4988351638438466,0.0094769412292166,0.5899035202963585,0.3601902238012961,0.007462376060033,0.6916087313562693,0.7098353360035603,-0.0175572859319545,0.8800819813983812,0.6116309243110396,0.0005189205964052,0.0457120070161984,0.0,0.0,,0.0,0.0,,0.0,0.0,,0.0971223021582733,0.0024237273230477,0.0694774091562009,0.1942446043165467,0.0045743297667403,0.04857551000866,0.2913669064748201,0.0069980570897881,0.0725276995949579,3.0,1.0,0
11100205,7.0,-0.1428571428571428,0.1892260484145919,0.1762794476035743,0.0106979893111154,0.1855519778069131,0.272948822095857,0.0082645717357776,0.2249547680443011,0.4451665312753858,0.0069350658215772,0.2835774448507923,0.1592201462225832,0.0075361057923659,0.4266644584139905,0.0552396425670186,0.0084186813147571,0.8486086514933812,0.0048740861088545,-8.93517589912234e-05,0.1816116095099765,0.8034398034398035,0.0043452476063415,0.2370679613115042,0.167076167076167,-0.0062901382157536,0.4725533792994273,0.0294840294840294,0.0019448906094121,0.4922276600515979,0.0430194805194805,0.0008433930437145,0.0751922912365329,0.5660377358490566,0.0454495311638168,0.5895601531480552,1.3257282294508,0.0004735216968772,3.340084636793694e-05,0.9572587946407464,0.0022803854088055,0.001496390349457,1.2053807592513288,0.0713446792770915,0.4443488623645538,1.0386185507168595,0.0844724730357673,0.580926097714922,0.0,0.0,,0.0,0.0,,0.0,0.0,,0.0876623376623376,0.0009922637159354,0.0079707209079596,0.1801948051948051,0.0068734961317097,0.1003339329710458,0.2678571428571428,0.0078657598476452,0.0762094078586758,8.833333333333334,5.0,1
11100206,5.0,-0.2247104247104247,0.1055256593718129,0.2126144455747711,-0.0111128392350241,0.3779421835539711,0.301119023397762,-0.0013037181731896,0.0084077102221864,0.5147507629704985,0.0154744975233396,0.3344650412679248,0.1159715157680569,0.0076829157620972,0.7982376547932399,0.0437436419125127,0.0013846867582336,0.1850608674798651,0.0,0.0,,0.8583247156153051,-9.924148367564117e-06,4.504055434173537e-06,0.1354705274043433,-0.0001811789332782,0.0014964743548682,0.0062047569803516,0.0001911030816457,0.3068500183724455,0.0657229524772497,0.0035220063869748,0.4809715409880657,0.0769230769230769,0.0292032292032292,0.4474351902923331,2.025379487845929,0.0745296261798073,0.4101163197971029,1.462450813187152,0.0561686627462798,0.3962613518375544,0.16380815446236,0.062355002070661,0.4468402489794617,0.1411455979179322,0.0537111750773324,0.4468545229622792,0.0,0.0,,0.0,0.0,,0.0,0.0,,0.0424671385237613,-0.000317229597493,0.0008136686261565,0.2062689585439838,0.004083393701634,0.0215886378066568,0.2487360970677452,0.003766164104141,0.0158774966442224,10.833333333333334,0.8333333333333334,1
11100307,5.0,-0.1976833976833976,0.296525096525097,0.2062737642585551,-0.0070221316830736,0.2161630450888447,0.2918250950570342,-0.006115047259021,0.1779348356665963,0.501425855513308,0.0096885429041012,0.4279785411344143,0.1506653992395437,0.0128506109955597,0.9146450396984604,0.0527566539923954,0.0065770209621805,0.6314607694982741,0.0,0.0,,0.7535041082648622,-0.0151748292561077,0.9073583611398168,0.2039632672788786,0.0137800297463502,0.9299363238142327,0.042532624456259,0.0013947995097575,0.1639023139520506,0.0508555133079847,0.0014902422204344,0.0616169104936689,0.4485981308411215,-0.0123352932924688,0.0778093187209317,1.5672106869137157,0.0167874961718354,0.0067413421500666,1.131624249809184,0.0139459377846803,0.0097255886984055,0.9552924148085298,-0.0507953657329152,0.2344599248699054,0.8231294682316794,-0.0219845548923495,0.0759088343489341,0.0,0.0,,0.0,0.0,,0.0,0.0,,0.0998098859315589,-0.0002927589417046,0.0007086983122495,0.1653992395437262,0.004216507137244,0.0369081298201322,0.2652091254752851,0.0039237481955394,0.0228224702862226,17.833333333333332,8.0,1
11100308,5.0,-0.0277992277992278,0.0014003342361554,0.2271880819366853,-0.0064934499744507,0.136236945227646,0.3240223463687151,-0.0021404229534351,0.0163066877127809,0.5356921166977033,-0.0006028342644744,0.0005086381285146,0.1123525760397268,0.0110229611302963,0.874959908675869,0.0285536933581626,0.0055945953794023,0.8315118652745401,0.0,0.0,,0.8425396825396826,-0.0015889570405205,0.0304440267081852,0.1498412698412698,0.0042234587608755,0.1998315753953276,0.0076190476190476,-0.0026345017203549,0.6059259568913393,0.0453134698944754,-0.0016684994152349,0.1745020175701049,0.4383561643835616,0.0132716704145275,0.103215777201745,1.3964219346226667,-0.0831383081941221,0.4113404499954253,1.0083040763947175,-0.0576179291629588,0.3740638854649886,0.933482085703312,0.006857905069912,0.006757577091796,0.8043365579980795,0.0251627829646696,0.1139094495672944,0.0,-0.0017441356432443,0.7345432298735121,0.0,-0.5299169835032722,0.7378910771384015,0.0,-0.3235884171175957,0.7269749637392654,0.1191806331471136,0.0012139975951806,0.0089274728307714,0.2197392923649906,0.0049594877640997,0.0284246543967858,0.3389199255121042,0.0061734853592803,0.0289270895427021,12.166666666666666,5.333333333333333,1
11100309,4.0,-0.3922779922779923,0.4612898612898614,0.3019911504424779,0.0318946330160685,0.4008885184668304,0.3639380530973451,-0.0040375845464469,0.0081449467193998,0.5995575221238938,0.0267867469440773,0.4374774238916621,0.118362831858407,0.0003523985600517,0.0065159090943383,0.038716814159292,0.0008170518821004,0.1167426658588925,0.0,0.0,,0.8910329171396141,0.0030651905227473,0.262489857161892,0.1021566401816118,-0.0026971413376711,0.2234658178850362,0.0068104426787741,-0.0003680491850761,0.7104679693006004,0.0541436464088397,-1.180742583498025e-05,1.1579863411048665e-05,0.6530612244897959,0.0132193417907703,0.0255772679637723,1.6685408476073365,-0.0343375104948845,0.0950412853369495,1.2047909708093938,-0.022384884020326,0.0790793000173645,1.3906978011498323,-0.0021894492113269,0.0001580137025567,1.1982973210991794,0.0248668072751704,0.0277164945900677,0.0,0.0,,0.0,0.0,,0.0,0.0,,0.1259668508287292,0.0012582381534185,0.0083613910893027,0.1790055248618784,0.0046600868077439,0.0409992432493813,0.3049723756906077,0.0059183249611625,0.040279140273549,8.166666666666666,5.333333333333333,1
11200410,6.0,-0.1691119691119691,0.0523346979305527,0.1866840731070496,-0.0050319819864501,0.1924474907014265,0.2891644908616188,-0.0055647074564994,0.171079164539852,0.4977154046997389,0.016069181567014,0.633042881557542,0.156331592689295,-0.0035443310552836,0.4034574747015189,0.046018276762402,-0.0054026822145604,0.7005913188747006,0.0,-0.0009245379453431,0.7344467197582654,0.7460910944935418,0.0050554456483337,0.5719859102347331,0.2151597552685248,-0.0059413281716808,0.6874017370596239,0.0387491502379333,0.000885882523347,0.1763888173870363,0.0253576072821846,-0.0020413640892025,0.5292582155189798,0.4615384615384615,0.0026881022679341,0.005330086397166,0.7814435553236504,-0.0831859432912706,0.627000404463868,0.5642511785079689,-0.058335095508165,0.6391411215057486,0.9828489267741606,-0.0178665934162512,0.046416936389101,0.8468735875075933,0.0055364778192817,0.0065169857466095,0.0032509752925877,-0.0001714995438619,0.1215869940714498,1.001850711953398,-0.0326445633963516,0.0446784366102783,0.5930722151428037,-0.0330126768072251,0.1237992188070919,0.0975292587776333,0.0004591282450453,0.0032887721905765,0.1287386215864759,0.0016769647807625,0.0125636794386025,0.2262678803641092,0.0021360930258079,0.0118868683998856,13.0,6.0,1
11200411,8.0,0.2393822393822393,0.3590733590733592,0.12189838519102,-0.0130082866312475,0.7880024008346977,0.1939740055139819,-0.0153585708637318,0.8716470018133732,0.3790862544308783,-0.0164490088721179,0.9294784744695506,0.1857030326900354,0.0070655080698463,0.8130569119347046,0.0714848365498227,0.0049532741694689,0.926906550052046,0.0070894052776683,0.0005290350476566,0.7474332596168748,0.5323577906018137,0.0125694830037964,0.7741642783968704,0.3419208573784006,-0.0162844335826849,0.8815612765288441,0.1257213520197856,0.0037149505788885,0.7444572876035014,0.0246159905474596,-0.0004845298154965,0.0413194435955269,0.336,-0.0273040530118006,0.3542782023174875,0.7585892058804283,-0.031307726013045,0.1486863379592151,0.5477489071417024,-0.0214045305664672,0.1370480640764922,0.7155140186915888,-0.0781996084219996,0.5001451890201817,0.616523971705528,-0.0496827470642785,0.3613788099482923,0.0023631350925561,-1.7187582598387817e-05,0.2824475868290468,0.7282456376452112,0.0083257207486379,0.0973817973805383,0.4311044034137686,-0.0042792965653713,0.33366144638756,0.0602599448601811,-0.0013050602789116,0.0283841867109223,0.0803465931469082,-0.0004274607002263,0.0021208929170198,0.1406065380070894,-0.001732520979138,0.0154581577958654,20.833333333333332,7.0,1
11200512,11.0,0.1845559845559845,0.0976580375842371,0.1138554216867469,-0.0030196227171048,0.116902658213491,0.1662650602409638,0.002974895596746,0.1017889733701957,0.2915662650602409,0.0033592433050333,0.1344293636118123,0.2801204819277108,0.0230216360546427,0.8204007693159706,0.0927710843373494,0.0116718865209908,0.7677520471059314,0.0036144578313253,-9.5850461466764e-05,0.7272896422688474,0.6211734693877551,0.0115082918497814,0.6570210583340121,0.3137755102040816,-0.0179674064944608,0.8436576977160256,0.0650510204081632,0.0064591146446794,0.9120580625465508,0.0474189675870348,0.0002599950962657,0.0281721662566403,0.7721518987341772,0.0141400427114713,0.1172256640852366,1.461306905207224,-0.020831517195046,0.1133363113209339,1.0551550880517628,-0.0129311723045647,0.1050341913586911,1.6443021074512854,-0.0086801932036706,0.0130612438021474,1.4168159385939272,0.0272140770904659,0.1317243453025868,0.010204081632653,0.000595957055252,0.1431350061784096,3.1445844795598488,0.2318480483986807,0.2291950078755246,1.8615205446727183,0.1051514645521887,0.1446778718020529,0.0756302521008403,0.0016061516164537,0.0307513511733081,0.0936374549819927,0.0012085952618738,0.0079120551249641,0.1692677070828331,0.0028147468783276,0.0255199093543277,13.166666666666666,10.166666666666666,1
11200513,6.0,0.4903474903474903,0.7563659668922827,0.1900624490904154,0.0065266323406271,0.4699594282231601,0.2685310887863155,-0.0030019108629923,0.0476120858050377,0.48303013847407,-0.0187683187613832,0.7198898608388518,0.1034482758620689,0.0054441848261744,0.7229480402123872,0.0209068693999456,-0.0009786270105811,0.2960935256869721,0.0032582134129785,-2.85965650226468e-05,0.0880734856918207,0.8042492917847025,0.0164487978589368,0.921718799782725,0.1597733711048158,-0.0162248847160145,0.9131144044197734,0.0359773371104815,-0.0002239131429222,0.0199352704030988,0.0363833831115938,-0.000635705126251,0.0758852485786825,0.5373134328358209,0.0217151987665227,0.3217151841134781,1.121224094096659,-0.0434754977495505,0.3526469814272137,0.809594003502331,-0.0295004050999318,0.3011192146398868,1.1442121834087242,0.0211741135104242,0.0968999593370146,0.9859125347103324,0.0406899942864406,0.3481365085739002,0.0048873201194678,-4.0797427637256995e-05,0.0802793826539437,1.5061219174432727,0.0144615886348202,0.1028795700711828,0.8915889874566049,-0.0099807809983157,0.2192089129664404,0.0749389084985066,-0.000178384033823,0.0004495837321982,0.1401031767580776,0.0026176106200998,0.0204436274366381,0.2150420852565843,0.0024392265862767,0.0128663255541895,22.333333333333332,12.0,1
11200514,6.0,-0.1899613899613899,0.144229944229944,0.19681011134517,0.0001081259000467,0.0002925672344246,0.2940114354498946,0.0002826107122077,0.000392810185914,0.4872103520914836,0.0136411234207226,0.7830783687375427,0.1275955461931989,0.0057322946287015,0.7102188320347707,0.0300932891965091,0.0003891377342604,0.0359791967076866,0.0,0.0,,0.7914187284685249,0.000913189161778,0.0324045524423007,0.1681803946132164,-0.0010524783978624,0.056931944647296,0.0404008769182586,0.0001392892360844,0.0036303450006561,0.0551724137931034,0.0048335366726935,0.7346976520361412,0.5380434782608695,0.0177382861847968,0.3799078632460254,1.700244297913739,0.1237405117861605,0.5361358763858441,1.2276828471020422,0.0908496442257966,0.5886318620799215,1.145766819527486,0.011644066154484,0.0504142384563349,0.987252089784667,0.0332964146528381,0.3874708317230589,0.0017991004497751,-3.1988843239077216e-05,0.4319631972791398,0.5544274884501323,0.0003987836972344,0.0005374739452422,0.3282081200202574,-0.0067829941599879,0.63524890273894,0.097151424287856,0.0003402133439881,0.0019480125939594,0.1457271364317841,0.00278651148299,0.0280977340882661,0.2428785607196401,0.0031267248269782,0.0222626212880153,30.666666666666668,16.5,1
11200515,6.0,-0.132046332046332,0.0559370506521621,0.1834961997828447,0.0100042457831387,0.6510499888674293,0.255157437567861,-0.0037123168068024,0.0868879013628837,0.4701411509229098,0.001586456557539,0.0254186555343193,0.1612377850162866,0.010322361305735,0.8365068925164185,0.0374592833876221,-0.0006239190618382,0.0796803663037917,0.0,0.0,,0.6859876195835678,0.0156061425511928,0.6762415139940174,0.2644907146876759,-0.0156791910911103,0.744829455306774,0.0495216657287563,7.304853991758695e-05,0.0013395695842819,0.01628664495114,0.0014980800101445,0.5906499546884418,0.8,0.0315057915057915,0.6342613289981709,0.5019043631870769,0.0391937031958762,0.5314735106567716,0.3624063779108227,0.0286497612006346,0.5135873319007094,1.703604806408545,0.0291820077553818,0.1996643186383088,1.467914218346495,0.0589411067563513,0.6246482273906506,0.006514657980456,-0.0017108290102024,0.7694519679774074,2.0076174527483075,-0.4826537953503813,0.7796596014779055,1.1884626278692276,-0.3201451460768759,0.7453658125794351,0.0879478827361563,-0.0005191707788828,0.0026185739082273,0.1270358306188925,0.0020140224027542,0.0163470339859197,0.2149837133550488,0.0014948516238714,0.0048675235426325,5.0,4.0,1
11300616,5.0,0.1791505791505791,0.1385431145431144,0.2467082467082467,0.0339524165967303,0.8456617510653699,0.3035343035343035,0.0060879046131328,0.0573233260317568,0.5294525294525294,0.0002753959130557,0.0002280466249913,0.0914760914760914,-0.0002367964391733,0.0029162193505377,0.0325710325710325,-0.0022037949842294,0.1814910123369869,0.0048510048510048,-0.0033176378935714,0.555963155422736,0.7624633431085044,0.009385037780018,0.6180018490237805,0.1642228739002932,-0.0126174547012556,0.8185820320942595,0.0733137829912023,0.0032324169212375,0.337871249375429,0.0498960498960499,0.0062365170365456,0.7540506429610792,0.3333333333333333,0.0557896672182386,0.3664044603829403,1.5376429721257308,0.1737214678943006,0.7798987675168411,1.110274508293947,0.1264235285063641,0.7542673400355177,0.7098353360035603,0.1063422619223993,0.3030159496925295,0.6116309243110396,0.1029317730588075,0.3627541313761746,0.0,0.0,,0.0,0.0,,0.0,0.0,,0.079002079002079,0.0010399526966814,0.01112622703102,0.1871101871101871,0.003228440206795,0.0172764350739696,0.2661122661122661,0.0042683929034765,0.0231875911016038,12.0,4.0,1
11300617,6.0,0.2332046332046332,0.2173697507030839,0.1879936808846761,0.0038176986446869,0.0598951267884696,0.2432859399684044,-0.010536292609384,0.2408692072726848,0.4541864139020537,-0.0104769389294987,0.4624583632568098,0.1169036334913112,-0.0035568324125466,0.0901831177449061,0.0458135860979462,0.0083141984452111,0.831407504244667,0.0047393364928909,6.470238788081661e-05,0.2986650008597963,0.7571545380212592,-0.0027393162609573,0.0785823870327581,0.2134096484055601,0.0031140437432866,0.1196115836942756,0.0294358135731807,-0.0003747274823292,0.0247110014792932,0.0718799368088467,0.0022249350747601,0.4173858681758651,0.4615384615384615,-0.0087516087516087,0.2050137629085,2.215118830072254,0.027486861283833,0.1033424289584795,1.5994544991618729,0.0228066971188664,0.1497556544881844,0.9828489267741606,-0.0440627650179989,0.5102861919125372,0.8468735875075933,-0.0153892223880934,0.1745507287560701,0.0,0.0,,0.0,0.0,,0.0,0.0,,0.0900473933649289,0.0015847120960605,0.0318087671028409,0.1469194312796208,0.0019388059370715,0.0086067836488726,0.2369668246445497,0.003523518033132,0.0236214782781765,15.166666666666666,7.0,1
11300618,6.0,0.1868725868725869,0.1401544401544401,0.2012121212121212,0.0149280779494482,0.343631083961079,0.3042424242424242,0.019541966706061,0.6556303893715846,0.466060606060606,-0.0076258116471873,0.2086449092696377,0.1345454545454545,0.0117342566150522,0.8112423154952412,0.0412121212121212,0.0050669246348988,0.8858997405040251,0.0036363636363636,0.0017991422029996,0.7469726797406856,0.6272845953002611,-0.0038786122494584,0.2170157460457669,0.2748041775456919,0.0072708368452541,0.5831875604511876,0.097911227154047,-0.0033922245957956,0.6374546508282357,0.0321212121212121,0.0028084346890094,0.4915830425699101,0.5283018867924528,-0.0136716308144879,0.1111884495160189,0.9898770779899306,0.0720238675457742,0.4389809072746109,0.7147532333317572,0.05295077695887,0.4405875305700404,1.125022041967907,-0.0593704369403319,0.3148866342820579,0.9693773140024023,-0.0242890945660463,0.1003667868500349,0.0072727272727272,-0.0001077033540313,0.3112349376240251,2.2412311199772015,0.0084334800671837,0.012049242529546,1.326756460930374,-0.0233134207191082,0.502340148535474,0.0981818181818181,1.7646807161850443e-05,2.32986726644846e-06,0.1272727272727272,0.0026217604566978,0.0225995121198093,0.2254545454545454,0.0026394072638597,0.0145235854897805,8.833333333333334,4.666666666666667,1
11300619,3.0,-0.7382239382239383,0.7923750953691073,0.3163331181407359,0.0380942247325823,0.8289064703116575,0.4402840542285345,0.0482234074696427,0.9594857154733644,0.6120077469335055,0.0170250233566387,0.3456710153333773,0.05229180116204,0.0005283402475341,0.0186917002314159,0.0206584893479664,0.0046057538202013,0.8981622786676395,0.0038734667527437,-0.0002131738252262,0.712433176167232,0.923024983119514,0.008446900280065,0.767358326303587,0.0607697501688048,-0.0096077915114383,0.7583952198834777,0.0162052667116812,0.0011608912313732,0.4445394341946493,0.0116204002582311,-0.0024934878128101,0.3500246897858243,0.3333333333333333,0.1415701415701415,0.637065637065637,0.3581050369234069,-0.0892490138423212,0.4045109948305162,0.258574260082015,-0.0633093591088266,0.3967289516919781,0.7098353360035603,0.3022059673932441,0.6355670715198742,0.6116309243110396,0.2603429443694404,0.6358424520486062,0.0,0.0,,0.0,0.0,,0.0,0.0,,0.0813428018076178,-0.001874991979456,0.023634046181076,0.1743060038734667,0.0033255780291556,0.0193436592374109,0.2556488056810845,0.0014505860496996,0.0025491271516683,3.0,1.0,0
11300620,5.0,0.0,,0.2321304649548924,0.0039356759671711,0.1808245830604118,0.3414295628036086,0.0146382700335385,0.75121153121486,0.5537820957668286,0.0131979347234418,0.5714548548541265,0.1023594725884802,0.0050724341714018,0.6514779880523148,0.0281054823039555,0.0018833626879403,0.5725913276395636,0.0024288688410825,-0.0005452521526245,0.4746870735067798,0.8127534095097678,0.0174904090476784,0.8885994371366412,0.1389605602653888,-0.0147173679923941,0.8712734370103846,0.0482860302248433,-0.0027730410552842,0.6974130249592937,0.0128116343490304,-0.0019579307102956,0.6542390881079875,0.3243243243243243,-0.0976282404853833,0.511248478281445,0.3948152120112193,-0.0720473459001123,0.7359855700591973,0.2850813051723709,-0.0509748012240015,0.7225750664271485,0.6906505971926533,-0.2335243713789099,0.5577064823249496,0.5951003587891196,-0.1789414481385017,0.5129762455735053,0.0,0.0,,0.0,0.0,,0.0,0.0,,0.0934903047091412,-0.0006267616974943,0.0035368833298481,0.1516620498614958,0.0026386799817667,0.0139020505449076,0.2451523545706371,0.0020119182842723,0.006053759786181,6.166666666666667,2.0,1
11300721,7.0,0.4988416988416988,0.7482625482625482,0.1589621572626331,-0.0053936533744329,0.589083214997246,0.2373668706095626,-0.007551548784877,0.5106828593437878,0.4299796057104011,-0.0161536501387572,0.8498976826858204,0.1318830727396329,0.0079411996528566,0.9050390329960664,0.0378427373668706,0.0030752249767349,0.9512930588379612,0.0047586675730795,0.0002405540909677,0.7102882327252662,0.5676484674329502,0.0139079083773003,0.8804400844961126,0.3454262452107279,-0.0115904639519532,0.8917282227491572,0.0869252873563218,-0.002317444425347,0.5177234708513635,0.0286940804338002,0.0033401397848208,0.8475517349836166,0.4094488188976378,-0.0148555975306947,0.1992934869817746,0.8842634078762287,0.0915643148601887,0.7790675230232819,0.6384935503102155,0.0666913873791718,0.7897056660611806,0.871923719815397,-0.0554632633560264,0.4015799676783452,0.751294678681277,-0.0265554757854275,0.1856095048838484,0.0027112516945323,-0.000233979127494,0.4654769741622607,0.8355244798830508,-0.0554642707409644,0.314424397858424,0.4946109716527603,-0.0444887123036361,0.5381589207183992,0.07049254405784,-0.0012111274728022,0.0339272546960407,0.0921825576140985,0.0008017152916283,0.0074620263403235,0.1626751016719385,-0.0004094121811738,0.0010303492959123,42.333333333333336,17.333333333333332,1
11300722,6.0,0.0054054054054054,0.0032432432432433,0.2053042860525692,-0.0038711462446498,0.0999730561185014,0.2782382192753966,-0.0063679986884915,0.2672135556742908,0.4904096613781671,0.003640940521521,0.068540754537231,0.1098744968032204,0.0080226791639264,0.7125723682183612,0.0343357802510063,0.0012257168984795,0.3115236055363766,0.0,0.0,,0.7555115184542978,0.0034349815634013,0.2466137251482508,0.1860292296259598,-0.0055033070023183,0.5378485103832062,0.0584592519197423,0.002068325438917,0.2618478880756756,0.0321589028139039,0.0037125962013967,0.8035224370092405,0.6470588235294118,0.0405736734446616,0.4831402580726426,0.9910385893491054,0.1018288716478538,0.8276474211941907,0.7155919172633092,0.0741808136124577,0.804670744969318,1.3779156522422054,0.0566293499074071,0.2762319016540004,1.187283558956724,0.0756033414195475,0.4911170989817448,0.0073303381414045,-0.0003782111780243,0.2454706180254701,2.258985019839873,-0.0665458626050152,0.0704850223295964,1.337266354863022,-0.0726737391416305,0.2135127113079,0.0822889572002837,-0.0003094414904847,0.0012613614784575,0.1049893591865689,0.0020922356072505,0.0242323693847377,0.1872783163868526,0.0017827941167658,0.0082292932388471,22.666666666666668,14.666666666666666,1
11300723,9.0,0.7544401544401544,0.7228715569349764,0.132183908045977,-0.012449101974514,0.2062915753930255,0.1944444444444444,-0.0048161916198714,0.1172200771364556,0.3850574712643678,-0.0170764398965621,0.5254534065272836,0.1685823754789272,0.0037020996839921,0.174021169668355,0.0249042145593869,-0.0015304570728552,0.0636950653194421,0.0,0.0,,0.5229357798165137,-0.0133934597767653,0.5151528779503487,0.3333333333333333,0.0094660912767309,0.3426490664004225,0.1437308868501529,0.0039273685000343,0.443303261313502,0.0191570881226053,0.0001067127091084,0.0034165458736277,0.7,0.0066924066924066,0.0921190097660685,0.5903626034422704,-0.0080911539805413,0.0233241173299421,0.4262787663548757,-0.0048771167918079,0.0149987035595426,1.4906542056074763,-0.0207887417546689,0.1685561921384518,1.2844249410531832,0.0133622038333166,0.105305059242481,0.0009578544061302,0.0003036744609778,0.0810810810810808,0.2951813017211352,0.0954180195753229,0.0810810810810809,0.1747404342700444,0.0553306734939663,0.081081081081081,0.1091954022988505,-0.0012604195269493,0.0092470026817907,0.1436781609195402,0.0048733540003325,0.0825595454321179,0.2528735632183908,0.0036129344733831,0.0303184115267163,3.3333333333333335,2.3333333333333335,0
11300724,7.0,-0.2594594594594595,0.1424483306836247,0.1666666666666666,0.0037087780134474,0.0766220580803221,0.2314487632508834,-0.0089495382061953,0.3939696075554288,0.4416961130742049,0.0034559612059062,0.0566712902982752,0.1230859835100117,0.0127291704796209,0.8402943662364362,0.0335689045936395,0.0023304271042646,0.6837077375206624,0.0,0.0,,0.7735507246376812,0.0039026554080518,0.1568815911529317,0.1847826086956521,-0.00368792199234,0.1780363695485497,0.0416666666666666,-0.0002147334157119,0.0075345570051483,0.0352112676056338,0.0020962805176112,0.3922530123862439,0.5,-0.0123240123240123,0.2035466008435171,1.0851030950593843,0.0464452480652711,0.2113353102870897,0.7835123804128352,0.0348096722731178,0.2473722524155557,1.0647530040053406,-0.0540684299329593,0.5400993106455994,0.9174463864665594,-0.0217753478723229,0.2018203233886639,0.0,0.0,,0.0,0.0,,0.0,0.0,,0.0528169014084507,-0.000918475576732,0.0099105423022535,0.1619718309859155,0.0043857063320942,0.0413322027393253,0.2147887323943662,0.0034672307553622,0.0204889851788666,10.0,5.0,1
11300725,6.0,0.3281853281853282,0.5109112251969398,0.2028129395218003,0.0032905306624045,0.069231535217333,0.2832630098452883,0.0013042107478512,0.0160926873560411,0.4886075949367088,-0.0065366140589653,0.2423491996359829,0.0998593530239099,0.00718540779706,0.843060345905787,0.0272855133614627,0.0039998431719339,0.7572669615702272,0.0,0.0,,0.8006449721489299,0.0001658162343659,0.0005315572544341,0.1712107886250366,-0.0001940893872126,0.0010382869542866,0.0281442392260334,2.827315284668355e-05,0.0002592378971254,0.0540084388185654,6.944255955511748e-05,0.000633637651648,0.3958333333333333,0.0506673779918561,0.5873541038470784,1.6643741650463606,-0.0314319263204205,0.1487430143443706,1.2017823650956705,-0.0202114276850459,0.1180002358375713,0.8429294615042279,0.0936741456609836,0.5295830938267464,0.7263117226193595,0.0936380756689733,0.5977388326379831,0.0,-8.934554389099459e-05,0.0810810810810807,0.0,-0.0277383550110822,0.0810810810810813,0.0,-0.0164017027962282,0.081081081081081,0.0624472573839662,-0.000202952229796,0.0006786208934207,0.170464135021097,0.0029113536490471,0.0162346497512363,0.2329113924050632,0.002708401419251,0.0119735112019589,32.0,12.666666666666666,1
11300826,6.0,-0.1343629343629343,0.0863761720904573,0.1968152866242038,0.0024626890017273,0.0390182043443871,0.2872611464968153,0.0163571909845372,0.7198564178019797,0.467515923566879,0.0061400542794988,0.1241642033054679,0.1175159235668789,0.0025084368888303,0.242996559204259,0.0420382165605095,0.0048196951885647,0.7977379279364578,0.0019108280254777,-0.0009548197207041,0.74470825679206,0.7863501483679525,-7.216370687258731e-06,1.5900312919647774e-06,0.1661721068249258,3.152620390590417e-05,4.140352241055467e-05,0.0474777448071216,-2.4309833218616547e-05,0.0001331599489081,0.0194267515923566,0.0014420393916472,0.4914223560502422,0.2950819672131147,0.0843882286739429,0.7540219278723904,0.5986728031467763,0.0350342717912346,0.4661881686606215,0.4322792509003807,0.0259469081615717,0.4458763450385334,0.6283788220359386,0.1733969739948864,0.7180098716110479,0.5414437690622318,0.1554302307645562,0.7502502072447087,0.0,0.0,,0.0,0.0,,0.0,0.0,,0.0955414012738853,0.0010478321572573,0.014118301215066,0.1471337579617834,0.0020059558803844,0.00992926619541,0.2426751592356687,0.0030537880376417,0.0161007375120683,10.166666666666666,3.0,1
11400927,8.0,0.43011583011583,0.581962390383443,0.1230085216746943,-0.0061708834303627,0.4739756098062779,0.1945164875879955,-0.0036512729977964,0.2320107167068014,0.3860689144127454,-0.0163443895589918,0.665822491186073,0.1074472026676546,0.0093984740148398,0.8688340649818391,0.0133382734346054,0.0009167329164772,0.2312892272259635,0.0,0.0,,0.7730860299921073,0.010008582170311,0.6404273098390386,0.1945540647198105,-0.0041041016280013,0.240955069698549,0.032359905288082,-0.0059044805423097,0.8998188735275605,0.0492775101889588,-0.0007899366557152,0.033705801303047,0.6842105263157895,0.0139938129542575,0.1137551251544545,1.5185814785692135,-0.056513867268553,0.2056019962592521,1.0965109163747169,-0.0382996049690089,0.1668034021776461,1.4570304265336238,-0.0049863906668805,0.0028091203301976,1.2554529499016076,0.0267655340184687,0.1138093733541557,0.0022230455724342,3.923199788358701e-05,0.2207710767590565,0.6850743512342317,0.0239529935620673,0.4975780767523515,0.4055480104733451,0.0061564598280639,0.3684633187738378,0.0689144127454612,-0.000332462495512,0.0020960354187175,0.1556131900703964,0.0041311194851122,0.0435181192337162,0.2245276028158577,0.0037986569896001,0.0283074584076689,22.166666666666668,15.166666666666666,1
11400928,6.0,-0.0239382239382239,0.0636072807501394,0.1686367218282111,-0.0157971429537672,0.3269856509457266,0.2576832151300236,-0.0088494713170682,0.2259056576257173,0.4854215918045705,0.0001488084339332,0.0001197728067308,0.0882584712371946,-0.001156574196025,0.0605008963847406,0.0141843971631205,0.001133077227694,0.2928970736883217,0.0,0.0,,0.8035563082133785,0.0068285043636314,0.3312378424264591,0.1693480101608806,-0.007321762927773,0.4132269239311346,0.0270956816257408,0.0004932585641416,0.0695666303173546,0.0197005516154452,-0.001312303146525,0.3550952517007519,0.52,-0.0321235521235521,0.2716137740527983,0.6071104787172286,-0.0552679642431433,0.4166482601520653,0.4383717810032411,-0.0388226215862758,0.4342997351296598,1.1073431241655542,-0.1007623021923984,0.4243044047329219,0.9541442419252218,-0.057982797131945,0.2590290753743148,0.0,0.0,,0.0,0.0,,0.0,0.0,,0.0756501182033096,-0.0002447641214006,0.0004611354105363,0.1607565011820331,0.0037243360713228,0.0316878738418711,0.2364066193853428,0.0034795719499221,0.0199118966166977,4.166666666666667,2.1666666666666665,0
11400929,5.0,-0.2393822393822393,0.3590733590733592,0.1968132192387134,-0.0030736006966978,0.1008969183324444,0.2881380938329891,-0.0032467468068084,0.073890030357559,0.5244910002950723,0.0095750703240902,0.2324165299300321,0.0718501032753024,0.0046764271092326,0.881000617691396,0.012393036293892,0.0014104663836152,0.719216388006789,0.0,0.0,,0.855036855036855,0.0001573344775027,0.0010213625750147,0.1279176904176904,-0.0003758257931051,0.0074375403766171,0.0170454545454545,0.0002184913156024,0.0263434036568247,0.0439657716140454,0.0013835861316852,0.3795850681437848,0.3624161073825503,0.021896395320886,0.5014285254640137,1.354890013884123,0.0178936239940878,0.0739371917359986,0.9783154290218214,0.014547151402333,0.1030786360995048,0.771767278070985,0.0300726517127664,0.256788606907434,0.6649946962307947,0.0407275497089114,0.4868673104239478,0.0050162289760991,0.0002971228231333,0.2832651147982667,1.5458476668476568,0.1150096553930837,0.4609264954151616,0.915105702987533,0.0519570971842193,0.3030602256957927,0.0752434346414871,-0.0005887774968739,0.0101920760245669,0.2151077013868397,0.0057584072304975,0.0334631364432718,0.2903511360283269,0.0051696297336235,0.0261206854277745,49.666666666666664,18.0,1
11400930,5.0,0.0679536679536679,0.0659550306609133,0.205607476635514,-0.0108791287207082,0.2564684377142181,0.3194562446898895,0.0011515839619765,0.0113286947641662,0.5454545454545454,0.0033449225760001,0.0532401968059866,0.092608326253186,0.0083980923124479,0.8648857234665328,0.0246389124893797,0.00403735831983,0.6990237412240518,0.0,0.0,,0.8805970149253731,-0.0040264190948864,0.2152887247322559,0.1035996488147497,0.0035735445402925,0.2031084390993957,0.015803336259877,0.0004528745545938,0.2307937891230703,0.0050718512256973,-0.0015058492732833,0.4361946401069556,0.0,0.0,,0.1562988735402528,-0.0527105114896817,0.4787958569143321,0.1128575736452638,-0.0374409717212239,0.4716453959293996,0.0,0.0,,0.0,0.0,,0.0,0.0,,0.0,0.0,,0.0,0.0,,0.0760777683854607,-0.0014746489731168,0.0166347302167727,0.1521555367709214,0.0056003884777821,0.0563419242360827,0.2282333051563821,0.0041257395046652,0.0234342201724004,1.0,0.0,0
11400931,6.0,0.1521235521235521,0.0757413810488785,0.1939492166396542,-0.0050912387429876,0.0902748540756144,0.2668827660723933,-0.007128016600822,0.1871783447151102,0.4602917341977309,-0.0076293905988957,0.2417805684059396,0.1334413830361966,0.0133189448793008,0.8502971337634604,0.0540248514316585,0.0044984104205918,0.8068302124718892,0.0,0.0,,0.7470881863560732,0.0004963057371839,0.0033386656389928,0.2229617304492512,-0.0004477887259583,0.0036448695637393,0.0299500831946755,-4.851701122567361e-05,0.0009387433101372,0.0253096392030156,-0.0023455768297262,0.5126469542623036,0.1063829787234042,-0.0398032726604155,0.6117383432833265,0.7799653264864117,-0.0927565734847461,0.6810868288917806,0.5631838047253916,-0.0652699525841771,0.6408212438127197,0.2265431923415618,-0.0951969149261782,0.6531574769876416,0.1952013588226722,-0.0728244877331265,0.6100593215915997,0.0032310177705977,-0.0004850090258199,0.1203207119145292,0.995700416791164,-0.1426672629817191,0.1112780172659706,0.5894313840966928,-0.0926000713959589,0.1267173827703128,0.0872374798061389,0.0012389502916158,0.0249570137317887,0.1809369951534733,0.0067408789899161,0.098875694930437,0.2681744749596123,0.0079798292815319,0.1145731161871811,7.833333333333333,0.8333333333333334,1
11401032,4.0,0.0185328185328185,0.001158301158301,0.2451317296678121,-0.0028487237782175,0.0214987008822316,0.3298969072164948,-0.0095162534201211,0.2920368933684196,0.5698739977090492,0.004431687624469,0.065903699694897,0.0910652920962199,0.0083310897963795,0.8258862526955588,0.0343642611683848,0.0046211695565717,0.7408164685911055,0.0034364261168384,0.0009166698165822,0.3979306540709367,0.8231089934484812,0.0073810756376512,0.7006648048087231,0.1590232281119714,-0.0064739445535027,0.621316440823265,0.0178677784395473,-0.0009071310841485,0.1091570391039089,0.0326460481099656,-0.0056418450853222,0.4949464497517736,0.5263157894736842,0.0173481173481173,0.1097589639413789,1.0060509108145084,-0.2044668928310472,0.5838020855950354,0.7264317533861956,-0.145072164451643,0.560111770296504,1.1207926357950952,0.0106961661799163,0.0102993651598508,0.965733038385852,0.0327906376887734,0.1176694908834585,0.0022909507445589,0.0008182008632745,0.3155415602639357,0.7060006391680761,0.2527806328894611,0.3133203701223923,0.4179358840273229,0.150033815095312,0.3148346639446477,0.0927835051546391,0.0004820156089225,0.0024055709355277,0.140893470790378,0.0018413328628476,0.0092768660367468,0.2336769759450171,0.0023233484717701,0.0106769606630497,9.5,5.0,1
11401033,5.0,0.3884169884169884,0.6036264011547223,0.1883432271991365,-0.0218872964638893,0.8191091364346923,0.2914193200215866,-0.0184089447483821,0.6042486476597593,0.5418240690771722,-0.0144897080389573,0.7049061045045022,0.0922827846735024,-0.0015698883379188,0.1237726197424191,0.0356179168915272,0.0065426252517607,0.8672933340070323,0.0032379924446842,0.0002513992792884,0.0844338541515974,0.8140703517587939,0.0042239403798776,0.1513278786822846,0.1675041876046901,-0.0045035494712421,0.2030304560153678,0.0184254606365159,0.0002796090913644,0.029880806781904,0.0242849433351322,0.0009392618486585,0.2020803528953844,0.5555555555555556,-0.0103818103818103,0.0336304858827013,0.7483873478067422,0.0154404904776926,0.0515730485247988,0.5403825268038873,0.0120892271642696,0.0678093753821358,1.1830588933392674,-0.0536169306741927,0.1598567872810097,1.0193848738517326,-0.0180906894603611,0.0295413216818301,0.0075553157042633,0.0015825761034267,0.2613524762297735,2.3283161931765317,0.5390812935682506,0.3058452460064799,1.3783087896875177,0.2896520325431887,0.2417206664964846,0.0679978413383702,-0.0006320301545769,0.006216698346086,0.1716135995682677,0.0039628379335483,0.0433602866155048,0.2396114409066379,0.0033308077789714,0.024195932879744,7.5,4.166666666666667,1
11401034,5.0,0.1837837837837838,0.2430030030030027,0.2588235294117647,0.0276542270317988,0.4690294768766609,0.2988235294117647,0.0135875790962742,0.2385894253408207,0.528235294117647,-0.0140150243395904,0.3189229437231694,0.0505882352941176,-0.0047329208411156,0.9092146832957853,0.0152941176470588,-0.002099414678695,0.491400359708538,0.0,0.0,,0.8353808353808354,0.0035178647515426,0.1614618363740201,0.1351351351351351,-0.0097221462435206,0.4826885361080013,0.0294840294840294,0.006204281491978,0.8075398504982153,0.0776470588235294,0.0050213308664408,0.5694466863340635,0.3636363636363636,0.0183222183222183,0.6510402637027621,2.392843813387424,0.1155919754795282,0.3964010272101769,1.7277830657009627,0.0860338069684701,0.4327091336044264,0.7743658210947931,0.0220572826948671,0.348493469820453,0.6672337356120432,0.0341780649406457,0.6470374095854452,0.0,0.0,,0.0,0.0,,0.0,0.0,,0.0705882352941176,0.0017642555798629,0.0205912246799571,0.1129411764705882,0.0008742761216526,0.0014242510467333,0.1835294117647058,0.0026385317015155,0.0105401911869451,11.0,4.0,1
11401135,4.0,0.2764478764478765,0.3585809411896368,0.2743935309973045,-0.0194370082183229,0.5696957950022696,0.3983827493261455,-0.0147663666371362,0.4418750853176758,0.6706199460916442,0.0150479086468455,0.7961527853939119,0.0598382749326145,0.0007585909941953,0.0447794510446641,0.0161725067385444,0.003292121444943,0.7476131461927473,0.0,0.0,,0.8691218130311614,0.0197937242509031,0.9173003634167802,0.1138810198300283,-0.0194733896518249,0.923732116677209,0.0169971671388102,-0.0003203345990782,0.0765779752640835,0.0376141859215475,8.478871844568873e-05,0.0009026507541936,0.6285714285714286,-0.0128407628407628,0.0214958009595431,1.1591536555497348,-0.0204397706205968,0.0501787730285953,0.836981521902588,-0.013229465812923,0.0380847492387211,1.3385466336067138,-0.0632653251664653,0.0928921652711074,1.1533611715579604,-0.0226391290681736,0.0190964764408625,0.0,0.0,,0.0,0.0,,0.0,0.0,,0.0902740462117141,-0.0021259960573757,0.0226372737057612,0.1289629231595916,0.0019103901125359,0.0138193199822557,0.2192369693713057,-0.0002156059448397,9.17923700948231e-05,11.666666666666666,7.333333333333333,1
11401136,5.0,-0.3081081081081082,0.3171155678464361,0.2275950999355254,0.0044545553727972,0.078886303265021,0.31785944551902,0.0046409958841896,0.0556325637076756,0.5261121856866537,0.0143520732952301,0.3021799519226318,0.1231463571889103,0.0164588836582783,0.771826360182758,0.0477111540941328,0.0026799412631456,0.4780767917401382,0.0038684719535783,5.854908494973698e-05,0.154081079477965,0.8467688207861426,0.0027956891153874,0.2802678484022523,0.123251165889407,-0.0043068829595926,0.4993041327638507,0.0299800133244503,0.0015111938442051,0.4970703121599171,0.0089916506101477,-0.0005996654070809,0.2927070662733634,0.0,0.0,,0.2770950485520946,-0.0252689740192214,0.3813176649403221,0.200079975884485,-0.0176929161180241,0.3799298655979498,0.0,0.0,,0.0,0.0,,0.0038535645472061,0.0017773790722707,0.743741269004911,1.1875502080804057,0.5612670429634772,0.7575479708271529,0.7030019783349766,0.3274383313532788,0.7232725937934781,0.1001926782273603,0.0003451201779793,0.0014612336126901,0.1926782273603083,0.0054493786382007,0.0405888245998218,0.2928709055876686,0.0057944988161801,0.0415050244879675,2.3333333333333335,0.0,0
11401137,5.0,-0.2563706563706563,0.1412307376909144,0.2320947765212708,0.0094160075796326,0.3200130600101577,0.325255788906839,0.014755806141801,0.5297491051981151,0.5271943995691977,0.0230334188300384,0.4699561187884739,0.1012385568120624,4.138435375081066e-05,0.0001033042562488,0.0134625740441572,-0.002191367681008,0.4531071269010509,0.0,0.0,,0.7939866369710468,-0.0023495654345873,0.0542136463546988,0.1854120267260579,-0.000603927833063,0.0041950859225191,0.0206013363028953,0.0029534932676504,0.861821737504048,0.0506192784060312,-0.0008461947933848,0.07925635132175,0.2765957446808511,0.0012428214529054,0.0018226148054648,1.5599306529728234,-0.0598756772444665,0.3323787316990253,1.1263676094507833,-0.0405206990909902,0.307579022347926,0.5890123000880607,-0.0123543603716611,0.0356690328871737,0.5075235329389478,0.0028448659385079,0.0027648416399436,0.0043080236941303,0.0002660748992418,0.0872122064052514,1.3276005557215518,0.0972425896974355,0.1387489731031795,0.7859085121289238,0.0463702882234237,0.0865887830585628,0.0969305331179321,0.0023348133597703,0.0810910760704421,0.1809369951534733,0.0044609501087,0.0333021140522281,0.2778675282714055,0.0067957634684703,0.0565561058571975,15.666666666666666,4.333333333333333,1
11501238,6.0,-0.0355212355212355,0.0111407511407511,0.1715782580222658,-0.0150820663825292,0.6336913269948103,0.2793058284217419,-0.008766660090437,0.5064327806138893,0.4937786509495743,0.0032544698582587,0.1314012648177212,0.1175507531106745,0.0025622956957036,0.2709866860488193,0.0301244269810085,-0.0009645991983418,0.2306120830789441,0.005893909626719,-0.0001233318365887,0.0902098989086397,0.6713695801789401,0.0144894033659804,0.6837761344446333,0.2419132828630419,-0.0127567957675472,0.7789766447695111,0.0867171369580178,-0.0017326075984331,0.0766601580926639,0.0176817288801571,0.0002352143073322,0.1001212099805021,0.7777777777777778,0.0116044616044616,0.2116845090931883,0.5448965640416084,-0.0034312598699567,0.0154995692859494,0.3934494389656594,-0.0016899238624764,0.0096476995138115,1.6562824506749745,-0.0148403165714001,0.0702164177213919,1.4271388233924258,0.0225002464021224,0.2162758471276636,0.0111329404060248,-0.000942640605312,0.416677222824765,3.4308302180397567,-0.2277745312419387,0.3810617317450754,2.0309713342663716,-0.1811027295225073,0.4420344361772271,0.0609037328094302,-0.001566006109523,0.025350217706008,0.1001964636542239,0.00086429781402,0.0036580855623356,0.1611001964636542,-0.000701708295503,0.0014600867417583,9.0,7.0,1
11501339,6.0,-0.3027027027027027,0.2996450996450998,0.1970046082949308,5.152832586319554e-05,3.106328333590813e-05,0.2828341013824885,-0.0001764415237853,0.0001922631147691,0.4812788018433179,0.0082550217301447,0.2609300926859044,0.1177995391705069,0.0058509639901075,0.6813164312857676,0.0221774193548387,-0.0026294277967609,0.8674860936062563,0.0034562211981566,-1.7312003942042777e-05,0.045541619923116,0.7722122838401908,0.0164175938581093,0.616116075758231,0.195587358378056,-0.0141984840821979,0.6133642381857648,0.0322003577817531,-0.0022191097759113,0.5437416658775714,0.0215269804822043,0.0006241489273561,0.1098055846290585,0.6,-0.0565891765891766,0.668025566581991,0.6633954054180509,0.006914620098142,0.0178851256050233,0.4790130224682373,0.0058452564755173,0.0230935204251284,1.2777036048064083,-0.1603241577924511,0.7823310622574126,1.1009356637598713,-0.1026088165578766,0.6519080544872811,0.0028702640642939,-0.0007097794090423,0.3965801362690794,0.8845272072240679,-0.1901489421676778,0.2893986808051311,0.5236194413832561,-0.1314972681469651,0.3692122989414346,0.0723306544202066,-0.00017145270334,0.0003858512314388,0.1412169919632606,0.0026217742244576,0.0197853450959643,0.2135476463834673,0.0024503215211175,0.0117623014503457,12.5,7.5,1
11501340,7.0,-0.2393822393822393,0.3590733590733591,0.1753741139406668,0.0050866640258281,0.3212611065847274,0.2428458913100551,0.0027904687209654,0.0873284233442976,0.4211079023365713,0.0026706612162624,0.0442890120828993,0.1803622998162247,0.0067944225360569,0.7907274545141721,0.0514570753478603,-0.0004554647042723,0.0265998817080828,0.0031504331845628,-3.0089155030021497e-05,0.1186329300135787,0.7456599614218793,0.0039156785355187,0.1496111062319995,0.2212730779829154,-0.0012957056737541,0.0254612691393671,0.0330669605952052,-0.0026199728617646,0.5734562142633346,0.019921363040629,-0.0003277157133388,0.1086301204141099,0.631578947368421,-0.0015613729899444,0.003977315199114,0.6139152084865467,-0.0232065745716207,0.438780319552107,0.4432852219876968,-0.0157783671835333,0.3806577335720893,1.3449511629541142,-0.0366167071171201,0.2777194372910604,1.1588796460630224,-0.0019901851527841,0.0018560122597478,0.0094364351245085,-0.0005720592661117,0.3432173754486253,2.9080194086204845,-0.1213587711667852,0.2234564047796163,1.7214795495688997,-0.1105374203511228,0.3633591084558927,0.0754914809960681,0.0001120473689744,0.0002817261966917,0.1368283093053735,0.002905349653217,0.0209506640895732,0.2123197903014416,0.0030173970221914,0.0170878950260613,12.666666666666666,8.0,1
11501341,6.0,-0.7343629343629343,0.7903196724773489,0.223479058391929,0.0335680534422115,0.8874767235213525,0.2950168144298379,0.029069518976178,0.9294123692973496,0.4619382451849587,0.0287143149510286,0.9220271700761252,0.1632528278813818,0.0052217138605536,0.59473378555712,0.0400489147049831,0.0009283575163572,0.1378899967298944,0.0036686028737389,-0.0002000740672982,0.9008433538541324,0.7302100161550888,0.0092707730308196,0.6525632357737392,0.2310177705977383,-0.0104577120031345,0.6809349630282233,0.0387722132471728,0.0011869389723149,0.401705011876548,0.0207887496178538,-0.0006582273673929,0.0372164790977539,0.6470588235294118,-0.030564776279062,0.3073386595508459,0.6406453980980383,-0.034561856473195,0.1014260239144148,0.4625860926485072,-0.0238637345979098,0.0906741361759347,1.3779156522422054,-0.1024277569939396,0.5248367572193973,1.187283558956724,-0.0550700690335475,0.3122570338346994,0.0036686028737389,-0.0002000740672982,0.9008433538541324,1.13055070252595,-0.0396534009410462,0.5396465875153009,0.6692596027316163,-0.0387448637162453,0.8738697808650034,0.0935493732803424,0.0007912522642898,0.0064444005011957,0.1063894833384286,0.0009421743794344,0.0060396834639883,0.199938856618771,0.0017334266437242,0.0120507396359049,11.333333333333334,7.333333333333333,1
12100101,5.0,0.0,,0.2119432207537934,-0.0054744504470801,0.2175175170750654,0.3137542829172785,-0.0050295862332065,0.1737981759197575,0.5455212922173275,-0.0043974800011411,0.1648595212728599,0.0917767988252569,0.0025460612828013,0.4494377345589709,0.0313264806656877,-0.001496367616592,0.458173277749454,0.0105237395986294,-0.0005533993969192,0.7192915132141304,0.7594871794871795,0.0145398658406526,0.9446476010215904,0.2166666666666666,-0.0139392614564658,0.9457337959159062,0.0238461538461538,-0.0006006043841867,0.4138790073617643,0.0757575757575757,0.0041756322105248,0.72453192986423,0.3612903225806451,-0.0248361176788685,0.5952562906772829,1.8185938886775708,0.0328830983861372,0.1868405257182859,1.6857387578579182,0.0674980036795792,0.5241169805027662,0.7370754340313631,-0.0427166223260246,0.6129520227262755,0.6629290018339009,-0.044992488988641,0.6192668013617719,0.0,0.0,,0.0,0.0,,0.0,0.0,,0.1158357771260997,0.0008296085264507,0.0084734408298174,0.1510263929618768,0.0034807538555753,0.0476964241751652,0.2668621700879765,0.0043103623820261,0.0521988352228072,51.666666666666664,18.666666666666668,1
12100102,4.0,-0.2316602316602316,0.2895752895752894,0.2244355909694555,-0.0068369084891959,0.0775002893182502,0.3593625498007968,0.0107922880040165,0.3999273430289546,0.5766268260292164,0.0143214507582507,0.5728342141997198,0.096945551128818,-0.0030395403090219,0.4550160366808421,0.0342629482071713,-0.0020728607050934,0.669103712360813,0.0159362549800796,-0.0020003162313256,0.9124696144357408,0.75007004763239,0.0159839717996125,0.7197338473927384,0.2129448024656766,-0.011994681949552,0.6776604537230446,0.0369851499019333,-0.0039892898500605,0.7180249513960107,0.0469780944840327,0.0051471899495315,0.844249784592797,0.3314606741573033,0.0222001053069309,0.5220110167794674,1.1277297970010085,0.0892536819120794,0.7547370118402382,1.0453448892749972,0.1018615730728706,0.8299078682731393,0.6762193864583483,0.0502923517971471,0.6364800552762041,0.6081947955227753,0.0412714798682268,0.5338909583397344,0.004750593824228,0.0003402348783879,0.2357496255049063,1.2677014859415567,0.1010813951964635,0.3079129754662179,0.8666461443131898,0.0602099031584873,0.2531681219268017,0.1203483768804433,-0.0017290268119474,0.023464726074211,0.1488519398258115,0.0030139126602003,0.0260455103393635,0.2692003167062549,0.0012848858482529,0.0029236096727704,29.666666666666668,9.833333333333334,1
12100103,5.0,-0.1891891891891891,0.1902244241505529,0.2053685556028973,-0.0186006334873427,0.4772200782465287,0.3020877716233489,-0.0155477291771553,0.3896871244779329,0.5602897315722198,0.0112082581836758,0.3806907472996342,0.115892628887942,0.0104901578871466,0.852692215637904,0.0285470813804857,0.0006220050448557,0.1355388161125271,0.0132083510864933,-0.0007304796731396,0.5338552629722908,0.7687224669603524,0.0098769689168949,0.5765016147694563,0.2167400881057268,-0.0103815697757304,0.6389114892233828,0.0145374449339207,0.0005046008588355,0.2250806402413889,0.0532594801874733,-0.0006651139707851,0.0465883021808132,0.504,0.0094387777094544,0.0633527303546774,1.2785172204166986,-0.0727300641285682,0.531245020124713,1.1851167236751448,-0.0373678824658891,0.2816352385928697,1.0282202304737516,0.0282046769405859,0.1492631046564734,0.9247859575582918,0.0182955755646838,0.0684121546866023,0.0025564550489987,0.0010735521461837,0.6501390395990427,0.682193002447459,0.2903129404450741,0.6487460664931644,0.4663715723338554,0.1972890006830278,0.6260909219804653,0.1457179377929271,0.0025402899279221,0.0698666753878534,0.1891776736259054,0.0036854012633378,0.021935904193621,0.3348956114188325,0.00622569119126,0.0425089827395968,20.833333333333332,10.5,1
12100204,6.0,-0.2193050193050193,0.2335598455598456,0.193392425463336,-0.0039687854777312,0.0590943934066952,0.2728982003760408,0.0008672921480703,0.0040260023615656,0.4746172441579371,0.0144003053638773,0.6074851402242274,0.177276390008058,0.0062971721452946,0.4550651344407185,0.067150147730325,0.0001904121053499,0.0031399087282283,0.0327692720923986,0.0002733494634499,0.0167569362599842,0.6690042075736325,0.0238327105518918,0.8919242061981599,0.2698457223001402,-0.0192591067480498,0.8337945348325856,0.0611500701262272,-0.004573603803842,0.8684666429063479,0.0513506285102968,0.0011926555933297,0.3015081780514327,0.3645833333333333,0.0296267655993915,0.6254187916657344,1.232694397289231,-0.0213132084794271,0.1511062082457525,1.1426414303062604,0.0073277804553368,0.0242523759269819,0.7437935694977948,0.0655506234881799,0.6711312751768939,0.6689713234651995,0.0550164921460481,0.6179735183219428,0.0080235357047338,-0.0003785951984065,0.1965012178740384,2.1410898325009176,-0.0753499285962799,0.1320186288582171,1.4637257024171684,-0.0743484606830413,0.2244222355158976,0.1171436212891147,0.0002570796690532,0.0005970168638446,0.1572612998127841,0.0043705378709087,0.0680008188516846,0.2744049211018989,0.0046276175399619,0.0432258333246321,32.0,11.666666666666666,1
12100205,6.0,0.4864864864864865,0.7297297297297298,0.157297508803965,-0.0239618998064753,0.8931465169216274,0.2484674579366114,-0.0252858270548098,0.8027191254710202,0.4943263336376679,-0.0095278251720079,0.5888098186998618,0.1439937394026346,0.0019843840044568,0.2132811772575279,0.0659971305595408,-0.0006826168795028,0.0841882963041213,0.0307812703795487,-0.0013125687467873,0.3884592647685142,0.6242219215155616,0.0209013215654678,0.7926224648400935,0.2875507442489851,-0.0175860795384871,0.7982453070555426,0.0882273342354533,-0.0033152420269806,0.6411918831017831,0.0274575832146095,0.0011169824242185,0.4492816263592866,0.5424528301886793,0.0105559692478985,0.216230873602625,0.6591313480216701,0.00120624913106,0.0016844553474092,0.6109793213300865,0.0150891172768289,0.2127586004011262,1.1066685993606005,0.0306831027688682,0.4458561564682499,0.995342777770324,0.0202214540332385,0.2506179324211441,0.0028493718430255,8.784859953605714e-05,0.0675337535408374,0.7603581895344319,0.030790581226964,0.1279789334425782,0.5198080940699885,0.014592037239658,0.0656023407626318,0.0854811552907654,-0.0010386477503264,0.0225978510757089,0.1282217329361481,0.0025529853025856,0.0545618517068738,0.2137028882269136,0.0015143375522592,0.0090048802122389,35.333333333333336,19.166666666666668,1
12100206,6.0,0.2386100386100386,0.1876094196704884,0.1978740801308258,0.0030256345933833,0.0438146628548458,0.2747342600163532,-0.0030468311008274,0.0343649308263629,0.4955028618152085,-0.0094914281727896,0.4046581769298887,0.1316434995911692,0.009875061822375,0.6216887201198364,0.0417007358953393,0.0035734923412239,0.548438572697096,0.0098119378577269,-8.127603222051522e-06,0.0005328723834485,0.7923728813559322,0.0200502851192456,0.6599306321513309,0.1864406779661017,-0.0219934860960867,0.7573723124115052,0.0211864406779661,0.0019432009768411,0.3014173584298987,0.0212591986917416,-0.0028725052151457,0.4299520076032777,0.9230769230769232,0.1485714285714285,0.5591448773783305,0.5103364044105824,-0.0978705979838191,0.5750643553564205,0.4730544085828597,-0.0760506051709741,0.5208846402554405,1.8831872352999115,0.3130733804664935,0.5745650392181598,1.693747175015187,0.274450097642772,0.5564473071623699,0.0,0.0,,0.0,0.0,,0.0,0.0,,0.1618969746524938,0.0029778469410766,0.0586678411589561,0.1717089125102207,0.0064983658767283,0.1241740647136951,0.3336058871627146,0.0094762128178049,0.1533660695938442,4.333333333333333,4.0,0
12200307,8.0,-0.5351351351351352,0.5690772102025295,0.1367335865436788,0.0030329135981577,0.0458695787075514,0.2116115029842648,0.0002840507511729,0.0006085565400757,0.4085729788388497,0.0117141657231257,0.3866965774562457,0.1991318502441671,0.0006969929215839,0.024808080010253,0.1003798155181768,0.0014906823256244,0.0776374328497075,0.0358111774281063,0.0017559609408164,0.444050944069407,0.5200678349349915,0.0124363767886387,0.5226050497648513,0.3448275862068966,-0.0059095839036222,0.235478468837175,0.1351045788581119,-0.0065267928850165,0.7443478616296919,0.0005408328826392,-0.0021654909588853,0.6186871610858189,1.0,0.1306451612903225,0.3375000000000002,0.01298293095216,-0.0592599504454144,0.674547084559147,0.0120344789636152,-0.0511298670844083,0.6333128918772617,2.0401195049082372,0.2742953842936169,0.3622473386159521,1.8348927729331188,0.2441968797078937,0.3430499395782581,0.0005408328826392,-0.0008704757187921,0.4411223524272751,0.1443218836077326,-0.2216121670536583,0.3982122860343966,0.0986636091822209,-0.1599159126072714,0.4244133836357088,0.0616549486208761,-0.000318084964396,0.0007103244587073,0.1135749053542455,0.0013639912647926,0.0139621078442633,0.1752298539751216,0.0010459063003965,0.0046779262667325,0.1666666666666666,0.1666666666666666,0
12200308,5.0,0.4138996138996139,0.5797478912461491,0.1949044585987261,-0.0362800174797507,0.797579866404559,0.3,-0.0334092347434511,0.7976009831516894,0.5630573248407643,-0.0112939745085237,0.336996921759684,0.0929936305732484,0.0031056605602249,0.4281795278991376,0.0420382165605095,0.0012404713658378,0.3245196559877297,0.019108280254777,0.0001890718381088,0.271473100542534,0.759344262295082,0.0128439045738525,0.7657219923533548,0.1934426229508196,-0.0095145030470777,0.6662038792583284,0.0472131147540983,-0.0033294015267748,0.6723943747279062,0.0484076433121019,0.0051461518666032,0.5864165250566324,0.3947368421052631,-0.0196236196236196,0.2346952097868934,1.1620467446632732,0.0872944697446206,0.3874157931254934,1.0771548547025882,0.100937123121497,0.505671316343412,0.8053103308848305,-0.0325947708170894,0.1383014409988922,0.724299778789389,-0.0353714525434787,0.2163517348152094,0.0076433121019108,7.562873524352741e-05,0.2714731005425422,2.039626721967116,0.0437926876155276,0.6343048008967502,1.3943618856911577,0.0103487815567625,0.1360079326984202,0.1375796178343949,0.0015462495642291,0.0202285703204967,0.1643312101910828,0.0028521665694215,0.0277212324520429,0.3019108280254777,0.0043984161336507,0.0386737010175048,12.666666666666666,5.0,1
12200309,5.0,-0.054054054054054,0.0094910964476182,0.2177692960135708,-0.0116449246954411,0.6364867999432094,0.3146734520780322,-0.0160878738342826,0.8828772514004276,0.5625530110262935,0.0049060846061678,0.3970481942369464,0.095843935538592,-0.0013037009923853,0.1893272820297621,0.0368956743002544,-0.0015269825578334,0.5922700650065222,0.0199321458863443,-0.000890166559308,0.2918945875543299,0.6940919037199125,7.938377469513807e-05,6.357112691501854e-05,0.2595185995623632,-9.724992136948082e-05,0.000149206604484,0.0463894967177242,1.7866146674337255e-05,5.503994889377584e-05,0.1052520118593816,0.0059349567532537,0.7552535204394174,0.3118712273641851,-0.0120622617424984,0.2431779613955467,2.526620785108076,0.0491606360078641,0.289234689352857,2.342041623687227,0.096468527422686,0.6166088542768953,0.6362545739653457,-0.0179574214894106,0.2118832742119832,0.5722502611763247,-0.0215195073622814,0.2364418616728312,0.0038119440914866,-0.0001701473713607,0.6686838407685824,1.0172217133063444,-0.032965199284531,0.6967510944026682,0.6954091996617272,-0.0333818161157147,0.7957694656640529,0.1003811944091486,-0.0017537642791254,0.0310764258185786,0.1664548919949174,0.0019119676151351,0.0159623209907193,0.2668360864040661,0.0001582033360096,6.0137765242052055e-05,82.83333333333333,25.833333333333332,1
12200310,4.0,0.027027027027027,0.0022684555058655,0.2240143369175627,-0.0038514722085861,0.0589768760490795,0.3412186379928315,-0.0050807101532593,0.2953868460353467,0.5634408602150538,0.0051126644868025,0.1580277314385282,0.0856630824372759,0.0031890773819555,0.7247699865274415,0.021505376344086,0.0004337671885528,0.2320141272496554,0.0064516129032258,0.0006888158812834,0.5113939854024641,0.7562962962962962,0.0153657678358143,0.8208876619542353,0.2062962962962962,-0.0185457267659837,0.8989904052366264,0.0374074074074074,0.0031799589301693,0.6534878642011891,0.0493562231759656,0.0020757660484946,0.4390856124261041,0.4347826086956521,-0.0512972590494656,0.736525793343617,1.18481782103543,0.0036737422744854,0.0036607478610316,1.0982624182095793,0.0285140851757538,0.1991054152411527,0.8870084803948858,-0.0945489336949557,0.6808196427997124,0.7977794664926603,-0.0934787997807284,0.7390227200058068,0.0042918454935622,-8.500752799887552e-05,0.2002456809809457,1.1452839604750973,-0.0090833322372449,0.0716431502375637,0.7829571389610577,-0.0177897045320477,0.4892769395111485,0.1008583690987124,-0.0026900788070101,0.0707018852291082,0.1502145922746781,0.0026872239352308,0.0255005510161747,0.2510729613733906,-2.85487177936626e-06,1.662084470055447e-08,23.0,10.0,1
12200411,7.0,0.5513513513513514,0.76291640477687,0.123574144486692,0.0094301966885504,0.056644092813615,0.2034220532319391,0.0124082025006836,0.2149014626794214,0.3992395437262357,-0.016592847174596,0.4490848041480182,0.2167300380228136,0.0274113816757522,0.7180018452146025,0.0570342205323193,0.0061136298886568,0.482676275451199,0.0114068441064638,0.0004981852147044,0.2635282326305735,0.4970414201183432,0.039793031164465,0.8957057970881451,0.3964497041420118,-0.0411403876346231,0.8871560763507444,0.1065088757396449,0.0013473564701581,0.0105333737528119,0.0456273764258555,-1.886523442094786e-05,1.2224542589089891e-05,1.0,0.0,,1.095305216602765,-0.047402394087052,0.1076164291707304,1.0152890465577726,-0.0188712189139804,0.0233086388830736,2.0401195049082372,0.0175016900431881,0.2062719323175091,1.8348927729331188,0.0015567617892158,0.0457120070161994,0.0,0.0,,0.0,0.0,,0.0,0.0,,0.0798479087452471,-0.0015457669221787,0.0111067330349455,0.0798479087452471,0.0054433735095212,0.0289986060892735,0.1596958174904943,0.0038976065873425,0.0123709294469183,4.0,4.0,0
12200412,9.0,0.5227799227799228,0.723766886957071,0.0954469237714433,0.0024943415844742,0.068475783252817,0.1278214884560815,-0.0114617136450703,0.4916323304212842,0.2490648781116987,-0.0201337006326826,0.9454604764127478,0.1501354314458919,0.0066768319609261,0.9103496963645494,0.0500451438152973,0.0017054347181686,0.6340887117513152,0.0131561976009286,-0.0015966628219596,0.8391292688446342,0.4180250572544793,0.0043015018249749,0.3104895067503439,0.5105752391216489,-0.0027219617958721,0.1902730094420034,0.0713997036238717,-0.0015795400291028,0.3872605664193138,0.0189311010946555,0.0010628017280351,0.5286057161744839,0.5170068027210885,-0.0179792931594173,0.2455269396051885,0.4544493987881465,0.0085447516946322,0.1003039815390348,0.4212501591432716,0.0172586547978082,0.3487461114635809,1.0547556624015375,-0.0265215392691543,0.1565100768377798,0.948652045870184,-0.0322601783061285,0.2536530237818174,0.0055376690276883,-0.0002846077809776,0.4785195185003169,1.477733419188667,-0.0557273106198087,0.2566677993056109,1.010231497134686,-0.0548505310067508,0.3829343976766576,0.0525434642627173,0.0009065757185679,0.0070849372033023,0.0618158403090792,0.0008050791938977,0.0083596894692958,0.1143593045717965,0.0017116549124657,0.0120434601726776,24.5,12.666666666666666,1
12200413,5.0,-0.2571428571428571,0.3438898450946646,0.2355507088331515,0.0172775356301493,0.4453415093807,0.3064340239912759,0.0034901581581709,0.0284398174388821,0.52453653217012,0.0141204948385575,0.4275478502017767,0.1145038167938931,0.0032242243641076,0.1840110608748555,0.0441657579062159,0.0003027880582269,0.0109345066770515,0.0130861504907306,-0.0016677809269813,0.6334638386526861,0.8164305949008499,0.0207973675923983,0.8749562540179314,0.1665722379603399,-0.0168713550875579,0.7995556708800103,0.0169971671388102,-0.0039260125048403,0.7225152204189861,0.0261723009814612,0.0009397634195038,0.1431249815736651,0.5,-0.0039713182570325,0.0056408015074052,0.6282775833512043,-0.0018627520191594,0.0009454290128858,0.5823795403373919,0.0115321170260616,0.0468356444021348,1.0200597524541186,0.0004016339840059,1.238005658299457e-05,0.9174463864665594,-0.006575844405262,0.0044749701504489,0.0,0.0,,0.0,0.0,,0.0,0.0,,0.1243184296619411,0.0015915213808196,0.0219704431574314,0.1603053435114503,0.0042162735472316,0.0519299956714087,0.2846237731733915,0.0058077949280512,0.0585983506818769,8.0,4.0,1
12200414,5.0,-0.4108108108108108,0.3182786670165308,0.2261538461538461,-0.003522848306902,0.007680817155178,0.3538461538461538,0.0128843477939271,0.2760014450689968,0.5292307692307693,0.0134082599626939,0.3576425203652202,0.0584615384615384,-0.0051260404259443,0.5043199412981646,0.0369230769230769,-0.0034002440872856,0.4609880878477128,0.0092307692307692,-0.0013339083411117,0.8102630407492168,0.6574225122349103,-0.0021851645729946,0.0453560723132494,0.2740619902120718,-0.0096187820010522,0.4427921550505623,0.0685154975530179,0.0118039465740469,0.7883040304199025,0.083076923076923,-0.0119055133229241,0.548500681625405,0.4444444444444444,-0.0471900471900472,0.8848133848133848,1.994298036691342,-0.4023429138169307,0.6779431342800483,1.8486070563094217,-0.3126821836927033,0.6244009287990787,0.9067197799592166,-0.086153521525671,0.8149465998610668,0.8155078990813861,-0.0859025530583415,0.8853468012968349,0.0,0.0,,0.0,0.0,,0.0,0.0,,0.1384615384615384,-0.0028084371081534,0.0134769146248179,0.083076923076923,0.0022838479616168,0.0221153544696869,0.2215384615384615,-0.0005245891465365,0.0003270380778623,9.0,4.0,1
12200515,7.5,0.1065637065637065,0.0368874368874369,0.1408450704225352,-0.0143002797437215,0.6619930422318553,0.2038446897601827,-0.0203545291547201,0.9218701736499466,0.4092120289303388,-0.0059642921704551,0.5367461138710197,0.1716787209744956,0.0085529837818406,0.9767713258608238,0.053768557289684,0.0041166453015051,0.7753458882481885,0.0172249714503235,0.0007839251631815,0.5468511703551194,0.5311599244607892,0.012357134888372,0.8225911111055697,0.372925156545075,-0.0155710190789566,0.9115733599095954,0.0959149189941357,0.0032138841905845,0.6740659862628712,0.0728564661297963,0.0018957756041559,0.5969487394124617,0.5123537061118335,-0.022853952394601,0.6702662173611006,1.748951477516654,-0.0260149538555362,0.2906705739520768,1.621183987045396,0.0147680538482284,0.0890857098815802,1.0452627892507744,-0.0364161206136691,0.4292293077646401,0.9401141125301024,-0.0410762393804033,0.6230626962215238,0.001989578398863,-0.000426005555807,0.8132272002533621,0.5309213091998722,-0.1051928736977625,0.75806010537505,0.3629568243426295,-0.0797529884510099,0.7753892931802009,0.0778777830412126,0.0004937726547602,0.0067903710247568,0.0869729985788725,0.0015338071412279,0.0369261826514145,0.1648507816200852,0.0020275797959882,0.0300251104326969,128.16666666666666,65.66666666666667,1
12400616,9.0,-0.0911196911196911,0.0321278592194926,0.1294712286158631,0.0019052908896918,0.0179606541635185,0.2076205287713841,0.0067955394151877,0.1743082525023304,0.3689735614307932,0.0053128480186489,0.1149083436226156,0.2045101088646967,0.0065471531101783,0.576214445882229,0.0859253499222395,0.0032741773201052,0.5819327323952077,0.0349922239502332,0.0011774435478798,0.2986144649984688,0.7219730941704036,0.0126546534030381,0.6450962207705175,0.2657969832857725,-0.0091418783380298,0.5678865973857083,0.0122299225438238,-0.0035127750650083,0.7048467278822568,0.0224458204334365,-0.0016673598200635,0.3907570125336216,0.6724137931034483,0.0425552825552825,0.3348258442039417,0.538821780639144,-0.0682751254919139,0.6107135099721553,0.4994588208266339,-0.0484568289154257,0.514012675091533,1.3718044946796768,0.0961401043560046,0.3795082692471666,1.2338072093860626,0.07891683768107,0.3456739416932244,0.0023219814241486,-0.0004680533222441,0.2962045500059922,0.6196234430124559,-0.1148415996974401,0.2804073348946423,0.4235967802893028,-0.0873867573464632,0.3132609421184856,0.0859133126934984,0.0003280356404226,0.0018329761325345,0.1393188854489164,0.0031462206687598,0.0242303658643519,0.2252321981424148,0.0034742563091825,0.0210656588134584,9.666666666666666,6.5,1
12400617,9.0,0.5498069498069498,0.7489717122370183,0.10024884464984,-0.0194760123373503,0.6795718388747354,0.1461073586917881,-0.033237138061239,0.881690732920778,0.336651261997867,-0.036358681475183,0.9181786170582296,0.1813011020263064,0.0017105126663727,0.2329191216007221,0.0497689299680056,-0.0014805162920916,0.4765001770976192,0.0067543547813722,-0.0019788521026846,0.6755484194830746,0.7039764359351989,-0.0043182249539278,0.3180325169141217,0.2871870397643593,0.0033416297619958,0.2501667360477452,0.0088365243004418,0.0009765951919319,0.3725466016932327,0.0354735721887194,0.00368948081252,0.895602043834228,0.6,0.0362936858735178,0.4619051592980743,0.8515586850139742,0.061207096472074,0.8166409874424039,0.7893491168401744,0.0720280773112161,0.8619019962606536,1.2240717029449424,0.082718130296712,0.5081477840772433,1.1009356637598713,0.0676096826379303,0.4527608050550108,0.0021284143313231,5.316026834192167e-05,0.6613487744886528,0.5679698392139716,0.0205664552806199,0.8497431384656039,0.3882845265227238,0.008824405898879,0.80087159797207,0.0659808442710181,0.00060537480047,0.0113477898499181,0.1191912025540972,0.0018828919562319,0.0202515605093748,0.1851720468251153,0.002488266756702,0.0214736183158393,16.666666666666668,10.0,1
12400618,8.0,0.044015444015444,0.0045150815396755,0.162203519510329,-0.0026779105811713,0.0416152889274731,0.2387146136189747,-0.0078002916887711,0.3509995199350285,0.4223412394797246,-0.0029500812090228,0.0320529054483244,0.1614384085692425,0.0073470053127549,0.6403684894058119,0.0749808722264728,0.0064145125439952,0.9018614886352304,0.0198928844682478,0.002159539926793,0.2845790753382652,0.7367588932806324,0.0129114380918459,0.8080404029128628,0.2205533596837944,-0.0136932205826166,0.8972264483001299,0.0426877470355731,0.0007817824907707,0.0718066063540118,0.0191277735271614,-0.002224505890844,0.6176994795073845,0.96,-0.0089575289575289,0.055664644236072,0.4591706069346582,-0.0785457075790768,0.7699250456714002,0.4256264652586938,-0.0598773667442757,0.7244481910048932,1.958514724711908,-0.0009199633399048,0.0001279797057361,1.761497062015794,-0.0148648690719679,0.043450072194519,0.0045906656465187,-0.0045158340933422,0.8128004470276693,1.2250244657568372,-1.175254465967411,0.8124611166087471,0.8374706046423555,-0.8396199939748448,0.8151972550033169,0.0964039785768936,0.0015087317434223,0.0248498665171403,0.1560826319816373,0.0039573462252782,0.04143442934888,0.252486610558531,0.0054660779687006,0.051708772897191,4.166666666666667,4.0,0
12400619,6.0,-0.2154440154440154,0.2839789620891981,0.1523291397483849,-0.0134418126848922,0.5986804973013115,0.2482148928935736,-0.0046306174017568,0.2160585464893386,0.4563073784427066,-0.0063936816713362,0.2040122681280793,0.1730703842230533,0.0043517190014144,0.4629953890542989,0.0506630397823869,0.004045536572639,0.7085538629327008,0.0156409384563073,-0.0018817146236631,0.815895366060976,0.8205128205128205,0.0057452423654792,0.4227837648622369,0.1626273270108886,-0.0066076022479456,0.4967187815640709,0.0168598524762908,0.0008623598824664,0.5784653509558717,0.0281642348150661,0.0038298467425908,0.8296387572198083,0.6385542168674698,0.0358250501107643,0.5127855445096816,0.6760948301442642,0.0728915971834927,0.7630774358284197,0.6267035572138225,0.0782153548864742,0.815811911626081,1.3027269127727297,0.0826530736973458,0.5897120757092922,1.1716785176560878,0.0668286621855509,0.509275773622916,0.006107906345436,3.960725084038147e-05,0.0102093291839939,1.629901910496287,0.0289428714012406,0.0752437246894076,1.1142593284026725,0.0041933316784029,0.0034599731495723,0.0895826263997285,0.0002009072888988,0.0010025831695867,0.1486257210722769,0.0040591524146526,0.0293660609612694,0.2382083474720054,0.0042600597035514,0.0259570286394048,13.833333333333334,8.833333333333334,1
12400720,9.0,-0.0911196911196911,0.0264396480789916,0.1266137040714995,0.0008919563717837,0.0032231373337975,0.2040714995034756,0.0029194018913324,0.1953643770346438,0.3602284011916584,-0.0067471731778574,0.2807882550442124,0.2306355511420059,0.0182844037543378,0.8252444077202176,0.0878848063555114,0.0020605998688309,0.2588655341427289,0.0243296921549155,-0.0024130607787662,0.7017196998564068,0.6222450025627884,0.0157360914882499,0.7468383410601485,0.3518708354689903,-0.0169932549747064,0.7657365874175518,0.0258841619682214,0.0012571634864564,0.596919261724185,0.0155248891079349,9.513776643268262e-06,0.0001127494857263,0.5396825396825397,-0.018067938067938,0.3102812354459846,0.3726817835939546,-0.0155600983073456,0.3657011935618004,0.3454559761051367,-0.0060886886849669,0.11158527571894,1.101016875664763,-0.0261941068949888,0.1763072972654952,0.9902595917416832,-0.0321531213527941,0.2776922868751643,0.0017249876786594,0.0004922329259169,0.389564179146407,0.4603149678498974,0.1309516423251259,0.3918133209747587,0.3146878003069209,0.0897090080413268,0.3894570463592075,0.0502710694923607,-0.0019137862377496,0.0870309597803783,0.1094135041892557,0.0027101851616365,0.0391249922212014,0.1596845736816165,0.0007963989238868,0.0025598062232355,10.5,5.666666666666667,1
12400721,8.0,0.2463320463320463,0.2160767812463506,0.1140904311251314,-0.0092254676659051,0.2626392741023491,0.2011041009463722,-0.0043409500191505,0.1759296672644061,0.3732912723449001,-0.0073012635144156,0.2658831480418892,0.2047844374342797,0.0153723529358468,0.9387980102148202,0.0707150368033648,0.0032082276908276,0.5592341972405845,0.0262881177707676,0.0007243212061006,0.2420086768455929,0.6355114419630549,0.0119106655615686,0.5985633516158921,0.3314033636614282,-0.0113678408637247,0.6020737244635018,0.0330851943755169,-0.0005428246978438,0.2902072050603154,0.0214155131888221,0.0008186106377569,0.298706340278342,0.8536585365853658,-0.0182027753456325,0.3951216340388455,0.5140888025867335,0.0001320846665046,1.990980059907166e-05,0.4765326799439567,0.0105437870920493,0.1555414385686754,1.741565431019227,-0.021139161368628,0.1089216261868334,1.56637187933315,-0.031999790456042,0.3341434230748342,0.0062679550796552,0.0006491368939794,0.6056202724408395,1.6726111013258669,0.190440612996755,0.6652453195257868,1.143456861078672,0.117422259725137,0.6299532057014836,0.059545573256725,-0.0018557876218668,0.0884049850055056,0.101854270044398,0.0023399933288347,0.0271385079153477,0.161399843301123,0.0004842057069679,0.0007628099588758,13.666666666666666,11.666666666666666,1
12400722,8.0,-0.2393822393822393,0.3590733590733591,0.1443907675791733,-0.0112416898583151,0.3374493832496512,0.2265163714439076,-0.0047805853757375,0.0949329732953104,0.3969404186795491,0.0035271710321224,0.0898541678214431,0.2020933977455716,0.0106479084922424,0.8600150065681385,0.062265163714439,0.0060957902062595,0.7162062733338193,0.025228126677402,0.0003509639120399,0.0288907177207236,0.7052777777777778,0.0128868808516018,0.682029966865577,0.2830555555555555,-0.0130288091812478,0.7386991681336479,0.0116666666666666,0.0001419283296459,0.0074437466177791,0.0489882854100106,0.0038795115787306,0.7593943969218866,0.5597826086956522,-0.0177662319303618,0.3616569851073445,1.1759853133173812,0.0531611971873488,0.5574325138358015,1.090075158435919,0.0710791027605289,0.7617444666802928,1.1420234185084157,-0.0255933767065824,0.161877123402394,1.0271410631093003,-0.031666459375417,0.315297497337952,0.0047923322683706,-4.918778129590709e-05,0.2097443972884036,1.2788394382940782,0.0020705510506147,0.0179884785312965,0.87426044749805,-0.0113898275752519,0.5442236112147069,0.0990415335463258,0.0009150079050021,0.0124671600812287,0.121405750798722,0.0035047006408132,0.0655606843822543,0.2204472843450479,0.0044197085458154,0.0561337770349429,30.666666666666668,17.166666666666668,1
12400723,9.0,0.0725868725868726,0.0252087414648992,0.1192833569071192,-0.0213842581832182,0.5568467381374134,0.2126355492692126,-0.0006708236340886,0.0013715197341183,0.3795379537953795,0.0098658241581494,0.412168164948449,0.1961338991041961,0.0093732636271532,0.8955648820619518,0.0789721829325789,0.0041700336257281,0.752463763678901,0.0223950966525223,-0.0007006195925011,0.1866626605181126,0.695457930007446,0.0140246558065632,0.5828947176575814,0.2881608339538347,-0.0123726831270667,0.5800273055065824,0.0163812360387192,-0.0016519726794965,0.3395152246360996,0.0375058602906704,0.0030106079769969,0.8423006705583365,0.4875,-0.0342194342821999,0.3614716310901028,0.9003446537475456,0.0407888811316694,0.5718404593438846,0.8345710868719932,0.0553729884492498,0.7122004740078662,0.9945582586427656,-0.0584099537841178,0.3665735792679339,0.8945102268048953,-0.0619097266233215,0.3709837191808454,0.0070323488045007,6.0557989166834904e-05,0.0251305882748545,1.8765904556307853,0.037336181959861,0.1151779194731572,1.2829044541345036,0.0076852011099603,0.0112637527966377,0.060478199718706,-0.0026589231912264,0.1057289192864185,0.0914205344585091,0.0023743535188922,0.0720127591112939,0.1518987341772152,-0.0002845696723341,0.0005452214171606,26.666666666666668,13.0,1
12500824,6.0,-0.1521235521235521,0.1000055832091427,0.1815068493150685,-0.0136704782454579,0.3362466325956855,0.285958904109589,0.0020951540754961,0.035392992757005,0.4974315068493151,0.0032686508505595,0.1842296888511254,0.1318493150684931,0.0132800051997768,0.8409875260470829,0.0256849315068493,-0.0001369925931288,0.0110038865550531,0.0107020547945205,-0.000895244796818,0.6589071904416927,0.7955776173285198,0.0053450931224005,0.1966349407762117,0.1827617328519855,-0.007277453208055,0.3350034600676439,0.0216606498194945,0.0019323600856544,0.8017824793615346,0.0298889837745516,-0.0076307916277802,0.8373469416441623,0.6,0.0376415847004082,0.5509425873706614,0.717498186651612,-0.2341784207751769,0.8787773573452974,0.6650822426390761,-0.1910717063488071,0.8690708582788869,1.2240717029449424,0.0851608627218557,0.6037123605343081,1.1009356637598713,0.0698283250026539,0.5750156201044512,0.0025619128949615,-5.2029349557848026e-05,0.5185590698297436,0.6836494349889778,-0.0055514380840705,0.2318600815519161,0.4673672417880267,-0.010821499863199,0.8186918806899012,0.1101622544833475,0.0006783824173166,0.0065244086278952,0.1332194705380017,0.0032178969191715,0.037828982264165,0.2433817250213492,0.0038962793364881,0.0321861685471451,11.666666666666666,7.0,1
12500825,9.0,0.4540540540540539,0.65012285012285,0.1214334239130434,-0.0081382012444818,0.3958657032265674,0.2029551630434782,-0.0053119728546222,0.4667589276235728,0.370414402173913,0.0002719213304819,0.0020005986584339,0.2032948369565217,0.005814028132392,0.8866720443633729,0.0828804347826086,0.0012213256760392,0.4076083574201351,0.0346467391304347,0.0003817124489425,0.1386883687430016,0.4777148921117792,0.0254358167879548,0.8115140754789973,0.3899893880438627,-0.0212544566978472,0.8077372889102488,0.1322957198443579,-0.0041813600901075,0.7415258417787784,0.0151924375422012,-0.0006080218565915,0.2176968011189671,0.5888888888888889,0.0286315843038532,0.201644476647344,0.3647011377023892,-0.0315923629729427,0.5573728308549991,0.3380583464441605,-0.0204032541011307,0.40413268534098,1.201403708445962,0.0680978999337259,0.29860138053949,1.0805479662828366,0.0535304192948355,0.2132749962283459,0.0062457798784605,0.0005414900574438,0.73588214905987,1.6666936231019267,0.1620195835163287,0.7775617746139394,1.1394114610032542,0.0975048621916072,0.7398316662012223,0.0860904794058068,-0.0001833636700278,0.0007916410249499,0.0860904794058068,0.0004003496292568,0.0024610953971554,0.1721809588116137,0.000216985959229,0.0003177864794294,15.0,8.833333333333334,1
12500926,5.0,0.0162162162162162,0.0291891891891891,0.1825013419216317,-0.0138686036869248,0.3866088479884985,0.2909286097691895,-0.0024007601506346,0.0328219612959173,0.5152979066022544,-0.0081594081279715,0.3339159241067072,0.1030595813204508,0.0029433056644475,0.3452574143082861,0.0359634997316156,-0.0018168473395757,0.4777132129683649,0.0225442834138486,-0.0032359341148918,0.7988963696971726,0.7322128851540616,0.0233946341971233,0.8910423468165345,0.2184873949579832,-0.0184117394453335,0.8971489929915091,0.0492997198879551,-0.0049828947517897,0.7079512061160105,0.0998389694041868,0.0012866791001851,0.1909827527885367,0.4623655913978494,0.0118247001172473,0.2785193978783628,2.3966783228562383,-0.0701894814995491,0.5531213096493253,2.2215919475538164,-0.0102725219766633,0.0229586289934368,0.943281061409185,0.0320333794555838,0.5813162698643524,0.8483912821088613,0.0224841556491583,0.3081511711840554,0.003220611916264,-2.4357074469919195e-05,0.0674367624260509,0.8594240347526495,0.0037941724444356,0.0371399400423432,0.587533054357251,-0.0059800333444346,0.2412130827648524,0.0869565217391304,-0.001462025003998,0.0219700838568173,0.1288244766505636,0.003604507694915,0.081990484226453,0.215780998389694,0.002142482690917,0.013380838715062,31.0,14.333333333333334,1
12500927,5.0,0.0,,0.1886747561265762,-0.008349680305088,0.2488920640404629,0.3031168213181061,-0.0013884200267796,0.0153206863410759,0.5320009517011658,-0.0166070392800569,0.749302617669852,0.1244349274327861,0.007400006324546,0.8717913035096901,0.0497263859148227,0.0049990133251657,0.9109779245837268,0.0183202474423031,0.0011506564898137,0.6932030953687636,0.72850790513834,0.0087500584176929,0.5305274962006068,0.233695652173913,-0.0058483088973191,0.4021554588575742,0.037796442687747,-0.0029017495203738,0.7308494774088714,0.0357227348000946,0.0024482546756881,0.5436562246178656,0.6357615894039735,0.0017965528772982,0.0052345773388055,0.8575399429647821,0.0284357730232783,0.194603650311559,0.7948934213774312,0.0429313296816442,0.4046806445277239,1.2970296190145083,0.0149692608739973,0.0889411588315809,1.1665543457058238,0.0043791064523525,0.0088857856353029,0.0042583392476933,0.0013716915944528,0.7412773910463517,1.1363427798042485,0.3749211195315492,0.7327011112245653,0.7768446275852083,0.2523972567236861,0.7148880224833011,0.1050390347764372,-0.0005031434220557,0.00343946444016,0.1263307310149042,0.000369079240706,0.000334504378275,0.2313697657913414,-0.0001340641813497,3.6541006382284635e-05,25.166666666666668,16.0,1
12500928,8.0,0.0,,0.186233694143769,0.0132859262219764,0.3958241576927539,0.240910352484041,0.0122749542857634,0.5016971590680197,0.4038301415487094,0.0126577429276365,0.7095928037332189,0.1770746600055509,-0.0030828726637344,0.5182631773725892,0.0840965861781848,0.005198357381916,0.847436836641803,0.0269220094365806,0.0011670775463887,0.2096195161941348,0.6322674418604651,0.0099885038415953,0.583854566747855,0.3363372093023256,-0.009348268659091,0.6178089491824105,0.0313953488372093,-0.0006402351825043,0.1996434419012913,0.0452400777130169,0.0014272986903709,0.1720382474799002,0.558282208588957,0.021458448706502,0.4651010880820325,1.0860079408489207,-0.0105492754929397,0.0171396083652826,1.0066709718032465,0.015118212262455,0.0334825416431109,1.1389624229855804,0.0521049244441637,0.4769271236520076,1.0243879897970172,0.0400719029424924,0.4915780292308729,0.0099916736053288,-0.0003884591925925,0.845290666810704,2.666289719807138,-0.0704490759793586,0.7315680427257563,1.822771157814419,-0.0766194369512854,0.853392352898487,0.1132389675270607,0.0025519221317825,0.0634111181569764,0.1165695253955037,0.0032026315762333,0.0555910617479324,0.2298084929225645,0.0057545537080158,0.0919278245771748,27.166666666666668,15.166666666666666,1
12500929,8.0,0.2594594594594595,0.2270270270270266,0.141941843272548,-0.0146480646971078,0.5270057581232546,0.2212912764908822,-0.0128461119307292,0.4307033170383902,0.4149827501232134,0.0102942148259599,0.419402163092901,0.1818629866929522,0.0056316074151861,0.3472226718367336,0.0665352390340069,-0.00064201996641,0.0169174768052574,0.0320354854608181,0.0024819555814853,0.5145134622348075,0.7412302999491611,0.0106121477748166,0.5838754273652342,0.2404677173360447,-0.0115251164845881,0.6143777611554797,0.0183019827147941,0.0009129687097715,0.4860601461295384,0.0235872235872235,-0.0025031136525787,0.3792371796076393,0.625,0.0364650364650364,0.4247006276947913,0.5662216647990707,-0.0904929727810153,0.5458596772729629,0.5248570402844113,-0.0681584818505283,0.4734130391957587,1.2750746905676484,0.083899598635357,0.5255862742451991,1.1468079830831992,0.0679526881229359,0.4342166794961112,0.0073710073710073,0.000350907105651,0.1247952472751687,1.9669618878921205,0.1120543664709454,0.1901943756171832,1.344685602294298,0.0606760875705749,0.1272820703894057,0.0766584766584766,-0.0012464538984127,0.0228051209462883,0.112039312039312,0.0026647274891363,0.0363820155685796,0.1886977886977887,0.0014182735907235,0.0065889840264126,8.0,5.0,1
12500930,5.0,0.0972972972972973,0.0317054986020506,0.216154199173933,-0.0014345234666791,0.0049608339482649,0.2762735199632859,-0.011798142613096,0.274968318486701,0.502524093620927,-0.0069393679086209,0.1565332405224413,0.1069297843047269,-0.0015749634093507,0.3044790988096328,0.0238641578705828,0.0023397061423438,0.5762221307848506,0.0027535566773749,-0.0001131972126812,0.0133758324883433,0.7958115183246073,0.0152285983099494,0.8651035868390629,0.1832460732984293,-0.0151122893146205,0.8926451867826357,0.0209424083769633,-0.0001163089953289,0.009672677556036,0.0263996358670914,0.0041858972930357,0.7575800675443686,0.3275862068965517,-0.0781981981981981,0.6546280051845832,0.6337348571559164,0.0831669411537182,0.6321420702725793,0.5874381397432964,0.0875295651553955,0.6770396178784521,0.6683150102285605,-0.14918598342806,0.6588974872602227,0.6010855635470561,-0.1429299930551583,0.6592079570279628,0.0,0.0,,0.0,0.0,,0.0,0.0,,0.1338188438780154,0.0013070394292358,0.0142016156200959,0.1747837960855712,0.00590931100299,0.0795299473178904,0.3086026399635866,0.0072163504322259,0.0683732076980747,9.666666666666666,3.1666666666666665,1
12601031,7.0,0.1065637065637065,0.1114075114075113,0.1717391304347826,0.0041421477143815,0.2618420465608987,0.2382608695652174,-0.0132690838053219,0.4596998157808054,0.4282608695652174,-0.0032222876703457,0.062660914605728,0.1678260869565217,0.0007734451864564,0.0276393106544178,0.0717391304347826,0.0078382893958616,0.8869417148954,0.0347826086956521,0.0017446166379981,0.5366911993663499,0.580718508412915,0.0140608349256985,0.7565501968477548,0.3155979990904957,-0.0170829941737653,0.8832677382902319,0.1036834924965893,0.0030221592480668,0.4586931598355681,0.0362381363244176,0.0017866464078879,0.5613934945808636,0.5,0.0646794646794647,0.8540869491137654,0.8699123829877871,0.0106769347365216,0.0686195156129815,0.8063620080728471,0.0274090789369343,0.4047964358464416,1.0200597524541186,0.1376422264174949,0.8744438710605695,0.9174463864665594,0.1195322140844251,0.8472292037580833,0.0030198446937014,-0.0008085172204962,0.524705194439032,0.8058490679615546,-0.198320807198354,0.4410723098998915,0.550907288026525,-0.1498387930386078,0.4900828029023371,0.1035375323554788,0.0011256883942529,0.0183166911001949,0.1061259706643658,0.0027114833756106,0.0827061404030468,0.2096635030198447,0.0038371717698635,0.0652284794371433,14.0,7.0,1
12601032,6.0,-0.5768339768339769,0.4508841793111066,0.2117028270874424,0.014734716685738,0.5476403343988457,0.3050624589086128,0.0180145983684096,0.5539459662309667,0.4898093359631821,0.0240025508842783,0.7311615275568504,0.1301775147928994,0.0132708673251023,0.738129603761245,0.029585798816568,0.0033706422720928,0.7796820074964922,0.0039447731755424,-7.590845142183153e-05,0.2427017193887103,0.6866173503698723,0.0233010359765077,0.7749053069141765,0.2844653665097512,-0.0208629814712181,0.7168121583536005,0.0289172831203765,-0.0024380545052895,0.3883619515929204,0.066142763588736,0.0034991891789607,0.617644529162335,0.4158415841584158,0.0166486955142417,0.1493732617275592,1.5877860984839145,0.0237474027062161,0.1134085505855176,1.4717923457604298,0.0551156765582209,0.4133528562843586,0.8483665267935244,0.0406295156219279,0.2234509555253373,0.7630247174573365,0.0311966935340781,0.1578774899642501,0.0,0.0,,0.0,0.0,,0.0,0.0,,0.0903732809430255,-0.001833126417124,0.0211455059988452,0.1532416502946954,0.0018620184353965,0.0071058398837691,0.243614931237721,2.889201827255412e-05,1.037867996989128e-06,16.833333333333332,7.0,1
12601133,4.0,0.1845559845559845,0.1298593139613754,0.2047208352246936,-0.0131927129704608,0.447753980694292,0.2964139809350885,-0.0177597438771874,0.703823261856328,0.596005447117567,0.0057541129640538,0.2477671348401646,0.1007716749886518,0.0070013000354476,0.5686734047839845,0.044030866999546,-0.0004958688699015,0.0250745808337625,0.0217884702678166,-0.0001945974766428,0.0277690761094091,0.7574906367041199,-0.0065334167107386,0.2677021661707447,0.1788389513108614,0.0096580468227764,0.4388696408442711,0.0636704119850187,-0.0031246301120378,0.4292154422182157,0.0217884702678166,0.0058301374601115,0.8381842854514837,0.75,0.0905938591652877,0.1657553990213321,0.523041801119432,0.1323038331691629,0.8082564152284741,0.4848316282245923,0.1278244140371986,0.8178554260940228,1.530089628681178,0.1969661664435727,0.1952720265043115,1.376169579699839,0.1679130979279922,0.1687848494528586,0.0,0.0,,0.0,0.0,,0.0,0.0,,0.1225601452564684,0.0009239727380859,0.0013281530442376,0.1770313209260099,0.0039254701683481,0.0350515622259813,0.2995914661824784,0.0048494429064341,0.0174385943685186,8.0,6.0,1
12601134,4.0,-0.0756756756756756,0.0176576576576574,0.25243370258476,0.0131955253942552,0.5850589424124986,0.3605236656596173,0.0084093541974724,0.2125377789266381,0.5834172541121182,0.0152178203008627,0.6955132120745289,0.0741859684457871,0.0056394706662213,0.6694035253737061,0.0114132259147364,-0.0031234654201755,0.6709266151672248,0.004363880496811,-0.0014830579391393,0.5946248246851094,0.8180236604036186,0.0118266732018886,0.8301686018510953,0.1652748782185107,-0.0118137489265582,0.8233523145501913,0.0167014613778705,-1.2924275330436e-05,0.0001618805475102,0.0486740516951997,0.0008222582790809,0.1355307743598761,0.4482758620689655,0.0051665013404144,0.0217035485491495,1.1684419949408764,-0.028592475672163,0.2524370931838713,1.0830829078684308,-0.0005179765557216,0.0001485099151977,0.9145363297864512,0.0183446524480726,0.0622760849078556,0.8225381395907084,0.0101799411938383,0.0248811457024438,0.0003356831151393,-0.0009277355867122,0.6029009585789327,0.0895774296041281,-0.2384811790833051,0.5844475361094139,0.0612383395024929,-0.1706166942267551,0.5993267356516613,0.1289023162134944,0.0005735380616723,0.0034560364570477,0.1832829808660624,0.0045686395707371,0.0568754032852369,0.3121852970795569,0.0051421776324095,0.0428895117582515,24.166666666666668,10.833333333333334,1
12601235,4.0,0.2625482625482625,0.3249990628631405,0.2562755399883246,-0.022851065090245,0.590619432574445,0.3718622300058377,-0.01580440883454,0.4318515845731864,0.645067133683596,-0.0065910931961957,0.1536212046323939,0.0607122008172796,0.0035151898344523,0.3354985974095457,0.0145942790426152,0.0021396731225816,0.4362762642947517,0.0070052539404553,-0.0002420809708485,0.4862346447162828,0.923406862745098,0.0067722425834766,0.51875912429309,0.0692401960784313,-0.0058057743330454,0.4784228182555826,0.0073529411764705,-0.0009664682504311,0.3349155227896252,0.0151780502043199,0.001719824422856,0.530732797739743,0.5769230769230769,-0.0601287001287001,0.4596225245439906,0.3643557633357515,0.0301300451581818,0.3753397888930282,0.3377382029753867,0.0340988645805591,0.4833219495087513,1.1769920220624446,-0.1104312288024825,0.37580949376114,1.0585919843844915,-0.1097012893966764,0.4577083521767615,0.0035026269702276,-0.0001210404854242,0.4862346447162919,0.9346800798273124,-0.020875527206257,0.4239650383351907,0.6389807824095497,-0.0240801090879344,0.7641983003663851,0.1436077057793345,-0.0002164355180709,0.0002823974235444,0.1646234676007005,0.004366038191037,0.0514618587829805,0.308231173380035,0.0041496026729661,0.0247548332147662,4.333333333333333,2.5,0
12601236,7.0,0.4540540540540542,0.7361685214626392,0.1314553990610328,-0.0328291928749304,0.6526096419620036,0.1859154929577464,-0.0276411262972178,0.8626417849358301,0.4084507042253521,-0.0266828991096197,0.9191198649243304,0.1830985915492957,0.0116373483969954,0.7678242660867596,0.0732394366197183,0.009476468151495,0.807604746902907,0.0112676056338028,0.0027791804205388,0.7583627133454603,0.7344521224086871,-0.0030420219671128,0.1209253067208028,0.2359328726554787,-0.0001921228520333,0.0005447991371934,0.0296150049358341,0.0032341448191461,0.8154363344430203,0.0541549953314659,-0.0015176517575747,0.1224837515926764,0.5862068965517241,-0.0025880425880425,0.0039788875738736,1.3000144548753951,-0.0948017372586989,0.4793145716852368,1.2050435042166403,-0.0574223931805079,0.3310088801404166,1.1959321235668976,0.0055687119315757,0.0057491023944462,1.075626797926311,-0.0038419304919267,0.0027945920917556,0.0,0.0,,0.0,0.0,,0.0,0.0,,0.0504201680672268,-0.0006699373264728,0.00909590636772,0.1288515406162464,0.0036699810468048,0.0463136068221194,0.1792717086834734,0.003000043720332,0.0233230569966989,9.666666666666666,5.666666666666667,1
