plr_id,plr_name_x,bez,re_miete_niveau,re_miete_trend,re_miete_unsicher,re_leerstandsquote,re_brw_niveau,re_brw_trend,re_brw_trend_outlier,re_cov_wohnen_2025,re_dichte_all,re_baualter_unsicher,re_anteil_vor_1919,re_anteil_y1919_1948,re_anteil_y1949_1978,re_anteil_y1979_1990,re_anteil_y1991_2000,re_anteil_y2001_2010,re_anteil_y2011_plus,re_miet_dimension_anwendbar,plr_name_y,soc_median_income_2023,soc_young_to_middle_adult_share_2025,soc_young_to_middle_adult_share_change_2021_2025,soc_single_person_hh_share_2024,soc_single_person_hh_share_change_2021_2024,soc_households_without_minor_children_share_2024,soc_households_without_minor_children_share_change_2021_2024,soc_internal_migration_volume_rate_2025,soc_internal_migration_volume_rate_change_2021_2025,soc_internal_net_migration_rate_2025,soc_internal_net_migration_rate_change_2021_2025,soc_transfer_benefit_share_2024,soc_transfer_benefit_share_change_2020_2024,soc_single_parent_household_share_2024,soc_single_parent_household_share_change_2021_2024,com_median_age_level_2026,com_share_solo_level_2026,com_share_10plus_level_2026,com_gastro_share_level_2026,com_upscale_share_level_2026,com_tourism_share_level_2026,com_entry_rate_level_2026,com_exit_rate_level_2026,com_median_age_slope,com_share_max_2y_slope,com_share_min_20y_slope,com_share_min_30y_slope,com_share_min_40y_slope,com_share_solo_slope,com_share_10plus_slope,com_gastro_share_slope,com_upscale_share_slope,com_tourism_share_slope,com_entry_rate_slope,com_exit_rate_slope,com_n_gastro,com_has_gastro_structure
01100101,Stülerstraße,01 - Mitte,22.7,2.1419999999996664,0,3.050847457627119,3890.58491287862,-0.3260979332094048,0,0.468166714724585,10.653753026634382,0.0,0.1181598062953995,0.0082324455205811,0.5617433414043583,0.1486682808716707,0.0629539951573849,0.0,0.1026634382566585,1,Stülerstraße,4721.0,0.46,0.0,0.624,-0.004,0.888,-0.019,0.236,0.025,-0.056,-0.043,0.08,-0.0,0.027,0.005,8.0,0.489785749875436,0.1011459890383657,0.0176072234762979,0.6923076923076923,0.0171557562076749,0.0501128668171557,0.1246049661399548,-0.3019305019305019,-0.001224166346094,0.0056576854902237,0.001367298360029,-0.0002755782435319,0.0240829407726997,0.00275444384141,0.0031526670048988,-0.0360259303116446,-0.0011931490082779,-0.0027997506819066,0.0013953783786902,13.0,1
01100102,Großer Tiergarten,01 - Mitte,20.3,1.0589999999998363,0,4.557179707652622,3440.0193894530853,-0.4266781009797393,0,0.0340101749522261,24.07566638005159,0.0,0.2287188306104901,0.0154772141014617,0.0206362854686156,0.0834049871023215,0.354256233877902,0.2269991401547721,0.0705073086844368,1,Großer Tiergarten,6279.0,0.479,0.003,0.535,-0.01,0.87,0.005,0.199,0.017,0.008,0.006,0.027,-0.008,0.025,-0.011,7.0,0.449550794747754,0.1263533747984335,0.0831636480548708,0.6211340206185567,0.0071803665202014,0.0655878255278105,0.07844818347444,0.277992277992278,-0.0136874671076961,0.004812714927974,0.0030147297525983,0.0010625309784814,0.0285917479947185,0.0025055674545611,0.0048561165225879,-0.0355593529771381,-6.55599414394231e-05,-0.000929615263413,-0.0006638435759141,129.33333333333334,1
01100103,Lützowstraße,01 - Mitte,23.0,1.356000000000002,0,1.8639972385226096,3541.826020402285,-0.4400971819010815,0,0.9982090524712944,16.223679668622715,0.0,0.3237832240248533,0.050742147048671,0.2557818432861581,0.1881256472212633,0.0497065930272695,0.0372799447704521,0.09285467725233,1,Lützowstraße,4895.0,0.455,0.022,0.603,0.006,0.866,-0.003,0.172,0.005,0.005,-0.002,0.118,-0.037,0.035,-0.001,7.0,0.4991703892788768,0.0815571155073388,0.0313580541313938,0.5855513307984791,0.0114462859186836,0.0736854656015261,0.0665315369023488,0.1969111969111969,0.0212703798756242,0.0081877911990845,0.0014981694931028,0.0011008474101342,0.0325300048837308,-0.0012222271311424,0.0001765683344133,-0.0101592944389065,-0.0019669413490738,-0.0010186268654108,0.0001029928666842,43.833333333333336,1
01100104,Körnerstraße,01 - Mitte,26.21,2.275999999999834,0,1.7213771016813448,3499.906289464846,-0.4519778214077478,0,0.9999945620831148,24.819855884707767,0.0,0.277822257806245,0.0308246597277822,0.3242594075260208,0.1729383506805444,0.0044035228182546,0.0752602081665332,0.1144915932746196,1,Körnerstraße,5062.0,0.507,-0.02,0.584,0.006,0.845,0.005,0.215,0.034,0.003,0.017,0.144,-0.036,0.034,-0.004,7.0,0.5629598486441034,0.0981711162497372,0.0378142941991684,0.643979057591623,0.0047515343496337,0.0772124331815482,0.1437339140764205,-0.0833976833976833,0.009633840070128,0.0061684086988821,0.0008192983232078,0.001799169695458,0.0284474934202849,3.773094054727801e-05,0.00170636348516,-0.041467561336697,2.314924455941649e-05,0.0006159025156471,-0.0087327850578267,31.833333333333332,1
01100205,Wilhelmstraße,01 - Mitte,26.08,1.5829999999998512,0,4.47870778267254,9000.0,-0.2876820724517808,0,0.1507894727570859,24.963289280469898,0.0,0.1688693098384728,0.0044052863436123,0.0418502202643171,0.3061674008810572,0.2254038179148311,0.1747430249632892,0.079295154185022,1,Wilhelmstraße,5384.0,0.493,-0.003,0.548,0.043,0.885,0.013,0.243,-0.038,-0.035,-0.049,0.047,-0.016,0.023,-0.005,6.0,0.4601742696053306,0.1112250128139415,0.0637330754352031,0.6282245827010622,0.013926499032882,0.0661508704061895,0.0794970986460348,0.4795366795366795,-0.0615040260989531,0.0060341924302818,0.0013340446708027,0.0004595982506439,0.0153704870225603,0.0032920377352576,0.0024374338390579,-0.0194980826640148,0.0004242184459962,-0.0016405554586825,0.0014024382272673,109.83333333333331,1
01100206,Unter den Linden,01 - Mitte,22.34,2.710999999999617,0,2.7910685805422646,11999.860612473423,-1.1615694676665168e-05,0,0.0012198235221886,17.543859649122805,0.0,0.3245614035087719,0.003987240829346,0.0199362041467304,0.2488038277511961,0.1355661881977671,0.1602870813397129,0.1100478468899521,1,Unter den Linden,5076.0,0.466,0.03,0.667,0.019,0.89,0.01,0.137,-0.026,0.016,0.018,0.031,-0.018,0.031,-0.005,7.0,0.432522872094265,0.1123847495639172,0.0411453715561685,0.8004788507581804,0.0058779102223097,0.1071815584671461,0.0561521032410599,0.0,-0.0068320088067268,0.0057664255171534,0.0016148414343902,-0.0001986229455367,0.0340245201876839,-0.0027404029774642,0.0007932888620843,-0.0094266498696555,-0.0011376841978432,0.0013853751024563,-0.0010326166343327,208.83333333333337,1
01100207,Leipziger Straße,01 - Mitte,20.13,1.0649999999998865,0,2.309871431684463,7300.66757601334,-0.2789427862207185,0,0.2194912336754478,20.047940727827413,0.0,0.0135105687513619,0.0030507735890172,0.4857267378513837,0.1773806929614295,0.0551318370015253,0.0485944650250599,0.2161691000217912,1,Leipziger Straße,5093.0,0.454,0.009,0.585,0.012,0.866,-0.005,0.151,-0.015,-0.004,0.008,0.06,-0.006,0.03,0.0,8.0,0.4698414975256401,0.1393530803987664,0.0384771436299702,0.7328646748681898,0.0099404922910467,0.0770895320530159,0.1111712199080335,0.4988416988416988,-0.0102963942796928,0.0099388866276923,0.0047550583019247,0.0007490003510782,0.0222206049206536,0.0064540866273535,0.0033391560456262,0.0038644684022762,-0.0004199213593626,1.9308410066426015e-05,0.0021280317532714,94.83333333333331,1
01100308,Charitéviertel,01 - Mitte,20.0,0.9969999999998844,0,2.0024772914946327,4494.576641247721,-0.2878305309946965,0,0.2983109699161757,27.663088356729975,0.0,0.347233691164327,0.0317919075144508,0.0999174236168455,0.0815441783649876,0.1655656482246077,0.0869116432700247,0.1864161849710982,1,Charitéviertel,6097.0,0.517,-0.002,0.633,0.001,0.867,0.003,0.203,-0.015,-0.003,0.019,0.03,0.004,0.03,-0.003,7.0,0.51497667566904,0.0942180211146575,0.029351724137931,0.7199248120300752,0.0076137931034482,0.1403586206896551,0.1635310344827586,0.4617760617760618,-0.0098851935055386,0.0090261518109385,0.0019354986453492,0.0006080804748597,0.020686093158886,6.062256694426404e-05,0.0006079881957893,-0.0119299449618311,-0.0003397829137952,0.0008687594749232,0.0015739754689428,88.66666666666667,1
01100309,Oranienburger Straße,01 - Mitte,25.0,2.157999999999623,0,2.7948649371489704,6996.850059533147,-0.2514144664055417,0,0.7783054841610879,47.60631184808772,0.0,0.5369082642417758,0.0207274672372292,0.0135062851029687,0.2139609521262369,0.1146028349826156,0.0441294463760363,0.0562984755282161,1,Oranienburger Straße,5389.0,0.453,-0.009,0.646,0.007,0.85,0.01,0.152,0.007,-0.012,0.009,0.054,-0.009,0.044,-0.008,6.0,0.5117753018880512,0.0919007271999466,0.061793378391005,0.7167338709677419,0.0074127137384371,0.0725075528700906,0.0984831968106643,0.0,-0.0181192494433067,0.0063714239119747,0.0014750482210441,-9.98871596627696e-05,0.0165154341263189,0.0014234406837623,9.490992992263184e-05,-0.0074915410801588,-0.0005603805761152,-0.0011004487846313,0.0014598770613719,330.6666666666667,1
01100310,Alexanderplatzviertel,01 - Mitte,19.31,-0.0850000000000092,0,1.6213560432361611,6998.94786909984,-0.2513151731617083,0,0.1278014934942704,29.47920078611202,0.0,0.1062888961677039,0.0948247625286603,0.3722567965935145,0.3234523419587291,0.041598427775958,0.0142482803799541,0.0488044546347854,1,Alexanderplatz-viertel,4816.0,0.504,-0.003,0.657,0.017,0.882,0.001,0.171,-0.065,-0.03,0.043,0.076,-0.007,0.033,-0.001,7.0,0.5090566037735849,0.1210062893081761,0.0765816417115464,0.6197836166924265,0.0092915902231165,0.077055098538202,0.091968988577854,0.4447876447876447,-0.0140560251527456,0.015387456092696,0.0094492563865244,0.0037959961465925,0.0024791210355661,0.0056126712263911,0.0028713615963074,-0.0022234518594555,0.0001640127890678,-0.0008445473419352,0.0009779675929265,215.66666666666663,1
01100311,Karl-Marx-Allee,01 - Mitte,20.05,2.174999999999609,0,1.31660152232051,1501.6758642581233,-0.5108256233890953,0,0.7831075849377218,17.691832956181855,0.0,0.0067887265994651,0.0,0.9131865871219914,0.033737914009463,0.0,0.0006171569635877,0.0458753342933552,1,Karl-Marx-Allee,4062.0,0.442,0.044,0.543,-0.001,0.85,-0.002,0.141,-0.023,0.002,0.007,0.105,-0.024,0.05,-0.002,6.0,0.6076368595363335,0.075978959672706,0.0655584609637654,0.5156695156695157,0.0044826298094882,0.0840493089279043,0.1143070601419499,0.3042471042471042,-0.004705376719922,-0.0013850671357164,0.003345919661259,0.0002205178465751,0.0021014690375177,0.0040509169038864,0.0006936560023663,-0.0219072918714441,-0.0001801008938471,-0.0023760251689503,0.0027929030957771,58.5,1
01100312,Heine-Viertel West,01 - Mitte,23.52,0.4479999999999669,0,1.3295186805789296,3999.912786059755,-0.342572228810336,0,0.5658881694952577,14.641534836755302,0.0,0.1013126893301918,0.0146415348367553,0.4897340962638842,0.0828004039044092,0.0555368562773476,0.0481319421070346,0.2086839447997307,1,Heine-Viertel West,5097.0,0.473,0.004,0.582,0.015,0.858,-0.003,0.168,-0.006,-0.013,-0.021,0.058,0.004,0.027,-0.003,6.0,0.5888304330230676,0.0851207338459463,0.0351720647773279,0.4028776978417266,0.017332995951417,0.1115890688259109,0.0926113360323886,0.0,-0.0168364566041764,0.0063594594207705,0.0010984258444018,-6.872726948129093e-05,0.0190819627543572,-0.0007753282780153,-1.902374305188122e-05,-0.0297205360800175,-7.74802506378547e-05,0.0020333361926298,0.0005256910820764,46.333333333333336,1
01100313,Heine-Viertel Ost,01 - Mitte,22.0,0.984999999999856,0,0.9531772575250836,3999.4464841601807,-0.4055098936110113,0,0.5290886030190821,17.892976588628763,0.0,0.1080267558528428,0.0080267558528428,0.3533444816053511,0.1511705685618729,0.1446488294314381,0.0692307692307692,0.1657190635451505,1,Heine-Viertel Ost,4865.0,0.495,-0.003,0.592,0.024,0.864,-0.003,0.18,0.012,-0.019,-0.008,0.06,-0.003,0.031,-0.002,6.0,0.6050280755487494,0.0991577335375191,0.0361214448577943,0.5481727574750831,0.0171606864274571,0.0864034561382455,0.110164406576263,0.1065637065637065,0.0023964873711645,0.0067587155535732,0.0013419917440567,-0.0002660028633156,0.0141894578461613,-0.0034789574977765,0.0010981883906901,0.0001856878574754,3.913684577214105e-05,-0.000359956736835,0.0017104268276849,50.166666666666664,1
01100414,Nordbahnhof,01 - Mitte,20.62,1.0309999999998285,0,4.146838885112169,4497.872168200685,-0.2876975590576225,0,0.2668311982227488,15.975526852481304,0.0,0.2426920462270564,0.0088375254928619,0.1437797416723317,0.0176750509857239,0.0394289598912304,0.0720598232494901,0.4768864717878994,1,Nordbahnhof,6264.0,0.583,-0.018,0.536,0.017,0.801,0.009,0.255,0.023,0.001,-0.002,0.034,-0.008,0.028,-0.002,5.0,0.6450482033304119,0.0841367221735319,0.0299473897207608,0.6351351351351351,0.0084985835694051,0.075273168757588,0.1141238365034399,-0.0416988416988416,-0.0193946001515859,0.0028796814658074,0.0012172851177929,0.0003806250260007,0.0185517509621658,0.0056968773181773,-0.0006034061140606,-0.0130822409083278,4.878099996025733e-06,-0.00230827711024,0.0020207382304748,24.666666666666668,1
01100415,Invalidenstraße,01 - Mitte,24.18,1.425999999999736,0,1.7265456392027425,4997.001057567186,-0.3364379618154546,0,0.9044986545570786,33.76920147264187,0.0,0.5753459438872667,0.0204392535229148,0.1067665354830519,0.0912784054843214,0.0647454614701028,0.0585248190935635,0.0817570140916592,1,Invalidenstraße,5611.0,0.482,-0.009,0.63,-0.01,0.841,0.005,0.217,0.039,-0.005,0.007,0.037,-0.008,0.037,-0.008,6.0,0.5882525525173101,0.0546884168524821,0.0462212486308871,0.7085308056872038,0.0061336254107338,0.0782037239868565,0.1113910186199342,0.0,-0.0201596476982713,0.0047289783474192,0.0008908451361282,-0.0002631188850857,0.0143117316196833,-0.0022300212755313,0.0013224292975296,0.0003058367234352,0.0003152306830159,0.0007909948551448,0.0017764184635665,140.66666666666666,1
01100416,Arkonaplatz,01 - Mitte,22.81,2.165999999999753,0,1.8422055647312925,4999.836700247332,-0.3364716982526519,0,1.0,33.032651505526616,0.0,0.6216490916020836,0.0351924787193495,0.106466776775505,0.0579341887943082,0.0274425104815144,0.0603481133274044,0.091602083598018,1,Arkonaplatz,5830.0,0.473,-0.019,0.642,0.002,0.828,0.008,0.177,0.005,-0.001,0.022,0.033,-0.003,0.044,-0.006,6.0,0.6598098800062334,0.0395823593579554,0.0467857401113601,0.652241112828439,0.0077373635114614,0.093282232988647,0.1193144840552462,0.0,-0.0130647539576634,0.0072539650700191,0.0009135391886077,0.0003198487567096,0.0220608338126107,0.000262948966246,0.0013815085198137,0.0043465216600486,7.431183171438045e-05,0.0010915196902349,0.0027162339189407,107.83333333333331,1
01200517,Huttenkiez,01 - Mitte,15.15,0.6069999999998641,0,2.886002886002886,2134.240301765344,-0.4076493238944354,0,0.0777482986066001,15.873015873015872,0.0,0.6022126022126022,0.1038961038961039,0.2015392015392015,0.011063011063011,0.0495430495430495,0.0014430014430014,0.0307840307840307,1,Huttenkiez,3808.0,0.572,0.035,0.682,-0.001,0.889,0.013,0.227,0.007,-0.022,-0.012,0.17,-0.049,0.03,-0.01,8.0,0.4808801213960546,0.1182094081942336,0.0176402544823597,0.4098360655737705,0.0052053209947946,0.0659340659340659,0.145748987854251,0.3289575289575289,-0.0021488954511261,0.0071620746352914,-0.0004030966403378,-0.0005344953317515,0.0213193598460271,-0.0018692429982298,-0.0002895829980728,0.0273872252165812,-0.0002050012512976,-0.0003364950931411,0.003690990224075,20.333333333333332,1
01200518,Beusselkiez,01 - Mitte,15.71,1.3049999999997148,0,2.453825857519789,1731.692991561605,-0.3766541759385989,0,0.8918916853054013,9.234828496042216,0.0,0.6134564643799473,0.0221635883905013,0.2815303430079156,0.0319261213720316,0.0155672823218997,0.0,0.0369393139841688,1,Beusselkiez,3674.0,0.581,0.007,0.658,-0.0,0.879,-0.004,0.232,0.042,-0.022,0.005,0.159,-0.034,0.033,-0.002,5.0,0.7784684939248375,0.0149759819157954,0.0513097488522819,0.3947368421052631,0.0037807183364839,0.1263840129624628,0.1863354037267081,0.1528957528957529,0.0083833455145762,0.0031993051915702,0.0017710778842152,-0.0013161107555319,0.0124516739370047,-0.0012299426531343,0.0027376305272865,-0.0389683099419407,0.000277025590715,0.0008861140628259,0.0049357963966018,31.666666666666668,1
01200519,Emdener Straße,01 - Mitte,18.01,1.3759999999999803,0,1.6384180790960452,2099.9922217177573,-0.2876836929319373,0,0.9997834562525536,7.909604519774011,0.0,0.6143126177024482,0.0065913370998116,0.3112994350282486,0.0288135593220339,0.011864406779661,0.0005649717514124,0.0269303201506591,1,Emdener Straße,4062.0,0.536,0.02,0.683,0.002,0.884,-0.0,0.193,0.015,-0.024,0.005,0.147,-0.016,0.032,-0.004,6.0,0.6271916790490342,0.0803863298662704,0.0557297605473204,0.4782608695652174,0.0051311288483466,0.0880843785632839,0.1351197263397947,0.0,-0.0075178568040693,0.0061809880915655,0.0028602414209103,-0.0001049065632514,0.0046158239529236,-0.0009265626501573,0.003492054275493,-0.0009015106945607,-8.678717411208611e-05,0.0001356675809114,0.0024846325385445,65.16666666666667,1
01200520,Bremer Straße,01 - Mitte,17.0,1.688999999999749,0,2.120515992224775,2100.0,-0.2876820724517809,0,0.9704755270383064,11.132708959180066,0.0,0.5430288036755611,0.0171408376038169,0.2781410143134829,0.0586676091182187,0.0454143841668139,0.0017670966601873,0.0561936737939565,1,Bremer Straße,4211.0,0.514,0.015,0.673,0.015,0.886,0.008,0.169,0.005,-0.012,0.004,0.112,-0.024,0.027,-0.006,6.0,0.7164015359297861,0.0276101663923934,0.077206527460958,0.4113636363636364,0.0052640814177925,0.1094928934900859,0.1442358308475171,0.0,0.0015074660456879,0.0016295229527305,0.0008418058402012,0.0004403012856039,0.008540369154495,0.001214087881306,-0.000195578699806,0.009053094187614,0.0003220765804101,0.0013321565257175,0.0018636467293518,73.33333333333333,1
01200521,Zwinglistraße,01 - Mitte,13.93,0.8669999999998966,0,1.6985138004246283,2044.2607902965929,-0.2995011178584886,0,0.8813971452634842,10.969568294409058,0.0,0.5353857041755131,0.0583864118895966,0.2753007784854918,0.0484784147204529,0.0184005661712668,0.0,0.0636942675159235,1,Zwinglistraße,3874.0,0.5,-0.008,0.638,-0.005,0.864,0.0,0.191,0.02,-0.026,0.001,0.177,-0.03,0.041,-0.002,5.0,0.7004260898066208,0.023598820058997,0.1125078566939032,0.4441340782122905,0.0056568196103079,0.1018227529855436,0.1734758013827781,-0.2393822393822393,0.00777703586909,0.006201517613454,0.0016386875300351,0.0006388601096894,0.0042719632898751,-0.0009808488533075,0.0087047420360094,0.0414140698454241,-1.72629767494096e-06,-0.0005550239254285,0.0040122972057259,59.666666666666664,1
01200522,Elberfelder Straße,01 - Mitte,18.0,1.9989999999996488,0,2.5794229087729525,2657.261167557718,-0.3770287122457293,0,0.8205162207326334,8.160886039055669,0.0,0.4960652870883124,0.0973477120373069,0.3000582920431361,0.0405129699795977,0.016176041970271,0.0218595161760419,0.0284173710288545,1,Elberfelder Straße,4701.0,0.424,0.008,0.633,0.001,0.875,0.002,0.149,0.01,-0.001,0.002,0.065,-0.01,0.028,-0.004,6.0,0.7588852988691438,0.0317043618739903,0.0451737451737451,0.5384615384615384,0.0069498069498069,0.0915057915057915,0.1517374517374517,0.0,-0.0022088280494123,0.0038862928005183,0.0003993840439905,-0.0001451439887522,0.0077310046279602,-0.0002444856789576,0.0045374631780313,-0.034630399786119,0.0002914813963985,0.0005213374684826,0.0019802610931296,39.0,1
01200623,Stephankiez,01 - Mitte,18.0,1.301999999999763,0,1.744186046511628,1708.703064741585,-0.5387728531663588,0,0.9959685426216628,15.780730897009969,0.0,0.6174418604651163,0.0307308970099667,0.2262458471760797,0.0367109634551495,0.0534883720930232,0.0018272425249169,0.0333887043189368,1,Stephankiez,4212.0,0.534,-0.007,0.665,0.002,0.868,-0.002,0.187,-0.011,-0.017,0.01,0.108,-0.029,0.032,0.001,5.0,0.7607535845281761,0.0400133377792597,0.0463607594936708,0.4266211604095563,0.0123417721518987,0.0731012658227848,0.1490506329113924,0.054054054054054,0.007702803869178,0.0027399842399669,-0.0017837885157901,-0.000272576750518,0.0016787480053988,0.0003411129204881,0.0030965124092435,-0.0331940355677175,-0.0008239641865473,-0.0012004775728747,0.0018260324047908,48.833333333333336,1
01200624,Heidestraße,01 - Mitte,23.01,1.1509999999998872,0,1.2669962917181703,5265.962177066454,-0.3796316556306952,0,0.5314081084578247,12.669962917181705,0.0,0.0772558714462299,0.0126699629171817,0.1121755253399258,0.0200865265760197,0.092088998763906,0.0012360939431396,0.6826328800988876,1,Heidestraße,6114.0,0.657,-0.017,0.446,0.044,0.787,-0.01,0.272,0.009,0.022,-0.029,0.072,-0.022,0.03,0.001,4.0,0.6264266900790166,0.0831870061457418,0.0479834539813857,0.5991379310344828,0.0074457083764219,0.1116856256463288,0.0769389865563598,-0.4833976833976834,0.0147447581033156,0.0007306648579292,0.0011149819865097,0.0007859276522635,0.0448538174355772,0.0026201608579359,0.0027567011772284,0.0222124131007582,7.696883000020532e-05,-0.0138933740872087,0.0060205046634787,38.666666666666664,1
01200625,Lübecker Straße,01 - Mitte,13.33,1.4249999999996965,1,0.8664475649835675,2100.0,-0.2876820724517809,0,0.9446505360370044,6.871825515386914,0.0,0.4356139826710487,0.0035853002688975,0.4093217806991335,0.1057663579324768,0.0206154765461607,0.0,0.0242007768150582,1,Lübecker Straße,3724.0,0.453,0.004,0.624,0.016,0.843,0.009,0.159,0.016,-0.017,0.006,0.191,-0.031,0.042,-0.007,6.0,0.7527434842249657,0.041838134430727,0.0766221062927942,0.4127659574468085,0.0039126181936746,0.097815454841865,0.1701988914248451,0.4911196911196911,-0.0186942426245864,0.0061859899933151,0.002700227589328,-0.0006402482904521,0.001589142919591,0.0012144778812133,0.005920335550134,0.02426760420174,0.0004058444523972,0.0001991549507463,0.0021015073650167,39.166666666666664,1
01200626,Thomasiusstraße,01 - Mitte,19.48,1.2399999999999842,0,2.2465437788018434,2731.159162677004,-0.3155185705163952,0,0.4879553695147234,10.080645161290322,0.0,0.3879608294930876,0.0034562211981566,0.4533410138248848,0.0299539170506912,0.0820852534562212,0.0115207373271889,0.0339861751152073,1,Thomasiusstraße,4554.0,0.455,0.015,0.658,0.0,0.882,0.001,0.153,-0.008,-0.02,0.005,0.061,-0.023,0.028,-0.003,7.0,0.5900921658986175,0.1009216589861751,0.0492125984251968,0.6266666666666667,0.0065616797900262,0.0774278215223097,0.1036745406824147,0.003088803088803,0.0004713223824858,0.0042809521467623,0.0063891952836461,0.0051162549237814,0.0176399270554851,-0.0048653302819809,-0.0004951417532162,0.0167684011211749,0.0003642831240742,0.0014164864209641,0.0019208564850907,37.5,1
01200627,Zillesiedlung,01 - Mitte,7.11,0.0100000000000111,1,3.313696612665685,1602.1888301342387,-0.4460903431042833,0,0.9999515273352728,5.154639175257732,0.0,0.0559646539027982,0.0,0.3011782032400589,0.6303387334315169,0.0073637702503681,0.0,0.008100147275405,1,Zillesiedlung,3453.0,0.375,-0.018,0.497,0.017,0.784,0.009,0.139,0.001,-0.017,-0.009,0.242,-0.015,0.081,0.012,5.0,0.8563218390804598,0.0258620689655172,0.0417827298050139,0.6,0.0,0.075208913649025,0.1587743732590529,0.1351351351351351,0.002082723606054,0.0112385426834248,0.0041128344985681,0.0002842934660852,0.005647432595272,-0.0012802292350414,0.0020579348672523,0.0139768339768339,0.0,-0.0029782903206136,0.0024373554172751,5.0,1
01200628,Lüneburger Straße,01 - Mitte,18.87,2.0669999999997803,1,1.394700139470014,3338.854200234048,-0.3672507737997915,0,0.3616702341624486,9.298000929800091,0.0,0.206415620641562,0.0,0.3351929335192933,0.0362622036262203,0.3412366341236634,0.0,0.0804277080427708,1,Lüneburger Straße,4779.0,0.46,0.003,0.66,0.011,0.877,0.008,0.174,0.031,0.0,-0.018,0.069,-0.016,0.027,-0.008,7.0,0.4863921842288904,0.1244475459409164,0.0631784628745115,0.5601374570446735,0.0091185410334346,0.1081198436821537,0.0924880590534086,0.2409266409266409,-0.0093658676531571,0.0100504908800597,0.0020287490870992,0.0004198304830148,0.0092236613536459,0.0039717439554363,0.0013734569905305,-0.0072525289555248,-0.0008343998651903,0.0020081061118241,0.0013225075820729,48.5,1
01200629,Hansaviertel,01 - Mitte,17.0,0.0459999999999082,0,2.3632160287695863,2057.1203835737165,-0.3102580771270213,0,0.9481733257327608,7.192396609298741,0.0,0.1561777549447726,0.0015412278448497,0.7320832263036219,0.0477780631903416,0.0131004366812227,0.0051374261494991,0.0441818648856922,1,Hansaviertel,4746.0,0.485,0.016,0.622,0.018,0.911,0.005,0.171,0.003,-0.007,-0.014,0.052,-0.016,0.022,-0.001,6.0,0.6895655402896398,0.0404753063497957,0.0564084255622991,0.5949367088607594,0.0042841842199214,0.0835415922884684,0.1606569082470546,0.0,-0.0104936476927549,0.0079411162684622,0.0017127399191474,-3.4991723887296986e-05,0.0056679806117676,-0.0003408049402986,0.0045560466973604,0.0155207251107872,-3.4496711494133017e-06,-0.0002670258337104,0.0044324780624055,26.333333333333332,1
01300730,Drontheimer Straße,01 - Mitte,12.0,0.9579999999999096,0,4.043782304651869,876.9540285555904,-0.6496666626821659,0,1.0,8.513225904530252,0.0,0.4241410763149894,0.1343873517786561,0.2024931590148981,0.2040133779264214,0.0255396777135907,0.0,0.0072970507753116,1,Drontheimer Straße,3184.0,0.482,0.002,0.589,0.016,0.822,0.014,0.219,0.004,-0.011,-0.002,0.281,-0.018,0.06,-0.005,6.0,0.7339715694807079,0.0429358862779228,0.0649779735682819,0.5042372881355932,0.0,0.1106828193832599,0.158590308370044,0.3459459459459459,-0.0008774367497193,0.0096126079046747,0.0010952016597612,-0.0002583023602181,-0.0008182731496187,0.0014959217354138,-0.0010379053936545,0.0073038314210018,-0.0011948067710497,0.0007250872626089,0.0014115062608628,39.333333333333336,1
01300731,Koloniestraße,01 - Mitte,16.5,1.3449999999998172,0,2.933761173504469,1188.113405381274,-0.4956932776458753,0,0.7358472744624157,8.480403392161357,0.0,0.4856749942699977,0.1203300481320192,0.3195049278019711,0.0174192069676827,0.037818015127206,0.0,0.0199404079761631,1,Koloniestraße,3349.0,0.51,0.027,0.621,0.013,0.843,0.006,0.227,0.066,-0.009,0.002,0.212,-0.051,0.047,-0.006,4.0,0.755024443237371,0.0312330255296034,0.0594187856772184,0.4148471615720524,0.0,0.1074208614426569,0.1681370005189413,-0.2393822393822393,-0.0028064093124638,0.0044632719771081,-0.0006071241450063,0.0005813921573599,0.0050890856188728,-0.0014572238757635,0.0022925631949276,-0.0033355181676128,0.0,-0.0007307470956187,0.0020693737593335,38.166666666666664,1
01300732,Soldiner Straße,01 - Mitte,15.0,1.520999999999783,0,2.3778359511343803,1275.899324414735,-0.4870742586532096,0,0.723626927535017,8.289703315881328,0.0,0.5058900523560209,0.1215095986038394,0.2940663176265271,0.0329406631762652,0.0205061082024432,0.0,0.0235602094240837,1,Soldiner Straße,3570.0,0.485,-0.001,0.603,0.01,0.819,0.015,0.155,-0.01,-0.015,0.008,0.218,-0.058,0.054,-0.01,5.0,0.8546140452698782,0.0104468949506674,0.0487193763919821,0.36,0.0,0.1035634743875278,0.2087973273942093,-0.0687258687258687,0.0016368388078138,0.0102108376113184,-0.0014703159482818,-0.000805818481798,0.0003195549874784,6.212703050050129e-05,-0.0005045262388833,-0.0005811001008045,0.0,0.0009150446255139,0.0046491546686821,29.166666666666668,1
01300733,Gesundbrunnen,01 - Mitte,16.55,1.5439999999998015,0,1.468301951977889,1700.0,-0.3856624808119846,0,0.9456296456596184,8.464328899637243,0.0,0.4365175332527207,0.1269649334945586,0.2551390568319226,0.0514769390222836,0.0383485921575401,0.0,0.0910347210226291,1,Gesundbrunnen,3693.0,0.479,-0.008,0.596,0.008,0.837,0.008,0.159,0.002,-0.025,-0.003,0.207,-0.032,0.045,-0.004,5.0,0.7417880121909922,0.0345411445987131,0.0858610174931792,0.3813084112149533,0.0048146364949446,0.1030332209918151,0.1598459316321617,-0.2393822393822393,0.0202960612399437,0.0040550109395545,0.0014440457869779,0.0001576151643657,0.0067757092089885,0.0018388120976709,-0.0021500128976753,0.0031721726693121,-0.0001194178770708,0.0017118403251908,0.0019376714347303,89.16666666666667,1
01300834,Brunnenstraße,01 - Mitte,9.36,0.293999999999933,0,2.860715960606534,2413.493123918108,-0.3186563390692571,0,0.8430631642927654,4.220728466468657,0.0,0.0359543536032515,0.0,0.4247303423479756,0.4164452086915742,0.0,0.0297014225418164,0.0934813193684539,1,Brunnenstraße,3780.0,0.42,-0.008,0.5,0.02,0.767,0.017,0.112,-0.001,-0.005,-0.009,0.239,-0.034,0.058,-0.004,4.0,0.8334942084942085,0.0115830115830115,0.0472769409038238,0.3235294117647059,0.0027809965237543,0.0945538818076477,0.1904982618771726,-0.0903474903474903,-0.0055158269663834,0.001632573731741,0.0007750162104846,-9.190196288918986e-05,0.0065195936723483,-0.000324823089347,-0.0016943147220794,-0.0053346426843356,1.583215803062228e-05,-0.0001710477507827,0.0031523947076029,34.0,1
01300835,Humboldthain Süd,01 - Mitte,7.76,0.4669999999999056,0,1.74110522331567,2400.020303551836,-0.3184540269136551,0,0.4435540199549748,1.7032551097653292,0.0,0.0887585162755488,0.0005677517032551,0.563777441332324,0.1989023467070401,0.0456093868281604,0.0,0.1040878122634367,1,Humboldthain Süd,3634.0,0.443,0.016,0.537,0.006,0.832,0.015,0.148,0.008,-0.026,-0.014,0.167,-0.034,0.048,-0.007,6.0,0.6781500707881076,0.1116092496460594,0.0370789057200994,0.2926829268292683,0.0013565453312231,0.0908885371919511,0.151933077096993,0.0764478764478764,-0.0158137475838072,0.0063059616576527,0.0015330649706195,0.0004660310925454,0.0166225752940387,0.0031033364864788,0.0022024835327565,-0.0147252109043195,3.440839232666566e-06,-0.0007818671121591,0.0030910387212699,27.333333333333332,1
01300836,Humboldthain Nordwest,01 - Mitte,19.0,2.2299999999995985,0,4.070609932815176,1699.7613318193085,-0.385844295895535,0,0.6244002049461177,24.370965617178236,0.0,0.4041628243973126,0.0226584112765116,0.3216967461467527,0.1291002502964036,0.0266104597549729,0.0025029640363588,0.0934000790409695,1,Humboldthain Nordwest,3710.0,0.51,0.003,0.621,0.02,0.844,0.009,0.19,0.008,-0.015,-0.006,0.222,-0.039,0.039,-0.007,4.0,0.7854117647058824,0.0332235294117647,0.059079771304111,0.4331797235023041,0.0028133224430529,0.0925673836101279,0.1796896270078954,0.1420849420849421,-0.0225585763585781,0.0045684884989533,0.0010886673144104,0.0005615376251536,-0.0022119338756209,0.0011819535041958,0.0050093327374196,-0.0297454365999598,-0.000188471052707,-0.0008702791821182,0.0011242105979055,108.5,1
01400937,Afrikanische Straße,01 - Mitte,16.86,1.4419999999998985,0,2.3775100401606424,1035.7708954461143,-0.3604785698617586,0,0.2055139083835472,3.21285140562249,0.0,0.1837751004016064,0.5908433734939759,0.193574297188755,0.01429718875502,0.0094779116465863,0.0,0.0078714859437751,1,Afrikanische Straße,3519.0,0.457,0.03,0.662,0.012,0.874,0.01,0.164,0.025,-0.005,0.009,0.142,-0.032,0.044,-0.007,5.0,0.8178233438485805,0.0254994742376445,0.0531561461794019,0.5336538461538461,0.0030667007411193,0.1104012266802964,0.1533350370559673,0.2586872586872587,0.0018957336115008,0.0058675221261738,0.0021375928450355,-0.0002832370087726,0.0002419779253967,-0.0004165715990641,-0.0006630737617877,0.0012844373465247,-0.0016508341125858,-0.0001251455562069,0.0031515919350879,34.666666666666664,1
01400938,Kameruner Straße,01 - Mitte,15.0,0.7149999999999147,0,1.8889970788704964,1358.259526742328,-0.3712064484672923,0,0.3959259938817097,8.373904576436221,0.0,0.5822784810126582,0.0498539435248296,0.2607594936708861,0.0720545277507302,0.0148003894839337,0.0007789678675754,0.0192794547224926,1,Kameruner Straße,3884.0,0.515,0.014,0.641,0.016,0.873,0.005,0.194,0.027,-0.012,0.001,0.139,-0.036,0.033,-0.005,5.0,0.778960396039604,0.018069306930693,0.0708195168166745,0.3244147157190635,0.0,0.1009000473709142,0.1747986736144007,0.2293436293436293,-0.0028404757057488,0.0082208693366106,-2.0734514873753292e-06,7.256731818389377e-05,-0.0040291403436987,-0.0011522205915775,0.004159755268406,0.0227019501206597,0.0,0.0014635261323941,0.0030335947285946,49.833333333333336,1
01400939,Glasgower Straße,01 - Mitte,17.5,1.574999999999773,0,2.655150351887396,1416.519631691536,-0.4387480566921009,0,0.6290766503542101,7.037747920665387,0.0,0.5588611644273832,0.2655150351887396,0.1142034548944337,0.0102367242482405,0.009916826615483,0.0,0.0409468969929622,1,Glasgower Straße,3781.0,0.504,0.007,0.653,0.005,0.868,0.003,0.229,0.041,-0.019,0.0,0.168,-0.008,0.041,-0.002,5.0,0.762285257690771,0.009588493807431,0.1025543271063667,0.2713754646840148,0.0068623713305375,0.0823484559664506,0.1692718261532596,0.0,-0.0004484920509727,0.0068368498149071,-0.0010499981372818,-0.0005006343789711,0.0023323178503381,-0.0012526907592672,0.006640307844043,-0.0418794933809249,-0.0001119189618551,-1.998659482254028e-06,0.0047217985722501,44.833333333333336,1
01400940,Schillerpark,01 - Mitte,9.78,0.6629999999998913,0,2.9831387808041505,535.0156456390855,-0.6254931487022438,0,1.0,2.594033722438392,0.0,0.0093385214007782,0.1761348897535668,0.7714656290531777,0.0223086900129701,0.001556420233463,0.0,0.0194552529182879,1,Schillerpark,3431.0,0.379,0.03,0.573,-0.007,0.82,-0.015,0.131,0.02,0.027,0.012,0.152,-0.014,0.061,-0.001,4.0,0.8662295081967213,0.0275409836065573,0.0191326530612244,0.6,0.0076530612244897,0.1262755102040816,0.1607142857142857,0.1073359073359073,0.0075103532702265,0.0028292862535493,-0.0026037693331272,-0.0003457887898858,0.0047525478792043,-0.0012709719933052,-0.0055197833272556,0.0767567567567567,0.0016147677758714,0.00104358096638,0.0034648944083398,5.0,1
01400941,Londoner Straße,01 - Mitte,17.5,1.716999999999705,1,2.3485204321277595,580.9412311087476,-0.5431019800632095,0,1.0,2.3485204321277595,0.0,0.0338186942226397,0.1775481446688586,0.7646782527007985,0.0117426021606387,0.0108031939877876,0.0,0.0,1,Londoner Straße,3538.0,0.366,0.035,0.62,0.012,0.872,-0.002,0.169,0.026,-0.014,-0.027,0.105,-0.035,0.039,0.001,5.0,0.7877697841726619,0.0335731414868105,0.0414269275028768,0.3333333333333333,0.0,0.1173762945914844,0.1657077100115074,0.1907335907335907,-0.0219103259411587,0.0174394573283486,0.0016844652176377,-0.0023680559304742,0.0268027511768064,-0.0020301753453515,0.0083467968969278,-0.0641662070233499,-0.0028730930684093,-0.0028427485706924,0.0029273293552723,6.0,1
01400942,Westliche Müllerstraße,01 - Mitte,14.26,0.9169999999998436,0,1.944620587613612,1471.6698644765772,-0.3942269827896448,0,0.7162910287825525,13.316423589093214,0.0,0.5821179454660749,0.2077784823504544,0.0708095540054956,0.0682730923694779,0.0238850137391671,0.0,0.0481927710843373,1,Westliche Müllerstraße,4018.0,0.538,-0.001,0.677,0.012,0.887,0.005,0.217,0.016,-0.043,-0.023,0.144,-0.028,0.031,-0.004,5.0,0.7753699788583509,0.0190274841437632,0.0920398009950248,0.4189189189189189,0.0,0.1059701492537313,0.1805970149253731,-0.0478764478764478,5.670159467082735e-05,0.0075168313818854,0.0009252202506469,-0.0006967704955467,0.0093763539409287,-0.0008450468159341,0.0022925611584433,0.0029481212075241,0.0,0.0015010952489178,0.0039090678901881,61.666666666666664,1
01401043,Antonstraße,01 - Mitte,17.0,2.669999999999555,1,0.9931895573212258,1700.0,-0.3856624808119846,0,0.9831174199215144,7.377979568671964,0.0,0.4940408626560726,0.02894438138479,0.1730987514188422,0.2202043132803632,0.054199772985244,0.0,0.028660612939841,1,Antonstraße,3492.0,0.467,-0.004,0.582,0.012,0.835,0.013,0.177,0.029,-0.014,0.001,0.226,-0.044,0.041,-0.014,5.0,0.7836981566820277,0.0299539170506912,0.069742198100407,0.4513618677042801,0.0,0.1253731343283582,0.146540027137042,0.0,0.0009426754922223,0.0073158389286396,0.000586659389435,0.0010467958800851,0.0163473665329172,0.000598645250754,0.0022913619212861,0.002513303143104,-9.024049090827028e-05,0.0028092635978226,0.002790331070183,42.833333333333336,1
01401044,Uferstraße,01 - Mitte,14.55,1.088999999999816,0,2.245814618211514,1699.9731107429636,-0.3856714327937157,0,0.985831110115836,10.41241322988975,0.0,0.4438546345447121,0.0132707227439771,0.3830134748877092,0.1124948958758677,0.0036749693752552,0.0,0.0430788076766026,1,Uferstraße,3527.0,0.512,-0.0,0.64,0.019,0.85,0.01,0.19,0.027,-0.013,0.011,0.23,-0.032,0.042,-0.004,5.0,0.8067340067340067,0.0199775533108866,0.0620866225730744,0.2783505154639175,0.0025602730957968,0.1088116065713676,0.1817793898015788,0.0,0.0097161557008894,0.0020939257281542,-6.352331369989262e-05,0.0006523777749003,0.0076775923661972,-0.0014528168163086,0.0025562137157411,-0.0024308435309242,-1.3071278748597224e-05,0.0005822818586365,0.0038212719079304,48.5,1
01401045,Schwedenstraße,01 - Mitte,14.25,1.4279999999997477,0,1.4789533560864618,1695.830577131698,-0.3870567689354416,0,0.947797061308456,9.859689040576413,0.0,0.4429275692074327,0.0341296928327645,0.2332195676905574,0.0910125142207053,0.1213500189609404,0.0,0.0781190747061054,1,Schweden-straße,3383.0,0.504,-0.005,0.595,0.007,0.831,0.012,0.155,-0.023,-0.026,0.016,0.229,-0.044,0.043,-0.01,5.0,0.7112155809267965,0.0513767629281396,0.0849921011058451,0.3085501858736059,0.0056872037914691,0.0853080568720379,0.185781990521327,0.0625482625482625,-0.008357387858857,0.0095507719733848,0.0025016618292115,0.0008202201280029,0.006647176426521,0.0012549907610964,0.0043900727507788,-0.0002846448932632,0.0005608903942862,-0.0009928659985842,0.0043073397571762,44.833333333333336,1
01401046,Nordufer,01 - Mitte,16.32,1.5879999999997807,0,2.4535173471343685,1400.0,-0.4054651081081644,0,0.8526482122806851,8.242284838029518,0.0,0.6860264519838988,0.0191681042744872,0.1042744872532106,0.0776308223116733,0.0845313398504887,0.0065171554533256,0.0207015526164462,1,Nordufer,4050.0,0.559,-0.008,0.694,0.015,0.885,0.005,0.191,0.012,-0.016,-0.008,0.141,-0.008,0.032,-0.002,5.0,0.8412310698583293,0.0183194919394235,0.0751703077284472,0.5,0.0042283298097251,0.0930232558139534,0.2114164904862579,0.071042471042471,0.014041941835451,0.0070872855654771,0.0013215833021382,4.184616527425201e-05,0.0052999922336636,-0.0004158864269742,0.0008916510221101,0.0084514014401441,3.905768927241023e-05,0.0013004509410251,0.0047848257293281,53.333333333333336,1
01401047,Sparrplatz,01 - Mitte,22.0,3.022999999999653,0,4.339250493096647,1510.1200217556102,-0.4006353216365512,0,0.949979291698712,9.204470742932282,0.0,0.4564979180363795,0.0168748630287091,0.2316458470304624,0.064212141135218,0.0962086346701731,0.0,0.1341222879684418,1,Sparrplatz,3830.0,0.608,0.009,0.612,0.004,0.878,0.012,0.241,0.031,-0.035,0.009,0.163,-0.026,0.03,-0.006,4.0,0.773999537358316,0.0203562340966921,0.0708434801859641,0.33125,0.0039849457604604,0.1315032100951959,0.1726809829532875,-0.0494208494208494,0.0214049220591728,0.0005959428948116,0.0002166833377176,0.0005253167415294,0.0024446538503598,0.0013658085820925,0.0047134300867631,-0.0031571624674895,-0.0009550924372898,0.0009876843019193,-2.5416857543767698e-05,53.333333333333336,1
01401048,Leopoldplatz,01 - Mitte,17.01,1.596999999999738,0,2.203525641025641,1595.3530259868166,-0.4215654411404303,0,0.8880298373669522,5.608974358974359,0.0,0.6372195512820513,0.0470753205128205,0.2161458333333333,0.0616987179487179,0.0252403846153846,0.0,0.0138221153846153,1,Leopoldplatz,3824.0,0.56,0.013,0.656,0.014,0.88,0.008,0.225,0.047,-0.027,-0.004,0.176,-0.041,0.03,-0.009,6.0,0.732200647249191,0.0461165048543689,0.0690448791714614,0.2666666666666666,0.001150747986191,0.0771001150747986,0.1277330264672037,0.1366795366795367,-0.0009640793341809,0.0054969506365542,0.0010563730645421,2.124243826787677e-06,0.0085041828705209,0.0013393951866509,0.0019993186632783,-0.0258053514612493,-2.469567124342657e-05,-0.0012475630008673,0.001507048313015,60.0,1
01401049,Schulstraße,01 - Mitte,10.86,0.6569999999999073,0,1.3789299503585215,754.9291715148645,-0.6707415881387269,0,1.0,3.033645890788748,0.0,0.5708769994484281,0.0071704357418643,0.3033645890788748,0.0397131825703254,0.078323221180364,0.0,0.0,1,Schulstraße,3536.0,0.418,-0.015,0.644,0.022,0.872,0.016,0.156,-0.016,-0.004,-0.003,0.242,-0.026,0.046,-0.005,5.0,0.7918103448275862,0.0189655172413793,0.0982253404869995,0.5714285714285714,0.0,0.094098225340487,0.1683862979777136,-0.1884169884169884,-0.0156339830059318,0.0079300873341661,0.0010771589090568,1.1103531198836896e-05,0.0004575984977202,0.0004598046778329,-0.0011458330469499,0.0213478664595395,0.0,-0.0009533337823811,0.0020697309772701,39.666666666666664,1
02100101,Askanischer Platz,02 - Friedrichshain-Kreuzberg,16.5,0.4859999999999114,0,7.503192848020435,2700.0,-0.3930425881096072,0,0.6386520889645622,27.139208173690932,0.0,0.0999361430395913,0.0047892720306513,0.6069604086845466,0.1369731800766283,0.0727969348659003,0.0009578544061302,0.0772669220945083,1,Askanischer Platz,4313.0,0.523,0.019,0.565,-0.021,0.839,0.008,0.324,0.162,0.051,0.074,0.196,-0.016,0.038,-0.003,5.0,0.536144578313253,0.1005354752342704,0.0305277468792485,0.6396761133603239,0.0194042763564454,0.1008527994067482,0.1045606229143492,0.0,-0.0156914498156462,-0.0036750939627861,0.0021582743663001,-0.0001025643179207,0.0208045238783445,0.0004183651657483,-0.0012341139773076,-0.0101550434051852,0.0012248999949626,-0.0007673966572861,0.0015982588992479,41.166666666666664,1
02100102,Mehringplatz,02 - Friedrichshain-Kreuzberg,8.4,0.2039999999999294,0,4.634624816086317,2699.9947535762813,-0.3930445312313909,0,0.7233711185361142,17.165277096615988,0.0,0.0814124570868072,0.0213339872486513,0.6284943599803825,0.0904855321235899,0.0895046591466405,0.0308974987739087,0.0573810691515448,1,Mehringplatz,3940.0,0.45,0.006,0.54,0.008,0.808,0.008,0.17,0.014,-0.026,-0.01,0.245,-0.028,0.051,-0.002,8.0,0.4640838557188367,0.0925906895488644,0.0475634665888532,0.6073619631901841,0.0058360081704114,0.0898745258243361,0.0887073241902538,0.7351351351351352,-0.0284725251690631,0.0012565260982285,-0.0013322665116469,-0.0012308205287322,-0.00703174640918,9.48551118620093e-05,-0.0035558429942995,0.0068078849412826,-0.000735207789415,0.0045924660527985,0.0011821055202264,81.5,1
02100103,Am Berlin Museum,02 - Friedrichshain-Kreuzberg,12.71,0.7029999999999359,1,0.984251968503937,2569.037587096133,-0.4427630120769371,0,0.7921577573496625,9.448818897637794,0.0,0.0496062992125984,0.0,0.5488188976377952,0.3129921259842519,0.0783464566929133,0.0,0.0090551181102362,1,Am Berlin Museum,4034.0,0.451,0.016,0.57,0.02,0.817,0.018,0.158,0.016,-0.021,-0.013,0.22,-0.032,0.042,-0.011,5.0,0.7235673930589185,0.0669895076674737,0.0516981132075471,0.5182481751824818,0.0113207547169811,0.0973584905660377,0.1516981132075471,-0.1776061776061776,-0.000449384067108,0.0114103526480541,-0.0005602938190852,-8.03033727634074e-05,0.0202438760136285,-0.0013339040395089,0.0011644927773864,-0.0189519887591152,0.0017779995175218,0.0028624064560339,0.0039129571945623,22.833333333333332,1
02100104,Moritzplatz,02 - Friedrichshain-Kreuzberg,11.2,0.7719999999997889,1,0.7226013649136892,2458.055275858986,-0.5107719196414406,0,0.7122953318273982,10.437575270975511,0.0,0.1364913689281413,0.0,0.7462866318747491,0.0578081091930951,0.0602167804094741,0.0012043356081894,0.0,1,Moritzplatz ,3538.0,0.429,0.008,0.586,0.017,0.822,0.009,0.168,0.008,-0.009,-0.01,0.21,-0.058,0.042,-0.007,7.0,0.4967010309278351,0.1416494845360824,0.0558870326173428,0.4519572953736654,0.0013922036595067,0.0596658711217183,0.1014319809069212,0.4949806949806949,-0.0349043570224332,0.0068032829742503,0.0024001762765387,0.0021890950738088,0.0143665626868823,0.0081523351134224,0.0038503308930856,-0.0166516909543102,0.0001100813529247,-0.001665473657661,0.0017589874934513,46.833333333333336,1
02100105,Prinzenstraße,02 - Friedrichshain-Kreuzberg,9.39,1.3769999999997076,0,1.7454706142288996,2428.379341290139,-0.5108107473007503,0,0.9878366249762426,7.291206363234644,0.0,0.0996464869642068,0.0019885108263367,0.8252319929297393,0.0247459125055236,0.0,0.046177640300486,0.0015466195315952,1,Prinzenstraße,3517.0,0.428,0.002,0.564,0.027,0.819,0.02,0.127,0.009,-0.019,-0.008,0.252,-0.046,0.051,-0.01,5.0,0.7723146747352496,0.0226928895612708,0.0340112201963534,0.1855670103092783,0.0042075736325385,0.1030855539971949,0.1283309957924263,-0.0849420849420849,0.0235219479565664,0.0065766428023065,-0.000448940101341,0.0009369009552999,0.022646854033096,-0.0020396835232927,0.0016411945542883,0.0063151788782041,0.0005557899126424,0.003072235990757,0.0018988236827889,16.166666666666668,1
02100106,Wassertorplatz,02 - Friedrichshain-Kreuzberg,7.08,-0.2280000000000035,1,1.1638733705772812,2413.0765473287547,-0.5100326537603088,0,0.6662829527396057,15.363128491620111,0.0,0.2234636871508379,0.0,0.5991620111731844,0.148510242085661,0.0046554934823091,0.0232774674115456,0.0,1,Wassertorplatz,3622.0,0.412,-0.005,0.578,0.008,0.821,0.006,0.103,-0.004,-0.007,0.008,0.256,-0.038,0.045,-0.004,7.0,0.6831588962892483,0.0784966698382492,0.0577010449795547,0.5511811023622047,0.0,0.0681508405270331,0.1581099500227169,0.4988416988416988,-0.0046721326112061,-0.0048750396683525,0.001139144503411,-0.0006105581215315,0.0040241058550718,-0.0042079919245673,0.0052436753680431,0.0040674992355664,0.0,-0.000544934124017,0.0042833273612203,21.166666666666668,1
02200207,Gleisdreieck,02 - Friedrichshain-Kreuzberg,24.67,1.5469999999998294,0,1.0101010101010102,3274.0904146701755,-0.4329622875004063,0,0.1221847983277524,17.447199265381084,0.0,0.2690541781450872,0.0,0.0707070707070707,0.0,0.0101010101010101,0.0,0.6483011937557392,1,Gleisdreieck,6347.0,0.426,-0.035,0.4,-0.014,0.755,-0.011,0.274,0.08,-0.011,-0.063,0.027,-0.004,0.035,0.006,5.0,0.5891517599538373,0.0905943450663589,0.0513100436681222,0.7659574468085106,0.0163755458515283,0.0524017467248908,0.1015283842794759,0.3752895752895753,-0.0457481804192281,0.0088533338937647,0.0003010378126223,1.6792550956599833e-05,0.0272352491907709,-0.0074687774266689,0.0012991922864077,-0.0237286265857694,-0.0034557860099205,-0.0033873635192847,0.0008437706722225,15.666666666666666,1
02200208,Rathaus Yorckstraße,02 - Friedrichshain-Kreuzberg,14.29,1.269999999999817,1,2.2446324007807417,2984.9431840046327,-0.4000727745030084,0,0.8292819925338165,21.47039687703318,0.0,0.6109303838646715,0.0084580351333767,0.3051398828887443,0.0712426805465192,0.0022771633051398,0.0,0.0022771633051398,1,Rathaus Yorckstraße,4549.0,0.443,0.001,0.639,0.001,0.857,0.011,0.197,0.025,-0.031,-0.002,0.108,-0.016,0.038,-0.009,7.0,0.6256506350197794,0.0682906516760358,0.0437093916125221,0.5540540540540541,0.0139791297499507,0.0637920850561134,0.132309509746013,0.4115830115830116,-0.0055688968901684,0.0051803882385696,0.0012332179117634,0.0014460383321008,0.0135908865713305,0.000254109675891,-0.0006689978849377,-0.01041965492807,0.0004040218201144,-0.0004835612361471,0.0037929314187676,37.0,1
02200209,Viktoriapark,02 - Friedrichshain-Kreuzberg,22.43,2.2859999999996385,0,2.6906569825024764,3006.2967301701487,-0.3634878382338722,0,0.7411724255745791,18.983162759986794,0.0,0.6645757675800594,0.0004952129415648,0.2672499174645097,0.0231099372730274,0.017992736876857,0.0097391878507758,0.0160118851105975,1,Viktoriapark,4777.0,0.44,-0.012,0.636,-0.0,0.85,0.01,0.157,-0.005,-0.004,0.019,0.077,-0.007,0.033,-0.003,6.0,0.6679750634957284,0.0337104594781805,0.0540103492884864,0.5768463073852296,0.0077619663648124,0.0815006468305304,0.1209573091849935,0.1528957528957529,0.0005478464745183,0.0065556086257665,0.0014114331869908,-0.000155581913883,0.0128076006476394,-3.629309424414934e-05,0.0022674925607626,0.0114053952218041,0.000249022637148,-0.0008807400329735,-0.0007709636342358,83.5,1
02200210,Urbanstraße,02 - Friedrichshain-Kreuzberg,17.99,1.064999999999808,0,1.9944273353864204,3474.837017691258,-0.2565309265685606,0,0.7124200521566821,22.58395659187564,0.0,0.6889573251209855,0.0121718727086083,0.2390379821088136,0.0341692330253702,0.0021997360316761,0.0080656987828127,0.0146649068778413,1,Urbanstraße,4557.0,0.458,-0.015,0.668,0.01,0.87,0.009,0.183,0.011,-0.026,0.001,0.089,-0.012,0.033,-0.006,7.0,0.722162032021187,0.0446611291681714,0.0491616288354055,0.4686774941995359,0.00741416676172,0.058172693053496,0.1355081555834378,0.3714285714285714,-0.0182101956793437,0.0128779731224797,0.0003690240637278,-0.0003289974852642,0.0104266910385457,0.0003315699570335,0.0031278650873452,-0.0318869270242182,-0.00016569636616,0.0003139107711005,0.0027034420129803,71.83333333333333,1
02200211,Chamissokiez,02 - Friedrichshain-Kreuzberg,15.47,0.6739999999999486,0,1.8970189701897016,3999.587983316056,-0.1178860451326634,0,0.5557551654543893,14.728408153646754,0.0,0.8113585483680924,0.0214445622717096,0.125957346529987,0.0129609991752091,0.021680216802168,0.0,0.0065983268528337,1,Chamissokiez,4682.0,0.435,0.002,0.653,0.0,0.867,0.01,0.142,0.011,-0.01,0.006,0.079,-0.019,0.036,-0.008,7.0,0.6649572649572649,0.0529914529914529,0.0937207919109525,0.5639165911151405,0.0039935423570396,0.0764720876879938,0.1294927351516696,0.0,0.0021192360422911,0.0088308344323111,0.0020447624329426,0.0020914315083077,0.0091197614624591,-0.0007821652749236,0.0030817281270798,0.0045306029111015,-0.0002878244193618,0.0010134182241853,0.0029477304626721,183.83333333333337,1
02200212,Graefekiez Süd,02 - Friedrichshain-Kreuzberg,17.89,1.4539999999998434,0,1.57102334715252,3505.0104301389074,-0.2498708678731135,0,0.9997686214150728,15.273838097316167,0.0,0.6109535238926468,0.0050185468034038,0.1797948941741217,0.1865590224743617,0.0089461051712851,0.0082915121099716,0.0,1,Graefekiez Süd,4461.0,0.427,-0.017,0.624,0.005,0.831,0.006,0.131,-0.014,-0.019,-0.002,0.144,-0.03,0.044,-0.007,5.0,0.6908653019095131,0.0352657835885085,0.0680250280763677,0.660377358490566,0.0040109096743141,0.0798973207123375,0.1415048933098026,0.1250965250965251,-0.0289970695709056,0.0026143946111378,-9.212064513072872e-05,-0.0002743390540356,0.0087910719892826,-0.0005567170689711,0.0028321110994742,0.0264103311308328,0.0009504796145251,-0.0011072603369165,0.0023157969342155,70.66666666666667,1
02200213,Graefekiez Nord,02 - Friedrichshain-Kreuzberg,21.27,1.89199999999974,0,2.1514629948364887,3476.068571875136,-0.2557841913366742,0,0.7924198569636307,24.096385542168676,0.0,0.767986230636833,0.0235800344234079,0.1619621342512908,0.0375215146299483,0.0043029259896729,0.0,0.0036144578313253,1,Graefekiez Nord,4786.0,0.454,-0.022,0.67,0.007,0.86,0.006,0.174,0.013,-0.023,0.0,0.085,-0.029,0.036,-0.005,7.0,0.702828409805154,0.0461345065996228,0.0997154375148209,0.5219976218787158,0.0035570310647379,0.0618923405264405,0.1294759307564619,0.4602316602316602,-0.0055996630898739,0.0069210764547282,0.0015557189646472,2.4474168743543334e-06,0.0125703046869275,0.0007042327006166,0.0033326424238465,-0.0102351715888883,-2.8814961717021743e-05,-0.0008319530858968,0.0019978662448649,140.16666666666666,1
02300314,Oranienplatz,02 - Friedrichshain-Kreuzberg,14.04,2.203999999999676,1,1.278843480678343,3001.3195223100724,-0.4846606410648344,0,0.9770568048725062,23.908812899638587,0.0,0.7178204058938004,0.0061162079510703,0.1845982763413956,0.0834028356964136,0.0033361134278565,0.0016680567139282,0.0030581039755351,1,Oranienplatz,3688.0,0.4,-0.027,0.641,0.003,0.864,0.011,0.124,-0.002,-0.001,0.012,0.192,-0.024,0.045,-0.003,7.0,0.5463130120816553,0.0895708929315372,0.1103621464446206,0.4467065868263473,0.0023790642347343,0.0737509912767644,0.1038858049167327,0.4208494208494209,-0.0135010746203123,0.0057454419111505,0.000253292787262,7.181052812282242e-05,0.0116988352181147,0.0020471682947479,0.0021826763043657,0.004153925295724,-2.3130341552815817e-06,0.0006493882934814,0.0012464222454538,139.16666666666666,1
02300315,Lausitzer Platz,02 - Friedrichshain-Kreuzberg,15.0,0.5600000000000155,0,2.891278375149343,3000.0000000000005,-0.4454150088926003,0,0.9999778528929368,19.832735961768226,0.0,0.5842293906810035,0.0231780167264038,0.2886499402628434,0.0888888888888888,0.005973715651135,0.007168458781362,0.001194743130227,1,Lausitzer Platz,4042.0,0.43,-0.016,0.646,0.006,0.855,0.012,0.154,-0.002,-0.017,0.013,0.144,-0.053,0.046,-0.005,6.0,0.6796218487394958,0.0498949579831932,0.1132988486567662,0.5478645066273933,0.0038378107792424,0.084098114466878,0.1281495077590522,0.2262548262548262,-0.0003182179041404,0.0046579901508987,0.0007299556881966,-0.0010558124165877,0.0132666550968769,0.0001992045411536,0.0017626671471234,0.0110845723291183,0.000669782945436,0.0003418690172479,0.0008597527833103,113.16666666666669,1
02300316,Köpenicker Straße,02 - Friedrichshain-Kreuzberg,18.89,1.6819999999998485,1,0.6229235880398671,3000.280845102675,-0.4054662636262966,0,0.6626594685666853,25.74750830564784,0.0,0.4759136212624584,0.0,0.4555647840531561,0.0477574750830564,0.0,0.0024916943521594,0.0157807308970099,1,Köpenicker Straße,4138.0,0.428,-0.017,0.663,0.006,0.86,-0.002,0.134,-0.016,-0.01,-0.025,0.13,-0.032,0.046,-0.003,7.0,0.5755582137161085,0.1200159489633173,0.0425371729719555,0.4646017699115044,0.0011293054771315,0.080180688876341,0.0846979107848673,0.0,-0.0128178990009814,0.0049382576815718,0.0018032606691679,0.0004839880576474,0.0121866092037511,0.0011128867917371,0.0019203061227667,-0.0134751279600813,-1.5506603827288487e-05,-0.0023090918948126,0.0010491076564763,37.666666666666664,1
02300417,Reichenberger Straße West,02 - Friedrichshain-Kreuzberg,20.0,1.5739999999997865,0,1.738313366220343,2950.128268113959,-0.4129338526550913,0,0.9573646866965044,27.48414376321353,0.0,0.6445853887714352,0.0204369274136716,0.2372562837679116,0.079163730326521,0.0070472163495419,0.0007047216349541,0.0101010101010101,1,Reichenberger Straße West,4326.0,0.469,-0.015,0.645,-0.011,0.853,0.0,0.177,0.023,-0.008,0.015,0.158,-0.009,0.043,-0.005,6.0,0.6707336396767549,0.0408810014260814,0.0958863126402393,0.5725429017160687,0.0037397157816005,0.0843679880329095,0.1166791323859386,0.0,-0.004450576407561,0.0065669447459406,0.0014984127084133,0.0001633868138043,0.0091623506644842,-0.0023025400465313,0.0017417873921013,-0.010752542043451,0.0001533907627659,0.0005592365380446,0.0023246759941659,106.83333333333331,1
02300418,Reichenberger Straße Ost,02 - Friedrichshain-Kreuzberg,21.31,1.2679999999997733,0,2.096627164995442,2999.479375647288,-0.4054537457466371,0,0.6699839691374865,31.449407474931633,0.0,0.6711485870556062,0.0175478577939835,0.2445305378304466,0.042616226071103,0.0082041932543299,0.0,0.0164083865086599,1,Reichenberger Straße Ost,4390.0,0.464,-0.009,0.687,0.008,0.874,0.005,0.182,0.018,-0.016,0.003,0.11,-0.024,0.04,-0.002,6.0,0.672372475179733,0.0503252310852447,0.0543992431409649,0.6173913043478261,0.0009460737937559,0.0766319772942289,0.1267738883632923,0.0,-0.0085801214512832,0.003509617991346,-0.0003563317620425,-0.0005907362438614,0.0118420962573854,0.0004432539384198,0.0027537185201306,0.0202720772273795,-6.21328641396602e-06,-0.0015679554932255,0.0014586934243083,57.5,1
02300419,Wrangelkiez,02 - Friedrichshain-Kreuzberg,18.39,1.5809999999997877,0,1.7630465444287728,3000.0,-0.4054651081081644,0,0.7156149986197246,24.68265162200282,0.0,0.7667489421720733,0.0121650211565585,0.1914668547249647,0.0151622002820874,0.0068758815232722,0.0054654442877291,0.001410437235543,1,Wrangelkiez,4165.0,0.486,-0.022,0.683,-0.003,0.881,0.009,0.163,0.008,-0.022,0.007,0.098,-0.031,0.032,-0.008,6.0,0.6452825888787602,0.0730401093892434,0.0998411858125992,0.5026511134676565,0.0038115404976177,0.0743250397035468,0.1391212281630492,0.1853281853281853,0.0014595112548977,0.0075960292673938,0.0004197774720212,0.0010228598320493,0.004225241886582,0.0008176798608706,0.0015170225961038,-0.0100501614673641,0.0012830400659169,-0.0004055566847838,0.0024362018853619,157.16666666666666,1
02400520,Barnimkiez,02 - Friedrichshain-Kreuzberg,12.09,-3.017397592328451e-13,0,1.8282166264229045,2400.6929692199637,-0.5083500062664597,0,0.3139937631079538,8.968609865470851,0.0,0.0755432907899275,0.0,0.8009658502932046,0.0786478095895136,0.0068989306657468,0.0,0.0403587443946188,1,Barnimkiez,3751.0,0.369,0.039,0.544,0.012,0.826,-0.004,0.137,-0.008,0.021,-0.026,0.098,-0.012,0.061,-0.009,5.0,0.6927405740011255,0.0782217220033764,0.044420941300899,0.6428571428571429,0.0158646218931782,0.0761501850872554,0.1554732945531464,-0.2725868725868726,-0.0017357207956006,-0.0038128066475915,-0.0019111476765651,-0.0014730586070908,0.0153318460914127,-0.0015839672408882,0.0009530153385347,-0.0244105958391672,-0.0002331277692007,-0.0009064274668525,0.0034557016893644,14.0,1
02400521,Friedenstraße,02 - Friedrichshain-Kreuzberg,25.93,3.184999999999621,0,1.7716535433070866,2405.7401144035466,-0.4864985339859671,0,0.7262136405495555,14.873140857392825,0.0,0.1994750656167979,0.0172790901137357,0.5135608048993876,0.0918635170603674,0.0678040244969378,0.0247156605424321,0.0857392825896763,1,Friedenstraße,4638.0,0.494,0.009,0.596,-0.021,0.834,-0.014,0.15,-0.01,0.013,0.021,0.075,-0.012,0.048,-0.001,5.0,0.7350816162697351,0.0508429221300508,0.0313141683778234,0.6967213114754098,0.0061601642710472,0.0893223819301848,0.1478439425051334,-0.233976833976834,-0.0019880910968308,0.0085985714112282,0.0020643480975389,0.0007654981579268,0.004351852917258,0.0028153123130936,0.0014012711868382,0.0156971215573604,1.0387586757772846e-05,0.001001260127916,0.0028147201409126,20.333333333333332,1
02400522,Richard-Sorge-Viertel,02 - Friedrichshain-Kreuzberg,16.82,0.5830000000000093,0,1.30997715156131,3290.9196224248512,-0.4091191033175743,0,0.9938894503150916,13.709063214013709,0.0,0.4108149276466108,0.0038080731150038,0.3661843107387661,0.0522467631378522,0.0828636709824828,0.045087585681645,0.0388423457730388,1,Richard-Sorge-Viertel,4693.0,0.496,-0.02,0.636,0.008,0.84,0.001,0.168,0.01,0.015,0.016,0.055,-0.011,0.042,-0.002,5.0,0.7696806828959848,0.0248182105595953,0.0411951109099139,0.652014652014652,0.0027161611588954,0.0832956088727931,0.1493888637392485,-0.1683397683397683,-0.0009331338410747,0.0035178355320904,0.000191869852642,-0.0001021365241468,0.0034433652837538,0.0005729393036185,0.0013696708973206,0.0211314967659071,-2.2563031952119052e-05,-0.0028068504237293,0.0023435560094051,45.5,1
02400623,Andreasviertel,02 - Friedrichshain-Kreuzberg,20.0,1.006999999999567,0,1.4070906331907849,2399.947620007791,-0.5108174357529507,0,0.6596042678735689,10.208304593737068,0.0,0.0536625741481583,0.0,0.7595530417988688,0.0726996827148572,0.0041385018623258,0.0277279624775831,0.081804386811974,1,Andreasviertel,4160.0,0.502,0.028,0.57,-0.003,0.85,-0.001,0.169,0.008,0.01,0.009,0.108,-0.025,0.047,-0.007,6.0,0.679441923012271,0.0869053622457555,0.0536059240180296,0.3633633633633634,0.0069220862846104,0.0820991629104958,0.1139729555698647,0.0262548262548262,0.001689944066763,0.0059234094471,0.0040619804212866,0.0,0.0043811065355719,0.002239690648206,0.0037180341244278,-0.0045370576758159,0.0004545216468333,-0.0003157894519891,0.0018391754674972,55.5,1
02400624,Weberwiese,02 - Friedrichshain-Kreuzberg,21.69,2.694999999999617,0,1.7765042979942696,3431.812924204675,-0.3223173018871017,0,0.9873093342791642,17.621776504297994,0.0,0.3968481375358166,0.0107449856733524,0.4699140401146132,0.0434097421203438,0.0431232091690544,0.0120343839541547,0.0240687679083094,1,Weberwiese,4542.0,0.533,-0.007,0.647,0.006,0.878,0.004,0.268,0.055,-0.023,0.012,0.05,-0.009,0.031,-0.006,7.0,0.729271171437002,0.0472115668338743,0.0508192168841988,0.4371584699453552,0.0074979172452096,0.0783115801166342,0.1482921410719244,0.2216216216216216,0.0023319427166875,0.0104253467123538,0.0015029238418467,8.216982180865824e-05,0.0057044387639264,-0.0013624657912461,0.0014684264925015,-0.0293985889338365,-0.0001427436948582,0.0009067069364665,0.0033327447042571,61.0,1
02400625,Wriezener Bahnhof,02 - Friedrichshain-Kreuzberg,26.0,1.4829999999999832,0,1.8975332068311197,2436.5733350176088,-0.5023357251163215,0,0.0164138664509337,106.2618595825427,0.0,0.1726755218216318,0.0,0.0132827324478178,0.4174573055028463,0.0,0.0,0.396584440227704,1,Wriezener Bahnhof,5871.0,0.717,0.018,0.537,-0.016,0.868,-0.014,0.26,-0.03,-0.033,0.019,0.085,-0.092,0.028,0.003,7.0,0.4098654708520179,0.1982062780269058,0.1353529738743746,0.4188911704312115,0.0100055586436909,0.0633685380767093,0.0883824346859366,0.8123552123552125,0.0051649011214159,0.0005514665978947,0.0085312212786865,0.0050582112402336,-0.0013155250602965,0.0106301451557777,0.0030152129844612,0.0307526399775617,2.1287296884114743e-05,-0.0003093859441745,0.0011000858269891,81.16666666666667,1
02500726,Hausburgviertel,02 - Friedrichshain-Kreuzberg,18.7,1.8109999999997568,0,1.9793152639087015,3798.9269736729584,-0.3696821069149101,0,1.0,18.544935805991443,0.0,0.7243223965763196,0.0262125534950071,0.1553138373751783,0.0296005706134094,0.0256776034236804,0.0026747503566333,0.0361982881597717,1,Hausburgviertel,4423.0,0.576,-0.038,0.698,0.001,0.872,0.002,0.199,-0.007,-0.01,0.0,0.068,-0.023,0.036,-0.005,5.0,0.8350810295519543,0.0108674928503336,0.0362543268354891,0.4824120603015075,0.002186190562944,0.0874476225177628,0.1716159591911094,0.1065637065637065,-0.0076817100416135,0.0032381810469573,0.0019551737725073,0.0,0.0086781598963793,0.0008819245991853,0.0018665791689025,-0.0122653702865376,-0.0004971422156536,0.0011713315919709,0.0038044936620203,33.166666666666664,1
02500727,Forckenbeckplatz,02 - Friedrichshain-Kreuzberg,18.0,0.7979999999998945,0,1.5931721194879087,3660.50131266356,-0.3476402066719078,0,0.9999935211179652,20.76813655761024,0.0,0.4429587482219061,0.0307254623044096,0.2128022759601707,0.1749644381223328,0.0105263157894736,0.0073968705547652,0.1220483641536273,1,Forckenbeckplatz,4639.0,0.528,-0.041,0.66,0.005,0.849,0.001,0.19,0.012,-0.002,0.007,0.06,-0.024,0.041,-0.006,5.0,0.8246102449888641,0.028674832962138,0.0437648299499077,0.4698795180722891,0.0047455839704719,0.0933298180859478,0.1629317163195359,0.0386100386100386,0.0201895407480046,0.0047515175954294,0.0049887508957082,0.0,0.0135743533146807,-0.0015666967625339,-0.0022536471377189,-0.0315986701310076,0.0017020413607027,0.0025403546920335,0.0025168810865934,27.666666666666668,1
02500728,Samariterviertel,02 - Friedrichshain-Kreuzberg,17.96,0.915999999999858,0,1.347040056717476,4000.0258809830343,-0.3184409168407236,0,0.9999936938085168,12.761432116270823,0.0,0.7997164126196384,0.0295994328252392,0.0331442750797589,0.0060262318326834,0.0572492024104927,0.0026586316908897,0.0712513293158454,1,Samariterviertel,4908.0,0.553,-0.04,0.644,0.013,0.84,0.011,0.192,0.017,-0.016,-0.002,0.062,-0.011,0.047,-0.002,5.0,0.7978245105148658,0.0149383611312545,0.0667397560641359,0.5071868583162218,0.0049335343291763,0.0838700835959983,0.1578730985336439,0.0447876447876447,0.0043284937226732,0.0089095641700005,0.0027191582253107,-1.5297187746157836e-05,0.0102577282460753,-0.0011008624921938,7.971891138556891e-05,-0.0016881592162363,-0.0010386846347602,-0.001008602325879,0.0031761543133878,81.16666666666667,1
02500729,Pettenkofer Straße,02 - Friedrichshain-Kreuzberg,21.73,2.182999999999732,0,1.4564713670969878,3826.358465182188,-0.3194600003412432,0,0.6619492220562256,16.550810989738498,0.0,0.630254882489242,0.0089374379344587,0.0049652432969215,0.1307514068189341,0.07911287653095,0.0082754054948692,0.1390268123138033,1,Pettenkofer Straße,4935.0,0.527,-0.037,0.613,0.015,0.823,0.013,0.181,-0.016,-0.006,0.018,0.053,-0.022,0.039,-0.011,6.0,0.6942127215849844,0.0620437956204379,0.069560927479033,0.4858156028368794,0.0032067094227923,0.0917612234829797,0.1776023680315737,0.0301158301158301,1.1356435157716628e-05,0.0072049223239497,0.0047419792926928,0.0005025533258248,0.0184289290238371,0.0031516722821311,0.0038812200932774,-0.0012891641755374,-0.0003282786631879,0.0011838055657865,0.00399154992783,47.0,1
02500830,Niederbarnimstraße,02 - Friedrichshain-Kreuzberg,18.5,0.9359999999998224,0,1.9836136265631736,3880.5868320745503,-0.2649050882556389,0,0.9999999999998622,38.37861147046141,0.0,0.5403191030616645,0.0297542043984476,0.1591203104786546,0.0767572229409228,0.0892626131953428,0.0168175937904269,0.0840879689521345,1,Niederbarnim-straße,4810.0,0.563,-0.033,0.667,-0.018,0.87,-0.0,0.223,0.004,-0.026,-0.019,0.064,-0.013,0.038,-0.0,6.0,0.7379968203497616,0.0254372019077901,0.0846798324356672,0.4487632508833922,0.0047875523638539,0.0736086175942549,0.163375224416517,0.21003861003861,0.0018570327883217,0.0064101230508723,4.346078844363673e-07,-4.825125525651258e-05,0.0101254147087573,0.0005359299920456,-0.0030103199706427,-0.0301156265201172,0.0014938700080435,-0.000529697467531,0.0036634677672511,47.166666666666664,1
02500831,Wismarplatz,02 - Friedrichshain-Kreuzberg,15.98,0.2989999999998828,0,2.068074105988798,4499.771915481331,-0.200721382195295,0,1.0,24.989228780697974,0.0,0.5975872468763465,0.0508401551055579,0.1027574321413184,0.1583369237397673,0.0372684187850064,0.0236966824644549,0.0305902628177509,1,Wismarplatz,4327.0,0.574,-0.023,0.684,0.009,0.869,0.007,0.2,0.005,-0.017,-0.001,0.085,-0.014,0.038,-0.007,6.0,0.7911725955204216,0.0169082125603864,0.0403523146251536,0.4873096446700508,0.0061450225317492,0.0811142974190905,0.1339614911921343,0.2362934362934363,-0.0009403705674341,0.0048542579256378,0.0003533558020176,4.6677362010033955e-06,0.0066788157936148,-0.0004303066084166,0.000820117516284,-0.0023547230167716,-0.0010504881542785,-0.0006233703360753,0.001761888662029,32.833333333333336,1
02500832,Traveplatz,02 - Friedrichshain-Kreuzberg,21.06,1.0159999999998577,0,2.866532773416104,4494.302399643318,-0.2006769251161558,0,0.9970145292368968,15.33686324630272,0.0,0.5455541354756254,0.0217272229322621,0.1132006572941391,0.0613474529852108,0.0613474529852108,0.0206317327003834,0.176008763921855,1,Traveplatz,4812.0,0.605,-0.027,0.62,-0.006,0.838,0.009,0.192,-0.037,-0.016,-0.003,0.078,-0.032,0.042,-0.009,5.0,0.7527440785673022,0.0425572886578085,0.0549667684569786,0.4738562091503268,0.0107777977366624,0.1131668762349559,0.1659780851446021,0.0,-0.0145264407713766,0.0051680121296679,0.0010423008483929,0.0,-0.0012438778466296,0.0033563089595041,0.0004632150821554,-0.061040643237097,0.0003708056791794,0.0018287450751942,0.003225266364789,51.0,1
02500833,Boxhagener Platz,02 - Friedrichshain-Kreuzberg,20.15,1.829999999999768,0,1.810932048513042,4486.470760527584,-0.2019231322160672,0,1.0,30.73600265824888,0.0,0.8320318989865426,0.030071440438611,0.0903804618707426,0.0029905299883701,0.0093038710749293,0.0,0.0358863598604419,1,Boxhagener Platz ,4743.0,0.609,-0.043,0.714,0.004,0.888,0.005,0.213,-0.008,-0.022,0.023,0.058,-0.013,0.034,-0.003,6.0,0.7417053561318084,0.0268372777714868,0.1331298673963376,0.6015810276679842,0.0031572300568301,0.0846137655230477,0.1641759629551673,0.0525096525096525,0.0095740858422533,0.0094541841370119,0.0008396946904192,-1.4703715911428562e-05,0.0070723326503005,0.0021692383440365,0.0034282420018368,0.0105253864869417,0.0003424448675031,0.000510949231426,0.0032717575012018,210.83333333333337,1
02500834,Revaler Straße,02 - Friedrichshain-Kreuzberg,20.97,1.1989999999998289,0,1.2536759015632255,4500.0,-0.2006706954621511,0,0.9523489448091478,21.513697570035596,0.0,0.7926017644327503,0.0238353196099674,0.0759944281071041,0.0106794613836867,0.015941804674199,0.0160965794768611,0.0650054171180931,1,Revaler Straße,4898.0,0.556,-0.037,0.652,0.014,0.851,0.012,0.185,0.003,-0.021,0.002,0.042,-0.016,0.04,-0.005,5.0,0.7301474084640989,0.0448169281978126,0.0997313633310947,0.5375982042648709,0.0040295500335795,0.0799194089993284,0.1511081262592344,0.0,-0.0078276243795944,0.0061688150442856,0.0001708543657858,-0.0003525789939499,0.0102494192694378,0.0017478337099989,0.0004367713389436,-0.0031110075949991,0.0001917308452116,-0.0006034350392224,0.0042157260481375,148.5,1
02500835,Stralauer Kiez,02 - Friedrichshain-Kreuzberg,21.83,2.025999999999688,0,3.75,2859.8016661940846,-0.4702109890093418,0,0.2888927242579712,30.04385964912281,0.0,0.4995614035087719,0.0256578947368421,0.1817982456140351,0.1212719298245614,0.0098684210526315,0.0120614035087719,0.1497807017543859,1,Stralauer Kiez,4685.0,0.604,-0.021,0.644,-0.008,0.851,-0.01,0.33,0.128,-0.004,0.013,0.064,-0.017,0.042,0.002,5.0,0.663438596491228,0.0967017543859649,0.0430051813471502,0.6024096385542169,0.0046632124352331,0.0784974093264248,0.1367875647668393,-0.0864864864864864,0.0056452755281571,-0.0039328158273372,-0.0026627176318972,-0.0024466955461348,0.0154761905013485,0.0005086851580093,0.002052939494023,0.0296177210164369,-9.55470691856891e-05,0.0007721890952416,0.0016278536878891,55.333333333333336,1
02500836,Stralauer Halbinsel,02 - Friedrichshain-Kreuzberg,19.32,1.237999999999816,0,0.6912442396313364,2076.1482591044405,-0.1737427130889169,0,0.4122972705289114,15.66820276497696,0.0,0.1751152073732718,0.044700460829493,0.0304147465437788,0.0175115207373271,0.308294930875576,0.1470046082949308,0.276036866359447,1,Stralauer Halbinsel,5936.0,0.388,-0.029,0.427,0.009,0.701,-0.0,0.136,-0.017,0.007,-0.026,0.023,-0.012,0.056,-0.005,5.0,0.7798238590872698,0.0268214571657325,0.0154954954954954,0.6976744186046512,0.0003603603603603,0.1059459459459459,0.1448648648648648,0.0942084942084942,-0.0105509776269998,0.0019317255262777,-4.152573261574553e-06,0.0,0.0150410852149222,0.0005634144785259,0.0006417150769348,-0.0756664828093399,-0.0006563211931748,0.0012485881073582,0.0040593640556284,7.166666666666667,1
03100101,Bucher Forst,03 - Pankow,15.5,1.4739999999997762,0,3.814262023217247,429.1309668056902,-0.149548024411889,0,0.0584860086128484,0.8291873963515755,0.0,0.2819237147595356,0.1094527363184079,0.2640961857379768,0.1687396351575456,0.0808457711442786,0.0273631840796019,0.0688225538971807,1,Bucher Forst ,4134.0,0.351,-0.026,0.484,0.005,0.77,0.002,0.147,0.003,0.012,-0.018,0.089,0.003,0.061,0.0,7.0,0.6423432682425488,0.0590955806783144,0.0120180270405608,0.5,0.0,0.0660991487230846,0.0871306960440661,0.1444015444015444,0.0082296082575542,0.0114356956498976,0.001012756997877,0.0,0.0243301257290016,0.0056322813157972,0.0018422471825885,0.0131274131274131,0.0,-0.0008857830138815,-0.0008571351367249,4.0,0
03100102,Klinikum Buch,03 - Pankow,9.78,0.7539999999998168,0,4.227304227304227,420.8691779576269,-0.0793053850078805,0,0.2010727630482546,4.851004851004851,0.0,0.1864171864171864,0.0796950796950796,0.2619542619542619,0.3603603603603603,0.0582120582120582,0.0297990297990298,0.0249480249480249,1,Klinikum Buch,3485.0,0.384,0.014,0.571,0.041,0.833,0.014,0.264,0.01,0.04,0.02,0.069,-0.038,0.05,-0.007,8.0,0.6154919748778785,0.1325889741800418,0.025101763907734,0.1621621621621621,0.0040705563093622,0.0814111261872456,0.1302578018995929,0.1482625482625482,-0.003297590952712,0.0123465538173488,0.0095616651371505,3.89223345838798e-06,0.0115237531405866,-0.0037353954755863,0.0039093207857572,-0.0391505791505791,3.89223345838798e-06,0.0008492595008101,0.0009188872413295,6.166666666666667,1
03100103,Karower Chaussee,03 - Pankow,7.77,0.4969999999999175,0,1.2655512655512655,491.4317002559311,-0.171595452559037,0,0.4507334179918965,0.429000429000429,0.0,0.0036465036465036,0.0098670098670098,0.5832260832260833,0.4032604032604032,0.0,0.0,0.0,1,Karower Chaussee,3070.0,0.354,0.035,0.56,0.016,0.807,0.006,0.217,0.1,0.047,0.05,0.143,0.0,0.09,-0.014,5.0,0.6509884117246081,0.1015678254942058,0.0245319561007101,0.631578947368421,0.0012911555842479,0.0813428018076178,0.1510652033570045,-0.4548387096774193,0.002558917486999,-0.0046554466783201,0.0090128487786501,0.0,0.0120086399133498,0.0004589223676193,0.0005517946447877,-0.0101382488479262,-0.0025237055631779,-0.1433332589339899,0.0058599272106878,6.333333333333333,1
03200204,Blankenfelde,03 - Pankow,14.14,0.65333333333331,1,2.8128031037827355,256.4936973344149,-0.013671977736025,0,0.148221519072153,0.0,0.0,0.1396702230843841,0.3685741998060136,0.1998060135790494,0.093113482056256,0.0950533462657614,0.055286129970902,0.0475266731328807,1,Blankenfelde ,,0.225,-0.004,0.411,0.024,0.81,0.007,0.252,0.129,-0.091,-0.111,0.02,-0.007,0.05,-0.006,8.0,0.745658835546476,0.0245148110316649,0.0410557184750733,0.2857142857142857,0.0,0.0879765395894428,0.0410557184750733,0.0586872586872586,0.0294499698583449,0.0106197086523871,0.0037568341185158,0.0025068240676403,0.0192619758945313,0.0008140193602983,-0.0027009150952616,0.0,0.0,-0.0025392336149739,0.0001200093618295,7.0,1
03200205,Uhlandstraße,03 - Pankow,13.7,1.1319999999998351,0,1.4044943820224718,699.3794262073058,-0.367095163214683,0,1.0,3.5112359550561796,0.0,0.2691947565543071,0.2031835205992509,0.0554775280898876,0.0393258426966292,0.2804307116104869,0.0489232209737827,0.1034644194756554,1,Uhlandstraße,4355.0,0.321,0.001,0.472,0.017,0.786,0.01,0.136,0.033,-0.008,-0.021,0.05,0.006,0.051,-0.01,7.0,0.7466442953020134,0.0209731543624161,0.0195545898967952,0.4166666666666667,0.006518196632265,0.0619228680065182,0.133623030961434,0.1065637065637065,-0.015700152421603,0.008772264110541,0.001980299082379,-0.0009546714982815,0.0076184056561472,-0.000190431907526,0.000258871061492,-0.0236574236574236,-0.0005314224564854,0.0004953425612782,0.0037345054757547,12.0,1
03200206,Pastor-Niemöller-Platz,03 - Pankow,14.3,1.4159999999997603,0,2.0491803278688523,866.7962766869513,-0.1465763280844965,0,1.0,5.674653215636822,0.0,0.4095208070617906,0.1800126103404792,0.0658890290037831,0.0406683480453972,0.1592055485498108,0.0457124842370744,0.1002522068095838,1,Pastor-Niemöller-Platz ,4694.0,0.36,0.024,0.486,0.008,0.768,0.012,0.155,0.029,0.013,0.006,0.044,-0.008,0.058,-0.004,7.0,0.7113636363636363,0.0282467532467532,0.0411637264004952,0.4962406015037593,0.0037140204271123,0.096564531104921,0.1262766945218198,0.1034749034749034,-0.0050882204290162,0.0103926768413279,-0.0034902145308132,-0.0007101410434207,0.0199154579790071,-0.0014446205264871,-0.002020837008683,0.0300517169585492,1.656552908234685e-05,0.0006350777345155,0.0024177512482522,22.166666666666668,1
03200207,Herthaplatz,03 - Pankow,15.45,1.2159999999998332,0,1.5884221673138017,663.2975751016829,-0.2965926556250047,0,1.0,3.1768443346276034,0.0,0.1891987292622661,0.1189551711966113,0.0407695022943875,0.0300035298270384,0.4027532650900106,0.0887751500176491,0.1293681609601129,1,Herthaplatz ,4328.0,0.338,0.015,0.457,0.008,0.765,0.012,0.131,0.034,0.01,-0.0,0.052,-0.007,0.06,-0.005,8.0,0.6542261251372119,0.0616538602268569,0.0137541879739023,0.4102564102564102,0.0031740433785928,0.0888732146005995,0.1259037206841826,-0.6996138996138996,0.0236020862245237,0.002346070278797,0.0034621815037588,-0.0001809978202262,0.0099597740851257,0.0001866140540464,0.0007932691618994,-0.0290425147568004,-0.0001213288382961,0.0008156082525167,0.0028612702356797,13.0,1
03200308,Nisbléstraße,03 - Pankow,13.89,0.2379999999999837,0,1.1301799916282964,539.4140134899834,-0.1460240161476177,0,1.0,2.0929259104227707,0.0,0.0728338216827124,0.0925073252406864,0.0364169108413562,0.0179991628296358,0.5127668480535789,0.1770615320217664,0.0879028882377563,1,Nisbléstraße,4246.0,0.278,-0.015,0.365,0.011,0.747,-0.002,0.092,0.008,0.006,0.003,0.026,-0.009,0.047,-0.007,8.0,0.7355658198614319,0.0248267898383371,0.0065897858319604,0.5,0.0,0.0922570016474464,0.1317957166392092,0.0386100386100386,0.0031141739534094,0.0079162392369756,-0.0023717889569844,0.0,0.0170227149064011,0.0002138659051528,0.0001958142519496,-0.0607464607464607,0.0,-0.0001375848202881,0.0026429490493844,2.0,0
03200309,Eddastraße,03 - Pankow,14.3,0.901999999999864,1,2.225886232481451,518.5057974559646,-0.1340281094029168,0,0.8708260208899242,4.9464138499587795,0.0,0.149629018961253,0.1632316570486397,0.106760098928277,0.0441055234954657,0.2559769167353669,0.1046990931574608,0.1747732893652102,1,Eddastraße,4093.0,0.294,-0.002,0.378,0.015,0.754,0.004,0.098,0.021,0.012,-0.003,0.041,-0.007,0.049,-0.006,10.0,0.5752640845070423,0.0774647887323943,0.0208067940552016,0.5102040816326531,0.0,0.0789808917197452,0.0891719745222929,0.1575289575289575,0.0126287317256661,0.0224546063956201,0.0063754533254733,0.0019626523134084,0.0112689860297598,-0.0023664116560992,0.0018576531096912,0.0910093767236624,0.0,0.0013661945434382,0.0010830863335604,8.166666666666666,1
03200310,Krugpfuhl,03 - Pankow,14.79,1.1359999999998265,0,1.0726072607260726,505.78979650180224,-0.2267981338433677,0,1.0,3.5753575357535756,0.0,0.0209020902090209,0.0445544554455445,0.0283278327832783,0.0099009900990099,0.7277227722772277,0.0915841584158415,0.0783828382838283,1,Krugpfuhl,3943.0,0.316,-0.003,0.383,0.022,0.738,0.012,0.1,0.001,0.018,-0.001,0.058,0.005,0.059,-0.011,7.0,0.7425496688741722,0.0335264900662251,0.0267531414673692,0.4696969696969697,0.0072963113092825,0.1045804620997162,0.1216051884880421,0.0671814671814672,0.0072800622551339,0.0115164219589337,0.0015583350879482,0.0,0.0009618650234531,0.0012746319547054,0.0010686468647865,0.0244658944658944,0.002375709265283,0.0009118216870738,0.0015369208970826,11.0,1
03300411,Karow Nord,03 - Pankow,10.98,0.5669999999999163,0,0.8386134923592994,454.8730603557936,-0.0645946611737699,0,0.8960928038347725,0.3727171077152441,0.0,0.0022363026462914,0.0752888557584793,0.0065225493850167,0.0059634737234439,0.8389862094670145,0.032053671263511,0.0387625792023853,1,Karow Nord,3611.0,0.342,-0.015,0.444,0.013,0.724,0.007,0.148,-0.034,0.009,-0.01,0.107,-0.003,0.101,-0.002,6.0,0.8212172442941674,0.0101437024513947,0.0276402640264026,0.4477611940298507,0.0049504950495049,0.1014851485148514,0.1732673267326732,0.0,0.0024902354245703,0.0164185348025697,0.0032904092627942,-0.000176138815261,0.002388547587344,-0.0013375899518371,0.0001929905893593,0.0342008797653958,3.936489602276624e-06,-0.1421584756950948,0.0059994292158138,11.166666666666666,1
03300412,Karow Bahnhof,03 - Pankow,13.0,0.5179999999998951,1,1.429190125595496,500.0,0.0202027073175194,0,0.6820761156708296,3.4647033347769596,0.0,0.0532698137721957,0.2464270246860112,0.0705933304460805,0.0519705500216544,0.3598960588999567,0.1303594629709831,0.0883499350368124,1, Karow Bahnhof ,4521.0,0.249,0.004,0.359,0.029,0.793,-0.003,0.097,0.01,0.017,-0.004,0.022,0.003,0.037,-0.001,9.0,0.7620396600566572,0.0339943342776204,0.0215633423180593,0.0416666666666666,0.013477088948787,0.0646900269541779,0.1159029649595687,-0.4949806949806949,0.0257610823113168,0.0120269033150996,0.0034851562740101,0.0,0.0137485261207167,0.0014286790744514,-0.0016704307882091,-0.0373745173745173,-0.0003682461437918,0.0012343426810923,0.0031211287590532,8.0,1
03300413,Karow Ost,03 - Pankow,,,1,1.4200298953662185,500.0223669437384,0.0202017944222944,0,0.9590131410190356,0.7473841554559043,0.0,0.0224215246636771,0.1696562032884903,0.0724962630792227,0.054559043348281,0.4095665171898355,0.1965620328849028,0.0732436472346786,1, Karow Ost ,4274.0,0.242,0.001,0.324,-0.0,0.751,-0.007,0.056,-0.007,0.001,0.005,0.018,-0.002,0.042,-0.011,7.0,0.7060158910329172,0.0476730987514188,0.0239912758996728,0.0,0.0294438386041439,0.0785169029443838,0.1112322791712104,0.0563706563706563,-0.0122599281775295,0.0012901546836584,0.0028586434782371,-0.0019131049004377,-0.0007625307137188,0.0007758514290407,0.0006621639064391,0.0,0.0037408982195542,0.0006496925796731,0.0030378836482507,3.6666666666666665,0
03300514,Blankenburg,03 - Pankow,10.53,0.6539999999998716,1,1.5040223854494577,489.1765156285628,0.025197141167922,0,0.619679379583205,3.1479538300104934,0.0,0.0447708989157047,0.2455403987408184,0.1259181532004197,0.0814970269324938,0.2843651626442812,0.1192724728926198,0.0986358866736621,1, Blankenburg ,,0.231,-0.007,0.34,0.015,0.767,0.004,0.096,0.011,0.005,-0.014,0.047,0.022,0.043,-0.001,9.0,0.6843553459119497,0.0589622641509434,0.0160121997712542,0.4285714285714285,0.0038124285169653,0.050324056423942,0.11208539839878,-0.2640926640926641,0.0124444621351795,0.0074026707280442,0.0100016007256808,-0.0004562406694674,0.0104086028923612,0.0014541053272276,-0.0007061443146612,0.0675675675675675,0.0004292512252189,4.911350423601355e-06,0.0023400165150933,7.0,1
03300515,Blankenburger Süden,03 - Pankow,,,1,,500.0,0.0202027073175194,0,0.1942862209984885,0.0,1.0,0.125,0.2083333333333333,0.5416666666666666,0.125,0.0,0.0,0.0,0, Blankenburger Süden ,,0.366,0.046,0.364,-0.011,0.773,0.023,0.0,-0.136,0.0,-0.136,,,0.136,0.011,13.0,0.6857142857142857,0.0,0.0,,0.0,0.0,0.2926829268292683,1.4370656370656372,0.0825611325611325,0.0171998529141386,0.0224489795918367,0.0,0.043151314579886,0.0,0.0,,0.0,-0.0063961874342497,0.0154018530489118,0.0,0
03300516,Heinersdorf,03 - Pankow,16.91,1.3329999999999276,0,1.713124274099884,532.9934408128441,-0.0042721286777596,0,0.4580911168891977,6.097560975609756,0.0,0.040650406504065,0.3176538908246225,0.0508130081300813,0.0522648083623693,0.3034262485481998,0.0821718931475029,0.1533101045296167,1, Heinersdorf ,4286.0,0.373,0.048,0.401,-0.011,0.779,-0.019,0.3,0.143,0.062,0.037,0.047,-0.009,0.038,-0.006,7.0,0.6213107638888888,0.0661892361111111,0.0313846153846153,0.6078431372549019,0.0026666666666666,0.0861538461538461,0.107076923076923,-0.3073359073359074,-0.0056234047370554,0.0089477470929862,0.0055710244263309,-0.0006970749931526,0.0011846623412419,-0.0014873725935709,-0.0005840061244504,0.055935134506563,-3.5844096650210226e-05,0.0007679899394202,0.0006794208430245,25.5,1
03300517,Märchenland,03 - Pankow,,,1,2.131782945736434,285.5710154844348,0.0378281909376969,0,0.1158277780582973,1.937984496124031,0.0,0.005813953488372,0.8449612403100775,0.0542635658914728,0.0290697674418604,0.0174418604651162,0.0213178294573643,0.0096899224806201,1, Märchenland ,4332.0,0.177,-0.015,0.345,-0.012,0.827,-0.017,0.051,-0.004,-0.018,-0.034,0.013,-0.001,0.041,-0.009,9.0,0.6047819971870605,0.1097046413502109,0.0240641711229946,0.3333333333333333,0.0133689839572192,0.0641711229946524,0.0561497326203208,0.2803088803088803,0.0095130984134673,0.0120255604241135,0.0022601323431494,0.0,0.0078910202742397,0.0029122876364008,-0.0050671160241902,-0.173024453024453,0.0014505950181183,-0.0030739807549071,0.0004618236529142,3.0,0
03400618,Rosenthal,03 - Pankow,15.41,0.8359999999998541,0,1.9714144898965007,483.5132852107157,-0.2830625118102366,0,0.9994588954637674,0.9857072449482503,0.0,0.0522424839822572,0.0808279940857565,0.0374568753080335,0.0404139970428782,0.5396747166091671,0.1212419911286347,0.1291276490882208,1, Rosenthal ,4352.0,0.297,-0.006,0.343,0.025,0.747,0.021,0.092,-0.012,0.002,-0.019,0.029,-0.004,0.047,0.0,8.0,0.7224149895905622,0.0395558639833449,0.040650406504065,0.3166666666666666,0.002710027100271,0.073170731707317,0.1260162601626016,0.1212355212355212,0.0150476070878932,0.0120802180846891,-9.089654474501524e-05,0.0009866499717769,0.014482567313227,0.0025705528478272,0.0028360653498428,0.0002498788213073,0.0008069296117342,-0.001080028397565,0.0030048751470974,10.0,1
03400619,Wilhelmsruh,03 - Pankow,16.92,1.725999999999715,0,1.7908723281340264,650.1936431763057,-0.084388243030115,0,1.0,2.5033699210475637,0.0,0.2139418447910649,0.1188137877912574,0.2645869439630272,0.0325438089736183,0.2459079530136722,0.0454457924128634,0.0779896013864818,1, Wilhelmsruh ,4320.0,0.324,0.013,0.48,0.019,0.809,0.006,0.139,0.02,0.011,0.015,0.041,-0.005,0.046,-0.008,8.0,0.689238845144357,0.0606299212598425,0.0188821752265861,0.4666666666666667,0.0015105740181268,0.0876132930513595,0.1299093655589124,-0.054054054054054,0.0324680686006423,0.0080536926543021,-0.0014077546809551,-0.0011050509155012,0.0105629372288386,-0.0010290264626896,-7.650663760040179e-05,0.0213835070977927,-3.009922119500218e-05,0.0013596985126295,0.0023148002680016,12.5,1
03400620,Schönholz,03 - Pankow,12.73,0.1099999999999956,1,1.644736842105263,723.2457904554093,-0.074971867471566,0,0.5484185412810862,7.894736842105264,0.0,0.2703947368421052,0.2723684210526316,0.0855263157894736,0.0118421052631578,0.1875,0.0980263157894736,0.0736842105263157,1, Schönholz ,5107.0,0.274,0.006,0.413,0.045,0.775,0.036,0.127,0.028,0.033,0.021,0.052,0.011,0.042,-0.007,8.0,0.6624815361890695,0.0221565731166912,0.0247875354107648,0.1714285714285714,0.0042492917847025,0.0722379603399433,0.1359773371104815,0.1335907335907336,0.0131501365372226,0.0023728172054289,-0.0004565778936172,0.0008511555309584,0.0133194789132121,-0.001304373955444,0.0033673579172312,-0.0347490347490347,-5.757118135973653e-05,0.0030421455795178,0.0037774230671568,5.833333333333333,1
03400721,Florakiez,03 - Pankow,18.0,1.2149999999998236,0,1.4457831325301205,1259.9976796934036,-0.6851646035184302,0,1.0,7.228915662650603,0.0,0.6013769363166953,0.114802065404475,0.0602409638554216,0.0139414802065404,0.0698795180722891,0.0333907056798623,0.1056798623063683,1,Florakiez,4946.0,0.383,-0.009,0.516,0.009,0.744,0.021,0.124,-0.004,0.0,-0.016,0.042,-0.013,0.057,-0.017,6.0,0.7200736648250461,0.0253734397380806,0.0436215587436991,0.4711111111111111,0.0023264831329972,0.0837533927879023,0.1256300891818534,0.3027027027027027,0.0039638449612472,0.0074000169735408,0.0004545029590963,0.000480467388553,0.0035557901948803,0.0018599456438876,0.0022962722226099,0.0382401340277173,-0.0005256738406452,0.0003638216429254,0.0024457101986343,37.5,1
03400722,Parkstraße,03 - Pankow,14.65,0.3689999999998662,1,2.1876799078871616,1191.0571585368125,-0.4587317778235813,0,1.0,6.332757628094416,0.0,0.4041450777202072,0.1151410477835348,0.0656303972366148,0.0,0.2130109383995394,0.1301093839953943,0.0708117443868739,1,Parkstraße,5273.0,0.326,0.062,0.495,0.019,0.781,0.029,0.159,0.025,-0.007,-0.02,0.024,-0.011,0.047,-0.013,8.0,0.5989583333333334,0.0407986111111111,0.0283659608469836,0.4225352112676056,0.0,0.0719137035557331,0.1078705553335996,-0.1204633204633204,0.0162046554940394,0.0156821489904681,0.0031449339368778,-0.0003593812074955,0.00905579040328,0.0004355768858279,-0.0009447103387819,-0.0025713025713025,0.0,0.0002863986245227,0.0013043534364505,11.833333333333334,1
03400723,Garbátyplatz,03 - Pankow,17.72,1.5939999999997587,0,4.480503753935578,1232.7139854174857,-0.6470849487833764,0,1.0,4.359409057883265,0.0,0.4650036328408816,0.1024461128602567,0.2036812787599903,0.0484378784209251,0.0319689997578106,0.011625090821022,0.135868248970695,1,Garbátyplatz,4265.0,0.432,-0.015,0.555,0.003,0.761,-0.001,0.122,0.001,0.002,0.005,0.062,-0.0,0.069,-0.001,6.0,0.7705627705627706,0.0269730269730269,0.0673443456162642,0.3537735849056603,0.0019059720457433,0.0857687420584498,0.1353240152477763,0.0,-0.0021256975347793,0.0002178005696374,0.00515298050654,-6.500823696302686e-05,0.002909621445061,0.0002008012585684,0.0020176825048644,-0.0007293688366209,-6.500823696302686e-05,-0.0002578019574087,0.0024388246477827,35.333333333333336,1
03400724,Wolfshagener Straße,03 - Pankow,11.85,0.5659999999998876,0,3.930326038410005,929.3149820248468,-0.4145102734991225,0,1.0,1.563197856185797,0.0,0.1721750781598928,0.429432782492184,0.3555158552925413,0.0011165698972755,0.0183117463153193,0.0093791871371147,0.0136221527467619,1,Wolfshagener Straße,4032.0,0.374,0.034,0.564,-0.007,0.793,-0.008,0.118,0.007,0.001,-0.002,0.071,-0.003,0.072,-0.005,6.0,0.7777777777777778,0.0235690235690235,0.0261467889908256,0.3157894736842105,0.0,0.0770642201834862,0.1211009174311926,0.0231660231660231,-0.0059770835300127,0.0108340291224755,0.002171845091004,-0.0001584852276653,0.0068252406733329,0.0022270115042609,-0.001699444539327,0.0039686439686439,0.0,-0.0022312656882791,0.0026358964007322,9.5,1
03400725,Schlosspark,03 - Pankow,19.79,2.749999999999687,0,1.271082864825226,652.1647955857212,-0.4033200675789405,0,1.0,1.4666340747983375,0.0,0.1486189195795649,0.0422879491566854,0.6086531410413102,0.003177707162063,0.0701539965778538,0.0351992177951601,0.0914201906624297,1,Schlosspark,3755.0,0.318,0.016,0.554,0.011,0.795,-0.011,0.102,0.01,0.018,0.009,0.053,-0.015,0.069,-0.002,7.0,0.8210472801220132,0.0284697508896797,0.012909632571996,0.3076923076923077,0.0089374379344587,0.0893743793445878,0.1221449851042701,-0.3127413127413127,0.0027504320427551,0.0041453257477623,-0.0014736595468288,0.0,0.0102406537251674,0.0009300659089978,8.85355188794429e-06,0.0157528957528957,-0.0002260208690592,0.0011632156118955,0.0022455141538722,4.333333333333333,0
03400826,Tiroler Viertel,03 - Pankow,19.42,1.220000000000027,0,2.1842105263157894,1057.8350338250425,-0.3373462127972519,0,0.8605582886816614,4.736842105263158,0.0,0.241578947368421,0.2010526315789473,0.3868421052631579,0.0192105263157894,0.0247368421052631,0.0026315789473684,0.1239473684210526,1,Tiroler Viertel,4171.0,0.4,0.015,0.567,0.0,0.808,-0.003,0.146,-0.023,0.003,-0.003,0.051,-0.013,0.057,-0.011,7.0,0.7898613518197574,0.0259965337954939,0.0360587002096436,0.4651162790697674,0.0050314465408805,0.0880503144654088,0.1735849056603773,-0.0231660231660231,0.0078980344764721,0.0187708224431559,0.0067083447464451,0.0,0.0033050526692896,0.0029914194569239,1.4284611952550402e-05,0.043919272490701,0.0009844150008555,0.0014367958053683,0.0055639056131396,14.333333333333334,1
03400827,Trelleborger Viertel,03 - Pankow,18.01,1.7599999999996991,0,1.7612161661104933,1374.8163238923269,-0.3852859088050923,0,0.9999999999999812,8.342602892102336,0.0,0.3222098628105302,0.3698553948832035,0.0780496848350018,0.0845383759733036,0.0621060437523173,0.0263255469039673,0.0567296996662958,1,Trelleborger Viertel,4420.0,0.424,-0.015,0.618,0.013,0.823,0.01,0.132,-0.007,-0.002,-0.005,0.051,-0.007,0.055,-0.005,5.0,0.8021405049396267,0.0263446761800219,0.0169094693028095,0.5692307692307692,0.0031217481789802,0.0920915712799167,0.1592091571279917,-0.2393822393822393,0.0028471070356058,0.0030052705566291,0.0009473072107936,-6.565122807199754e-05,0.0064494066936614,-0.0019158026480952,-0.0006161536946173,0.0145578745578745,-0.0001842681732347,0.0007128107197401,0.004071085842872,10.833333333333334,1
03400828,Spiekermann Straße,03 - Pankow,21.22,0.8809999999998275,0,1.30173564753004,1061.157766091366,-0.4240940547348958,0,0.9999692850876633,4.339118825100133,0.0,0.3074098798397864,0.0380507343124165,0.3371161548731642,0.0874499332443257,0.034712950600801,0.010347129506008,0.1835781041388518,1,Spiekermann Straße,4378.0,0.447,-0.006,0.576,0.013,0.833,-0.002,0.154,-0.006,-0.005,-0.058,0.036,-0.014,0.045,-0.003,6.0,0.7480954799390553,0.0426612493651599,0.0087040618955512,0.3333333333333333,0.0,0.06963249516441,0.1131528046421663,-0.0749034749034749,0.0105826490713024,0.0092301276585732,0.0008091136044813,0.0002596160483933,0.021852099077122,0.0021423740339396,-0.0013065125218629,-0.1254311454311454,0.0,-0.0006982019721305,0.0021735701293251,3.0,0
03400829,Arnold-Zweig-Straße,03 - Pankow,13.41,0.5949999999999316,0,7.393447376051029,735.6540699283245,-0.4349842084151094,0,0.9878382544466884,2.899391127863149,0.0,0.2331110466801971,0.0556683096549724,0.1983183531458393,0.3754711510582778,0.0049289649173673,0.0,0.1316323572049869,1,Arnold-Zweig-Straße ,4079.0,0.403,0.043,0.55,0.011,0.815,0.017,0.181,0.075,0.022,0.018,0.059,-0.005,0.059,-0.011,6.0,0.7837380011293055,0.031055900621118,0.0224780701754385,0.5365853658536586,0.0,0.0625,0.1578947368421052,-0.3845559845559845,0.0295688300547428,0.0156988688518146,0.0065847822481849,0.0,0.0102598076269417,0.0035653066659985,-2.6049023199919824e-05,0.0028019856591285,0.0,-0.0022655132938606,0.0044186891953933,6.833333333333333,1
03400830,Kissingenviertel,03 - Pankow,12.96,1.2739999999997156,1,1.2108631724615118,997.3721671314692,-0.3541152878343514,0,0.917987275995622,3.1136481577581736,0.0,0.1651963328143919,0.6912298910223145,0.0617540217955371,0.0076111399411866,0.0344231101885487,0.0005189413596263,0.0384016606123508,1,Kissingenviertel ,,0.392,-0.015,0.644,-0.001,0.837,0.004,0.11,0.002,-0.007,-0.006,0.069,-0.014,0.063,-0.005,7.0,0.8316958564715934,0.0337462622810764,0.0175295556461475,0.6744186046511628,0.0,0.088055442315532,0.2030167142274765,-0.4718146718146718,0.0174533553170146,0.0036149406378142,0.0010895640520362,0.0,0.0078684495987304,-0.0030931176894311,0.0009042179186235,0.0623552123552123,0.0,0.0017079339142931,0.0043126530458937,7.166666666666667,1
03400831,Pankower Tor,03 - Pankow,,,1,,1089.885968341188,-0.3289022362737908,0,0.0431765223659703,,,,,,,,,,0,Pankower Tor ,,,,,,,,,,,,,,,,24.0,0.6153846153846154,0.3846153846153846,0.0,,0.0,0.1333333333333333,0.0,-0.2316602316602316,0.085438499724214,-0.0031592817307102,0.0107280750137892,0.0,-0.0604798676227247,0.1054054054054053,-0.0401544401544401,0.0,0.0,0.0067226890756302,0.0028472565496786,0.0,0
03500932,Bühringstraße,03 - Pankow,16.89,0.6119999999999086,0,1.9704433497536944,712.5196928155175,-0.2532942734313744,0,0.6973918504562457,1.4488554042306578,0.0,0.0086931324253839,0.6595189800057955,0.2193567082005215,0.0084033613445378,0.0680962039988409,0.0063749637786148,0.031005505650536,1,Bühringstraße,3822.0,0.421,0.04,0.554,-0.017,0.811,-0.017,0.217,-0.065,0.025,-0.1,0.066,-0.022,0.075,-0.004,6.0,0.7455176402544823,0.0665124349334875,0.0219418540866703,0.7,0.0032912781130005,0.1119034558420186,0.1349424026330225,-0.4247104247104247,0.0082693641651344,0.0046444065095855,0.0072747044994769,-0.0001004515573037,0.0281358037150983,-0.009332330051138,0.0029860302201678,-0.006493840779555,-0.0001041754530824,0.000655676156222,0.0032252743994056,6.666666666666667,1
03500933,Weißer See,03 - Pankow,18.0,2.255999999999584,0,2.260997788154337,1700.8749549191375,-0.234580315090543,0,0.9538188931267528,6.8812976161218975,0.0,0.2061931678545097,0.3271073973949373,0.1410666011304989,0.0081101007618579,0.204227082821332,0.0407962644384369,0.0715163430818383,1,Weißer See,4311.0,0.39,0.015,0.572,0.015,0.809,0.007,0.135,0.003,0.019,0.014,0.059,-0.005,0.054,-0.005,6.0,0.7285051730288976,0.0417409917945058,0.0306790761806273,0.5955056179775281,0.0055153395380903,0.0579110651499482,0.1220268872802481,-0.2393822393822393,0.007518792619284,0.0074519730437294,0.0009008137565397,0.0,0.0096112976099201,0.0020534595608373,-0.0004187897126275,0.0803479146336289,0.0003799899111561,-0.0014654190883901,0.0020187107148652,14.833333333333334,1
03500934,Weißenseer Spitze,03 - Pankow,19.32,1.405999999999835,0,1.525957870293581,1868.076296221015,-0.2737311481316457,0,0.9306002257543676,8.459114280975287,0.0,0.3222756676065682,0.1313650688339691,0.1247304693979101,0.0068004644219605,0.2955714048764306,0.024382152927517,0.0955382318792502,1,Weißenseer Spitze,4274.0,0.474,-0.017,0.595,0.007,0.806,0.004,0.154,-0.009,0.015,0.004,0.053,-0.01,0.047,-0.008,6.0,0.7483882521489972,0.0236389684813753,0.0303702439856679,0.3820224719101123,0.0034123869646817,0.0747312745265313,0.1412728203378263,-0.0424710424710424,-0.0031796498104805,0.0103211737096163,0.003628483174367,0.0003512530144575,0.010612423092883,-0.0013806003227647,0.0009183818269435,0.0050822431475538,-0.0004012489431007,0.000496099114899,0.0037375794078339,29.666666666666668,1
03500935,Behaimstraße,03 - Pankow,16.77,0.8879999999998243,0,2.4822695035460995,1900.0,-0.272348501740392,0,0.8914003424192511,11.729405346426624,0.0,0.4844517184942717,0.1489361702127659,0.1598472449536279,0.0008183306055646,0.119203491543917,0.0040916530278232,0.082924168030551,1,Behaimstraße,4267.0,0.455,-0.015,0.604,0.011,0.791,0.012,0.152,0.014,0.007,-0.007,0.071,-0.003,0.058,-0.013,6.0,0.7005649717514124,0.0240727094080078,0.0439354989483524,0.1861702127659574,0.0042065903248422,0.1233933161953727,0.1570460387941107,0.1575289575289575,0.0146772661924042,0.0059318984614362,0.0013771330416834,0.0001457560195424,0.0075212683627519,0.0009174851166493,0.0015499079740275,-0.030491232408283,-0.000602881136048,0.0024748298154257,0.0033027498535592,31.333333333333332,1
03500936,Komponistenviertel Weißensee,03 - Pankow,17.7,1.688999999999725,0,1.3727359389895135,1554.2066690661886,-0.2602559037685182,0,0.5508468751994432,5.529075309818875,0.0,0.4032411820781696,0.1454718779790276,0.2373689227836034,0.0167778836987607,0.1067683508102955,0.036606291706387,0.0531935176358436,1,Komponistenviertel Weißensee,4250.0,0.403,0.006,0.566,0.013,0.786,0.019,0.14,0.013,-0.0,0.003,0.061,-0.018,0.068,-0.014,5.0,0.7478403948992184,0.0187165775401069,0.0248913472935598,0.4206349206349206,0.0029632556301856,0.072303437376531,0.1398656657447649,-0.1953667953667953,0.0052196970484036,0.0069158651831472,0.0020646653519354,0.0005026855613347,0.0064923513428915,-0.0028168151055668,0.0005802754303506,0.0115743525289128,-0.0008358812938405,-0.0014119597853357,0.0023455082552165,21.0,1
03501037,Rathaus Weißensee,03 - Pankow,14.73,1.017999999999888,0,1.3714967203339297,764.5142168795446,-0.0537427189188689,0,0.4133597029175492,2.5839793281653747,0.0,0.1371496720333929,0.2311667660504869,0.4577618763665275,0.0033790498906777,0.1037567084078712,0.0065593321407274,0.058437686344663,1,Rathaus Weißensee ,3502.0,0.387,-0.006,0.618,0.019,0.848,0.008,0.152,0.009,0.009,0.0,0.085,-0.005,0.056,-0.012,7.0,0.6330538922155688,0.0792814371257485,0.0299839780270084,0.4198473282442748,0.0013733119707026,0.089265278095674,0.1181048294804303,-0.054054054054054,-0.0124947801243514,0.0102957712336338,0.004735417815763,0.0011060408858063,0.006858059225698,-0.0008319009777452,0.0009654896536606,0.0690294065776249,-3.3341023915474884e-05,0.0009279742402244,0.0027242734742447,21.833333333333332,1
03501038,Hansastraße,03 - Pankow,20.65,2.553999999999652,0,1.044319918492104,679.3240920936512,-0.2122677551302649,0,0.5361960160415951,1.0188487009679064,0.0,0.0305654610290371,0.1818644931227712,0.2590422822210901,0.1242995415180845,0.3331635252165053,0.032603158430973,0.0382068262862964,1,Hansastraße ,3782.0,0.335,0.016,0.517,0.01,0.816,-0.002,0.109,-0.035,0.016,-0.012,0.07,-0.006,0.067,0.001,6.0,0.7364501448076127,0.0322714108398841,0.0362714508580343,0.3225806451612903,0.0,0.0748829953198128,0.1123244929797191,-0.4316602316602316,0.0124043205374355,0.0066755566677866,-0.0005598042880621,0.0,0.0140753494850619,0.0024455760050822,0.0011069798465788,0.0159351058510722,0.0,0.00122905166707,0.0015736214069087,15.5,1
03601139,Norweger Viertel,03 - Pankow,21.64,2.487999999999612,0,5.976806422836753,2844.989544517862,-0.2350409411983776,0,0.4787908717625471,9.36663693131133,0.0,0.4915254237288136,0.1935771632471008,0.0950044603033006,0.083407671721677,0.0642283675289919,0.0133809099018733,0.0584299732381801,1,Norweger Viertel,4536.0,0.528,-0.003,0.643,-0.015,0.853,0.009,0.179,0.019,-0.002,-0.001,0.06,-0.016,0.036,-0.011,5.0,0.7880184331797235,0.0193548387096774,0.0251677852348993,0.3,0.0025167785234899,0.1082214765100671,0.1333892617449664,0.237065637065637,0.0041245697374736,0.0053399155282211,0.0005498584376061,-0.0003696865137378,0.0224049637446108,-0.0038967468828929,0.0001807836060412,-0.0146374946374946,-1.119247876168388e-05,0.0019997398544845,0.0022140904240356,10.0,1
03601140,Malmöer Straße,03 - Pankow,19.53,1.33399999999977,0,3.41726618705036,3799.9825262460304,-0.233615462473559,0,0.7924661452931764,17.0863309352518,0.0,0.8591127098321343,0.0050959232613908,0.0257793764988009,0.0188848920863309,0.0047961630695443,0.0,0.0869304556354916,1,Malmöer Straße ,5007.0,0.508,-0.023,0.652,0.011,0.842,0.018,0.188,0.007,-0.022,-0.009,0.05,0.003,0.042,-0.005,6.0,0.8714285714285714,0.0099667774086378,0.0165109034267912,0.5471698113207547,0.0037383177570093,0.0822429906542056,0.1588785046728972,-0.0277992277992277,0.0036029999517154,0.0075300158216915,0.0001825228424375,0.0,0.0084671633888481,0.0006632529017534,-9.668068307932873e-05,0.0517221302935588,4.938332776956076e-05,0.000233496257936,0.0031368683529349,8.833333333333334,1
03601141,Arnimplatz,03 - Pankow,18.0,2.0919999999996315,0,2.516033547113961,3800.0,-0.2336148511815052,0,0.8736429802813152,18.253576714356193,0.0,0.8830784410458806,0.0407005426739023,0.0234336457819437,0.0054267390231869,0.009126788357178,0.0113468179575727,0.0286137148495313,1,Arnimplatz ,4990.0,0.51,-0.015,0.622,-0.02,0.83,-0.003,0.206,0.034,-0.01,0.007,0.055,-0.001,0.042,-0.006,6.0,0.7298056661203465,0.0409740107703114,0.0563991323210412,0.5346153846153846,0.0067245119305856,0.0663774403470715,0.1522776572668112,0.0069498069498069,0.0061479525249722,0.0094301689709558,0.001169332139918,0.0002437436470834,0.0133047010019142,-0.0004540194456044,-0.0002199835714899,-0.0079658807079599,-5.613004091496714e-05,0.0008120371801679,0.0024473835810283,43.333333333333336,1
03601142,Falkplatz,03 - Pankow,19.99,1.1649999999998757,0,2.1990018714909545,4467.711577202618,-0.2114307037681101,0,0.4004905957329438,25.26512788521522,0.0,0.816126013724267,0.0586400499064254,0.0497504678727386,0.0,0.0160636306924516,0.0283842794759825,0.0315034310667498,1,Falkplatz ,5109.0,0.495,-0.022,0.663,0.016,0.842,0.012,0.161,-0.008,-0.013,0.002,0.036,-0.014,0.043,-0.008,6.0,0.7338412698412698,0.0295873015873015,0.0646222535542239,0.42,0.007872165432969,0.0733168840324286,0.1438138879097638,0.2594594594594595,-0.0024997639153867,0.0078419518506704,0.0024818030842862,-0.0003514174532921,0.0071430932142316,-7.051624590586402e-05,0.0007540126289265,-0.0227436440979434,0.0009194777417525,0.0007460705226813,0.0025422513441463,91.66666666666669,1
03601243,Rodenbergstraße,03 - Pankow,17.96,2.110999999999632,0,2.125228519195612,3172.6907055742663,-0.3006546684216675,0,0.9566391757894336,26.96526508226691,0.0,0.7228062157221207,0.1572212065813528,0.0605575868372943,0.0114259597806215,0.0294789762340036,0.0059414990859232,0.0114259597806215,1,Rodenbergstraße ,4791.0,0.488,-0.03,0.672,0.006,0.856,0.003,0.155,-0.011,-0.005,0.01,0.037,-0.008,0.038,-0.004,6.0,0.7076295864880606,0.0417394680644535,0.0447897623400365,0.4775510204081633,0.0062157221206581,0.0811700182815356,0.1436928702010969,-0.1235521235521235,0.0138884522651758,0.0095681731792116,0.0034749604008516,-1.933301876461838e-05,0.0133364713588552,0.0008876764460906,9.91524171636205e-06,0.0151599236277181,-0.0001822820895412,0.0012504503156876,0.0026949686209898,40.833333333333336,1
03601244,Humannplatz,03 - Pankow,10.0,-0.2400000000000161,0,1.1706048124864512,3575.605574980633,-0.2034336239442145,0,0.999984394273294,11.055712117927596,0.0,0.38608280945155,0.5068285280728376,0.0726208541079557,0.0,0.0238456535876869,0.0101885974420117,0.0,1,Humannplatz ,4600.0,0.473,0.0,0.681,0.015,0.861,0.008,0.151,0.006,-0.01,0.003,0.034,-0.012,0.045,-0.006,6.0,0.8032352161230443,0.0127287191726332,0.0300978179082016,0.35,0.00150489089541,0.0586907449209932,0.1519939804364183,-0.2586872586872587,0.0020493309209964,0.0045838217398408,0.0005309361999224,-8.296705620204305e-05,0.0104402556448157,-0.0017575466287826,0.0011543080907608,0.031030570597134,-0.0006795134987695,-0.0006044688975266,0.0028931578492774,20.0,1
03601245,Ostseestraße,03 - Pankow,17.04,2.6479999999994903,0,2.6373626373626373,1719.8804939943866,-0.3606570456376973,0,0.9116387708428684,4.395604395604396,0.0,0.2026862026862027,0.4905982905982906,0.2399267399267399,0.0122100122100122,0.0212454212454212,0.014041514041514,0.0195360195360195,1,Ostseestraße,4182.0,0.497,-0.005,0.691,-0.001,0.877,-0.0,0.151,0.01,-0.001,0.0,0.064,-0.015,0.042,-0.006,6.0,0.8038632986627043,0.0425953442298167,0.0307547465871646,0.5051020408163265,0.0018829436686019,0.0743762749097756,0.152518437156755,-0.1111969111969111,-0.0027447926291597,0.0115558624719428,0.0051733137863506,-9.264826984302396e-06,0.0045489955470163,0.0013846667799945,0.0018848288028661,0.0352637318418158,-1.8546844519460855e-05,-0.0005561800299495,0.0027998765027016,32.666666666666664,1
03601346,Gethsemanekirche,03 - Pankow,20.02,1.0769999999998323,0,1.0771470160116448,5000.0,-0.1823215567939546,0,0.863282635118069,22.416302765647742,0.0,0.7641921397379913,0.0553129548762736,0.0544395924308588,0.0,0.0323144104803493,0.011353711790393,0.0823871906841339,1,Gethsemanekirche ,5386.0,0.463,-0.016,0.639,0.025,0.827,0.018,0.166,-0.038,-0.011,-0.054,0.039,-0.028,0.05,-0.012,5.0,0.6274390982911162,0.0389043752272451,0.0416387586514847,0.5898123324396782,0.0040187541862022,0.1004688546550569,0.115874079035499,-0.027027027027027,0.000180251199417,-0.0017665909370305,0.0010850612022421,-5.740268119820649e-05,0.0263879938217506,0.0047619325937841,0.0005560101211543,0.0106767191237992,-0.0002175985309995,-0.0010848272548976,0.0009536421509407,62.166666666666664,1
03601347,Helmholtzplatz,03 - Pankow,21.82,1.817999999999694,0,1.4495481927710845,5000.035013902214,-0.182332064749085,0,0.9999543240228692,20.143072289156628,0.0,0.8382906626506024,0.072289156626506,0.0327560240963855,0.0,0.0197665662650602,0.0180722891566265,0.0182605421686747,1,Helmholtzplatz ,5248.0,0.444,-0.009,0.646,0.006,0.829,0.021,0.143,0.004,-0.005,0.016,0.051,-0.012,0.048,-0.009,6.0,0.7035944206008584,0.0264216738197424,0.0932681459195186,0.6653225806451613,0.0027579290460072,0.0744640842421963,0.1271154569386987,0.0942084942084942,0.0019445884517638,0.0092650021582315,0.0008077319625408,0.0,0.0058277450407877,-0.0003431436079796,-0.000316507026356,0.0355007173529643,0.000234514765561,0.0001969165956208,0.0028584460036949,124.0,1
03601348,Senefelderstraße,03 - Pankow,18.09,0.9839999999998544,0,1.3163766175814369,5000.023529385938,-0.1823414354350058,0,0.9998825585992376,16.51048639000446,0.0,0.823516287371709,0.0763052208835341,0.0330209727800089,0.002454261490406,0.0243195002231146,0.0254350736278447,0.0149486836233824,1,Senefelderstraße ,5266.0,0.475,-0.025,0.672,0.008,0.847,0.015,0.164,0.017,-0.011,0.008,0.039,-0.013,0.043,-0.004,5.0,0.7620056497175142,0.0199505649717514,0.0594285714285714,0.5714285714285714,0.0042448979591836,0.0764081632653061,0.1430204081632653,-0.1343629343629343,-0.0031324511102407,0.0057218882546401,-0.0002197657722871,-7.43186683714626e-06,0.012131041978568,0.000377342142588,-0.0003574745724826,0.0413488647721712,0.0007125884088824,0.0005277874234194,0.0026882831601952,60.666666666666664,1
03601449,Michelangelostraße,03 - Pankow,9.75,0.852999999999884,0,1.2032085561497323,788.4764194267018,-0.4003426735856708,0,0.997032262676152,1.3368983957219251,0.0,0.0,0.0914104278074866,0.8435828877005348,0.0513034759358288,0.0,0.013201871657754,0.0,1,Michelangelostraße  ,3402.0,0.319,0.028,0.626,0.015,0.877,-0.003,0.119,0.008,0.015,0.002,0.091,-0.015,0.057,-0.002,5.0,0.8571428571428571,0.0381723539618276,0.0368942731277533,0.373134328358209,0.0005506607929515,0.0726872246696035,0.185022026431718,-0.3003861003861005,-0.0092484151156448,0.0032375862797448,0.0026618218536939,-0.0007821632533522,0.0077220579021135,0.0003584956755385,0.0005688591562829,-0.0108005508005507,-0.0019600173218107,0.0004954891308581,0.0043443690718985,11.166666666666666,1
03601450,Volkspark Prenzlauer Berg,03 - Pankow,9.99,1.2709999999998352,1,1.1613691931540342,884.023040181894,-0.2079560968367217,0,0.3350010829699589,6.723716381418092,0.0,0.0024449877750611,0.2035452322738386,0.5311735941320294,0.1833740831295843,0.0635696821515892,0.0079462102689486,0.0079462102689486,1,Volkspark Prenzlauer Berg ,3401.0,0.418,0.037,0.526,0.007,0.764,-0.015,0.666,0.257,-0.014,0.014,0.203,-0.025,0.101,0.0,8.0,0.4778737182946573,0.128440366972477,0.0191034131431482,0.6,0.0183392766174223,0.0718288334182373,0.0871115639327559,0.2409266409266409,-0.0083493320541502,0.0063758350765746,0.0054733976052887,0.0001038214717824,0.0156288073697892,-0.0027872890752348,-0.0016802647830708,0.0116911402625688,0.0011609252473391,-0.0034346209628279,-0.001992644396153,12.5,1
03601451,Anton-Saefkow-Park,03 - Pankow,16.83,3.235999999999432,0,1.0455764075067024,2387.332345285947,-0.2953033750205678,0,1.0,14.20911528150134,0.0,0.3,0.3723860589812332,0.2506702412868632,0.0,0.0412868632707774,0.0040214477211796,0.031367292225201,1,Anton-Saefkow-Park ,4743.0,0.483,-0.027,0.649,-0.003,0.844,0.004,0.159,-0.005,-0.02,-0.003,0.052,-0.019,0.042,-0.008,6.0,0.8076510547014658,0.0150160886664283,0.0168930109307717,0.6470588235294118,0.0043060616098045,0.0755216959258032,0.1629678701556806,0.2501930501930502,-0.0004955246144296,0.0062768686363962,-0.000106352757278,0.0016014616447888,0.0035530604591125,0.0003808295020287,0.0010792946585733,0.134574370288656,0.0002649267660017,0.00047633825366,0.0036454504696556,8.5,1
03601452,Velodrom,03 - Pankow,24.2,0.7619999999998818,0,1.1377010592389172,1900.0112647144656,-0.2744357183755651,0,0.996525461587726,14.515496273048251,0.0,0.2910945468811298,0.1165162808944684,0.3797567673597489,0.0796390741467242,0.0517850137308748,0.003138485680659,0.0749313456257355,1,Velodrom ,4472.0,0.526,-0.003,0.632,-0.004,0.836,-0.015,0.176,-0.066,0.008,-0.057,0.079,-0.028,0.055,-0.001,5.0,0.822961373390558,0.0225321888412017,0.0462012320328542,0.4666666666666667,0.0030800821355236,0.1047227926078028,0.1817248459958932,-0.1243243243243243,0.0060085590907364,0.0025709474811664,0.0005005443670774,0.0,0.0053192277995869,0.0003829876693124,0.0027961514277867,-0.00360367431796,-3.810084299128727e-05,0.0017997339652487,0.0009999308621065,15.0,1
03601453,Alter Schlachthof,03 - Pankow,20.31,0.9329999999998192,1,0.7155635062611807,1821.7196925024928,-0.0581975441902923,0,0.8503438536275635,31.305903398926652,0.0,0.0769230769230769,0.0,0.016994633273703,0.01520572450805,0.0,0.5098389982110912,0.3855098389982111,1,Alter Schlachthof ,6438.0,0.435,0.04,0.38,0.056,0.682,0.099,0.15,-0.001,0.01,-0.026,0.016,0.002,0.031,-0.018,7.0,0.5777173913043478,0.1217391304347826,0.0419689119170984,0.1481481481481481,0.0,0.0901554404145077,0.1585492227979274,0.0,0.0174476153499924,-0.0042244326202733,0.0005157361659897,0.0009723050482104,0.0058750085383945,0.0053477602823668,0.0032334086096434,0.0162497862497862,0.0,0.0015300689770521,0.0059970563409758,13.5,1
03701554,Teutoburger Platz,03 - Pankow,20.0,0.9699999999998464,0,1.6359593392630245,5000.198659740846,-0.3364608850226113,0,0.9999999999999848,34.30749682337993,0.0,0.7201397712833545,0.0209656925031766,0.0968869123252859,0.0120711562897077,0.0592439644218551,0.0449491740787801,0.0447903430749682,1,Teutoburger Platz ,5667.0,0.456,-0.02,0.634,0.011,0.822,0.01,0.166,0.006,-0.013,-0.002,0.034,-0.013,0.051,-0.004,5.0,0.6299562736233603,0.0503965018898688,0.064822460776218,0.638004246284501,0.0040600055050922,0.0966143682906688,0.12056151940545,0.0108108108108108,-0.0055822426105761,0.0050748888275693,0.0016580412842436,-0.0001941314148129,0.0243423215374857,-1.1147925731724655e-05,0.003675665741994,0.0156865749465948,-0.0002089934496715,0.0001320294673932,0.0026264902294542,157.0,1
03701555,Sredzkistraße,03 - Pankow,20.5,1.6619999999998036,0,1.3949013949013949,5467.849834549589,-0.3117216617306643,0,1.0,20.442520442520443,0.0,0.8453583453583453,0.0264550264550264,0.0832130832130832,0.005050505050505,0.03006253006253,0.0055315055315055,0.0048100048100048,1,Sredzkistraße ,5508.0,0.448,-0.008,0.638,0.016,0.836,0.023,0.144,-0.01,-0.003,0.013,0.036,-0.007,0.044,-0.014,5.0,0.6420687089172764,0.0398114845590971,0.0869952163755701,0.6035805626598465,0.0030036711536322,0.1575258649460451,0.1234842585382133,-0.3204633204633205,0.0134662326456987,0.0032825407823701,0.0008157292565111,-4.264997934822317e-05,0.0131855517773216,-0.0007337136769658,-0.0006116536808862,0.037018697131431,-7.68562618604837e-05,0.0060124519763795,0.0014753307386943,130.33333333333334,1
03701556,Kollwitzplatz,03 - Pankow,18.49,0.6219999999999303,0,1.3963480128893664,5453.353591081713,-0.3124339907029197,0,0.999999034699041,20.83780880773362,0.0,0.686358754027927,0.0294307196562835,0.0706766917293233,0.0,0.0414607948442534,0.0595059076262083,0.1125671321160042,1,Kollwitzplatz,5977.0,0.449,-0.005,0.592,0.01,0.815,0.025,0.159,-0.006,0.001,0.007,0.033,-0.009,0.041,-0.01,6.0,0.6087595262143054,0.0776788173721421,0.0516023432115782,0.5926544240400667,0.0031013094417643,0.0920055134390075,0.1307718814610613,-0.0432432432432432,0.0007764429586767,0.0027963546470662,0.0012972464977921,0.0004440575004137,0.0154464184118235,0.0045830479467791,0.0004160130707547,0.0494846670473094,1.628229461640139e-05,0.0001223364130651,0.0012309329380343,99.83333333333331,1
03701657,Thälmannpark,03 - Pankow,19.25,3.6869999999993466,0,3.599114064230343,3002.4342393707143,-0.3190731156575019,0,0.6281804478221485,9.413067552602437,0.0,0.0,0.0863787375415282,0.0,0.7408637873754153,0.0,0.0071982281284606,0.1677740863787375,1, Thälmannpark ,4521.0,0.406,0.012,0.579,0.021,0.835,0.015,0.166,0.03,0.048,0.028,0.091,-0.03,0.052,-0.006,5.0,0.8034102306920762,0.0300902708124373,0.0362116991643454,0.3846153846153846,0.0,0.0891364902506963,0.1225626740947075,0.4864864864864865,-0.043624033035755,0.0027524751400723,0.0011397863941945,0.0,0.009963325708846,7.738147801552449e-05,0.0015233000188443,0.0807011092725378,0.0,-0.0014260255167959,0.0014316423761421,6.5,1
03701658,Christburger Straße,03 - Pankow,20.0,1.7489999999997623,0,1.425325346002892,5000.0,-0.3364722366212129,0,0.9999999999999998,16.7320801487296,0.0,0.7944639537285685,0.0396612270192109,0.0493699648832885,0.0322247469531088,0.0254079735591819,0.014666391241479,0.043792604833712,1,Christburger Straße ,5058.0,0.466,-0.023,0.636,0.009,0.831,0.019,0.146,-0.008,-0.006,0.014,0.038,-0.01,0.047,-0.007,7.0,0.714498510427011,0.0190334326381992,0.0303170920340293,0.413265306122449,0.005568445475638,0.0658932714617169,0.1364269141531322,0.3459459459459459,-0.0023920703109149,0.0141630614051018,0.0018547878806662,0.0004531088215907,0.0135740442372655,-0.0008180000533289,-0.0004145466786529,-0.0518597914186149,0.0002062267371263,8.160941636963115e-05,0.0033678182316622,32.666666666666664,1
03701659,Immanuelkirchstraße,03 - Pankow,20.7,1.1659999999999178,0,1.598129019684272,4415.562433249568,-0.3514243374112363,0,0.7343875491221206,18.90469694016761,0.0,0.6376924576106022,0.0210485285519391,0.2217891249269148,0.0087702202299746,0.0530111089456246,0.023971935295264,0.034106412005457,1,Immanuelkirchstraße ,5309.0,0.464,0.009,0.609,0.011,0.82,0.017,0.167,0.005,-0.007,0.022,0.038,-0.011,0.047,-0.01,6.0,0.6538213687330842,0.0570949864673282,0.0374032162001191,0.5477707006369427,0.0085765336509827,0.0793329362715902,0.1307921381774865,0.0131274131274131,-0.0049732131102867,0.0033347169587435,0.002027331038344,0.0,0.0025233490540701,0.0003742592590159,0.0004058977999832,0.0400784745598285,0.0019174437053507,-0.0001630095539753,0.001904529580916,52.333333333333336,1
03701660,Bötzowstraße,03 - Pankow,18.18,1.2359999999999336,0,1.528013582342954,4619.980835974522,-0.3334735794013635,0,0.9127078016919272,17.826825127334466,0.0,0.72184493491794,0.0434352009054895,0.1369552914544425,0.015704584040747,0.0246179966044142,0.0365025466893039,0.0210809281267685,1,Bötzowstraße,5266.0,0.417,-0.001,0.609,0.024,0.808,0.023,0.132,-0.011,-0.004,0.008,0.039,-0.011,0.054,-0.007,7.0,0.7082234201169859,0.0299346255304507,0.0466038140132847,0.4551724137931034,0.005356760231412,0.0797085922434111,0.1433469037925862,0.2177606177606177,-0.0067398180447505,0.0066728937861638,-0.0010971206538513,-3.811029257309494e-06,0.0087862432499389,-0.0001873532351334,-0.0020086444513856,0.0143131562376623,0.0003425366297978,0.0006452369730808,0.0034917043170174,72.5,1
04100101,Jungfernheide/Plötzensee,04 - Charlottenburg-Wilmersdorf,10.29,0.6299999999998849,0,2.6668821722967517,649.9866670137179,-0.4307889217012705,0,0.1733875409892093,0.9697753353806368,0.0,0.0082430903507354,0.2925488928398254,0.6652658800711169,0.0218199450460643,0.0021011798933247,0.0,0.0085663487958622,1,Jungfernheide/ Plötzensee,3286.0,0.398,0.026,0.616,0.009,0.852,0.004,0.158,0.02,0.001,0.009,0.149,-0.019,0.053,-0.008,6.0,0.6353367433930094,0.0716112531969309,0.021123872026251,0.6213592233009708,0.0024610336341263,0.0516817063166529,0.1132075471698113,0.0,-0.0002388880760789,0.0002431686891803,-0.0018148634870138,-0.0027054872097878,0.0214427806776205,-0.0014794432515259,0.0007162837264079,0.0216704804254561,-2.4960613355508217e-05,-0.0010264729741454,0.001754856777289,17.166666666666668,1
04100102,Paul-Hertz-Siedlung,04 - Charlottenburg-Wilmersdorf,7.61,0.4169999999999312,0,1.1904761904761905,650.0,-0.4307829160924542,0,0.833171518698899,0.3968253968253968,0.0,0.0,0.0,0.7515873015873016,0.0543650793650793,0.1924603174603174,0.0,0.0,1,Paul-Hertz-Siedlung,3229.0,0.335,0.008,0.509,0.011,0.777,-0.003,0.099,-0.009,-0.003,-0.004,0.227,-0.014,0.088,-0.0,5.0,0.893740902474527,0.0043668122270742,0.0215877437325905,0.4193548387096774,0.0,0.0668523676880222,0.1671309192200557,-0.4015444015444015,0.0089574543451916,0.0072811141118789,-8.03796884007628e-05,0.0,-0.0020287529187053,-0.0024013891557736,0.0021096212005129,-0.0074425445854017,0.0,-0.0026268162697536,0.002464087960014,5.166666666666667,1
04200203,Olympiagelände,04 - Charlottenburg-Wilmersdorf,12.61,-1.5100000000004,1,1.7341040462427744,727.6527550484244,0.0102004922531325,0,0.0828916769106466,18.78612716763006,0.0,0.0303468208092485,0.5303468208092486,0.2904624277456647,0.0520231213872832,0.0447976878612716,0.0,0.0592485549132947,1,Olympiagelände,,0.304,0.027,0.478,0.0,0.834,0.012,0.097,0.03,-0.011,-0.016,0.027,0.008,0.037,-0.01,6.0,0.6685667752442996,0.0390879478827361,0.0607003891050583,0.5384615384615384,0.0,0.0233463035019455,0.0607003891050583,0.1575289575289575,-0.0790852394742898,0.0102738911992652,0.007276596572247,0.0015605541609825,0.0074145985133665,0.0008531380594818,-0.0020085148806752,0.0,0.0,-0.0032856572604859,-0.0001606102210625,13.0,1
04200204,Angerburger Allee,04 - Charlottenburg-Wilmersdorf,11.03,0.5259999999999445,0,3.2539221382916907,1195.8445725058343,-0.4189944396141703,0,0.7439384270611792,5.229517722254503,0.0,0.0110400929692039,0.0063916327716443,0.9424753050552004,0.0069726902963393,0.0214991284137129,0.0,0.0127832655432887,1,Angerburger Allee,4196.0,0.378,0.128,0.532,-0.002,0.849,-0.016,0.294,0.182,0.06,0.037,0.064,0.012,0.039,0.006,7.0,0.7652270210409745,0.0132890365448504,0.027027027027027,1.0,0.0062370062370062,0.0311850311850311,0.106029106029106,-0.2586872586872587,0.0266888909634417,0.013548904726379,-0.0023713889504828,-0.002172545873173,0.0237752198593169,-0.000717226525449,0.0018694503855779,0.0021621621621621,4.857689698088647e-05,-0.0012576907455048,0.0016757942103936,4.333333333333333,0
04200205,Flatowallee,04 - Charlottenburg-Wilmersdorf,17.47,1.5769999999997353,1,8.901515151515152,1399.8290976253256,-0.0001606034991221,0,0.6280343981935446,5.681818181818182,0.0,0.0309343434343434,0.0713383838383838,0.7550505050505051,0.0138888888888888,0.0763888888888889,0.0252525252525252,0.0271464646464646,1,Flatowallee,4926.0,0.256,-0.017,0.561,0.048,0.872,0.016,0.165,0.047,0.001,0.019,0.034,0.004,0.036,-0.001,10.0,0.5993485342019544,0.0488599348534201,0.0183908045977011,0.5,0.0091954022988505,0.0551724137931034,0.1057471264367816,0.4316602316602316,-0.0124432005914848,0.0244313495681035,-0.0015044276908798,-0.0045609569491194,-0.0025820062841784,-0.0010252142657372,0.0005411164410542,0.0,-0.0031599485098764,-0.0006736509452474,0.0009922567934568,4.0,0
04200206,Kranzallee,04 - Charlottenburg-Wilmersdorf,15.57,1.3179999999998555,1,4.816678648454349,1597.8481912132354,-0.0304652618385787,0,0.5836990893308508,5.03235082674335,0.0,0.0496046010064701,0.1329978432782171,0.5830337886412653,0.0661394680086268,0.0948957584471603,0.0337886412652767,0.0388209920920201,1,Kranzallee,,0.27,0.047,0.432,0.023,0.791,0.007,0.112,0.009,0.001,0.007,0.055,0.017,0.05,0.006,8.0,0.6429993364299934,0.0039814200398142,0.0166051660516605,0.9629629629629628,0.011070110701107,0.047970479704797,0.1254612546125461,0.0023166023166023,-0.0001620947697805,0.0123978494292894,-0.0062837574773393,-0.0034731290547927,0.0219979780189979,-0.0005663408212405,0.0013292570755483,0.0728185328185328,-0.001380479022939,-0.0011552754784017,0.0031066169270474,4.5,0
04200207,Eichkamp,04 - Charlottenburg-Wilmersdorf,16.67,,1,6.75422138836773,996.0361210403383,-0.0041973874923753,0,0.0342519984260299,5.003126954346467,0.0,0.0225140712945591,0.3933708567854909,0.5265791119449656,0.0218886804252657,0.0175109443402126,0.0112570356472795,0.0093808630393996,1,Eichkamp,,0.405,0.019,0.47,0.01,0.862,0.003,0.2,0.055,0.009,0.014,0.011,-0.005,0.03,0.003,9.0,0.7095170454545454,0.0170454545454545,0.0627130197682345,0.7391304347826086,0.0047716428084526,0.0286298568507157,0.130879345603272,0.4447876447876447,-0.0202392255367938,0.0080228651410878,0.0050748816513185,0.0001923105893137,0.010825603263776,-0.0010228917869154,-0.0012373724150851,-0.0061538849774143,-0.0023791713789451,-0.0050418502848998,0.0012731383769871,15.333333333333334,1
04200308,Branitzer Platz,04 - Charlottenburg-Wilmersdorf,17.46,1.569999999999777,0,2.326241134751773,1843.0866493885867,-0.1709246418988758,0,0.2911811996464451,9.078014184397164,0.0,0.1773049645390071,0.2249645390070922,0.4243971631205673,0.0275177304964539,0.105531914893617,0.0087943262411347,0.0306382978723404,1,Branitzer Platz,4588.0,0.342,0.018,0.603,-0.005,0.867,0.001,0.207,-0.105,0.005,0.033,0.062,-0.01,0.031,-0.002,8.0,0.6097873430694337,0.0491929285165257,0.013063840276066,0.7735849056603774,0.0044367759428148,0.0340152822282474,0.1123983238846438,0.0625482625482625,-0.012130036020858,0.0120526813077994,0.0019609133421348,-0.0002932926052727,0.015303172689363,-0.0027920460246717,-0.0011745231873687,0.0464894264894265,-0.0010648961630658,-0.002962170836269,0.0030059783397179,8.833333333333334,1
04200309,Neu Westend,04 - Charlottenburg-Wilmersdorf,18.0,1.2189999999998584,0,1.7250126839167934,1438.6108911825302,-0.3951301269702488,0,0.9630638809239238,3.0441400304414,0.0,0.0225773718924403,0.5149670218163369,0.417554540842212,0.015220700152207,0.0124302384576357,0.0,0.0167427701674277,1,Neu Westend,4516.0,0.339,0.028,0.568,0.005,0.859,-0.004,0.16,0.047,0.029,0.028,0.037,-0.008,0.037,-0.003,8.0,0.7150706436420722,0.0141287284144427,0.0230591852421214,0.6,0.0,0.0438124519600307,0.1406610299769408,0.1250965250965251,-0.0052516807084085,-0.0035477652253964,0.0015068614420754,-0.0013731488999028,0.0046852520103176,0.0005588381526133,0.0011583880930125,-0.0202187902187902,0.0,-0.0007670300927565,0.0027438615664422,10.0,1
04200310,Fürstenplatz,04 - Charlottenburg-Wilmersdorf,18.59,1.680999999999794,0,2.617558489691916,1936.1463127662896,-0.2138604741982266,0,0.8285481851322224,3.4746351633078527,0.0,0.2094046791753532,0.3259207783182766,0.4053741023859161,0.039379198517489,0.0115821172110261,0.0046328468844104,0.0048644892286309,1,Fürstenplatz,4607.0,0.325,0.025,0.587,0.004,0.86,-0.002,0.139,0.014,-0.0,-0.009,0.063,0.003,0.033,0.002,8.0,0.5548740053050398,0.0643236074270557,0.0359492858289199,0.8214285714285714,0.0048146364949446,0.0375541646605681,0.0924410207029369,-0.1413127413127413,-0.0155965052367716,0.0121233174619105,0.0024568610198569,-0.0007034086642212,0.0142614169461296,-0.0010427636730254,-0.0013000895379408,-0.0135559929618246,0.0004746972478173,-0.0023285197479644,0.0011615521827202,37.333333333333336,1
04200311,Königin-Elisabeth-Straße,04 - Charlottenburg-Wilmersdorf,13.68,0.4369999999998534,0,3.4370645610775665,3508.274557902774,-0.4441737724828207,0,0.3644375139971607,5.57361820715281,0.0,0.4609846725499303,0.3100325127728751,0.2036692986530422,0.0190431955411054,0.0034835113794705,0.0,0.0039479795633999,1,Königin-Elisabeth-Straße,4036.0,0.422,0.018,0.655,0.006,0.886,0.003,0.204,0.026,-0.003,-0.022,0.079,0.002,0.027,-0.007,7.0,0.6411711302768951,0.0583295506128007,0.0451807228915662,0.7476190476190476,0.0064543889845094,0.0709982788296041,0.132960413080895,0.0293436293436293,-0.0060165027997478,0.0073974773877309,-0.0013386471994993,-0.0004261856835778,0.0066881175563462,-0.0005585838719605,0.0013381597868408,0.0285312927613897,-6.30883574717582e-05,-0.0004879186575902,0.0019733824955139,35.0,1
04300412,Schlossgarten,04 - Charlottenburg-Wilmersdorf,20.39,2.6849999999994982,0,4.099329917225069,3999.462212511925,-0.3184119741296355,0,0.1868410698886518,4.335829720141899,0.0,0.1773748521876231,0.0086716594402837,0.5348837209302325,0.0126133228222309,0.0098541584548679,0.0,0.2526606227828143,1,Schlossgarten,5251.0,0.499,0.025,0.573,-0.017,0.841,-0.029,0.225,-0.09,0.008,-0.107,0.103,-0.042,0.032,-0.0,6.0,0.6017977528089887,0.0934831460674157,0.0222222222222222,0.5576923076923077,0.0102564102564102,0.0692307692307692,0.1076923076923077,-0.237065637065637,0.004336354774669,0.0059276410633393,0.0005142006527602,0.0015933720353999,0.0264539944234479,-0.001634077512642,-0.0001461991259723,0.0889808175522461,-0.0002832596861297,-0.002624819195034,0.0013681960007385,8.666666666666666,1
04300413,Klausenerplatz,04 - Charlottenburg-Wilmersdorf,11.84,1.1409999999998188,0,0.937440214272049,3788.0179926542073,-0.3729051670171605,0,0.949177220808107,5.930744212741534,0.0,0.6940883872202028,0.0132006887315859,0.1819399273005548,0.0947005930744212,0.0132006887315859,0.0,0.0022957719533193,1,Klausenerplatz,4073.0,0.383,-0.0,0.598,0.001,0.839,0.008,0.132,0.01,-0.007,-0.001,0.125,-0.005,0.052,-0.003,8.0,0.6360357265544486,0.0508416351769151,0.042490118577075,0.5658914728682171,0.0019762845849802,0.0513833992094861,0.1274703557312253,0.0185328185328185,-0.0031002000745499,0.0110725041612548,0.0019386643052589,0.0016436120564899,0.0105846099335684,0.0014597092725196,0.0033374167340743,-0.0101471941824468,-0.0005228486848016,-0.0017666042759976,0.0023500838927036,43.0,1
04300414,Schloßstraße,04 - Charlottenburg-Wilmersdorf,17.72,1.2719999999994054,0,2.412564766839378,4159.688830820571,-0.3110600908742706,0,0.9944905472536648,8.095854922279791,0.0,0.6839378238341969,0.0215349740932642,0.2159974093264248,0.0506800518134715,0.0079339378238341,0.0,0.0199158031088082,1,Schloßstraße,4723.0,0.395,0.015,0.622,0.0,0.859,0.001,0.148,0.003,-0.004,0.008,0.077,0.003,0.037,-0.004,7.0,0.6494034707158352,0.0325379609544468,0.0515913757700205,0.5945273631840796,0.0115503080082135,0.0415811088295687,0.1178131416837782,0.0617760617760617,-0.0023286631821671,0.009505796612353,0.0037367155998391,0.0013929616441505,0.0170276960421766,9.897129690351628e-05,0.0021856240101602,-0.0045910025439837,0.0006403056108352,-0.0016370976408396,0.0015128215679628,67.0,1
04300415,Lietzensee,04 - Charlottenburg-Wilmersdorf,18.5,1.4139999999997948,0,2.762854950115119,6000.0,-0.2231435513142097,0,0.4570683607636043,6.65131747249936,0.0,0.4745459196725505,0.109490918393451,0.2801227935533384,0.0711179329751854,0.0153491941673062,0.0166282936812484,0.0314658480429777,1,Lietzensee,4856.0,0.359,0.02,0.618,0.008,0.881,0.001,0.15,0.034,0.005,0.018,0.069,-0.004,0.029,-0.005,8.0,0.6136724960254372,0.0476947535771065,0.0320901994796183,0.7027027027027027,0.0101908065915004,0.039028620988725,0.0858629661751951,0.0,-0.0071097446569057,0.008158880419911,0.001528997793677,0.0011017794934324,0.0119428168885108,0.0021055000218766,0.0020806664443016,-0.008764775291091,5.115109096087803e-05,-0.001615219735174,0.001215124315418,24.666666666666668,1
04300416,Amtsgerichtsplatz,04 - Charlottenburg-Wilmersdorf,20.18,1.560999999999764,0,2.724404932606826,5095.159443754679,-0.3243634941824004,0,0.9030456737351928,10.180671063951822,0.0,0.6798107255520505,0.0187840550616575,0.2292801835388586,0.0319759105248064,0.0050186406653283,0.0226555778606251,0.0114711786636076,1,Amtsgerichtsplatz,4786.0,0.416,0.02,0.625,-0.002,0.868,-0.002,0.164,0.018,0.0,0.02,0.063,-0.007,0.038,-0.001,7.0,0.6625635234330887,0.0230378317334839,0.083816269585748,0.6811779769526248,0.0077269800386349,0.0585962652929813,0.1429491307147456,0.1752895752895752,-0.0018502339788876,0.0073548751309361,0.0003461846431055,0.0013276028711457,0.003858997566615,-0.001226795667038,0.0061362691662949,-0.0096333786378452,0.0005809622962169,-0.0022034645095481,0.003260204027763,130.16666666666666,1
04300517,Tegeler Weg,04 - Charlottenburg-Wilmersdorf,21.41,2.169999999999789,0,1.9682320441988947,2500.0,-0.4187103348581849,0,0.8282155309666404,3.970994475138122,0.0,0.4547651933701657,0.2365331491712707,0.2567334254143646,0.0288328729281767,0.0034530386740331,0.0,0.0196823204419889,1,Tegeler Weg,,0.456,0.023,0.683,0.015,0.89,0.006,0.184,0.033,-0.018,0.0,0.099,-0.012,0.034,-0.003,6.0,0.7173137460650577,0.0417628541448058,0.0437614492163647,0.8325581395348837,0.0024424994911459,0.0586199877875025,0.1331162222674536,-0.1853281853281853,0.0003086504959574,0.0072512494230882,0.0023817405878687,0.0014922999618001,0.0139460220310083,0.000875722626271,-0.0014844390014399,0.0619373547518233,0.0005227126650585,-0.0018272897158631,0.0018743526425194,35.833333333333336,1
04300518,Kaiserin-Augusta-Allee,04 - Charlottenburg-Wilmersdorf,16.49,1.0579999999998604,0,0.9773976786805132,2501.056028089892,-0.418606115379417,0,0.2388418132730732,8.246792913866829,0.0,0.5006108735491753,0.1912034208918754,0.1585216860109957,0.0681124007330482,0.0400122174709835,0.0036652412950519,0.0378741600488698,1,Kaiserin-Augusta-Allee,4040.0,0.466,0.012,0.608,-0.018,0.853,-0.013,0.258,0.105,-0.0,0.011,0.106,-0.007,0.038,-0.001,6.0,0.6291641731498105,0.0760023937761819,0.0406413124533929,0.6605504587155964,0.0022371364653243,0.087248322147651,0.0894854586129754,-0.1003861003861003,0.000976478457852,0.0057742966515231,0.0021880899089245,-0.0004372922610109,0.0142167960127385,-0.0062047972598433,-0.000822190037592,-0.0099984772774855,-7.958055971345528e-05,-0.0005080304924764,0.0015943987358797,36.333333333333336,1
04300619,Alt-Lietzow,04 - Charlottenburg-Wilmersdorf,19.71,2.5829999999995934,0,2.713408595761537,4000.0,-0.3184537311185346,0,0.9999949746796376,6.5359477124183005,0.0,0.3497722321251733,0.0150524856407209,0.5341651812240048,0.0903149138443256,0.0091107149930679,0.0,0.0017825311942959,1,Alt-Lietzow,4274.0,0.418,0.036,0.635,-0.003,0.872,-0.002,0.168,0.045,0.006,0.018,0.092,-0.003,0.035,-0.001,7.0,0.7386387881374014,0.0298698527842969,0.0502532928064842,0.7217741935483871,0.0068895643363728,0.0668693009118541,0.1762917933130699,-0.2532818532818532,0.0044462197054672,0.0062797069030464,0.0062961542948504,-0.0015136648461768,0.001096128794605,0.0010236398738209,0.0008459655303357,0.0280348018278493,0.0007264820097095,-0.0022546454514287,0.0031848694660564,41.333333333333336,1
04300620,Spreestadt,04 - Charlottenburg-Wilmersdorf,23.08,1.1429999999999547,0,2.7978774722624213,2701.151961103455,-0.287723441332112,0,0.1692151436466016,27.496382054992765,0.0,0.4370477568740955,0.1167390255668113,0.2001929570670526,0.1013024602026049,0.0226724553786782,0.0,0.1210805595754944,1,Spreestadt,5133.0,0.542,0.008,0.6,-0.024,0.852,-0.016,0.193,0.02,-0.023,-0.018,0.095,-0.005,0.031,-0.006,8.0,0.4440211990725405,0.1846637959589268,0.0290875688916105,0.5526315789473685,0.0108695652173913,0.0835884874464176,0.0771586037966932,0.2185328185328185,-0.0068092562057052,0.0104089169629485,0.003208093688872,0.000225217604168,0.0194436643091997,0.0011607382192845,-0.0005731179547436,-0.0417370867662274,-0.0015509306230457,0.0008310306782178,0.0002940273747642,31.666666666666668,1
04300621,Richard-Wagner-Straße,04 - Charlottenburg-Wilmersdorf,15.0,1.148999999999772,0,1.9100032372936224,4081.6188092585535,-0.3202699604198149,0,1.0,9.06442214308838,0.0,0.4414049854321787,0.0200712204596956,0.4174490126254451,0.0791518290708967,0.0192618970540628,0.0,0.0233085140822272,1,Richard-Wagner-Straße,4464.0,0.413,0.017,0.639,0.0,0.869,-0.003,0.175,0.031,-0.01,-0.004,0.108,-0.008,0.037,0.002,7.0,0.6718278441149456,0.0391024799895026,0.0560371906018344,0.515695067264574,0.0096745822339489,0.0452318130418394,0.1349415755748209,0.0409266409266409,0.0074075244880441,0.0060110712800776,-0.000622427881176,0.0013266646664285,0.0121582977564135,-0.0005887630011201,0.0018300323202757,0.0058298327588305,-0.0003824250511615,-0.0030573842610703,0.0025387778885193,74.33333333333333,1
04300622,Ernst-Reuter-Platz,04 - Charlottenburg-Wilmersdorf,18.43,0.8989999999997681,0,1.1695906432748535,4037.0689146687255,-0.319288122527716,0,0.2332364299240386,10.319917440660475,0.0,0.2060543515651874,0.0715514275885793,0.4595803233574131,0.0939112487100103,0.0488476092191262,0.0024079807361541,0.1183350533195734,1,Ernst-Reuter-Platz,4730.0,0.452,0.006,0.6,0.011,0.851,-0.003,0.161,0.015,0.003,-0.001,0.099,-0.022,0.038,-0.002,9.0,0.4441354292623942,0.1273276904474002,0.0311554409951809,0.9136690647482014,0.0347416788075759,0.0524487280062759,0.0901042250364227,0.4864864864864865,-0.0135785630664108,0.0111928266268216,0.0009084207604655,-0.0011259217647695,0.0149646667633106,-0.0013259899238548,0.000459552102007,0.0060175477119306,-0.0006333051551643,-0.0018905472642884,-0.0010855741561493,46.333333333333336,1
04300623,Karl-August-Platz,04 - Charlottenburg-Wilmersdorf,19.0,1.1749999999998018,0,3.111543269898597,5000.0,-0.3364722366212129,0,0.8626642840750449,11.529379080427836,0.0,0.5128490068065009,0.0286150854285317,0.3503264342269759,0.0411168217808028,0.0206973190720933,0.0056952354493679,0.0409779135991109,1,Karl-August-Platz,4597.0,0.463,0.026,0.643,-0.006,0.878,-0.001,0.183,0.02,-0.01,0.002,0.086,-0.01,0.031,-0.0,6.0,0.5762787438690362,0.0429963691954901,0.057843785701401,0.6081081081081081,0.00535145210751,0.0573627562984787,0.103541578979015,0.0,-0.0266288206002829,0.0089590724147695,0.0037437358325131,0.00104960188228,-0.0008012046607933,0.0015787467790517,0.0008830044676668,-0.0003320469827344,-0.0001671571131158,-0.0014708924231177,0.0015196642076358,160.33333333333334,1
04300624,Savignyplatz,04 - Charlottenburg-Wilmersdorf,19.76,1.6009999999998428,0,2.658450704225352,5000.0,-0.3364722366212129,0,0.7555406915556886,9.330985915492958,0.0,0.5338028169014084,0.0172535211267605,0.3617957746478873,0.0498239436619718,0.0195422535211267,0.0068661971830985,0.0116197183098591,1,Savignyplatz,5010.0,0.419,0.023,0.664,-0.005,0.898,0.002,0.183,0.042,-0.011,-0.007,0.06,0.0,0.031,-0.0,9.0,0.5127420218871968,0.0576260809673222,0.0695202737133289,0.8282722513089005,0.006260464439106,0.0454247652325835,0.0987115090631142,0.4988416988416988,-0.0031823855668945,0.0074060772808561,0.0031941354489461,0.0002893725667546,0.0134028410361816,-9.032087933797788e-05,0.0009603814921773,-0.0053543189986954,-0.0011054004498555,-0.0014273706480752,0.0018257069020231,159.16666666666666,1
04400725,Güterbahnhof Grunewald,04 - Charlottenburg-Wilmersdorf,,,1,6.944444444444445,2757.458075912361,-0.0342730045997053,0,0.0091687144394699,13.888888888888888,0.0,0.6944444444444444,0.0416666666666666,0.2638888888888889,0.0,0.0416666666666666,0.0,0.0,1,Güterbahnhof Grunewald,,,,0.735,-0.0,0.918,-0.058,0.202,-0.075,-0.034,0.022,,,0.041,,18.0,0.5,0.3061224489795918,0.0612244897959183,1.0,0.0,0.0612244897959183,0.0612244897959183,2.9706563706563704,-0.0535169174355374,0.1291488544208579,0.0,0.0,-0.0091309354467249,0.0026235700539106,0.0053175068035749,0.0,0.0,0.0015424351558805,0.0006816247849246,1.0,0
04400726,Bismarckallee,04 - Charlottenburg-Wilmersdorf,20.0,0.8469999999999291,0,2.378454004896817,2531.8774922375896,-0.057121383464539,0,0.929528959050322,11.192724728926198,0.0,0.2801678908709339,0.0664568030779993,0.4477089891570479,0.0821965722280517,0.0360265827212312,0.0237845400489681,0.0633088492479888,1,Bismarckallee,,0.293,0.024,0.55,-0.003,0.819,-0.007,0.172,0.031,0.001,-0.006,0.07,0.004,0.05,0.007,10.0,0.4681967213114754,0.0404918032786885,0.0063252082690527,0.7804878048780488,0.0058623881518049,0.037025609379821,0.0990435050910212,0.2803088803088802,0.008746971049695,0.0085932542770511,0.0069887429502346,0.0025861296916935,0.0184981954984217,-0.0015677520017512,-0.0003911243786261,0.0293926579640865,-0.0009099866698026,-0.0015896548127914,0.0017468962952186,6.833333333333333,1
04400727,Flinsberger Platz,04 - Charlottenburg-Wilmersdorf,18.75,1.1139999999998782,0,2.197576504415691,1918.4877681678097,-0.3652488586198173,0,1.0,8.215239268843705,0.0,0.133086876155268,0.2922571369891148,0.4705278291230232,0.0211542411172725,0.0453891969603614,0.0071883343602382,0.0293694803861162,1,Flinsberger Platz,4973.0,0.354,0.013,0.621,0.009,0.861,-0.002,0.144,0.031,-0.01,-0.014,0.065,-0.0,0.043,-0.0,8.0,0.6312666257417638,0.0327399222426846,0.0234390388024423,0.7478991596638656,0.0070908016545203,0.0543628126846562,0.1087256253693125,0.0741312741312741,-0.0083132041653765,0.006306354166506,0.0051212755351718,0.0024924997856171,0.0125292704098851,-0.0020456101778003,0.0007826316490519,-0.0052249495858518,0.0001003266001111,-0.0012160586747124,0.0003841927156239,19.833333333333332,1
04400728,Hagenplatz,04 - Charlottenburg-Wilmersdorf,18.04,0.444999999999916,1,4.040404040404041,2774.53252215727,-0.0384597158009704,0,1.0,4.489337822671156,0.0,0.2991021324354658,0.0791245791245791,0.4231200897867564,0.0852974186307519,0.0448933782267115,0.0218855218855218,0.0432098765432098,1,Hagenplatz,4299.0,0.284,0.034,0.552,0.0,0.838,0.004,0.158,0.043,0.002,-0.0,0.035,0.003,0.043,-0.007,8.0,0.5406867845993757,0.0154006243496357,0.0011808699074985,1.0,0.0035426097224955,0.054320015744932,0.0696713245424129,-0.0316602316602316,-0.0061847755497402,0.006187968162895,0.0028703548124709,0.0003012677228493,0.0316836153023903,-0.0013339350232676,0.0001776947109782,0.0,-0.0001966784549251,-0.0004605963085256,0.0004339588631808,1.0,0
04400729,Hundekehle,04 - Charlottenburg-Wilmersdorf,20.02,0.2819999999998311,1,3.411371237458194,2647.0284829996567,-0.0369505801757277,0,0.2465745411409358,2.0066889632107023,0.0,0.1866220735785953,0.0976588628762541,0.4528428093645485,0.0795986622073578,0.0749163879598662,0.0642140468227424,0.0461538461538461,1,Hundekehle,,0.254,0.023,0.509,-0.007,0.82,-0.013,0.107,-0.024,0.004,-0.026,0.032,-0.004,0.041,-0.002,9.0,0.5104965011662779,0.0386537820726424,0.0255930087390761,0.8536585365853658,0.0018726591760299,0.0280898876404494,0.1235955056179775,0.2571428571428571,-0.0218746488976085,0.0107921586493834,0.0055835299417494,0.0015906793953081,0.0065530393444872,0.0021525048705561,-0.001467296614189,-0.0065028922171779,0.0007218600925221,-0.0020494406831449,0.0015444948117952,13.666666666666666,1
04400830,Forckenbeckstraße,04 - Charlottenburg-Wilmersdorf,21.15,0.8659999999998972,0,1.782575947778057,1679.3491794222734,-0.3115439116903071,0,0.7870876918068581,6.276675872457946,0.0,0.0630178257594777,0.3956816469997489,0.3120763243786091,0.0133065528496108,0.0210896309314587,0.0128044187798142,0.1807682651267888,1,Forckenbeckstraße,5123.0,0.351,0.036,0.484,-0.02,0.779,-0.013,0.175,0.043,-0.004,-0.013,0.071,0.003,0.042,-0.012,8.0,0.5478193146417446,0.0599688473520249,0.020674486803519,0.7446808510638298,0.0039589442815249,0.0563049853372433,0.0809384164222873,0.0,0.0213677714653691,0.0029474994574353,0.0013764316703573,-0.0010390641206816,0.0224400145039152,-0.0050986814902435,2.117505012172579e-05,0.0224095919748093,-0.0004417292067901,-0.0016972516679853,0.0009485730289135,23.5,1
04400831,Messelpark,04 - Charlottenburg-Wilmersdorf,17.99,1.458999999999799,1,4.529616724738676,2242.272527460126,-0.0438594857333521,0,1.0,11.614401858304298,0.0,0.0847851335656213,0.2090592334494773,0.4564459930313589,0.1475029036004645,0.032520325203252,0.024390243902439,0.0452961672473867,1,Messelpark,,0.258,0.054,0.527,0.023,0.859,0.01,0.097,0.026,0.012,-0.007,0.037,0.019,0.035,-0.001,11.0,0.4887323943661972,0.0422535211267605,0.0072559366754617,0.5454545454545454,0.0039577836411609,0.0593667546174142,0.0514511873350923,0.8077220077220078,0.0090201011864572,0.0252113412372051,0.0059389340759721,0.0065353366369208,0.0179076649075378,0.0010065698740853,-0.00113569086891,0.0664092664092664,1.0717745385089422e-05,0.0010922112972589,-0.0007954497627376,1.8333333333333333,0
04400832,Breite Straße,04 - Charlottenburg-Wilmersdorf,17.05,1.5149999999997577,0,1.5498154981549817,1601.8590952051643,-0.2715715039814585,0,1.0,1.9680196801968015,0.0,0.2154981549815498,0.3434194341943419,0.2435424354243542,0.1436654366543665,0.0095940959409594,0.01230012300123,0.0314883148831488,1,Breite Straße,4655.0,0.296,0.04,0.576,-0.004,0.861,0.001,0.139,0.024,-0.004,0.01,0.047,-0.003,0.034,-0.001,7.0,0.6991762767710049,0.0098846787479406,0.038280514590524,0.5163934426229508,0.0,0.0282397238782554,0.1261374333228742,-0.2393822393822393,0.004998919606639,0.009489182192281,-0.0027997715083544,0.0019771094560095,0.0013149899957813,6.692605958570271e-06,0.0024499033903948,-0.0082014854305876,0.0,-0.0020000140001785,0.0031535909594495,20.333333333333332,1
04400833,Schlangenbader Straße,04 - Charlottenburg-Wilmersdorf,9.45,2.1769999999994587,0,2.3856858846918487,1625.041909864089,-0.2839116834528107,0,1.0,0.3976143141153082,0.0,0.0,0.2441351888667992,0.2174950298210735,0.5371769383697813,0.0,0.0,0.0,1,Schlangenbader Straße,3958.0,0.284,0.02,0.642,0.009,0.877,-0.003,0.218,0.115,0.02,0.008,0.126,-0.007,0.049,0.004,13.0,0.5252306022788931,0.0520889853499728,0.0063391442155309,0.5,0.0031695721077654,0.0316957210776545,0.1077654516640253,0.8409266409266409,-0.0031586610639556,0.036266562456094,0.0055910269125234,0.0028242718699959,0.0052665196303651,0.0052387633950264,-0.0024988651337423,0.0368082368082368,0.0003132344410993,-0.0003384717041062,0.001538544540438,2.0,0
04400834,Binger Straße,04 - Charlottenburg-Wilmersdorf,20.37,2.015999999999872,1,2.2091974752028856,2800.230242400326,-0.2597988385705954,0,0.9873741979361172,5.410279531109108,0.0,0.2146077547339946,0.5144274120829576,0.2249774571686204,0.0378719567177637,0.0072137060414788,0.0027051397655545,0.0013525698827772,1,Binger Straße,4436.0,0.309,-0.005,0.608,-0.006,0.878,0.002,0.112,0.003,-0.009,-0.004,0.055,-0.001,0.027,-0.002,11.0,0.5602888086642599,0.0649819494584837,0.029696132596685,0.4418604651162791,0.0082872928176795,0.0124309392265193,0.1450276243093922,0.6602316602316602,-0.0002035526807199,0.0205130955883527,0.0023958619151521,0.0057518361624739,0.0030150475634806,-0.0011284101096534,0.0018848440703011,-0.0299779371207942,0.0015891955756019,-0.0010412111581029,0.0047740049414304,7.166666666666667,1
04400835,Rüdesheimer Platz,04 - Charlottenburg-Wilmersdorf,14.06,1.342999999999791,1,1.788451711803781,3126.251049341325,-0.2719768688987889,0,1.0,3.065917220235054,0.0,0.1408618633963549,0.5045137114631238,0.3115312553227729,0.0059615057060126,0.0204394481349003,0.0112416964741951,0.005109862033725,1,Rüdesheimer Platz,4649.0,0.317,0.016,0.602,0.018,0.858,0.004,0.12,0.008,0.001,0.007,0.045,-0.004,0.043,-0.002,7.0,0.7905288627722088,0.0103698582786035,0.0424481737413622,0.5581395348837209,0.0019743336623889,0.0296150049358341,0.1717670286278381,0.4988416988416988,-0.0139762487332744,0.0089758033501561,0.0043158932405633,0.0008576876286706,0.0030873529160643,-0.0014363035019763,0.002545129100769,-0.0263861271910807,0.0002803302975318,-0.0039209324900449,0.0047065345358762,21.5,1
04500936,Droysenstraße,04 - Charlottenburg-Wilmersdorf,20.0,1.888999999999732,0,2.010852218321098,4500.0,-0.2876820724517808,0,0.9051926874210612,10.21385253750399,0.0,0.5272901372486435,0.0271305458027449,0.3625917650813916,0.0542610916054899,0.0035110118097669,0.0038301947015639,0.0226619853175869,1,Droysenstraße,5002.0,0.367,0.012,0.625,-0.004,0.866,-0.003,0.184,0.006,-0.007,-0.001,0.096,0.011,0.037,0.001,7.0,0.5846545312194167,0.0346447445684086,0.0473010573177518,0.5490196078431373,0.0051938415878315,0.0556483027267668,0.112409571508069,-0.2393822393822393,-0.0025587435226432,0.0113549679046287,0.0026968625712277,0.0019578365820174,0.0100432632894097,-0.0005922313711902,0.0012397252976707,-0.0144078240758416,-0.0002544593933132,-0.0010973808386926,0.0019528639501642,42.5,1
04500937,Halensee,04 - Charlottenburg-Wilmersdorf,18.0,0.6279999999999087,0,3.1567796610169494,3752.173603848041,-0.3301017314655506,0,0.4292421701792072,8.898305084745763,0.0,0.5065677966101695,0.0794491525423728,0.3114406779661017,0.0135593220338983,0.0167372881355932,0.0,0.0720338983050847,1,Halensee,4828.0,0.387,0.031,0.633,-0.004,0.881,0.002,0.177,0.037,0.008,0.003,0.058,0.0,0.032,-0.001,8.0,0.4863848904373338,0.0457504355001375,0.0283487495717711,0.7945619335347432,0.0039397053785543,0.08016443987667,0.1038026721479958,0.3057915057915058,-0.0153167487542775,0.0100959212609018,0.0041683673811741,0.0014586212190403,0.0167776337777337,-0.0022662945825977,0.0010370221728842,-0.0109776614499101,-1.5469269838888817e-05,0.000874398353257,0.0016747200000341,55.166666666666664,1
04500938,Hochmeisterplatz,04 - Charlottenburg-Wilmersdorf,19.4,1.4129999999997596,0,3.099476439790576,4499.064204838951,-0.2878573846927922,0,0.8892786641717919,7.958115183246073,0.0,0.4967539267015707,0.0603141361256544,0.3583246073298429,0.0364397905759162,0.0152879581151832,0.003979057591623,0.0307853403141361,1,Hochmeisterplatz,4798.0,0.396,0.029,0.606,-0.009,0.868,-0.0,0.183,0.026,-0.0,-0.004,0.058,-0.017,0.031,-0.002,7.0,0.552960603916018,0.0359754659117716,0.0301198074123838,0.6765799256505576,0.0041428731385063,0.0490426603963721,0.0920389654014108,0.159073359073359,-0.0049850837175342,0.0097666054158525,-0.0007346316668913,0.0004366945912827,0.0157924310217275,0.0010950943143432,0.0011192544435882,-0.0162945800092189,-0.0002825760245829,-0.0022340544612404,0.0002139719933739,44.833333333333336,1
04500939,Eisenzahnstraße,04 - Charlottenburg-Wilmersdorf,22.73,0.1239999999999789,0,3.6479591836734695,3086.735824545681,-0.2371527536575242,0,0.8737371079959424,4.591836734693878,0.0,0.1201530612244898,0.2683673469387755,0.4974489795918367,0.0397959183673469,0.0178571428571428,0.0007653061224489,0.0538265306122449,1,Eisenzahnstraße,4152.0,0.405,0.029,0.62,-0.003,0.86,0.005,0.164,0.036,0.006,0.007,0.075,-0.011,0.049,-0.001,9.0,0.5779834580543521,0.0730602599448601,0.0317282568122433,0.5882352941176471,0.0119447555057857,0.0470324748040313,0.0951847704367301,0.5003861003861004,-0.0120585931490033,0.0053267565484216,0.000199645474432,-0.0012986047376947,0.007068794735245,0.0012518548088241,0.0003839317180468,0.021654763516309,0.0001697012962591,-0.0010396362465215,0.0013092700357286,28.333333333333332,1
04501040,Hindemithplatz,04 - Charlottenburg-Wilmersdorf,22.0,2.0079999999997025,0,2.146640646780039,4503.400581257801,-0.2869266731137607,0,0.0003303076172721,13.939224979091165,0.0,0.664064678003903,0.0526902704209645,0.1519375522720936,0.0407025369389461,0.0108725954836911,0.0142180094786729,0.0652355729021466,1,Hindemithplatz,5201.0,0.375,0.025,0.622,-0.005,0.877,-0.002,0.149,0.011,-0.006,0.012,0.05,-0.006,0.031,-0.001,8.0,0.5255731922398589,0.0510361552028218,0.0388732979939715,0.7085561497326203,0.006028479368049,0.0661053944496414,0.0979108200810726,0.1976833976833976,-0.0094194053288355,0.0024161942501539,-0.0026252592154836,-0.0012731974458455,0.0217133299137724,-0.0005546197811718,0.0010511969850172,-0.0183716501756707,-0.0004967747086138,-0.0002340005434984,0.0013397935817457,62.333333333333336,1
04501041,George-Grosz-Platz,04 - Charlottenburg-Wilmersdorf,20.01,0.9009999999998152,0,3.791174642635177,6500.0,0.0800427076735363,0,0.0002822900386082,19.577377252952147,0.0,0.6476072094468615,0.0118085767557489,0.1752641392169049,0.0472343070229956,0.0487880671224362,0.0074580484773151,0.0618396519577377,1,George-Grosz-Platz,5447.0,0.34,0.037,0.603,-0.019,0.874,-0.008,0.158,-0.063,-0.008,0.029,0.081,0.026,0.032,-0.001,7.0,0.4303675712813466,0.0671934043284094,0.0224950189600874,0.86,0.0102834372388971,0.0780898515328748,0.0892730895301754,0.0,-0.0137209648207594,0.0036816734151047,0.000365343320446,-0.000785716422524,0.0314971812187572,0.0010123776830671,-0.0010248568234751,-0.0017948154015969,-0.0006152539561752,-0.0003292652819081,0.0013145520482646,116.66666666666669,1
04501042,Breitscheidplatz,04 - Charlottenburg-Wilmersdorf,21.34,1.7119999999997533,0,3.4916201117318435,4006.874912250522,-0.4037478553683999,0,0.0534124400226114,29.329608938547487,0.0,0.5200186219739292,0.0148975791433892,0.217877094972067,0.1187150837988826,0.0879888268156424,0.015828677839851,0.0256052141527001,1,Breitscheidplatz,5010.0,0.409,0.044,0.645,-0.009,0.869,-0.012,0.23,-0.002,-0.027,-0.01,0.102,0.002,0.042,0.006,7.0,0.4428723317248711,0.0805594176821787,0.0446916695339679,0.6894781864841745,0.0138012769048438,0.0775318270443858,0.0672095423787131,0.4555984555984556,-0.0215724847944312,0.0066307534547442,0.0003391213167164,6.403648510086355e-05,0.0242420016864895,-0.0016691881124469,0.0001414598648145,-0.0254228651350588,-0.0001437583667921,-0.0002492489364529,-0.0008647275478099,194.83333333333337,1
04501043,Preußenpark,04 - Charlottenburg-Wilmersdorf,20.83,1.6939999999997066,0,1.6041931385006352,5074.123084383009,-0.1675990016509233,0,0.7617983255280951,18.424396442185515,0.0,0.3202033036848793,0.1491423125794155,0.4099428208386277,0.0195362134688691,0.0203303684879288,0.022554002541296,0.0586086404066073,1,Preußenpark,5033.0,0.377,0.022,0.618,0.006,0.872,-0.002,0.165,0.008,-0.013,-0.005,0.066,0.002,0.034,0.001,7.0,0.594421897936275,0.0490458509627838,0.0354772634166325,0.6605080831408776,0.0117984432609586,0.0545678000819336,0.1012699713232281,0.3459459459459459,-0.0184311360473741,0.0082010787432225,0.0024212899928993,0.0016169337637777,0.0174086091069962,-0.0014629145315628,0.0018204519717006,0.0132746883474479,-0.0008897324667347,-0.0017326751715131,3.833096406143678e-05,72.16666666666667,1
04501044,Ludwigkirchplatz,04 - Charlottenburg-Wilmersdorf,21.7,1.9439999999996411,0,2.197802197802198,5448.0518062909605,-0.0965013911949694,0,0.9998283683941308,10.047095761381476,0.0,0.3331240188383045,0.097331240188383,0.41287284144427,0.03861852433281,0.0838304552590266,0.0081632653061224,0.0273155416012558,1,Ludwigkirchplatz,4716.0,0.359,0.013,0.646,-0.007,0.877,-0.007,0.155,0.0,0.002,-0.014,0.078,0.007,0.039,0.006,7.0,0.5812875536480687,0.0583690987124463,0.0698360655737704,0.7183098591549296,0.0147540983606557,0.0747540983606557,0.1337704918032786,0.1166023166023166,-0.003443231153049,0.0051649172724385,0.0026880819989811,-0.0006617563152643,0.0079217072569901,0.0032170398958286,0.0082794866327866,-0.0350766868368711,-2.605493896540901e-06,-0.0030311409572757,0.0033269094008739,71.0,1
04501045,Schaperstraße,04 - Charlottenburg-Wilmersdorf,22.46,1.7979999999998433,0,2.679882525697504,5078.329710638091,-0.1667770588217744,0,0.9999785022933722,12.11453744493392,0.0,0.4287812041116006,0.0201908957415565,0.4768722466960352,0.0357929515418502,0.0222099853157121,0.0014684287812041,0.0141336270190895,1,Schaperstraße,4823.0,0.378,0.027,0.642,-0.012,0.886,-0.006,0.191,0.065,-0.007,0.005,0.076,0.002,0.033,0.001,8.0,0.5172031896042528,0.0540460720614294,0.0281073446327683,0.7236180904522613,0.0076271186440677,0.0423728813559322,0.086864406779661,0.4447876447876447,-0.0175701367926494,0.0064231043615811,0.0055184686587544,0.0032445932458676,0.0172974676734618,0.0001516867304639,0.0009510420384199,-0.011896006826419,-5.630403764831728e-05,-0.0024274632628419,-0.0006694483406295,66.33333333333333,1
04501146,Barstraße,04 - Charlottenburg-Wilmersdorf,19.27,0.403999999999844,0,1.371473354231975,2627.9137700140272,-0.4627082785983544,0,0.5641879240441167,6.269592476489028,0.0,0.302115987460815,0.3393416927899687,0.2668495297805642,0.0481974921630094,0.0023510971786833,0.0,0.0407523510971786,1,Barstraße,3946.0,0.423,0.025,0.631,0.017,0.857,-0.001,0.185,-0.02,-0.002,0.038,0.095,-0.014,0.042,0.001,10.0,0.5539892867211729,0.0524386805751339,0.035230352303523,0.4,0.0048780487804878,0.0357723577235772,0.1056910569105691,0.3884169884169884,-0.0005552835341268,0.0106525627849276,0.005812611602711,0.002273601932095,0.0179004337501028,-0.0006248889252265,0.0004225961553003,0.0227371341657055,-0.0001615736928014,-0.0015832290918814,0.0016720972318004,21.666666666666668,1
04501147,Leon-Jessel-Platz,04 - Charlottenburg-Wilmersdorf,20.0,2.1129999999997344,1,1.1716276124129197,3817.967485064908,-0.4520412601826303,0,0.8992962876465875,7.283090563647878,0.0,0.5246991766941101,0.1190626979100696,0.3274224192526915,0.0136162127929069,0.0110829639012032,0.0,0.0031665611146295,1,Leon-Jessel-Platz,4696.0,0.404,0.013,0.637,0.008,0.867,0.006,0.166,0.026,-0.001,0.003,0.071,-0.013,0.037,0.0,8.0,0.6271230729030572,0.0512150509537496,0.0365308151093439,0.673469387755102,0.0029821073558648,0.0730616302186878,0.1550695825049702,0.2424710424710424,0.0079596171777715,0.0038217659103497,0.0041778667502606,2.1042523211168157e-05,0.011987803909133,-0.0006339854823208,0.000528335076126,0.0168444661488139,-0.0002226103573899,-0.0008582709885405,0.0046727538588408,24.5,1
04501148,Brabanter Platz,04 - Charlottenburg-Wilmersdorf,22.88,2.886999999999757,1,3.206168831168831,2849.515564300453,-0.4416989496660243,0,0.6814381761736665,2.840909090909091,0.0,0.4354707792207792,0.0827922077922077,0.3867694805194805,0.0178571428571428,0.0669642857142857,0.0012175324675324,0.0101461038961038,1,Brabanter Platz,4180.0,0.424,0.045,0.62,0.012,0.856,0.002,0.19,0.032,-0.016,0.005,0.104,0.004,0.045,-0.001,7.0,0.7542134831460674,0.0252808988764044,0.0399449035812672,0.6666666666666666,0.0082644628099173,0.0495867768595041,0.1377410468319559,-0.1189189189189189,-0.0030299414617809,-0.0034538552918018,0.0027544959829635,-0.0014133291155221,0.0180563227566258,-0.0010859034042017,0.0063884923536034,-0.0351702154400075,0.0012968517798554,-0.0018521577589797,0.0035397801139011,14.5,1
04501149,Nikolsburger Platz,04 - Charlottenburg-Wilmersdorf,20.0,1.671999999999823,0,2.0223152022315203,3877.84714955644,-0.4364793279454809,0,0.9999999999999998,6.97350069735007,0.0,0.50697350069735,0.0394002789400278,0.3709902370990237,0.028068340306834,0.0078451882845188,0.0019177126917712,0.0451534170153417,1,Nikolsburger Platz,4927.0,0.366,0.019,0.608,-0.003,0.866,0.0,0.198,0.061,0.006,0.003,0.072,0.004,0.034,-0.002,7.0,0.6597154865826059,0.0462334303265438,0.0502904310608376,0.7446808510638298,0.0103943748089269,0.0339345765820849,0.121981045551819,0.1034749034749034,-0.0053370601418348,0.0076942756346782,0.0026036440517465,0.0013907282234442,0.007138047393964,0.0018805985824239,-0.0004221559976685,-0.0013957460967769,0.0002223330621429,-0.0024792414064509,0.0024545788362215,54.833333333333336,1
04501150,Wilhelmsaue,04 - Charlottenburg-Wilmersdorf,22.54,2.03299999999983,1,1.2572027239392352,3901.862374099993,-0.4303054982539778,0,1.0,11.524358302776324,0.0,0.2980618124672603,0.1026715557883708,0.5233106338397067,0.0319539025667888,0.0062860136196961,0.0298585646935568,0.0104766893661602,1,Wilhelmsaue,4568.0,0.37,0.013,0.651,0.009,0.881,-0.005,0.155,0.01,0.008,0.018,0.07,0.007,0.025,0.001,7.0,0.6130030959752322,0.0433436532507739,0.0595179537629119,0.396694214876033,0.0029513034923757,0.0472208558780127,0.1091982292179045,-0.2725868725868726,-0.0101922166596131,0.0002518621544704,-0.0041697862725184,-0.0013941508311751,0.013832664208107,-0.0031421016549294,0.0022568137827629,-0.0250050290386424,-3.5236098127206474e-05,-0.0008518733304659,0.0004700743755292,20.166666666666668,1
04501151,Hildegardstraße,04 - Charlottenburg-Wilmersdorf,14.55,1.1519999999998178,0,1.4108489418632937,4000.000000000001,-0.4054651081081643,0,0.9999999999999998,4.1352468985648265,0.0,0.5502310873266845,0.2437363171977621,0.1778156166382875,0.0238384821211384,0.0055947458039406,0.0,0.0,1,Hildegardstraße,4589.0,0.381,0.005,0.604,0.01,0.852,-0.001,0.142,0.013,-0.012,-0.002,0.056,-0.002,0.039,-0.005,9.0,0.6774880255455029,0.0298030867482703,0.0302046929605591,0.7520661157024794,0.0044932601098352,0.0419370943584623,0.1333000499251123,0.4864864864864865,0.0050508395557396,0.0120675814618891,0.0038045505955169,0.0029883648183965,0.012600885833447,0.0009921118769663,0.0019622433975293,-0.0051369091970595,0.0001253739788322,-0.0005976224071994,0.0031598436601118,20.166666666666668,1
04501152,Prager Platz,04 - Charlottenburg-Wilmersdorf,19.13,2.8979999999993784,0,2.465294399234084,3919.203701820234,-0.4258709733516144,0,1.0,5.2656773575873626,0.0,0.3688367640019148,0.0098133078027764,0.580421254188607,0.0143609382479655,0.0088559119195787,0.0028721876495931,0.0146002872187649,1,Prager Platz,4572.0,0.373,0.025,0.63,0.001,0.885,0.0,0.174,0.012,0.001,0.019,0.061,-0.004,0.026,-0.005,7.0,0.6393884892086331,0.0613758992805755,0.0587986463620981,0.6294964028776978,0.0050761421319796,0.0774111675126903,0.1256345177664974,-0.0795366795366795,-0.0084993496746385,0.0095978958149538,-0.0032596564350497,0.0012028429260763,-0.0038246109153725,0.0110862856734714,0.0008407977851931,-0.0332551672404914,0.0011844698333368,-0.0014762013675111,0.0019255348848176,46.333333333333336,1
04501153,Babelsberger Straße,04 - Charlottenburg-Wilmersdorf,23.67,2.24299999999968,0,2.737482452035564,3814.215062656306,-0.4529854470334634,0,0.9999883887422252,3.9775386055217594,0.0,0.4340196537201685,0.0219934487599438,0.4040711277491811,0.0500701918577445,0.0292466073935423,0.0093589143659335,0.0514740290126345,1,Babelsberger Straße,4515.0,0.427,0.019,0.621,0.016,0.86,0.002,0.193,0.014,-0.024,0.004,0.077,-0.022,0.035,-0.005,7.0,0.7026053215077606,0.0274390243902439,0.0267225569819229,0.6470588235294118,0.0110034058160859,0.0487293686140948,0.1226093790935289,0.0386100386100386,-0.0073400450195784,0.0073893667357614,0.0007711677885537,-4.791787778652731e-05,0.0070216345113537,-7.890818797643906e-05,-0.0003954510470995,-0.0459447041025988,0.0016871313698696,-0.0015345893755067,-0.0001141755423074,17.0,1
05100101,Hakenfelde Nord,05 - Spandau,11.75,0.7509999999999565,0,3.0720338983050848,475.724084046324,-0.0414290962468777,0,0.0343776442194048,2.6483050847457625,0.0,0.1869703389830508,0.2192796610169491,0.118114406779661,0.0185381355932203,0.3331567796610169,0.0211864406779661,0.1006355932203389,1,Hakenfelde Nord,4214.0,0.304,0.016,0.413,0.01,0.752,-0.016,0.173,0.03,0.016,-0.014,0.087,0.031,0.049,0.006,5.0,0.7389491242702252,0.055045871559633,0.0507131537242472,0.53125,0.0047543581616481,0.0903328050713153,0.1188589540412044,-0.3142857142857143,0.0110814776762902,0.020349740882895,0.0028318647386716,0.0019465067135283,0.0007364678369453,-0.0041733254604317,-0.0022169865548874,0.0099824499824499,-0.0002040952209879,-0.0002699899777694,0.0028925619535978,10.666666666666666,1
05100102,Am Forstacker,05 - Spandau,12.61,1.17899999999991,0,1.7814726840855106,498.24049128383945,-0.410894306919597,0,0.9761929651286052,0.395882818685669,0.0,0.0190023752969121,0.1298495645288994,0.6484560570071259,0.0566112430720506,0.0688836104513064,0.001187648456057,0.0768012668250198,1,Am Forstacker ,3468.0,0.309,0.027,0.56,0.009,0.852,-0.011,0.123,0.027,-0.001,0.003,0.115,-0.013,0.058,-0.0,5.0,0.9143239625167336,0.0,0.0242966751918158,0.3157894736842105,0.0076726342710997,0.1534526854219948,0.268542199488491,0.2579150579150579,-0.0001250054050304,0.0005187670209356,0.0018192977716545,0.0099578056482557,0.0044217834272375,0.0,-0.0015806623056932,-0.0687258687258687,0.0001823192274345,0.0041219932463731,0.0076721626561661,3.1666666666666665,0
05100103,Mertensstraße,05 - Spandau,13.5,1.3809999999997655,0,5.33082470994042,756.0072242244726,-0.2476939344027932,0,0.3756437944722042,0.3135779241141423,0.0,0.0244590780809031,0.1426779554719347,0.2662276575729069,0.0498588899341486,0.1834430856067732,0.0,0.3339604891815616,1,Mertensstraße,3589.0,0.433,-0.007,0.488,0.005,0.742,-0.02,0.217,0.09,0.063,0.055,0.158,0.009,0.064,0.007,4.0,0.751081210956271,0.0461316674675636,0.0152495378927911,0.2424242424242424,0.0027726432532347,0.1303142329020332,0.11090573012939,0.1359073359073359,-0.0183017623452462,0.0047494512471091,0.001790159496753,0.0026524530629973,0.0110397316976494,-0.0015182494440089,0.0003750889221041,-0.043228534657106,-4.567445243877227e-05,0.0014077215266721,0.0001163283512176,5.5,1
05100104,Maselake,05 - Spandau,18.75,2.7699999999995497,0,1.0482180293501049,1223.06919054609,-0.2289075474028222,0,0.9347690395718224,1.2578616352201255,0.0,0.090566037735849,0.1316561844863731,0.0989517819706499,0.0423480083857442,0.4524109014675052,0.0096436058700209,0.1710691823899371,1,Maselake,3732.0,0.438,0.092,0.456,-0.069,0.747,-0.038,0.19,0.057,0.043,0.012,0.138,0.01,0.054,-0.004,4.0,0.78470715835141,0.0292841648590021,0.0249609984399376,0.375,0.0,0.187207488299532,0.1372854914196568,-0.1976833976833976,0.0078359767347684,0.0044450817580643,-0.0033905199123473,-0.0015025601406151,0.0100101406474498,-0.0038789958100934,-0.0013928355964822,0.0313323527609241,0.0,0.0043802172182626,0.0028222352003714,8.0,1
05100105,Amorbacher Weg,05 - Spandau,15.0,1.256999999999834,0,3.400093153237075,416.1106980779539,0.0496696503076206,0,0.5843910180355827,0.9315323707498836,0.0,0.1534699580810433,0.36003726129483,0.2449930135072194,0.1061946902654867,0.0447135537959944,0.0069864927806241,0.0838379133674895,1,Amorbacher Weg,3769.0,0.325,0.021,0.541,0.002,0.856,0.001,0.116,0.013,0.01,0.013,0.072,-0.011,0.041,-0.007,7.0,0.7631468237273875,0.0176693310896087,0.0322448979591836,0.6075949367088608,0.0053061224489795,0.1004081632653061,0.1542857142857143,0.1722007722007721,0.0140195065285401,8.244914594976918e-05,-0.0032223964534278,-0.0023202650753051,-0.0029669599796723,0.0007728619131514,-0.0005687117814982,0.0281590224447367,-0.0007732155674375,-0.0003940396126808,0.003493991207244,13.166666666666666,1
05100206,Griesingerstraße,05 - Spandau,6.74,0.3189999999999339,1,3.861788617886179,346.1883200739352,0.0746856233457267,0,0.2508339534416563,0.0,0.0,0.0060975609756097,0.1869918699186991,0.771680216802168,0.0094850948509485,0.0040650406504065,0.0020325203252032,0.0149051490514905,1,Griesingerstraße,3128.0,0.308,0.012,0.459,0.021,0.78,0.034,0.131,-0.012,0.018,0.001,0.193,-0.003,0.072,-0.021,4.0,0.8963210702341137,0.040133779264214,0.019108280254777,0.5,0.0,0.1337579617834395,0.1719745222929936,-0.2131274131274131,0.0088856709976641,0.0196226192094066,0.0053099400620834,-0.0049663479238198,0.0063113673313806,-0.0009882233260829,-0.0005142458538938,0.0,0.0,-0.0021376579409291,-0.0001361039090264,2.0,0
05100207,An der Tränke,05 - Spandau,16.01,0.9409999999998988,1,0.4859086491739553,460.0,0.0444517625708337,0,0.8141386030703865,0.9718172983479104,0.0,0.0,0.0816326530612244,0.0553935860058309,0.0126336248785228,0.3994169096209912,0.1234207968901846,0.3206997084548105,1,An der Tränke,4254.0,0.306,-0.022,0.379,0.06,0.808,0.004,0.097,-0.015,0.022,0.021,0.04,0.014,0.044,0.0,6.0,0.8228730822873083,0.0418410041841004,0.0013245033112582,0.0,0.0,0.095364238410596,0.1350993377483443,-0.0393822393822393,-0.007021189550588,0.0116426527249173,0.0025940061278336,0.0,0.0041844416001372,0.0031107460000707,-0.0019683590871078,0.0,0.0,-0.0043112356849312,0.0062913438895205,0.1666666666666666,0
05100208,Im Spektefeld,05 - Spandau,8.24,0.4579999999999228,0,2.002776125322229,493.7463609805795,-0.0944113060942285,0,0.6618164283340046,0.99147332936744,0.0,0.0029744199881023,0.0501685504659924,0.8657545112036487,0.0345032718619869,0.0327186198691255,0.0071386079714455,0.0067420186396985,1,Im Spektefeld,3168.0,0.343,0.016,0.488,0.007,0.776,-0.016,0.112,-0.001,-0.0,-0.007,0.203,-0.015,0.075,0.001,4.0,0.8403508771929824,0.0210526315789473,0.0312104597216364,0.6216216216216216,0.0050611556305356,0.1619569801771404,0.167018135807676,-0.2694980694980695,0.0076413162602979,0.0048217457317426,-0.0005071625658337,0.0004453684574043,0.00227591832379,-0.0013307190166965,-0.0026983761042552,-0.0513323227608941,-0.0002188031288683,0.0013853884358663,0.0020456903158705,12.333333333333334,1
05100209,Westerwaldstraße,05 - Spandau,7.79,0.2559999999999308,0,2.0788836679481704,499.2537834904685,-0.2839816684320069,0,0.9754045733325742,0.1423892923252171,0.0,0.0096824718781147,0.025630072618539,0.860316104228962,0.0042716787697565,0.063648013669372,0.0116759219706678,0.0260572404955147,1,Westerwaldstraße,3129.0,0.352,0.013,0.46,0.008,0.766,-0.008,0.104,-0.019,0.004,-0.019,0.214,-0.016,0.081,-0.0,4.0,0.9228650137741048,0.0036730945821854,0.0089206066012488,0.6,0.0,0.1418376449598572,0.1498661909009812,-0.5235521235521235,0.0240067773532452,0.0028531686164648,-0.0016328481599122,-0.0022717595228277,0.0157697535830073,0.0001177875702417,-0.001426523096755,0.0382239382239382,0.0,0.0005405217784065,0.000782838614719,3.3333333333333335,0
05100210,Germersheimer Platz,05 - Spandau,10.14,0.6919999999998868,0,1.5689692743517107,495.7136689159845,-0.2654523003454951,0,0.957873558329189,0.2179123992155153,0.0,0.0104597951623447,0.5731096099368054,0.3944214425800828,0.0050119851819568,0.0165613423403791,0.0,0.0,1,Germersheimer Platz,3186.0,0.401,0.016,0.638,0.01,0.843,-0.004,0.147,0.023,0.003,0.01,0.164,-0.033,0.063,-0.007,4.0,0.8985507246376812,0.0096618357487922,0.0307772561293688,0.559322033898305,0.0,0.1158059467918622,0.2034428794992175,0.5003861003861004,-0.057563599290636,0.0107653702704672,0.0021127726630045,0.0002138463430187,-0.0083209314094993,0.0027390838721541,0.0015339248205578,-0.0551678951678951,0.0,-0.0017418262627503,0.0015849858006548,9.833333333333334,1
05100211,An der Kappe,05 - Spandau,11.6,0.5699999999999051,1,3.433476394849785,425.889278650235,-0.0240920004096567,0,0.8530668578054446,0.6602839220864972,0.0,0.0432485968966655,0.3113238692637834,0.4060746120831958,0.1162099702872235,0.0835259161439418,0.0224496533509409,0.0151865302079894,1,An der Kappe,3672.0,0.307,0.022,0.512,0.02,0.838,-0.0,0.127,0.029,0.011,0.004,0.09,-0.003,0.04,-0.0,6.0,0.7921955806299953,0.0183356840620592,0.0351826792963464,0.4230769230769231,0.0027063599458728,0.1028416779431664,0.13531799729364,-0.3212355212355212,0.0089414176937864,0.0017983964295953,-0.0032735641105136,-0.0017909150913697,0.010594236598969,-0.0016667356194482,0.0012244122891742,-0.0592016992016992,-6.857398253134747e-05,-0.0015812781953672,0.00238150967371,13.0,1
05100312,Eckschanze,05 - Spandau,10.67,0.5459999999999323,0,1.7233950883239983,999.9933531361391,-0.182320303687555,0,0.6396733509155638,0.4308487720809996,0.0,0.2361051271003877,0.1296854803963808,0.5725980180956485,0.0120637656182679,0.0435157259801809,0.0,0.0068935803532959,1,Eckschanze,3177.0,0.42,0.006,0.625,0.017,0.839,-0.004,0.15,0.014,0.008,0.014,0.164,-0.01,0.055,-0.003,5.0,0.81,0.0266666666666666,0.0547210300429184,0.4117647058823529,0.0064377682403433,0.1351931330472102,0.1609442060085836,0.1482625482625482,-0.0127716199381215,0.019718814089256,0.0014084291317753,0.0023448440897196,-0.0127192494707539,0.0030850947083899,-5.966559513818197e-05,0.0196911196911196,3.917966004561593e-05,0.0004593527899331,0.0050919350099853,8.5,1
05100313,Eiswerder,05 - Spandau,19.48,1.6059999999998005,0,1.655379984951091,803.2774598298114,-0.2781737133230662,0,0.2462702708861146,3.0097817908201656,0.0,0.0891647855530474,0.081640331075997,0.3758465011286682,0.0364936042136945,0.2223476297968397,0.1497366440933032,0.0440180586907449,1,Eiswerder,3623.0,0.378,0.046,0.415,-0.01,0.737,-0.022,0.257,-0.089,0.055,-0.016,0.152,-0.04,0.064,0.002,5.0,0.6383058470764618,0.063343328335832,0.025177304964539,0.5070422535211268,0.0,0.1,0.1148936170212766,-0.0555984555984555,-0.0024805133325522,0.000510157704684,-0.0034471626104497,-0.0012381316274395,0.0156235351362455,-0.0057043837217241,0.0006692836867013,-0.114993234993235,-0.0006559244691302,0.001484714571095,0.0014378502565507,11.833333333333334,1
05100314,Kurstraße,05 - Spandau,12.51,0.7749999999998877,0,3.4712950600801067,1017.0701557391563,-0.1891870726739501,0,0.6895251431286307,0.8010680907877169,0.0,0.5420560747663551,0.0739652870493992,0.320694259012016,0.0520694259012016,0.0088117489986648,0.004539385847797,0.0,1,Kurstraße,3096.0,0.451,0.01,0.595,0.008,0.823,0.008,0.186,0.03,-0.012,-0.004,0.227,-0.026,0.048,-0.011,4.0,0.7916666666666666,0.0179127725856697,0.0628055660022565,0.2994011976047904,0.0011282437006393,0.1083113952613764,0.1827754795035727,-0.1281853281853281,0.0175006791056512,0.0113152885118009,0.0001444074315377,-3.259292059124048e-05,0.0038490410017085,-0.0003811319389241,0.0008756088837585,-0.0166595024309945,-0.0014687226327784,-0.0006634586187609,0.0039365091919673,27.833333333333332,1
05100315,Ackerstraße,05 - Spandau,12.5,1.1059999999998544,0,2.304915301305193,974.8592854865138,-0.186610524369652,0,0.9153748279957838,1.1108025548458762,0.0,0.4876423215773396,0.0552624271035823,0.354623715634546,0.0499861149680644,0.0388780894196056,0.003610108303249,0.0108303249097472,1,Ackerstraße,3461.0,0.446,0.025,0.567,-0.003,0.815,-0.008,0.162,0.001,-0.01,-0.016,0.178,-0.008,0.055,-0.008,5.0,0.8164045898852529,0.019974500637484,0.04914618908788,0.5084745762711864,0.0024989587671803,0.0949604331528529,0.1474385672636401,-0.2872586872586872,0.0283809364219026,-0.001730266794052,0.0004267769624916,-0.0005208554762449,0.0063645492338648,-0.0015924231352637,0.0015252209917753,0.0300975013049316,-1.0096242485800172e-05,-0.0025231612562152,0.0023057087788453,19.666666666666668,1
05100316,Carl-Schurz-Straße,05 - Spandau,8.76,0.574999999999885,0,1.956074124914207,787.5074146109353,-0.257959375821532,0,0.6021158639512397,0.3431708991077556,0.0,0.1786204529855868,0.2913520933424846,0.37920384351407,0.0991763898421413,0.0416952642415923,0.0,0.0096087851750171,1,Carl-Schurz-Straße,3341.0,0.401,0.002,0.594,0.006,0.835,0.001,0.14,0.015,0.0,0.004,0.165,-0.013,0.06,-0.008,6.0,0.6841138659320477,0.0486685032139577,0.0881385281385281,0.5697445972495089,0.0105627705627705,0.1018181818181818,0.132987012987013,0.2007722007722007,0.0077661120477847,0.0119027216631828,0.0013438912822317,-0.0005359940325331,-7.720501296124543e-05,0.0013355735876795,5.6011744568009545e-05,0.01673455083609,0.0001767005963732,-0.0004954708370758,0.0006999282073026,84.83333333333333,1
05100317,Freiheit,05 - Spandau,14.01,0.7469999999998903,1,2.6180990324416618,1175.8860348575913,-0.0193462640881201,0,0.0922514172387821,1.1383039271485489,0.0,0.4126351735913489,0.0734206033010813,0.468981217985202,0.0278884462151394,0.0017074558907228,0.0039840637450199,0.0073989755264655,1,Freiheit,3333.0,0.434,0.04,0.571,-0.003,0.82,-0.003,0.387,0.188,0.096,0.105,0.223,0.061,0.05,-0.003,7.0,0.5850999394306481,0.1084191399152029,0.0251572327044025,0.5568181818181818,0.006861063464837,0.0977701543739279,0.1097770154373928,-0.6656370656370657,0.0387273904800298,-0.0033231824980667,-0.0033429205845842,-0.0009375874835218,0.0289625553312987,-0.0068707915272257,-0.002587043770421,0.072199428628,0.0009700099469087,0.0003280266567142,0.0017168658306711,14.666666666666666,1
05200418,Isenburger Weg,05 - Spandau,14.08,1.6481444395968952e-15,1,1.5151515151515151,446.26941621624127,0.0291969310479025,0,0.9886052345355508,1.893939393939394,0.0,0.0063131313131313,0.2834595959595959,0.0246212121212121,0.0214646464646464,0.3876262626262626,0.2114898989898989,0.0643939393939393,1,Isenburger Weg,4403.0,0.262,-0.001,0.286,-0.002,0.79,0.012,0.081,0.016,0.005,0.01,0.029,0.01,0.034,-0.002,6.0,0.8514056224899599,0.0096385542168674,0.0047058823529411,0.8333333333333334,0.0047058823529411,0.0752941176470588,0.1458823529411764,-0.3583011583011583,0.0126383997087283,0.0093238425391567,0.0062886213468194,0.0009386698652481,0.0218523012575985,-0.0048343446340126,-0.006109151129947,0.2299133014975196,0.0001797896228167,-0.0019363969134956,0.0033713281662121,1.0,0
05200419,Am Heideberg,05 - Spandau,,,1,1.706827309236948,469.4350547380456,0.0434491748515213,0,0.9283443909281892,0.0,0.0,0.7540160642570282,0.1656626506024096,0.07429718875502,0.0,0.0,0.0,0.0,1,Am Heideberg,,0.266,-0.01,0.589,0.008,0.879,-0.0,0.108,0.039,0.01,0.008,0.049,-0.006,0.035,-0.011,5.0,0.8898305084745762,0.0169491525423728,0.0319148936170212,1.0,0.0,0.1117021276595744,0.2074468085106383,-1.732046332046332,0.0926269106165148,0.0066656940056752,0.0015984461386323,0.0,-0.0023307713863117,-0.004690528331372,0.0070519987472002,0.0,0.0,0.0024598029142742,0.0047682461994887,2.0,0
05200420,Staakener Straße,05 - Spandau,17.34,1.8749999999997136,1,2.7244149493538248,441.0668578809168,0.0266596205117396,0,0.4909968688532163,1.7464198393293748,0.0,0.0750960530911631,0.1582256374432413,0.4879497031086273,0.1299336360461054,0.0736989172196996,0.0499476074048201,0.0230527418791477,1,Staakener Straße,3854.0,0.296,0.014,0.446,0.016,0.823,-0.003,0.102,-0.004,0.002,-0.004,0.057,-0.013,0.031,-0.005,8.0,0.5645746164574617,0.0845188284518828,0.0229234088457389,0.6823529411764706,0.0035059331175836,0.0857605177993527,0.1181229773462783,0.0,0.0022846870704702,0.0022700113012065,0.0008141266620712,0.0023645930399685,0.0016760554488636,-0.000935020236657,0.0015833562802677,-0.0064791836220407,-0.0005072317221205,0.0018258510573744,0.0012703612078044,14.166666666666666,1
05200421,Spandauer Straße,05 - Spandau,10.91,0.5499999999998882,1,1.354062186559679,509.3901057193876,-0.159507498824741,0,0.867523586387624,1.0030090270812435,0.0,0.0215646940822467,0.0135406218655967,0.7713139418254764,0.1128385155466399,0.0095285857572718,0.0481444332998996,0.0215646940822467,1,Spandauer Straße,3412.0,0.359,0.017,0.531,0.011,0.81,-0.001,0.188,0.041,0.019,0.012,0.134,0.023,0.069,0.003,5.0,0.7565284178187404,0.0276497695852534,0.0135440180586907,0.0,0.0,0.0812641083521444,0.1264108352144469,-0.3752895752895753,0.0017446030630041,-0.0100874125241139,0.0015243223455919,-0.0020329790626521,0.0210878220426609,-0.0014326776826157,-0.0026662956730375,-0.0932818532818532,0.0,0.0001634471464473,0.0035481289240651,3.0,0
05200422,Werkstraße,05 - Spandau,13.44,0.3860000000000054,0,1.829268292682927,401.50603178906977,0.0259802719979896,0,0.3407169433152601,0.0,0.0,0.048780487804878,0.1178861788617886,0.4146341463414634,0.0060975609756097,0.290650406504065,0.0975609756097561,0.016260162601626,1,Werkstraße,,0.421,0.024,0.38,0.009,0.729,-0.015,0.201,0.074,0.027,-0.001,0.077,-0.005,0.063,0.005,6.0,0.4845474613686534,0.1247240618101545,0.0125786163522012,0.0,0.0,0.0566037735849056,0.10062893081761,-0.0162162162162161,-0.0036403598490092,0.0215042382458545,0.0069761349710716,0.0,0.0009729108874219,0.0058142818159561,-0.0033768907816034,-0.1647361647361647,0.0,-0.0047165620506592,0.0035960116814672,2.0,0
05200423,Magistratsweg,05 - Spandau,10.43,0.7459999999998601,0,1.7781541066892466,533.336524650015,-0.5116627471700231,0,1.0,1.1289867344058708,0.0,0.0112898673440587,0.0056449336720293,0.9599209709285916,0.0067739204064352,0.0160880609652836,0.0008467400508044,0.0,1,Magistratsweg,3135.0,0.338,0.016,0.536,0.004,0.797,-0.01,0.093,-0.001,0.001,0.001,0.199,-0.001,0.084,0.003,5.0,0.8384615384615385,0.0057692307692307,0.0436397400185701,0.3617021276595745,0.0,0.1727019498607242,0.2005571030640668,0.1065637065637065,0.0397075051118347,0.0058243174857153,-0.0003116671343798,-0.0003116671343798,-0.0073169002759744,9.379680682887476e-05,0.0007106390335653,-0.010470674756389,0.0,0.0001247561863273,0.0024883339141859,7.833333333333333,1
05200524,Döberitzer Weg,05 - Spandau,9.94,0.5599999999998949,1,2.1455938697318007,370.61978185371646,-0.0163916580286458,0,0.5355808256825357,3.0651340996168583,0.0,0.0245210727969348,0.0812260536398467,0.0551724137931034,0.0061302681992337,0.5540229885057472,0.1471264367816092,0.1348659003831417,1,Döberitzer Weg,4066.0,0.303,-0.016,0.349,0.03,0.732,0.028,0.111,-0.012,0.012,-0.002,0.042,-0.001,0.052,0.001,7.0,0.7482185273159145,0.0419635787806809,0.0395348837209302,0.6274509803921569,0.0,0.0697674418604651,0.1674418604651162,-0.0671814671814671,-0.018309424452814,0.0077511334524846,-0.0032237649008695,-0.0010206933202376,-0.0013783961718451,0.003363752943612,0.0037442690403324,-0.015367408224551,0.0,2.053516505220616e-05,0.0049403662011088,8.5,1
05200525,Pillnitzer Weg,05 - Spandau,11.31,0.6029999999999128,0,1.568951279933939,434.8351983795576,-0.1495967621403442,0,0.2223210579481284,1.6515276630883566,0.0,0.0,0.0090834021469859,0.1271676300578034,0.028075970272502,0.6763005780346821,0.0239471511147811,0.1370767960363336,1,Pillnitzer Weg,4017.0,0.306,0.008,0.438,0.02,0.793,0.004,0.134,0.056,0.029,0.014,0.039,-0.022,0.037,0.002,6.0,0.7792792792792793,0.009009009009009,0.008695652173913,0.0,0.0057971014492753,0.0956521739130434,0.1565217391304348,-0.3938223938223938,0.0222131891527222,0.0046595970406542,-0.0108168894116251,-0.0009859666897795,0.0186195291467802,-0.0039205501149885,0.0001226317565673,0.0,-0.000786759107846,0.0009971866034338,0.0028402444791795,1.0,0
05200526,Rudolf-Wissell-Großsiedlung,05 - Spandau,7.7,0.1829999999999774,0,2.6545454545454548,634.2981543253497,-0.0705768766908864,0,0.7027066007081222,0.0,0.0,0.0,0.0014545454545454,0.9930909090909092,0.0014545454545454,0.0036363636363636,0.0,0.0,1,Rudolf-Wissell-Großsiedlung,2806.0,0.378,0.027,0.502,0.005,0.756,-0.001,0.112,0.021,0.003,0.009,0.254,-0.076,0.1,-0.005,3.0,0.868959868959869,0.0147420147420147,0.0288461538461538,1.0,0.0,0.1057692307692307,0.2019230769230769,-0.4664092664092664,0.0250654258660783,-0.005565220476836,-0.0029707976703247,-0.000150560038262,-0.0065200489270471,0.0025178695408402,-0.0017392113780051,0.0,0.0,-0.0021192718602682,0.0066427363762958,6.0,1
05200527,Maulbeerallee,05 - Spandau,7.62,0.4089999999999544,0,6.406124093473006,593.841148771588,-0.0539145868557116,0,0.5318354943945518,0.201450443190975,0.0,0.0028203062046736,0.0165189363416599,0.9411764705882352,0.0165189363416599,0.0171232876712328,0.0042304593070104,0.0036261079774375,1,Maulbeerallee,2886.0,0.358,0.021,0.399,0.009,0.694,0.006,0.101,0.004,-0.001,-0.008,0.358,-0.031,0.114,-0.007,5.0,0.7252956886684472,0.0434948492941625,0.0335545722713864,0.3626373626373626,0.0154867256637168,0.1349557522123893,0.1548672566371681,0.237065637065637,-0.0264055004104022,0.0114656793793783,-0.0014599269859391,-0.0013567347887502,-0.0189822714017227,0.0015785490995083,-0.0010025538170446,0.0001658626028373,0.0033934734714911,0.0016813091307375,0.0024487005497052,15.166666666666666,1
05200528,Weinmeisterhornweg,05 - Spandau,7.33,0.3799999999999362,0,2.195767195767196,541.9174241430114,-0.0023745675423128,0,0.5417973246962697,3.439153439153439,0.0,0.0087301587301587,0.0708994708994708,0.6944444444444444,0.1095238095238095,0.0846560846560846,0.0206349206349206,0.0092592592592592,1,Weinmeisterhornweg,3716.0,0.295,0.021,0.484,0.006,0.827,-0.016,0.119,0.026,0.014,0.004,0.09,0.008,0.044,0.002,8.0,0.7334162520729685,0.0199004975124378,0.0355005983246908,0.4719101123595505,0.0023932987634623,0.0837654567211807,0.1435979258077383,-0.2262548262548262,-0.0069091033459689,-0.000142429902052,-0.0046967573701229,-0.0033952821107596,0.0162394020736808,0.0001718415802211,0.0039547620281038,-0.0639328239328239,-0.0006518218680093,0.0006154099332735,0.0031721127972636,14.833333333333334,1
05200629,Borkumer Straße,05 - Spandau,15.75,1.5669999999997395,0,1.3797634691195797,933.0085740408624,-0.113197077757149,0,0.3995149594722044,0.8760402978537013,0.0,0.1911957950065703,0.0777485764345159,0.6114761279018834,0.064388961892247,0.0221200175208059,0.0273762593079281,0.0063512921594393,1,Borkumer Straße,3698.0,0.393,0.005,0.57,0.007,0.839,-0.004,0.166,0.02,0.011,-0.01,0.139,0.008,0.042,-0.009,6.0,0.6194122516556292,0.0662251655629139,0.0557965299684542,0.3957597173144876,0.002365930599369,0.0910883280757097,0.1088328075709779,-0.2393822393822393,-0.0022625604377677,0.0071348966208359,0.0020918997543839,0.0015465202106306,7.501966142917229e-05,0.0033448961324918,-0.0017719462884356,0.0081134174384837,-0.0003431074767904,-0.0012841393473677,0.0008681695370551,47.166666666666664,1
05200630,Wilhelmstadt West,05 - Spandau,13.79,1.0849999999998303,0,2.519070427532375,956.296836497313,-0.1565525671417545,0,0.7387168830878657,0.7095973035302465,0.0,0.3391875110874578,0.2013482348767074,0.3558630477204186,0.0452368281000532,0.0400922476494589,0.0111761575306013,0.0065637750576547,1,Wilhelmstadt West,3456.0,0.398,0.014,0.608,0.001,0.841,-0.004,0.161,0.03,-0.002,-0.007,0.132,-0.019,0.053,0.0,6.0,0.7697686928456159,0.0228617536309844,0.0826812728221178,0.4006309148264984,0.001564945226917,0.1032863849765258,0.1455399061032863,0.0,0.0096995007025173,0.0072816722799221,0.0005269319461065,0.0012112915406139,0.0048983460710653,-0.0001737110508074,-0.0012783583214961,-0.0122444591161889,-2.2697615316259157e-05,0.0008209557282196,0.0028003539298494,52.833333333333336,1
05200631,Wilhelmstadt Ost,05 - Spandau,11.01,0.4289999999999358,0,1.696268209938136,1199.9813917961612,-0.0800357208857247,0,0.8366690912179952,0.7982438635002994,0.0,0.2402714029135901,0.4789463181001796,0.2063460387148273,0.0325284374376372,0.0235481939732588,0.0101776092596288,0.0071841947715026,1,Wilhelmstadt Ost,3386.0,0.419,0.017,0.629,0.004,0.85,-0.007,0.149,0.027,-0.002,0.001,0.152,-0.007,0.048,-0.006,5.0,0.7981402557148393,0.0135606354126307,0.0662921348314606,0.2090395480225988,0.0022471910112359,0.1101123595505618,0.1820224719101123,-0.2393822393822393,0.0090387887245486,0.0067998414909028,-0.0015304891666931,0.0002696278154801,-0.0043094224824609,-0.0007198916709378,0.0006759765315399,-0.0057006474136618,-5.2739813989305766e-05,-0.0003965343552494,0.0022069789810399,29.5,1
05200632,Tiefwerder,05 - Spandau,7.7,0.2139999999999525,0,2.3639362286970864,646.9780636848272,-0.3239480060341496,0,0.2549049563269512,0.0,0.0,0.1621770203408466,0.2221000549752611,0.5167674546454095,0.0379329301814183,0.0560747663551401,0.0082462891698735,0.0,1,Tiefwerder,3404.0,0.333,-0.004,0.559,0.016,0.817,0.003,0.156,0.029,-0.042,-0.029,0.214,0.005,0.053,-0.014,7.0,0.8170377541142304,0.0522749273959341,0.011090573012939,0.0,0.0,0.0831792975970425,0.1608133086876155,-0.2810810810810811,0.0411425948841781,-0.0034646641053839,0.0005625287139087,-0.0024525396896765,0.0116153484800957,-0.0020139319564758,-0.0005540504891093,0.0,0.0,0.0008726197223015,0.0041166415278639,2.0,0
05200633,Graetschelsteig,05 - Spandau,7.33,0.4709999999999186,0,4.016477857878476,635.3475998796997,-0.2021866021473887,0,0.3872092673352272,0.0,0.0,0.0288362512873326,0.0092687950566426,0.815653964984552,0.0082389289392378,0.1307929969104016,0.0030895983522142,0.0,1,Graetschelsteig,,0.322,0.079,0.487,-0.016,0.804,-0.018,0.107,0.044,0.011,0.004,0.151,0.016,0.082,0.003,4.0,0.841726618705036,0.0431654676258992,0.0815347721822542,0.7058823529411765,0.0,0.158273381294964,0.1294964028776978,-0.8664092664092666,-0.0375543142886318,0.0030304150974599,-0.0094355729398322,-0.0027101913926318,-0.0054673892483518,0.0038149288314253,0.0069059418321592,-0.1427541827541827,0.0,0.0026808856514105,-0.0001641612556853,5.666666666666667,1
05200634,Börnicker Straße,05 - Spandau,16.0,1.999999999999593,1,2.94719607040524,785.1018050697355,0.1027944496107107,0,0.2435589337859825,3.274662300450266,0.0,0.0352026197298403,0.2022103970528039,0.4809660253786328,0.2120343839541547,0.0384772820302906,0.0204666393778141,0.0114613180515759,1,Börnicker Straße,4255.0,0.229,0.024,0.508,0.015,0.881,0.004,0.128,0.044,0.017,0.011,0.04,0.004,0.029,-0.0,9.0,0.5801526717557252,0.0322692574600971,0.0506201810258129,0.8013245033112583,0.011397921555481,0.0784445189406637,0.1146496815286624,-0.0756756756756756,0.0090287584951348,0.0028098161214917,0.0070406619714897,-0.0023765559184702,0.0071634334760851,-0.001277994643527,0.0019888557881093,0.0084437101828406,0.0014969933235289,0.0011405040095963,0.0024548910810528,25.166666666666668,1
05300735,Haveleck,05 - Spandau,16.93,2.1819999999996527,0,1.2396694214876034,871.3819477187673,-0.3786147811010987,0,0.3465835748981886,2.7548209366391188,0.0,0.0,0.0020661157024793,0.0034435261707988,0.0020661157024793,0.0041322314049586,0.1377410468319559,0.8471074380165289,1,Haveleck,3774.0,0.494,-0.009,0.253,0.063,0.611,0.005,0.124,-0.281,0.003,-0.331,0.151,0.062,0.07,0.006,2.0,0.875,0.0056818181818181,0.0109990834097158,1.0,0.0054995417048579,0.148487626031164,0.0934922089825847,0.0,0.0005093489531284,0.0052407817182991,-0.0020767880514904,-0.0013845253676603,0.0185148418286446,-0.0041316763678032,-0.0015840080310198,0.0077220077220077,0.0023561289806398,-0.0045418951275602,-0.0025412533486499,2.0,0
05300736,Zitadellenweg,05 - Spandau,9.5,0.728000000000033,1,0.4933051444679351,726.6607965929892,-0.1638939277098077,0,0.1504815484291927,0.7047216349541932,0.0,0.0,0.0119802677942212,0.1705426356589147,0.0641296687808315,0.7484143763213531,0.0,0.0,1,Zitadellenweg,3537.0,0.349,-0.014,0.366,-0.001,0.659,0.004,0.097,-0.013,0.001,-0.019,0.176,-0.007,0.091,0.004,8.0,0.626614481409002,0.1123287671232876,0.0338038632986627,0.7032967032967034,0.0022288261515601,0.0735512630014858,0.0936106983655274,-0.1528957528957529,0.0059614670047861,0.0115445379762515,0.0006128454468273,0.0004045148459527,0.0184510830005425,-0.0009694301126952,0.0006312519119326,-0.0092123086240733,-9.473064997871672e-07,6.86279229019034e-05,-0.0004279504638807,15.166666666666666,1
05300737,Gartenfelder Straße,05 - Spandau,10.28,0.7469999999998777,0,1.5962298570994224,549.8148238060306,-0.508401934463623,0,1.0,0.1520218911523259,0.0,0.0030404378230465,0.4838856795378534,0.3808148373365764,0.0145941015506232,0.0418060200668896,0.0,0.0766190331407722,1,Gartenfelder Straße,3290.0,0.367,0.012,0.575,0.014,0.827,-0.006,0.115,-0.041,0.003,-0.047,0.166,-0.01,0.06,-0.003,4.0,0.8528539659006672,0.0111193476649369,0.0549530007230658,0.4013157894736842,0.0,0.1149674620390455,0.1518438177874186,-0.4247104247104247,0.0139652742106887,0.0068254011814566,0.0027619893358373,-8.856535047008533e-05,0.0069329485194016,-0.0016381652576712,0.0018258351348823,-0.0048441459745807,0.0,0.0012976534146505,0.0023432874723281,25.333333333333332,1
05300838,Gartenfeld,05 - Spandau,9.93,,1,,1599.4998953801016,1.8968073706397028,1,0.3159329758989035,0.0,1.0,0.0,0.75,0.5,0.0,0.0,0.0,0.0,0,Gartenfeld,,,,0.75,-0.058,0.917,,0.0,0.0,0.0,0.0,,,,,5.0,0.4795918367346938,0.1112244897959183,0.0,,0.0,0.0284360189573459,0.2104265402843601,0.3505791505791505,-0.046579955012869,0.0048642810707638,0.001446886049893,0.0030244427582411,0.024857110276164,-0.0043833319105612,0.0,,0.0,-0.0074969520690136,0.0090451784779561,0.0,0
05300839,Rohrdamm,05 - Spandau,17.05,2.4319999999995754,0,0.8321775312066574,574.27496797257,-0.3555149523765877,0,0.8037608611460784,1.1095700416088763,0.0,0.0618585298196948,0.4393897364771151,0.4776699029126213,0.0,0.0016643550624133,0.0,0.0202496532593619,1,Rohrdamm,,0.41,0.054,0.523,-0.019,0.807,-0.007,0.164,0.034,0.033,0.045,0.136,-0.021,0.059,-0.005,4.0,0.8425878757004585,0.0030565461029037,0.0151737640724424,0.5806451612903226,0.0088105726872246,0.1674008810572687,0.1615271659324522,-0.2393822393822393,0.0042467042296606,-0.0060833749025891,-0.0033779137910309,-0.0013177561274726,-0.0008281280068385,-0.0001263875727149,-0.0009897019491873,0.03003861003861,-0.000450196879584,0.0014136826876958,0.0024396143018751,5.166666666666667,1
05300840,Nonnendammallee,05 - Spandau,8.88,0.1329999999999636,1,6.41025641025641,902.8490579913786,-0.5073638403933699,0,0.0108515053216201,4.273504273504274,0.0,0.0726495726495726,0.0683760683760683,0.5598290598290598,0.1965811965811965,0.1282051282051282,0.0,0.0,1,Nonnendammallee,,0.375,0.008,0.518,0.025,0.837,0.007,0.171,0.064,0.049,0.089,0.163,0.06,0.064,0.007,8.0,0.5309657860545691,0.2286704200952793,0.0135356849876948,0.3636363636363636,0.0,0.059064807219032,0.0639868744872846,0.0656370656370656,0.0143355224320486,0.0088873193566445,0.0062319978015544,0.0003229577050254,0.0178948996511601,0.0010418240277197,0.0009199002568999,0.0486964515535943,0.0,-0.0021223879113132,0.000373840083825,5.5,1
05300841,Siemensdamm,05 - Spandau,13.06,0.8279999999998853,0,2.687296416938111,1039.1477935432645,-0.2536786894611748,0,0.9478944872916252,2.4429967426710095,0.0,0.5940553745928339,0.1343648208469055,0.2194625407166123,0.022801302931596,0.0313517915309446,0.0,0.0,1,Siemensdamm,,0.457,0.014,0.594,0.008,0.843,-0.001,0.159,0.01,-0.008,0.01,0.105,-0.028,0.044,0.002,5.0,0.7496641289744738,0.0340349305866547,0.1067585019371502,0.5362903225806451,0.0051657339647008,0.1033146792940163,0.1239776151528196,-0.2154440154440154,0.0140018199292339,1.9137428120445985e-05,-0.002359744585132,-1.72608432709139e-05,0.0085219884044364,0.0001584860183707,0.0010571217695796,-0.0081627606996732,-0.00024524037605,-0.0003351899994103,0.0012173586651417,41.333333333333336,1
05400942,Alt-Gatow,05 - Spandau,11.97,1.7379999999996802,1,2.873900293255132,577.5823564764606,0.1115307580026166,0,0.122219617326491,2.346041055718475,0.0,0.0633431085043988,0.1912023460410557,0.3425219941348973,0.1618768328445747,0.1073313782991202,0.0873900293255132,0.0457478005865102,1,Alt-Gatow,4663.0,0.229,-0.0,0.427,0.002,0.824,-0.002,0.097,-0.005,0.005,-0.015,0.031,-0.007,0.025,-0.011,9.0,0.6692781197537773,0.0179071068830442,0.0564643799472295,0.8878504672897196,0.0047493403693931,0.0538258575197889,0.1171503957783641,0.2579150579150579,-0.0020472162297255,0.0113792401547634,0.0018364461689415,0.0025133476868318,0.0179018290892351,-0.0017892524522801,0.0017053398234694,-0.026810300136262,-0.0025613914034391,-0.0009944111706317,0.0020474028794225,17.833333333333332,1
05400943,Jägerallee,05 - Spandau,13.37,0.9969999999998242,0,2.0152883947185547,548.4366048215288,0.1293526243742074,0,0.4195507301743009,2.5480657864257585,0.0,0.0240908037989344,0.0975214269168404,0.3365763261524206,0.1605281445448227,0.0711141996757007,0.1315728515172573,0.1792911744266851,1,Jägerallee,5176.0,0.254,0.004,0.346,0.022,0.728,0.012,0.098,0.009,0.011,-0.003,0.023,0.004,0.048,-0.001,7.0,0.7368421052631579,0.0184321563402176,0.0136199191317301,0.71875,0.0012768674185997,0.0702277080229836,0.0995956586507767,-0.1992277992277992,0.0096192530091043,0.004079314708855,-0.0010765952876322,-0.0012784523980271,0.0081837382780322,-0.0006935686301411,0.000853130925683,-0.0258632658632658,-2.8923355178881085e-05,-4.423290797069748e-06,0.0003516083924082,10.666666666666666,1
05400944,Kladower Damm,05 - Spandau,19.61,1.4680000000001687,1,3.857280617164899,565.0466890242811,0.127828148467663,0,0.2062147714800276,1.9286403085824495,0.0,0.0549662487945998,0.0501446480231436,0.6017357762777242,0.1436837029893924,0.0414657666345226,0.0144648023143683,0.0973963355834136,1,Kladower Damm,,0.2,0.01,0.434,0.014,0.827,0.006,0.11,0.041,0.024,0.009,0.067,0.025,0.037,-0.001,9.0,0.7121212121212122,0.0151515151515151,0.064516129032258,0.6891891891891891,0.010462074978204,0.083696599825632,0.088927637314734,0.1837837837837838,0.0048022163343843,0.0020715033929065,0.0016830818059111,0.0035448379300795,0.0270371321896557,-0.0002597500138756,0.0021147255405303,-0.0102897102897103,0.0002800103735786,0.0006976905547819,0.0035854105796224,12.333333333333334,1
05400945,Kafkastraße,05 - Spandau,15.32,1.3099999999994112,1,2.156980227681246,579.9995864236287,0.1286173743266856,0,0.6606468858831561,0.0,0.0,0.0269622528460155,0.0832834032354703,0.4691431995206711,0.2840023966446974,0.0455362492510485,0.0455362492510485,0.048532055122828,1,Kafkastraße,5167.0,0.196,-0.022,0.379,0.019,0.783,-0.014,0.081,0.017,0.006,-0.009,0.017,-0.001,0.044,0.001,10.0,0.6742281033396346,0.0151228733459357,0.0146699266503667,1.0,0.0073349633251833,0.0366748166259168,0.1100244498777506,-0.122007722007722,-0.0102556808545762,0.010156775094244,0.0036411455877236,0.0059362474969876,-0.0011104581097279,0.0002312930472311,-0.0020440541103625,0.0889575289575289,5.4368500711822656e-05,-0.0020455387448061,0.0024138757987384,4.0,0
06100101,Fichtenberg,06 - Steglitz-Zehlendorf,15.54,0.7459999999999215,0,2.415458937198068,1448.8488721129356,-0.1390927652154855,0,1.0,3.757380568974772,0.0,0.202361782071927,0.3752012882447665,0.3156199677938808,0.0373054213633923,0.0448201825013419,0.0177133655394524,0.0083199141170155,1,Fichtenberg,4792.0,0.313,0.028,0.548,0.017,0.859,0.006,0.131,0.028,0.012,0.018,0.04,0.004,0.032,-0.002,6.0,0.6591653921782827,0.04719248415993,0.0226415094339622,0.8333333333333334,0.0012578616352201,0.0893081761006289,0.1320754716981132,0.1482625482625482,-0.0225202904742337,0.0105704707797127,0.0038566490463701,0.0029359471663576,0.00860669744796,-0.0021958349380349,0.001137263807365,-0.0110462563403739,0.0003249818828679,0.0002683291761315,0.0014733061497544,18.0,1
06100102,Schloßstraße,06 - Steglitz-Zehlendorf,16.36,1.0069999999998416,0,1.5326474910770522,2544.3302709597974,-0.3486162394745027,0,0.905559024288832,5.668696199874029,0.0,0.5870249842536217,0.0678144026873819,0.2439638883056896,0.051858072643292,0.0260340121771992,0.0163762334663027,0.0065085030442998,1,Schloßstraße,4626.0,0.376,-0.003,0.58,-0.001,0.838,-0.004,0.155,0.035,0.002,0.0,0.072,0.011,0.037,-0.001,7.0,0.6027155465037338,0.0454854039375424,0.0687704299723409,0.7038391224862889,0.0054060849886849,0.0837314558712597,0.1222026653256223,0.1436293436293436,-0.0153780258683201,0.0093404165058855,0.0028588016845703,-0.0001022222239311,0.0081607056211691,0.0023068668132683,0.0034869849388409,-0.0043143406666924,-0.000261729789756,0.0001732919583748,0.0018863496238804,91.16666666666669,1
06100103,Markelstraße,06 - Steglitz-Zehlendorf,19.83,2.002999999999738,1,2.2002820874471087,2679.0048311050664,-0.3413418095964074,0,0.9063661960277348,4.795486600846262,0.0,0.6485190409026799,0.126657263751763,0.1599435825105782,0.0307475317348378,0.0236953455571227,0.0121297602256699,0.0,1,Markelstraße,4501.0,0.386,0.006,0.598,0.001,0.847,0.001,0.124,0.003,-0.004,0.002,0.046,-0.002,0.035,-0.001,7.0,0.6446078431372549,0.0606060606060606,0.0473397570171763,0.6814159292035398,0.0,0.0791788856304985,0.106828655215752,0.0,0.0030479416598052,0.0071538889774823,0.0046976061861885,-0.0001341619121571,0.0044944941582565,0.0016446697107812,0.0008614643632989,-0.026753674689741,0.0,0.0003688249630519,0.0014397925236936,37.666666666666664,1
06100204,Munsterdamm,06 - Steglitz-Zehlendorf,15.0,0.9389999999999727,1,1.977186311787072,1388.3635472499489,-0.1681764614812534,0,0.5588425127934715,3.548795944233207,0.0,0.0179974651457541,0.4380228136882129,0.4550063371356147,0.0093789607097591,0.0474017743979721,0.0304182509505703,0.0038022813688212,1,Munsterdamm,3864.0,0.376,0.021,0.583,0.008,0.854,0.004,0.12,0.002,0.003,0.008,0.074,-0.003,0.044,-0.006,6.0,0.7796610169491526,0.019774011299435,0.0219632451815329,0.4081632653061224,0.002689376961004,0.0618556701030927,0.161362617660242,0.2571428571428571,0.0036768736212211,0.0046421228745479,0.0009217291946128,-0.000189463624396,-0.0020756642874506,-0.0008728639955923,0.0008674086404307,-0.0117515474658331,-4.719508118552156e-05,0.0005400656680521,0.0026920303017981,8.166666666666666,1
06100205,Südende,06 - Steglitz-Zehlendorf,13.47,1.2759999999998073,0,2.9243937232524964,1338.90927109348,-0.2252351029330606,0,1.0,2.674750356633381,0.0,0.2724679029957204,0.1016405135520684,0.4655848787446505,0.015870185449358,0.0898716119828816,0.0035663338088445,0.050641940085592,1,Südende,4108.0,0.384,0.011,0.579,0.012,0.84,0.002,0.15,0.019,-0.011,-0.011,0.073,-0.002,0.039,-0.005,6.0,0.7829394186362402,0.0105949470252648,0.0384024577572964,0.88,0.0,0.0737327188940092,0.1505376344086021,-0.0671814671814671,0.0108225055466727,0.0060071390091721,0.0001415309747208,-0.0010866618735488,0.0058442882027703,0.0007819704605239,0.0021954651856885,0.0331222782030235,0.0,0.0007015463926783,0.0041863960415377,25.0,1
06100206,Stadtpark,06 - Steglitz-Zehlendorf,14.68,1.2029999999997776,0,1.981942303457388,1768.8409208250157,-0.3437701732206629,0,0.996945477123265,1.101079057476327,0.0,0.1440211407179035,0.3041180356749615,0.4686192468619247,0.019158775600088,0.0521911473243778,0.0057256110988768,0.0072671217793437,1,Stadtpark,4014.0,0.356,0.015,0.61,-0.013,0.849,-0.008,0.128,0.01,0.007,-0.001,0.071,0.003,0.04,-0.002,7.0,0.7423387096774193,0.0165322580645161,0.0169753086419753,0.4772727272727273,0.0065586419753086,0.0763888888888889,0.1412037037037037,-0.0332046332046332,0.0111160277212178,0.0111203507915518,0.0014345521818325,-0.001132186306436,0.0046091311807375,0.0012418268694377,-0.0006231159433936,0.0359680088251516,0.0002657768416611,0.0007388203868412,0.002969806115096,7.333333333333333,1
06100207,Mittelstraße,06 - Steglitz-Zehlendorf,15.47,0.8759999999999025,0,1.6132501613250163,1763.451586998417,-0.3412059794595975,0,0.9999835943721536,3.01140030114003,0.0,0.2357496235749623,0.209292320929232,0.4289094428909443,0.0518391051839105,0.0440955044095504,0.0225855022585502,0.00946440094644,1,Mittelstraße,4318.0,0.408,0.035,0.61,0.013,0.857,0.005,0.14,0.022,0.007,0.015,0.061,-0.004,0.038,-0.002,6.0,0.7539776075427225,0.0247495580436063,0.0184925749509666,0.7272727272727273,0.0016811431773606,0.0706080134491454,0.1479405996077332,0.0,0.0034280907568768,0.0107359425153493,0.0016782203817237,0.001300622317912,0.0118688939658792,-0.0014024094771882,0.0001045722730455,0.0344541944541944,-3.951184729280158e-06,-0.000236346677665,0.0027525440561797,11.0,1
06100208,Bergstraße,06 - Steglitz-Zehlendorf,17.18,1.6519999999998063,0,1.6040100250626566,1795.374315120814,-0.3806920725268681,0,0.8277544845990277,1.7543859649122808,0.0,0.3177944862155388,0.068922305764411,0.4977443609022556,0.0290726817042606,0.0300751879699248,0.0,0.0548872180451127,1,Bergstraße,4308.0,0.388,0.006,0.61,-0.005,0.856,-0.003,0.132,0.013,0.002,-0.002,0.06,-0.004,0.032,-0.005,7.0,0.6945740956826137,0.0317969661610268,0.0467546754675467,0.611764705882353,0.0,0.1105610561056105,0.1452145214521452,-0.0478764478764478,0.0059754065756252,0.0031618547725049,-0.0005033671786163,0.0011365163892358,0.0028163781283278,-0.0017703567049401,0.0021186418678132,0.0813720389865174,0.0,0.0021955864478312,0.0041193364201817,28.333333333333332,1
06100209,Feuerbachstraße,06 - Steglitz-Zehlendorf,16.97,1.2529999999999468,0,2.401210058612214,2140.4922665500585,-0.3637374222479233,0,0.9386090436318548,4.159576479485725,0.0,0.3664208735110607,0.1331064473435432,0.4637927774626583,0.019285309132161,0.0026470032142181,0.0075628663263376,0.0071847230100207,1,Feuerbachstraße,4118.0,0.39,-0.001,0.613,0.006,0.849,-0.003,0.147,0.014,0.004,0.008,0.065,-0.001,0.039,0.002,6.0,0.7487654320987654,0.024074074074074,0.0436694021101993,0.5570469798657718,0.003516998827667,0.093200468933177,0.1459554513481828,-0.1528957528957529,0.0123658498475003,0.000841509987984,0.0012402876082867,1.312527993024497e-05,0.0022297501187205,0.0029494147653726,0.0033973225926922,0.0301425990082414,-0.0001630912360456,0.0011749989520705,0.003596558885768,24.833333333333332,1
06100210,Bismarckstraße,06 - Steglitz-Zehlendorf,15.0,1.1259999999998924,1,1.731123388581952,1999.9656774800785,-0.3715748003315802,0,0.999420929331352,0.7366482504604052,0.0,0.2607734806629834,0.2224677716390423,0.4279926335174954,0.0198895027624309,0.0464088397790055,0.0162062615101289,0.0047882136279926,1,Bismarckstraße,4138.0,0.358,-0.009,0.607,0.007,0.847,0.002,0.135,-0.002,-0.001,-0.019,0.067,-0.009,0.043,-0.005,6.0,0.7980900409276944,0.0286493860845839,0.0156555772994129,1.0,0.0,0.0626223091976516,0.1839530332681017,-0.3783783783783783,0.0009413940603936,-0.0010920923634709,0.0003948631580031,-0.0001676794051947,0.0047631337183445,0.0042270657415842,-7.580989659446178e-05,0.0,0.0,1.805697218255957e-05,0.0036463723849089,4.0,0
06200311,Alt-Lankwitz,06 - Steglitz-Zehlendorf,18.01,1.824999999999746,1,1.2368133866860678,873.7560513007709,-0.1574828106736791,0,0.8129672211037702,0.3637686431429611,0.0,0.0389232448162968,0.1000363768643143,0.6511458712259003,0.0785740269188795,0.0640232811931611,0.0472899236085849,0.0210985813022917,1,Alt-Lankwitz,3941.0,0.299,0.018,0.568,0.017,0.851,0.0,0.116,0.016,0.005,-0.001,0.071,-0.005,0.045,0.001,8.0,0.7246080436264485,0.0456714383094751,0.0171957671957671,0.3076923076923077,0.0,0.0555555555555555,0.1507936507936507,0.0918918918918919,-0.0031913211263832,0.0201940453582078,0.0014915900933489,0.0026558222776761,-0.0031367779620877,-0.0033398821640551,-0.0020490049754353,0.0149034749034749,0.0,-0.000477375219832,0.0032117650603868,4.333333333333333,0
06200312,Komponistenviertel Lankwitz,06 - Steglitz-Zehlendorf,14.0,0.7989999999998401,1,2.737411287597161,1000.0515156358416,-5.163032403582335e-05,0,0.6821615786603971,2.7036160865157144,0.0,0.1111862115579587,0.1186211557958769,0.5214599526867185,0.1132139236228455,0.09462656302805,0.0081108482595471,0.0344711051030753,1,Komponistenviertel Lankwitz,4446.0,0.324,0.024,0.531,-0.001,0.838,0.003,0.171,0.021,0.02,-0.003,0.065,0.019,0.034,-0.001,9.0,0.6029411764705882,0.0744206773618538,0.0429787234042553,0.5247524752475248,0.0,0.0791489361702127,0.1302127659574468,0.3915057915057915,-0.0107711572016143,0.0150357080971413,0.0043470837366328,0.0024159649971469,0.002225610127713,-0.0006021277579119,0.0002976023782694,-0.0361477023241729,0.0,0.0016622149369835,0.0019365103412337,16.833333333333332,1
06200313,Lankwitz Kirche,06 - Steglitz-Zehlendorf,12.1,0.4559999999999531,0,2.53221795161655,997.6595460255026,-0.3874939779990725,0,0.9703290572411244,0.2260908885371919,0.0,0.0192177255256613,0.1654985304092245,0.7499434772778657,0.0140176350893059,0.0221569070766448,0.0169568166402893,0.0124349988695455,1,Lankwitz Kirche,3685.0,0.373,0.003,0.617,0.009,0.845,-0.002,0.141,0.027,-0.003,-0.013,0.095,-0.005,0.052,-0.005,5.0,0.7741034000931533,0.0302748020493712,0.0591985428051001,0.4692307692307692,0.0,0.1120218579234972,0.174863387978142,-0.5884169884169883,0.0113413648583115,0.0012291377289689,0.0041867939170303,-0.0003733096065786,-0.0014354441188196,-0.0002206658953497,0.0047311185454961,0.0050450674687737,0.0,0.00179108260407,0.0045664630249462,21.666666666666668,1
06200314,Kaiser-Wilhelm-Straße,06 - Steglitz-Zehlendorf,9.66,0.2439999999999457,0,2.5741208917490237,955.8221660243278,-0.2084629124417073,0,0.9077889036691508,0.689496667432774,0.0,0.0795219489772466,0.1935187313261319,0.6329579407032866,0.0266605378074006,0.0245920478051022,0.0064353022293725,0.036543323373937,1,Kaiser-Wilhelm-Straße,3729.0,0.369,0.018,0.601,0.006,0.848,0.004,0.13,0.023,0.011,0.016,0.091,-0.007,0.044,-0.011,7.0,0.727735368956743,0.0572519083969465,0.0421612771182971,0.5825242718446602,0.0024559967253376,0.1080638559148587,0.1670077773229635,-0.3845559845559845,0.0161617768965998,0.0041115133257108,0.0006520628602714,-0.0011775056501835,0.01765072922013,-0.0029089339901593,0.0007171902253737,-0.0295823355420878,-0.0012333648217197,0.0016771630166988,0.0054934093829888,17.166666666666668,1
06200315,Gallwitzallee,06 - Steglitz-Zehlendorf,13.69,0.5879999999998877,0,4.884318766066838,946.183640076642,-0.3075863827374746,0,0.637060633833683,0.2856326763781777,0.0,0.0142816338189088,0.1659525849757212,0.5267066552413596,0.104541559554413,0.0151385318480434,0.0365609825764067,0.1362467866323907,1,Gallwitzallee,3822.0,0.347,0.043,0.547,-0.021,0.805,-0.019,0.128,-0.009,0.015,-0.026,0.088,0.001,0.047,-0.001,5.0,0.8068181818181818,0.0280748663101604,0.0169712793733681,0.4615384615384615,0.0,0.1135770234986945,0.1762402088772846,-0.6254826254826255,0.0152602800550387,0.0011977890515524,-0.0049277448542904,-0.0031513307235931,0.0175898909501684,-0.0005158373784741,-0.0069984809501368,0.0680364037506894,0.0,-0.0003598021509811,0.0046296710334807,4.333333333333333,0
06200316,Belßstraße,06 - Steglitz-Zehlendorf,12.0,0.844999999999861,0,4.267284154813099,996.6852442937956,-0.3023641744988595,0,0.7527336439371127,0.9923916639100232,0.0,0.0142242805160436,0.0066159444260668,0.8604035726099901,0.0241481971551438,0.0416804498842209,0.0,0.0525967581872312,1,Belßstraße,3358.0,0.385,0.032,0.544,0.004,0.84,0.006,0.143,0.033,0.002,0.004,0.13,0.012,0.053,-0.008,6.0,0.716012084592145,0.066465256797583,0.0335454019664546,0.6724137931034483,0.0034702139965297,0.1110468478889531,0.1873915558126084,-0.3498069498069498,0.0211459907002262,0.0084023484768859,-0.0041524801565174,-0.0009904394477499,-0.0080847360154743,0.0003726711477086,-0.0005012526911648,0.0141769041769041,-0.0001152966089715,0.0037767155033348,0.0056371529507682,9.666666666666666,1
06200317,Lankwitz Süd,06 - Steglitz-Zehlendorf,13.0,0.9899999999998496,1,3.2490974729241877,840.8242463623831,0.0621504530499709,0,0.8651836945061485,0.3008423586040915,0.0,0.0219614921780986,0.3910950661853189,0.4073405535499398,0.108604091456077,0.0460288808664259,0.0108303249097472,0.0123345367027677,1,Lankwitz Süd,4151.0,0.265,0.006,0.497,0.009,0.833,-0.002,0.098,0.007,0.018,0.013,0.05,0.001,0.041,-0.002,8.0,0.6977678571428572,0.0410714285714285,0.0102607952116289,0.5,0.0076955964087216,0.1000427533133817,0.148781530568619,0.0741312741312741,-0.005922669999948,0.0113149132601387,0.0045494982264149,-1.611880929979772e-05,-0.0075365735530633,0.0010917391313579,-0.0035271819418084,0.102224673653245,5.4451195391594425e-06,0.0016910071005896,0.0044941059474612,4.0,0
06200418,Landweg,06 - Steglitz-Zehlendorf,,,1,,560.8667836373709,-0.3551283126658492,0,1.110331535834515e-05,,1.0,,,,,,,,0,Landweg,,,,,,,,,,,,,,,,43.0,0.5,0.0,0.0,,0.0,0.0,0.0,1.2061776061776062,0.1237837837837838,-0.0759073359073359,0.0366023166023166,0.0366023166023166,0.0881081081081081,0.0,0.0,,0.0,-0.0014939309056956,-0.0104575163398692,0.0,0
06200419,Thermometersiedlung,06 - Steglitz-Zehlendorf,8.64,0.3499999999999024,0,2.9122055674518204,609.0405522062058,-0.2764151575790718,0,0.998863569393998,0.4282655246252676,0.0,0.00813704496788,0.0,0.9528907922912204,0.0226980728051391,0.0175588865096359,0.0,0.0,1,Thermometersiedlung,,0.367,0.017,0.532,0.017,0.828,-0.007,0.154,0.044,-0.015,-0.017,0.141,-0.004,0.061,0.007,6.0,0.8785151856017998,0.0269966254218222,0.0163398692810457,0.6,0.0076252723311546,0.0915032679738562,0.130718954248366,-0.3667953667953668,-0.0103397454832721,-0.0021754248656944,-0.0001637872832856,-0.0001817727054572,0.0101631461802711,-0.0002609518056522,-0.0028299407817081,0.1014157014157014,0.000184166071574,3.79959798228092e-05,0.0028102812977304,2.5,0
06200420,Lichterfelde Süd,06 - Steglitz-Zehlendorf,11.81,0.9439999999998576,0,2.3053973420124763,697.3594792846151,-0.0805229670660925,0,0.981209322219799,0.5424464334147003,0.0,0.0631950094928125,0.1592080282072145,0.4559262272850556,0.1350691619202603,0.1033360455655004,0.0227827502034174,0.059669107675617,1,Lichterfelde Süd,3378.0,0.288,-0.005,0.527,0.008,0.834,0.003,0.125,-0.032,-0.02,-0.044,0.094,0.005,0.047,-0.003,7.0,0.7108255066732575,0.028175976272862,0.0307692307692307,0.375,0.0,0.0663461538461538,0.0807692307692307,-0.1312741312741312,0.0258058881299237,-0.0033979961108193,-0.0032390137159456,-0.0020250941864468,0.0040157629749309,0.0005642232677282,-0.0028691301896241,-0.0108502308502308,0.0,0.0006831565329779,0.0010364444620079,10.666666666666666,1
06200421,Königsberger Straße,06 - Steglitz-Zehlendorf,15.24,1.122999999999864,0,2.347826086956521,994.2896144288048,-0.0487748241808177,0,0.7383560840119011,3.4782608695652177,0.0,0.1393478260869565,0.0658695652173913,0.5795652173913044,0.0813043478260869,0.1080434782608695,0.0126086956521739,0.013695652173913,1,Königsberger Straße,3873.0,0.312,0.033,0.567,0.013,0.852,0.009,0.159,0.046,0.003,-0.009,0.06,-0.004,0.041,-0.007,9.0,0.5905548996458088,0.0654073199527745,0.0434387082101432,0.680628272251309,0.0065954059586081,0.0777803047532408,0.1187173072549465,0.2509652509652509,-0.0096970751428681,0.0070604007571607,0.0054535783829962,-0.0002140737912532,0.0023259770721558,-0.0009595032534775,0.0016658229093392,0.0042347088278328,-8.543841783629423e-05,0.0010436999579672,0.002427592154756,31.833333333333332,1
06200422,Oberhofer Platz,06 - Steglitz-Zehlendorf,14.86,0.9869999999998628,0,2.280846386369882,880.768171600639,0.0383435624284828,0,0.9486705392295788,2.1984061555372354,0.0,0.254465512503435,0.1676284693597142,0.380873866446826,0.0923330585325638,0.0703489969771915,0.0162132453970871,0.0192360538609508,1,Oberhofer Platz,4237.0,0.306,0.025,0.498,0.008,0.836,0.008,0.11,0.017,0.005,0.006,0.034,-0.006,0.036,-0.006,9.0,0.6247404331059033,0.0406407594185701,0.0392714854866249,0.7898550724637681,0.0051223676721684,0.0682982356289129,0.0870802504268639,0.4988416988416988,-0.0040466056587219,0.0171544316704074,0.0076844822978281,0.0019374357780207,-0.0002828118212414,0.0041335503927362,0.0014755043081257,0.0316245139226505,4.059287345924846e-05,0.0004843230422342,0.0013676587334514,23.0,1
06200423,Schütte-Lanz-Straße,06 - Steglitz-Zehlendorf,10.63,0.893999999999874,0,1.813145303450013,791.1644122693174,0.009329863521116,0,0.9055125132095244,2.2664316293125157,0.0,0.0299672626542432,0.1314530345001259,0.3140266935280785,0.3797532107781415,0.115336187358348,0.0128431125661042,0.0156131956685973,1,Schütte-Lanz-Straße,4563.0,0.259,0.003,0.435,0.006,0.799,0.002,0.097,0.008,0.012,0.002,0.073,0.002,0.05,-0.001,9.0,0.7352941176470589,0.0152505446623093,0.0144366197183098,0.975609756097561,0.0038732394366197,0.0591549295774647,0.1795774647887324,0.2926640926640926,-0.0071613153911361,0.0120553911033413,0.0047819766246728,0.0011257813935722,0.0001386857622016,0.0002826550184006,0.0003023954190122,0.0065912851627137,0.000172777079129,0.0003093614427851,0.0061365757784205,6.833333333333333,1
06300524,Berlepschstraße,06 - Steglitz-Zehlendorf,14.66,0.3699999999999646,1,1.82882223847842,973.5402603006722,0.0227328310859557,0,0.6891576169320249,0.731528895391368,0.0,0.1042428675932699,0.1722750548646671,0.6221653255303584,0.0402340892465252,0.0431602048280907,0.0051207022677395,0.0138990490124359,1,Berlepschstraße,4457.0,0.264,0.004,0.498,0.009,0.826,-0.009,0.13,-0.032,0.013,-0.01,0.051,0.01,0.04,-0.005,10.0,0.598621217924167,0.0436614324013787,0.0136079440970945,0.6486486486486487,0.0022066936373666,0.0507539536594336,0.1147480691430673,-0.1752895752895752,0.0135220235687759,0.0142445882263906,0.0018109424457488,-0.0012928267354174,0.0077891723700234,0.0007268804291606,6.576616239052635e-05,-0.0051480051480051,-9.05899295493313e-06,-0.0005394849601951,0.0035820662197281,6.166666666666667,1
06300525,Zehlendorf Süd,06 - Steglitz-Zehlendorf,9.92,-0.323999999999977,0,1.4356870788162908,930.0607682903616,-0.0146610801179978,0,0.5129856810799176,3.515968356284793,0.0,0.0046879578083797,0.1265748608262525,0.7943158511573396,0.0073249340755933,0.0290067389393495,0.0017579841781423,0.0351596835628479,1,Zehlendorf Süd,3660.0,0.333,0.024,0.587,-0.004,0.838,-0.007,0.116,-0.003,0.015,-0.009,0.09,0.003,0.052,-0.006,6.0,0.7450110864745011,0.0399113082039911,0.0186666666666666,0.5142857142857142,0.0,0.0736,0.1344,-0.2316602316602317,-0.0112715054467183,0.0130008626472548,0.0045896097967897,0.0009153112338471,0.0061183487487322,-7.789738773888855e-05,0.0006372564869001,0.0452509652509652,-0.000220802228381,-0.002231687921173,0.0018065098432381,5.833333333333333,1
06300526,Zehlendorf Mitte,06 - Steglitz-Zehlendorf,17.64,1.0649999999999875,1,3.5469107551487413,1142.9456862693987,-0.091322739950133,0,0.8031798511551997,4.004576659038902,0.0,0.4754004576659039,0.097254004576659,0.2105263157894736,0.1447368421052631,0.0194508009153318,0.0183066361556064,0.0308924485125858,1,Zehlendorf Mitte,4626.0,0.335,0.039,0.536,0.012,0.815,0.009,0.128,0.037,0.005,0.01,0.06,0.01,0.048,-0.003,5.0,0.5472496473906912,0.036013164080865,0.0304798397631281,0.6314285714285715,0.0015675346163894,0.0862144039014194,0.099799703910128,0.4864864864864865,-0.0294720960450207,0.0043171506552539,0.0023231981425699,-0.0010229991676372,0.0223156121463906,0.0024605999810258,0.0002749146959683,0.0335959879133096,1.2484955507783004e-05,-0.0042954748314726,0.0005158876889654,58.333333333333336,1
06300527,Sundgauer Straße,06 - Steglitz-Zehlendorf,15.88,1.0429999999999018,0,3.466243769823289,1109.510817674181,-0.2307473177454431,0,0.9582736297367808,1.8124150430448571,0.0,0.039193475305845,0.3670140462165836,0.4315813321250566,0.053013140009062,0.0589034888989578,0.001132759401903,0.0487086542818305,1,Sundgauer Straße,4370.0,0.332,0.015,0.574,0.008,0.851,0.001,0.122,-0.009,0.005,-0.004,0.045,-0.007,0.039,-0.003,7.0,0.7971403038427167,0.0107238605898123,0.0077922077922077,0.3333333333333333,0.0034632034632034,0.0753246753246753,0.174025974025974,0.0949806949806949,-0.007463158399786,0.0105689450256845,0.0014702452999954,0.0005930194311436,0.0072837586259951,-0.0031640679215688,0.0003649162603522,0.0092664092664092,0.0001470742294499,0.0013544730926165,0.0046813774092856,3.0,0
06300528,Teltower Damm,06 - Steglitz-Zehlendorf,18.14,1.5379999999997862,0,3.19660014781966,999.1826636251578,1.2608226054492276e-05,0,0.8770333855683561,0.9238728750923872,0.0,0.048780487804878,0.2697708795269771,0.4689578713968957,0.0890613451589061,0.0648558758314855,0.0256836659275683,0.0323355506282335,1,Teltower Damm,4802.0,0.251,0.023,0.483,0.009,0.822,0.003,0.117,0.017,0.015,0.001,0.03,0.007,0.038,-0.005,8.0,0.6664375715922107,0.0247422680412371,0.0145494028230184,0.8208955223880597,0.0002171552660152,0.0690553745928338,0.1094462540716612,0.0857142857142857,-0.0122017415294114,0.0124092890171215,0.0049505302462324,0.0005284039004204,0.0117320160014047,-0.001437638373507,-0.0003690240140866,0.0264615264615264,-0.0003146336368045,0.0007173592340474,0.0016846488957617,11.166666666666666,1
06300629,Botanischer Garten,06 - Steglitz-Zehlendorf,16.77,1.5239999999998195,0,1.9825535289452811,1339.8916688141471,-0.1936023115819653,0,0.953699408976268,2.6434047052603753,0.0,0.218345228654507,0.3713983610890827,0.3528945281522601,0.0158604282315622,0.0266983875231297,0.0060798308220988,0.0095162569389373,1,Botanischer Garten,4318.0,0.341,0.009,0.581,0.021,0.865,0.012,0.127,0.023,0.005,0.004,0.057,0.011,0.028,-0.011,8.0,0.6467103211724353,0.029934518241347,0.0414307004470938,0.6690647482014388,0.0020864381520119,0.0929955290611028,0.1716840536512667,0.0741312741312741,0.0076212957876163,0.0019645518400991,0.0047096534288545,0.0006659907135861,0.0108102849587022,-0.0012699380467514,0.0025475411591019,-0.0033476104839295,0.00011673976041,0.0007306283713086,0.0044581560359461,23.166666666666668,1
06300630,Hindenburgdamm,06 - Steglitz-Zehlendorf,17.07,2.02299999999966,0,2.5256222547584186,1310.2483380855197,-0.245633667659174,0,0.6293065248163622,2.9282576866764276,0.0,0.2737920937042459,0.1639824304538799,0.4172767203513909,0.0402635431918008,0.0684480234260614,0.0058565153733528,0.0307467057101024,1,Hindenburgdamm,4162.0,0.375,0.014,0.556,0.006,0.833,0.005,0.151,0.019,-0.015,-0.018,0.076,-0.012,0.041,-0.003,7.0,0.6919813322019517,0.0224862112855324,0.0383980181668042,0.5161290322580645,0.0,0.0792733278282411,0.1362510322047894,0.5714285714285714,-0.031734595396428,0.0095009190323837,0.0053951322158567,-0.0010411703407542,-0.007931020295647,0.0012567747511903,0.0015545966608949,-0.0203272660415517,0.0,-0.000157077994935,0.0036426424334523,15.5,1
06300631,Goerzwerke,06 - Steglitz-Zehlendorf,12.63,0.6349999999999587,1,2.484848484848485,714.5940413101093,-0.2239225612622106,0,0.1613100416345131,1.818181818181818,0.0,0.0096969696969696,0.0933333333333333,0.6157575757575757,0.0303030303030303,0.2206060606060606,0.0236363636363636,0.0054545454545454,1,Goerzwerke,4387.0,0.404,0.027,0.507,0.01,0.823,-0.013,0.208,0.064,0.044,0.046,0.05,0.01,0.038,-0.002,7.0,0.4982491245622811,0.096048024012006,0.0256227758007117,0.2777777777777778,0.0,0.0654804270462633,0.1580071174377224,0.2378378378378378,-0.0220247366670788,0.0059712541645705,0.0036881697648541,-5.192209574888441e-06,0.0060929658066848,0.0008108276123072,-0.0004468507001282,-0.0715405365560163,0.0,-0.0007070378028214,0.0038945110708861,18.0,1
06300632,Schweizer Viertel,06 - Steglitz-Zehlendorf,18.01,1.2739999999998348,0,2.1255060728744937,984.116668954096,-0.0063795050014215,0,0.7615120376417966,1.5182186234817814,0.0,0.0313765182186234,0.1646423751686909,0.289136302294197,0.0787786774628879,0.1357962213225371,0.1557017543859649,0.1450742240215924,1,Schweizer Viertel,5353.0,0.281,-0.004,0.421,-0.007,0.773,-0.002,0.128,0.006,0.004,-0.014,0.043,0.014,0.04,0.002,7.0,0.6931475903614458,0.0237198795180722,0.010596264367816,0.5932203389830508,0.0010775862068965,0.0581896551724137,0.1454741379310344,-0.0895752895752895,0.0053225219952387,0.0112920290387457,0.0056678555480865,0.0006720662647734,0.0069044544185504,-0.0004488380798945,0.0007311715363306,-0.009039039039039,-0.0004859437933735,-0.0006044679464965,0.0037904942493069,9.833333333333334,1
06300633,Augustaplatz,06 - Steglitz-Zehlendorf,15.17,1.1449999999998397,0,2.172619047619047,1255.0109798899612,-0.0647931443499298,0,1.0,2.827380952380952,0.0,0.3720238095238095,0.1357142857142857,0.3696428571428571,0.0550595238095238,0.0398809523809523,0.0069940476190476,0.0212797619047619,1,Augustaplatz,4566.0,0.324,0.025,0.551,0.001,0.844,0.005,0.11,0.008,-0.002,-0.002,0.048,0.0,0.035,-0.003,8.0,0.6483437779767234,0.0315129811996418,0.0360020572604148,0.6571428571428571,0.0012000685753471,0.0555460312017829,0.1388650780044574,0.1891891891891891,-0.0084072713654642,0.0106828758172446,0.0049951218055842,0.000877308929596,0.0123406300307373,-0.0002522313864378,0.0007725429558504,0.0463176514601679,-0.0001974726812291,-0.0005213588603992,0.0026746025356121,35.0,1
06300634,Lichterfelde West,06 - Steglitz-Zehlendorf,13.18,0.4909999999999568,1,3.520958083832335,1199.1068935019885,-0.0152793262605793,0,1.0,2.6347305389221556,0.0,0.421317365269461,0.151377245508982,0.2697005988023952,0.0644311377245509,0.0615568862275449,0.0194011976047904,0.0134131736526946,1,Lichterfelde West,5360.0,0.264,0.01,0.499,0.011,0.82,0.009,0.116,0.025,0.007,0.003,0.032,0.003,0.035,-0.003,8.0,0.6225955685415144,0.0231312393474555,0.0256529850746268,0.7545454545454545,0.0,0.0671641791044776,0.1217350746268656,0.0,-0.0114243579617434,0.0049398646973473,0.00147913432853,0.0015919633146651,0.0117468364396599,-0.0024154184418675,0.0003644648936426,-0.0093996251890988,0.0,-0.0010588229830775,0.0029507003101822,18.333333333333332,1
06400735,Wannsee,06 - Steglitz-Zehlendorf,15.45,0.8929999999998829,0,2.663032082197526,1254.198696454153,-0.0382986120561512,0,0.1371409706764175,3.564688613965192,0.0,0.1459425456070455,0.126651289578528,0.413923254351017,0.1295869154959111,0.0769553365485426,0.0561962675613336,0.0494862654644579,1,Wannsee,5287.0,0.235,0.009,0.488,0.01,0.81,-0.002,0.125,-0.024,-0.002,-0.014,0.026,0.003,0.04,0.005,9.0,0.6061638531825926,0.0396468948428062,0.0372395448500073,0.8134920634920635,0.0066499187232156,0.0718191222107285,0.1090586670607359,0.0455598455598455,0.0003735601665904,0.0112710908274369,0.0022700697038643,5.262577320120382e-05,0.0139275790786107,-0.0004030887310848,0.002098294102056,-0.0214295725929373,-0.000411083511629,-0.0001393581030387,0.0017739585572168,42.0,1
06400736,Düppel,06 - Steglitz-Zehlendorf,13.28,0.0160000000000023,1,0.796107916850951,943.5970857485194,0.0361614277312796,0,0.2876253307822788,0.0,0.0,0.0114993365767359,0.0574966828836797,0.562140645731977,0.3095975232198142,0.0415745245466607,0.0106147722246793,0.0088456435205661,1,Düppel,4982.0,0.237,0.005,0.395,0.026,0.782,0.01,0.098,0.026,0.011,-0.005,0.039,-0.004,0.049,-0.01,8.0,0.7578947368421053,0.0355263157894736,0.0275464445868033,0.627906976744186,0.0038436899423446,0.0691864189622037,0.1768097373478539,0.003088803088803,-0.0055323024872057,0.0136097864411626,0.0064529465754934,0.0004447131030503,0.013045489496017,0.0008370092021368,0.0009786250594888,0.0227155727155727,7.275625252311903e-05,0.0008549147189106,0.0059216065996635,7.166666666666667,1
06400737,Nikolassee,06 - Steglitz-Zehlendorf,13.39,0.4649999999999407,0,3.1073446327683616,1429.8019685192469,0.0730345667061933,0,0.1787632469175563,3.707627118644068,0.0,0.1675494350282486,0.2492937853107344,0.480225988700565,0.0404307909604519,0.0215395480225988,0.0194209039548022,0.0227754237288135,1,Nikolassee,4958.0,0.316,0.006,0.479,0.006,0.839,0.004,0.184,0.03,-0.017,-0.021,0.035,0.006,0.039,-0.001,9.0,0.622879684418146,0.0232741617357001,0.0393596986817325,0.8181818181818182,0.0022598870056497,0.0824858757062146,0.119774011299435,-0.1976833976833976,0.0065708702248131,0.0063775972296125,0.0029367714372952,0.0012858570540775,0.0062551481650626,-0.0006245747776228,-0.0004695388629245,0.0243486043065875,-0.0006000707217711,0.002231825808368,0.0023824367928039,34.833333333333336,1
06400838,Krumme Lanke,06 - Steglitz-Zehlendorf,12.86,0.3439999999999673,1,2.24,1566.7363566644433,0.0037221445809664,0,0.3543185857198968,2.1333333333333333,0.0,0.1936,0.3954666666666667,0.2642666666666666,0.072,0.0330666666666666,0.0146666666666666,0.0261333333333333,1,Krumme Lanke,5642.0,0.23,0.017,0.473,0.01,0.831,0.008,0.109,0.011,0.011,0.006,0.018,0.003,0.033,-0.003,9.0,0.5850079024610522,0.0270941521788214,0.0184486373165618,0.6818181818181818,0.0088050314465408,0.0716981132075471,0.1056603773584905,0.0,-0.0017999395835397,0.0128739170681676,0.001785331999145,0.0013811648384099,0.0123378272217902,0.0013246891738082,0.0004326931005713,0.0523925495354066,0.000622619813702,0.0008304787406504,0.0028007903619064,14.666666666666666,1
06400839,Fischerhüttenstraße,06 - Steglitz-Zehlendorf,15.28,1.1699999999999735,1,2.3009495982468957,1514.2522446220678,-0.0057498926041701,0,1.0,4.382761139517896,0.0,0.2443389335281227,0.4130752373995617,0.1840759678597516,0.0566106647187728,0.0467494521548575,0.0131482834185536,0.0430971512052593,1,Fischerhüttenstraße,5196.0,0.248,0.012,0.519,0.001,0.826,-0.01,0.129,0.036,0.017,0.017,0.046,0.013,0.037,-0.002,10.0,0.5632107023411371,0.0341137123745819,0.0415617128463476,0.8106060606060606,0.0,0.0869017632241813,0.1284634760705289,0.1976833976833976,-0.0024698255649334,0.0128262347104197,0.0026905281645065,0.0005052326335522,0.0059143450875826,0.0001832545675924,-0.0001132540188612,0.0021032769479974,-0.0011911466341457,0.0018899565914201,0.0028918895934051,22.0,1
06400840,Fischtal,06 - Steglitz-Zehlendorf,13.0,0.293000000000048,1,1.1401917595231923,1470.9691825768489,-0.0760091744295924,0,0.9228196692887448,2.0730759264058047,0.0,0.0031096138896087,0.8784659238144598,0.1046903342834931,0.0044052863436123,0.0031096138896087,0.0010365379632029,0.0049235553252137,1,Fischtal,4932.0,0.26,0.024,0.57,0.002,0.85,0.002,0.116,0.043,0.01,0.012,0.022,-0.005,0.04,-0.001,7.0,0.8006295907660022,0.0062959076600209,0.0222662048490846,0.7333333333333333,0.0089064819396338,0.0801583374567046,0.1543790202869866,-0.2393822393822393,-0.0093183746217991,0.017566158493305,0.0049754801962502,0.0013147335981298,0.0058302152750577,-0.0027774023335222,0.0029482075753819,-0.033609119323405,-6.147369972594917e-06,0.0001800672658865,0.0039679646245906,7.5,1
06400841,Zehlendorf Eiche,06 - Steglitz-Zehlendorf,18.57,1.676999999999788,0,2.5347012673506337,1378.6532362078394,-0.0257214649980526,0,0.970985621497622,2.1122510561255283,0.0,0.1677730838865419,0.3868436934218467,0.2018708509354254,0.0525045262522631,0.0208207604103802,0.1375980687990344,0.0301750150875075,1,Zehlendorf Eiche,4761.0,0.296,0.031,0.534,-0.004,0.819,-0.003,0.141,0.034,0.017,-0.015,0.05,0.01,0.047,0.002,9.0,0.5995174909529554,0.0434258142340168,0.0281567489114658,0.6391752577319587,0.0052249637155297,0.0522496371552975,0.1062409288824383,-0.0517374517374517,0.0038205793602983,0.0059272930790435,0.0082764930279171,0.0027758941816446,0.0077246071187614,-0.0008327742367011,2.825032834399589e-05,-0.0060602619426148,0.0001448970486712,-0.0004319597375269,0.0013177749263322,16.166666666666668,1
06400842,Hüttenweg,06 - Steglitz-Zehlendorf,18.5,1.2909999999999526,1,0.5329457364341085,1553.8189736923375,-0.0202774001253603,0,0.3434272534605697,2.9069767441860463,0.0,0.0484496124031007,0.0290697674418604,0.5358527131782945,0.0363372093023255,0.0794573643410852,0.0760658914728682,0.1942829457364341,1,Hüttenweg,5282.0,0.282,0.002,0.374,0.028,0.712,0.034,0.096,-0.009,0.007,0.003,0.018,-0.003,0.06,-0.006,8.0,0.6002855103497502,0.0428265524625267,0.0350756533700137,0.7058823529411765,0.0020632737276478,0.1134800550206327,0.1196698762035763,0.4779922779922779,0.0153849385647731,0.0086885871222526,0.0053231666086172,0.001318632281493,0.0104429778209348,0.0029401695583924,0.0022507172726141,-0.0023125466402777,-0.0010521452685929,0.0031433128225495,0.0019532945478475,17.0,1
06400843,Thielallee,06 - Steglitz-Zehlendorf,15.92,0.8129999999998678,1,2.224239673172946,1793.626654717027,-0.0535806851649669,0,0.6607034887950582,3.631411711302769,0.0,0.2623694961416251,0.3295506128007263,0.2482977757603268,0.0272355878347707,0.0635497049477984,0.0254198819791193,0.0403994552882433,1,Thielallee,5976.0,0.266,0.025,0.488,0.004,0.818,0.007,0.112,0.02,0.001,0.005,0.019,0.005,0.031,-0.001,10.0,0.5620465826651394,0.0271095838106147,0.0390032502708559,0.5555555555555556,0.0043336944745395,0.0910075839653304,0.1278439869989165,0.1057915057915058,0.0073673542931245,0.0158897779836058,-0.000642254974668,0.0001348841167725,0.0164448220588315,2.723005066092111e-05,0.0015652023003747,-0.0208443737855502,0.0004407846693946,0.0032913877880757,0.0041272274321433,18.0,1
06400844,Dahlem,06 - Steglitz-Zehlendorf,22.0,1.994999999999734,0,3.679592414378715,2370.740718338092,-0.0445783038961357,0,0.8384949145983284,4.528729125389187,0.0,0.0823662609680158,0.3073874893857911,0.3399377299745259,0.0888763090857628,0.0537786583639966,0.0410416076988395,0.0866119445230682,1,Dahlem,5682.0,0.282,0.012,0.506,0.001,0.812,-0.003,0.138,0.016,-0.003,-0.02,0.022,0.002,0.047,0.008,10.0,0.5215358931552587,0.0310517529215358,0.0232409039910242,0.7793103448275862,0.0064112838595928,0.0634717102099695,0.1019394133675268,0.0,-0.0063337670725167,0.0105522073848172,0.0040914452342809,0.0015542289035873,0.0152059359464261,0.0013688304807291,0.0001522061117389,0.0081727203466333,-0.000756954683774,-0.0005002980901545,0.0019315600136441,24.166666666666668,1
07100101,Wittenbergplatz,07 - Tempelhof-Schöneberg,17.86,0.4219999999998939,0,1.508218945941366,3998.465548490896,-0.4039015537222438,0,0.5402642175138112,12.370784612777497,0.0,0.2974072191154042,0.0108456193865446,0.4380613455346551,0.1637010676156583,0.0399932214878834,0.0076258261311642,0.0425351635316048,1,Wittenbergplatz,4515.0,0.356,0.014,0.637,0.005,0.891,0.003,0.147,0.015,0.001,-0.006,0.105,-0.005,0.029,-0.003,8.0,0.4926112510495382,0.0838790931989924,0.055006031363088,0.8128654970760234,0.0148773622838761,0.0564535585042219,0.0998793727382388,0.1196911196911196,0.0017718094596271,0.0025997086783287,0.0018885809580062,0.000700989200438,0.0153515272499635,0.0020507783057293,0.001082116682841,-0.0008247811834678,0.0002763100619373,-0.0009763677929468,0.0009327845245453,114.0,1
07100102,Kalckreuthstraße,07 - Tempelhof-Schöneberg,21.0,3.0909999999994717,0,1.801448991580184,3789.166015209948,-0.1723554537732059,0,0.6487497134928631,17.427060896808303,0.0,0.3769336205208537,0.0219306833757587,0.4625024476209124,0.0853730174270609,0.024084589778735,0.0078323869199138,0.0217348737027609,1,Kalckreuthstraße,4506.0,0.405,0.009,0.65,-0.003,0.881,0.003,0.203,0.002,-0.014,0.009,0.15,-0.019,0.034,0.002,8.0,0.606730635516618,0.0386594354053678,0.0703114732553555,0.6093457943925233,0.0191878039164147,0.0725456696017873,0.1474569588645025,-0.1791505791505791,0.0084595493235195,0.0027256180581816,-0.0018116470770355,-1.2096116689334628e-05,0.0052208696298434,-0.0014263257888969,-0.0027461858891744,-0.0231313249607129,-0.0019454940595446,0.0015640253339944,0.0037006633466069,89.16666666666667,1
07100103,Frobenstraße,07 - Tempelhof-Schöneberg,15.18,1.5389999999997797,0,1.587708066581306,3509.2541932941185,-0.2494778065884617,0,0.8937251051482685,7.93854033290653,0.0,0.3462227912932138,0.0235595390524968,0.3646606914212548,0.1994878361075544,0.0314980793854033,0.0,0.0345710627400768,1,Frobenstraße,3904.0,0.419,0.027,0.602,0.005,0.851,0.011,0.197,0.065,-0.009,-0.002,0.196,-0.023,0.041,-0.004,6.0,0.7007874015748031,0.0418447694038245,0.0943476413089672,0.6081081081081081,0.0050998725031874,0.1070973225669358,0.0994475138121546,0.0594594594594594,-0.0098066368519009,0.0086162404951843,0.0031716138950723,0.0004829221048239,0.0151263724531165,-0.0003498092238832,-0.0021579365993177,-0.0047548255107712,-0.0001168091596822,0.0021325520209639,0.0014947212805323,74.0,1
07100204,Barbarossaplatz,07 - Tempelhof-Schöneberg,27.5,3.693999999999509,0,1.178974946782381,3800.0,-0.169076330043934,0,0.9999999999999998,7.041100376616997,0.0,0.4362207303094809,0.0203045685279187,0.4691337809071557,0.0288193875880137,0.0086785655804814,0.0,0.0366792205665629,1,Barbarossaplatz,4849.0,0.416,0.019,0.637,0.004,0.872,0.01,0.213,0.06,0.029,0.052,0.066,-0.016,0.027,-0.009,7.0,0.7141089108910891,0.0443776520509193,0.0575490859851049,0.7470588235294118,0.0101557210561949,0.0832769126607989,0.1371022342586323,-0.0131274131274131,0.0236210338594174,-0.0011970352561654,-0.0100805495383794,-0.0092561231079156,0.0245909131533267,0.0027494666039707,0.0031482853980605,0.0036411331589824,0.000987515047334,0.0002378668730572,-0.0003507120878055,56.666666666666664,1
07100205,Alvenslebenstraße,07 - Tempelhof-Schöneberg,8.84,0.9089999999998432,0,4.552590266875981,3027.414477940823,-0.3964218453863989,0,0.9994579115748404,10.596546310832023,0.0,0.3178963893249607,0.0047095761381475,0.4501569858712715,0.1507064364207221,0.0631868131868131,0.0,0.0109890109890109,1,Alvenslebenstraße,3596.0,0.419,0.014,0.608,0.002,0.849,0.013,0.122,0.017,-0.006,0.008,0.221,-0.017,0.047,-0.004,7.0,0.660853316723762,0.078168794767985,0.0621485646641018,0.5714285714285714,0.0097662030186445,0.063924237940219,0.1260728026043208,-0.2393822393822393,0.017068336777988,0.0086708740063119,0.0047379573759429,0.0003092226152634,0.0111603580753212,0.0069599927691564,0.0050477978326831,0.0121909499295154,-0.0001871215572709,-0.0005272675704362,0.0024597650367424,35.0,1
07100206,Großgörschenstraße,07 - Tempelhof-Schöneberg,12.5,0.5539999999996875,0,1.320918146383716,2956.3811006616456,-0.3444284633946134,0,0.7926638074172085,11.909917713295798,0.0,0.6394543092247726,0.0082286704200952,0.2217410134257254,0.0428757037678648,0.0108271979211779,0.0,0.0775227371156344,1,Großgörschenstraße,4376.0,0.426,-0.004,0.63,0.008,0.856,0.005,0.143,-0.013,-0.015,-0.01,0.111,-0.038,0.036,-0.007,7.0,0.7007496876301541,0.0337359433569346,0.0533515731874145,0.5860805860805861,0.001172562048075,0.0703537228845026,0.1571233144420558,-0.0416988416988416,0.0127463413038543,0.0014717751444407,0.0004978892160038,-0.000573426789386,0.0021904098432204,0.0019085763521465,0.0024338016100108,0.0128994745256749,-2.0682932946404155e-05,0.0011471256074546,0.0023836114001125,45.5,1
07200307,Bayerischer Platz,07 - Tempelhof-Schöneberg,17.02,1.1429999999998623,0,1.4190960974857318,3965.919971091916,-0.3975444547840429,0,0.9999999999999888,5.090236001850995,0.0,0.3273175998766003,0.0410303871664352,0.5826006478482184,0.0185099490976399,0.0114144686102113,0.0044732376985963,0.0140367113990436,1,Bayerischer Platz,4510.0,0.377,0.024,0.647,0.011,0.878,0.007,0.132,0.012,-0.002,0.009,0.062,-0.013,0.029,-0.006,7.0,0.6663975782038345,0.0375378405650857,0.048,0.6785714285714286,0.0026666666666666,0.088,0.136,0.1111969111969112,0.0032643490593307,0.0110786227961146,0.0012196274312686,3.9225635218489155e-05,0.0026746784159952,0.0004928569529818,0.0033657960429617,0.044241017502439,9.937368047934148e-05,0.0008410004519806,0.0027170222043847,42.0,1
07200308,Volkspark (Rudolph-Wilde-Park),07 - Tempelhof-Schöneberg,16.0,1.4209999999998146,0,1.701258931609391,3491.1861636728618,-0.4149584948240436,0,0.9429928946232984,7.655665192242259,0.0,0.3647499149370534,0.1206192582511058,0.457978904389248,0.0190541000340251,0.013780197346036,0.0057842803674719,0.0173528411024157,1,Volkspark (Rudolph-Wilde-Park),4313.0,0.443,0.004,0.634,0.001,0.854,0.002,0.189,0.015,-0.013,0.001,0.118,-0.008,0.036,-0.004,6.0,0.7251342841266901,0.0311168734950916,0.0406432231843081,0.417391304347826,0.0031807739883371,0.0837603816928786,0.1410143134829475,-0.2393822393822393,0.0085403768815461,0.0084995348520593,4.821687953303595e-05,0.0006606074970682,0.0080912644540747,0.0017291006881135,0.0007589980332281,-0.0162904972605559,-0.0001755540490069,-0.0003912955798991,0.0020175079244195,38.333333333333336,1
07200409,Belziger Straße,07 - Tempelhof-Schöneberg,19.25,2.169999999999646,0,1.6505406943653955,3007.3044732290937,-0.4030332430806755,0,0.9999999999999842,9.296148738379816,0.0,0.6562322140011383,0.0318725099601593,0.2373363688104724,0.0242838171125023,0.0225763612217795,0.0072092582052741,0.0195408840827167,1,Belziger Straße,4735.0,0.396,0.001,0.643,0.001,0.87,0.007,0.151,0.019,-0.005,0.009,0.064,-0.029,0.033,-0.004,6.0,0.6639519931418774,0.0387912558936991,0.0654545454545454,0.5987654320987654,0.0019191919191919,0.0993939393939394,0.1127272727272727,0.3459459459459459,-0.0109630831911708,0.0060956156560127,0.0014683827709142,0.0006383633855718,0.0066651022858529,0.0009738070869737,0.0013162735978503,-2.705709355149795e-05,3.596132631283278e-07,0.0028849305379787,0.0025899319142322,108.0,1
07200410,Feurigstraße,07 - Tempelhof-Schöneberg,9.44,0.3460000000000273,1,6.169844020797227,2999.8855234059697,-0.4053760633950218,0,0.999700047527154,12.824956672443674,0.0,0.5067590987868285,0.0415944540727903,0.2776429809358752,0.1140381282495667,0.0474870017331022,0.0,0.012478336221837,1,Feurigstraße,3969.0,0.447,-0.011,0.619,0.009,0.831,-0.0,0.183,0.017,-0.0,0.008,0.176,-0.018,0.044,0.001,2.0,0.7061832936402929,0.0264620269912675,0.0217573221757322,0.6223776223776224,0.003195131228604,0.2154431342715861,0.0963103841764929,-0.7382239382239383,0.0592960941911733,-0.0102814456648656,-0.0042320954842546,-0.0010337208219652,0.0443757672474767,-0.004519017087588,-0.0044181527111494,0.0230337359717893,-0.0006840380529861,-0.0002723437765893,0.0004579176413828,47.666666666666664,1
07200411,Julius-Leber-Brücke,07 - Tempelhof-Schöneberg,12.15,0.4439999999999596,1,0.6526468455402465,2959.625069438025,-0.3712308328293218,0,1.0,18.85424220449601,0.0,0.8578680203045685,0.0137781000725163,0.0819434372733865,0.0,0.0224800580130529,0.0,0.0253807106598984,1,Julius-Leber-Brücke,4492.0,0.423,-0.011,0.615,-0.0,0.851,-0.004,0.146,0.019,-0.015,-0.023,0.098,-0.02,0.036,-0.003,6.0,0.6881981544439048,0.0451675570665371,0.0889598540145985,0.6717948717948717,0.0027372262773722,0.1423357664233576,0.1751824817518248,0.3498069498069498,-0.0179287959782135,0.0067457349194962,0.002783405131167,0.0006004014292318,0.0104687164015889,0.0032553031595401,-0.0078095359035746,0.0205881728893236,-0.00136949807947,0.0040686503120449,0.004586003073554,32.5,1
07200412,Schöneberger Linse,07 - Tempelhof-Schöneberg,22.6,0.8539999999998749,0,0.5668934240362812,,,0,,3.401360544217687,0.0,0.2766439909297052,0.1111111111111111,0.3219954648526077,0.0,0.0226757369614512,0.0,0.264172335600907,1,Schöneberger Linse,5679.0,0.596,-0.082,0.403,0.038,0.736,-0.035,0.203,-0.122,0.004,-0.207,0.104,-0.025,0.038,0.002,4.0,0.6401780038143674,0.1424030514939606,0.0132850241545893,0.4545454545454545,0.001207729468599,0.0869565217391304,0.0833333333333333,0.5544401544401544,-0.0585403760578277,0.0049304481266101,0.0044332072662669,0.0025889234449835,-0.0031659460365539,0.0153802314462995,0.0036438838668221,0.1951093951093951,0.000379767228688,-0.0111536534385703,-0.0006964831722906,3.6666666666666665,0
07200413,Cheruskerstraße,07 - Tempelhof-Schöneberg,18.57,1.77899999999974,0,1.1456982274102896,2800.9869755124814,-0.2244118738049026,0,0.4233526396273475,9.295287505404238,0.0,0.751621271076524,0.0179420665801988,0.1606139213143104,0.012753999135322,0.0404236921746649,0.001513186338089,0.01599654128837,1,Cheruskerstraße,4614.0,0.451,-0.002,0.668,0.006,0.867,0.006,0.166,0.025,-0.009,0.012,0.071,-0.018,0.035,-0.004,8.0,0.5901944209636517,0.1063398140321217,0.0424581005586592,0.6466165413533834,0.0027134876296887,0.0747007182761372,0.118754988028731,0.1706563706563706,-0.0038696408073998,0.0132743400373785,0.0054229797570865,9.259137465817968e-05,0.0146127448926525,0.0035812443861837,0.0010769987352486,0.0143057747465656,0.0004475186531438,0.0005706162390153,0.0014837062172071,44.333333333333336,1
07200414,Hohenfriedbergstraße,07 - Tempelhof-Schöneberg,20.58,1.628999999999612,1,1.2838801711840229,2836.366945233573,-0.2282479404534155,0,0.7463866451089194,8.083689966714218,0.0,0.6324298621017594,0.0204469805040418,0.2106514503090822,0.0366143604374702,0.0399429386590584,0.0,0.0575368521160247,1,Hohenfriedbergstraße,4694.0,0.44,-0.027,0.617,-0.0,0.841,-0.006,0.16,0.027,-0.03,-0.021,0.078,-0.019,0.035,-0.009,6.0,0.7463592233009708,0.0254854368932038,0.0456911509543088,0.6962025316455697,0.0034702139965297,0.0867553499132446,0.1700404858299595,-0.3907335907335907,0.0021288399823744,0.0125520585633722,-0.0007928698456529,0.0004210220682444,-0.0045299473576454,0.0005617722364424,0.0006633539528574,0.0774661631804488,0.0015125282216567,-0.0008252736039653,0.0035442206857305,13.166666666666666,1
07300515,Taunusstraße,07 - Tempelhof-Schöneberg,15.57,0.6409999999999313,0,1.5544041450777202,3402.581498233762,-0.2812570681416682,0,0.9999997435537752,1.8134715025906736,0.0,0.7940414507772021,0.0132124352331606,0.1593264248704663,0.0160621761658031,0.0095854922279792,0.0075129533678756,0.0,1,Taunusstraße,5101.0,0.35,0.023,0.589,0.008,0.848,0.007,0.15,0.045,-0.006,-0.011,0.043,-0.004,0.031,-0.005,7.0,0.6723819572672118,0.0174096544447375,0.0511335012594458,0.6748768472906403,0.0,0.072544080604534,0.1390428211586901,-0.0223938223938223,-0.0026860491364684,0.0057409849588961,-0.00033568001022,0.0012299735132364,0.0160466005261026,-0.0036607622386993,0.003601555706726,0.0025952431517438,-0.0002120191128537,0.0004013622940303,0.0031747009543266,33.833333333333336,1
07300516,Odenwaldstraße,07 - Tempelhof-Schöneberg,16.02,1.2659999999997904,0,1.9916351324437365,3399.997019113217,-0.2802228346873181,0,0.9584359386070316,3.584943238398725,0.0,0.7062338179645489,0.0320653256323441,0.2025492929695279,0.0242979486158135,0.0254929296952798,0.0,0.0083648675562636,1,Odenwaldstraße,4789.0,0.374,0.015,0.585,0.008,0.846,0.007,0.149,0.022,-0.008,0.002,0.042,-0.007,0.036,-0.007,7.0,0.6726142742582197,0.0340817963111467,0.0480324074074074,0.6827309236947792,0.0034722222222222,0.0694444444444444,0.1354166666666666,-0.2548262548262548,0.0076999502353523,0.0045632342666019,0.0012205827124883,-0.000202129076895,0.0031354369632573,-0.0007980050285537,-0.0029448487487598,0.0009841848525137,7.077420833733592e-06,-0.0001724329583456,0.0020751519414745,41.5,1
07300517,Perelsplatz,07 - Tempelhof-Schöneberg,24.49,3.8769999999995735,0,1.4433433864713483,3400.425207615511,-0.2804976191962805,0,0.9774948973136608,3.015941404566997,0.0,0.6462731581214993,0.0404997845756139,0.2050840155105558,0.0247738043946574,0.0122791900043084,0.0099095217578629,0.0616113744075829,1,Perelsplatz,5012.0,0.401,0.069,0.519,-0.018,0.821,0.011,0.191,0.001,0.049,0.008,0.062,0.013,0.034,-0.006,9.0,0.5929228591648974,0.0768577494692144,0.0347374179431072,0.515748031496063,0.1278719912472647,0.0656455142231947,0.1009299781181619,0.3907335907335907,0.0016255783836839,0.0094133654032621,0.007534516546952,-0.0019896947411438,0.0243127478294625,-0.0021552289043626,-0.0014714582074103,-0.0160035621711588,0.0279575928401672,0.0006963617123972,0.0011697780585639,42.333333333333336,1
07300618,Ceciliengärten,07 - Tempelhof-Schöneberg,16.98,1.3659999999999228,0,2.115768463073852,3307.033776534737,-0.2858418235901536,0,0.9652765237033364,5.788423153692615,0.0,0.4383233532934131,0.293812375249501,0.2321357285429141,0.0173652694610778,0.0059880239520958,0.0009980039920159,0.0117764471057884,1,Ceciliengärten,4726.0,0.373,0.019,0.585,0.012,0.847,0.005,0.136,0.017,-0.009,0.003,0.045,-0.012,0.033,-0.004,7.0,0.6442307692307693,0.0487477638640429,0.0606251311097126,0.6470588235294118,0.0050346129641283,0.093140339836375,0.1409691629955947,-0.4216216216216216,0.0182298103093032,-0.0013073818481255,-0.0016110360635164,0.0009929708285867,-0.0007437182201073,0.0033286589948069,0.0022166799947654,-0.0410728257685886,0.0011928797867675,0.001178285852281,0.0027225365572228,48.166666666666664,1
07300619,Grazer Platz,07 - Tempelhof-Schöneberg,14.91,1.0689999999998567,0,0.8842443729903537,1828.9627755140712,-0.4330679993304003,0,0.3223129804686251,4.340836012861737,0.0,0.3496784565916399,0.2763665594855305,0.3495176848874598,0.0056270096463022,0.0106109324758842,0.0,0.007717041800643,1,Grazer Platz,3969.0,0.403,0.004,0.567,0.008,0.829,0.011,0.126,0.003,-0.009,-0.002,0.109,-0.018,0.044,-0.006,6.0,0.6993269992082344,0.0576009501187648,0.0316801810296058,0.5059523809523809,0.0033943051103149,0.0973034131623609,0.1584009051480294,0.2324324324324324,0.0009317587943946,0.005897182174219,-0.0029907953382012,-1.6361123137151247e-05,0.0149491686496594,-0.0018738626369521,-0.0003588896397688,-0.0117280959423022,4.86901470074829e-05,0.0006572601943592,0.0028695287256245,28.0,1
07400720,Gontermannstraße,07 - Tempelhof-Schöneberg,9.56,0.434999999999807,1,1.4462809917355373,1760.807517638158,-0.4140771908310253,0,0.6209137209272045,6.542699724517907,0.0,0.1329201101928374,0.431129476584022,0.4037534435261708,0.0080922865013774,0.0120523415977961,0.0,0.012396694214876,1,Gontermannstraße,3820.0,0.367,0.004,0.615,0.008,0.851,0.001,0.137,0.009,0.002,0.009,0.108,-0.01,0.044,-0.007,6.0,0.7652034750800183,0.0313214449016918,0.0444985609918087,0.4925373134328358,0.0026566305069736,0.0783705999557228,0.1833075049811822,-0.1289575289575289,0.0036655695800294,0.0071313061654455,-0.0010783579020194,0.0008557050109545,-0.0053624978881228,0.0012468033739348,0.0046369249637638,0.0055669523521845,0.0003027074097692,-0.0006920648803426,0.0048315434741458,33.5,1
07400721,Paradestraße,07 - Tempelhof-Schöneberg,12.74,-0.4419999999999173,1,1.064773735581189,1837.9892530233988,0.0062879001992734,0,0.1677224413062773,12.422360248447204,0.0,0.023070097604259,0.6464063886424135,0.2031943212067435,0.012866015971606,0.0235137533274179,0.0,0.0896184560780834,1,Paradestraße,4405.0,0.421,0.107,0.476,0.001,0.78,0.014,0.63,0.531,0.039,0.042,0.087,0.0,0.044,-0.003,8.0,0.6826758147512865,0.0493138936535162,0.0308515014397367,0.8,0.0024681201151789,0.0814479638009049,0.1061291649526943,0.2471042471042471,-0.0018534804338051,0.0084759184768482,0.0002813425338116,-0.0018654264065734,0.0131803353502673,-0.0005148557659967,-0.0006976710885907,0.0361067503924646,7.77558939907833e-06,0.0007815409914586,0.0019000364311813,12.5,1
07400822,Lindenhofsiedlung,07 - Tempelhof-Schöneberg,18.94,0.967999999999848,1,1.2523481527864746,867.9327577408378,-0.2383527768990043,0,0.1749401421359749,1.2523481527864746,0.0,0.1227301189730745,0.2304320601127113,0.5823418910457107,0.0,0.0162805259862241,0.0,0.0513462742642454,1,Lindenhofsiedlung,4396.0,0.397,0.105,0.591,-0.063,0.822,-0.034,0.214,0.075,0.013,-0.028,0.078,-0.032,0.036,-0.013,5.0,0.5670889524587931,0.0865004767742814,0.0119932212227871,0.4456521739130434,0.0007821666014861,0.0829096597575283,0.0985529917872506,0.6416988416988417,-0.0673123203780408,0.007734268745494,0.0012218409881582,0.0005239597036484,0.0100515256842049,-0.0010220541240517,-0.0002908835312525,-0.0054329840044125,-0.0008540599561089,-0.004230224405927,0.0007471746289782,15.333333333333334,1
07400823,Wittekindstraße,07 - Tempelhof-Schöneberg,9.75,0.3829999999998971,0,0.991150442477876,838.8640992882474,-0.5055177601853869,0,1.0,1.415929203539823,0.0,0.0384070796460177,0.6348672566371681,0.2679646017699115,0.0472566371681415,0.0031858407079646,0.0099115044247787,0.0,1,Wittekindstraße,3689.0,0.402,0.007,0.645,0.012,0.856,0.006,0.13,0.007,0.001,0.015,0.112,-0.026,0.049,-0.011,6.0,0.8209383977018831,0.0383019470156399,0.0330320972265503,0.6792452830188679,0.0018697413524462,0.0972265503272047,0.1514490495481458,0.0764478764478764,0.0059073810716499,0.0133377448914223,-0.0006534289888373,0.0006832539984188,-0.0030689399672989,-0.0013620438774215,0.0036193430940596,-0.0093781773569478,-1.160837918497915e-05,-0.0002527638964846,0.0036759713020851,17.666666666666668,1
07400824,Bosepark,07 - Tempelhof-Schöneberg,16.13,1.5699999999997916,1,1.4474024295683638,1400.0,-0.3566749439387324,0,0.8832844149690269,8.787800465236495,0.0,0.4277591108813647,0.1196691651589558,0.3331610235202895,0.042129749289222,0.0586714913414318,0.0007753941586973,0.0183509950891703,1,Bosepark,4039.0,0.406,-0.009,0.588,0.004,0.829,-0.009,0.156,0.004,-0.001,0.014,0.089,-0.022,0.036,-0.001,6.0,0.6980690462258631,0.0438853130485664,0.0674282529952633,0.5413223140495868,0.0039008080245193,0.0668709947060462,0.1588186124268598,-0.3104247104247103,0.0044527978333287,0.0019168814479001,0.0004125090264905,0.001766703709494,0.0023262722379468,-0.0023460052728931,0.0022603514860219,0.0062775616479518,0.0009561096574172,-0.0008562538142554,0.0033614758662231,40.333333333333336,1
07400825,Friedrich-Karl-Straße,07 - Tempelhof-Schöneberg,17.75,1.5829999999997977,0,1.0832932113625422,1287.6107230355335,-0.3914631159015013,0,0.9109140663202102,8.666345690900338,0.0,0.4963890226287915,0.231824747231584,0.2087144920558497,0.0117958594126143,0.0389985556090515,0.0057775637939335,0.0072219547424169,1,Friedrich-Karl-Straße,3954.0,0.447,0.005,0.623,0.011,0.849,0.013,0.149,0.019,-0.013,-0.011,0.11,-0.011,0.044,-0.006,5.0,0.7335989375830013,0.0326693227091633,0.0487620010106114,0.4455958549222797,0.0030318342597271,0.0788276907529055,0.1803941384537645,-0.2393822393822393,0.0100439402170684,0.0094283616980501,0.0001166346061685,-0.0002945046422886,0.0001119155853863,-0.0009548146617739,0.0014410649761465,0.007150323365349,2.1321438046627652e-05,-0.0005024689072945,0.0035979161394592,32.166666666666664,1
07400826,Marienhöhe,07 - Tempelhof-Schöneberg,13.72,-0.5689999999999854,1,1.0097610232245036,997.4221340898276,0.0345199512639918,0,1.0,1.0097610232245036,0.0,0.0124537192864355,0.4328508919555705,0.5348367553012454,0.0090878492090205,0.008078088185796,0.0010097610232245,0.0016829350387075,1,Marienhöhe,3787.0,0.337,0.021,0.59,0.016,0.864,0.012,0.136,0.02,-0.012,-0.019,0.094,-0.01,0.041,-0.006,8.0,0.6944899072558647,0.0589198036006546,0.0127320954907161,1.0,0.0,0.0795755968169761,0.146419098143236,-0.1691119691119691,0.0133942519186165,0.0120565618163934,0.0036386826942617,-0.0020655172359592,0.0071951031011622,0.0046629475751496,-0.0003796951296493,0.0,0.0,-0.0011980698920121,0.0038176221887408,4.0,0
07400927,Rathaus Tempelhof,07 - Tempelhof-Schöneberg,11.91,0.6499999999998717,0,1.757679180887372,1399.9376414611495,-0.356672414775592,0,0.2640597231409215,7.167235494880546,0.0,0.2602389078498293,0.1832764505119453,0.4156996587030717,0.024914675767918,0.0658703071672354,0.0440273037542662,0.0064846416382252,1,Rathaus Tempelhof,3679.0,0.437,0.021,0.623,0.004,0.855,0.002,0.193,0.009,-0.005,-0.005,0.137,-0.007,0.039,-0.007,7.0,0.5232738240808674,0.1290454063748267,0.0275088366374673,0.3379888268156424,0.0056093437836176,0.0843706777316735,0.1138773628400184,0.1436293436293436,0.0027959288272986,0.0077837580110878,0.0008722197133519,0.0011772310543372,0.0177835151146308,-0.0016737419508356,0.000186944201666,-0.0012249311801696,-0.000226780316376,-0.0004132915094965,0.0008820718675681,59.666666666666664,1
07400928,Germaniagarten,07 - Tempelhof-Schöneberg,13.51,0.6249999999999172,0,1.31521262604121,632.227017445773,-0.2932686953874093,0,0.3965254678786684,3.507233669443227,0.0,0.0635686102586584,0.8167470407715914,0.0868040333187198,0.0017536168347216,0.0092064883822884,0.0083296799649276,0.0131521262604121,1,Germaniagarten,3445.0,0.507,0.008,0.698,-0.003,0.858,-0.004,0.188,0.004,-0.001,0.012,0.204,-0.032,0.051,-0.004,8.0,0.6456826882177796,0.0982560612505316,0.0214285714285714,0.4444444444444444,0.0087301587301587,0.0547619047619047,0.1166666666666666,0.3459459459459459,0.0066180981651366,0.0168095424629832,0.0015057688652295,0.0010598452885709,0.0091108456957246,0.0005736641656155,-0.002868675843927,-0.0316525516525516,0.0013665451852226,-0.0006765762409584,0.0023985391632527,9.0,1
07501029,Ringstraße,07 - Tempelhof-Schöneberg,17.77,2.493999999999629,0,1.5054744525547443,600.0291628678399,-0.3968522191796809,0,0.4168600394726352,1.3686131386861315,0.0,0.156706204379562,0.1375456204379562,0.6300182481751825,0.0244069343065693,0.0323905109489051,0.0,0.0184762773722627,1,Ringstraße,3588.0,0.405,0.016,0.557,-0.0,0.821,-0.012,0.152,0.007,-0.007,-0.008,0.13,-0.012,0.047,-0.003,0.0,0.9045303131245837,0.0216522318454363,0.0091978188029695,0.6428571428571429,0.0003941922344129,0.217988305630379,0.0819919847579002,-2.42007722007722,0.216554615293408,-0.0296955049523781,-0.0109310149345747,-0.0043678555379175,0.1146805377280619,-0.0265214204828018,-0.0085308421867366,-0.0331711907364081,-0.0004239637219534,0.0132872330690786,0.0005635021182632,23.333333333333332,1
07501030,Machonstraße,07 - Tempelhof-Schöneberg,18.33,1.7389999999997798,0,1.641068798653482,600.0001773213196,-0.4054650002144241,0,0.9999814983446982,2.524721228697665,0.0,0.1918788133810225,0.2316431727330107,0.4426677887649905,0.0673258994319377,0.0366084578161161,0.0044182621502209,0.0244056385440774,1,Machonstraße,3721.0,0.396,0.02,0.615,0.009,0.853,0.007,0.172,0.026,0.013,0.025,0.117,-0.028,0.039,-0.009,5.0,0.7592968221771467,0.0263691683569979,0.0678952473326867,0.4761904761904761,0.005819592628516,0.1241513094083414,0.1590688651794374,-0.122007722007722,-0.0141484254052438,0.0001006939739663,-0.0019565883853478,-0.0001400811958031,0.0107412843044285,-0.0035446208767064,0.0006716692041921,0.0076513029454205,3.9261388165581155e-05,0.0008275784252818,0.0035748087695562,35.0,1
07501031,Eisenacher Straße,07 - Tempelhof-Schöneberg,14.6,1.5579999999997487,0,1.9626168224299063,607.5435461318511,-0.3402301630891972,0,0.492302863096076,1.4953271028037385,0.0,0.0579439252336448,0.2779439252336448,0.5299065420560748,0.068411214953271,0.0579439252336448,0.0,0.0069158878504672,1,Eisenacher Straße,3710.0,0.356,0.02,0.615,0.011,0.868,0.004,0.122,0.001,0.006,0.001,0.108,-0.006,0.041,-0.005,6.0,0.7763333333333333,0.0493333333333333,0.0763554700032082,0.4663865546218487,0.0,0.1135707410972088,0.190567853705486,0.1637065637065637,0.0076680359749087,0.0102118114090912,-7.106000521484555e-05,-0.0005470198592703,0.0004324480173286,0.0036464714051657,0.0033496153933085,-0.0080098234615212,0.0,0.0024239676850638,0.003450779148323,39.666666666666664,1
07501032,Imbrosweg,07 - Tempelhof-Schöneberg,12.16,0.7769999999998688,0,0.8905013192612138,628.4710765777454,-0.1485991678091108,0,0.6014068356975951,0.6596306068601583,0.0,0.0072559366754617,0.070910290237467,0.6972295514511874,0.0257255936675461,0.1560026385224274,0.0036279683377308,0.0385883905013192,1,Imbrosweg,3844.0,0.377,0.05,0.502,-0.023,0.8,-0.031,0.144,0.027,0.027,0.029,0.113,-0.016,0.049,0.002,5.0,0.7922149122807017,0.0197368421052631,0.0191184280403611,1.0,0.0,0.1178969729155602,0.1497610196494955,-0.2393822393822393,0.0373780064939279,0.0010971840189999,-0.0011721022245859,-0.0027499819292959,0.0038747076865477,0.0011873880390808,0.0002442812163541,0.0,0.0,0.0015194395678776,0.0039148077741261,6.0,1
07501133,Fritz-Werner-Straße,07 - Tempelhof-Schöneberg,12.45,1.1979999999998134,0,6.102973812694185,620.8671759797785,-0.2680718667180271,0,0.4596886584860046,1.5534842432312472,0.0,0.0492676431424767,0.1504660452729693,0.563249001331558,0.1571238348868175,0.0679094540612516,0.0071016422547714,0.0046604527296937,1,Fritz-Werner-Straße,3501.0,0.366,0.022,0.594,-0.012,0.856,0.001,0.181,0.007,0.021,0.011,0.117,-0.008,0.039,-0.004,2.0,0.7880650994575045,0.0583182640144665,0.0173547199579279,0.4545454545454545,0.0,0.0447015514067841,0.2592689981593479,-0.0061776061776061,0.0105833269514094,-0.0042716654374461,-0.0016116819495002,-0.0016926191460531,0.0242839210386765,-0.0066593152122278,-0.0005029086437887,-0.0560264819880546,-0.0005996928526293,-0.0140158916735612,0.0096926638936418,33.0,1
07501134,Hundsteinweg,07 - Tempelhof-Schöneberg,12.04,0.7329999999998643,0,1.6278629566534166,676.9569394952374,0.0105388012674499,0,0.7246749841759146,1.3250047321597578,0.0,0.0357751277683134,0.1188718531137611,0.5809199318568995,0.0848003028582245,0.1378004921446148,0.0204429301533219,0.0210107893242475,1,Hundsteinweg,4051.0,0.291,0.013,0.452,0.014,0.806,-0.005,0.119,0.017,0.017,0.006,0.082,-0.005,0.046,0.002,6.0,0.734407027818448,0.0216691068814055,0.0412573673870334,0.4625850340136054,0.0067358967162503,0.1212461408925063,0.1582935728318832,0.2594594594594595,-0.0078436687961331,0.0027416781330203,-0.0003177912432115,0.0002131943048436,-0.0088483143916962,-0.0004760662636045,0.0030247925228643,0.0496636554648977,9.225946787272342e-05,0.0015621829033111,0.0031330164223276,24.5,1
07501135,Birnhornweg,07 - Tempelhof-Schöneberg,13.0,2.1220000000000123,1,2.232558139534884,669.9944241888222,0.1102896918895518,0,0.99965628327321,1.86046511627907,0.0,0.0065116279069767,0.1469767441860465,0.4753488372093023,0.2111627906976744,0.12,0.0288372093023255,0.013953488372093,1,Birnhornweg,,0.269,-0.002,0.415,0.005,0.805,-0.021,0.144,0.053,0.005,-0.009,0.033,-0.009,0.03,0.001,10.0,0.6248612652608213,0.0443951165371809,0.0466321243523316,0.8666666666666667,0.0124352331606217,0.0559585492227979,0.155440414507772,0.0494208494208494,-0.0057107883756542,0.0299081759373141,0.00280238607411,0.0022052657976973,-0.0125112444990416,-0.0013276652374401,6.226776234668352e-05,-0.0003033645890788,3.518773091459077e-05,-0.0012368420422747,0.0025154001480935,7.5,1
07601236,Marienfelder Allee Nordwest,07 - Tempelhof-Schöneberg,10.95,0.5449999999999137,0,1.1660548477650614,661.2553909513562,-0.013192475328893,0,0.8344148613668201,1.0796804145972791,0.0,0.0127402288922478,0.1403584538976462,0.6683221766357158,0.107536169293889,0.0693154826171453,0.0,0.0008637443316778,1,Marienfelder Allee Nordwest,3493.0,0.354,0.02,0.507,0.016,0.809,0.003,0.154,0.014,-0.005,0.023,0.186,-0.011,0.059,0.001,7.0,0.696159122085048,0.0737311385459533,0.0361405835543766,0.4495412844036697,0.0,0.0875331564986737,0.1153846153846153,-0.3992277992277992,0.0326757442913359,0.0014582482538344,0.0041940114690525,0.0016823024188805,0.0113765189893115,0.0020543838235366,0.0037079419783384,0.0006860912654809,-0.0009847142801328,-0.0008257978203331,0.0024932199339358,18.166666666666668,1
07601237,Kirchstraße,07 - Tempelhof-Schöneberg,12.64,0.5839999999999584,1,1.6564952048823016,661.6626397311113,0.0758477607530503,0,0.8168888752585819,4.3591979075850045,0.0,0.081081081081081,0.086312118570183,0.5571054925893636,0.1285963382737576,0.0789014821272885,0.0448997384481255,0.0213600697471665,1,Kirchstraße,4291.0,0.3,0.029,0.465,0.018,0.823,0.004,0.102,0.012,0.001,-0.003,0.041,-0.006,0.029,-0.008,7.0,0.6452205882352942,0.0689338235294117,0.047556142668428,0.5555555555555556,0.0026420079260237,0.0845442536327609,0.1003963011889035,-0.6316602316602317,-0.0005925296889316,0.0009228432884789,-0.0052210781659081,-0.0014152727298841,0.0121395730723735,0.0013803294391658,0.0001473511597527,-0.0036319933378756,-6.602388924442948e-05,0.001052025102044,0.0016060713753764,18.0,1
07601238,Marienfelde Nordost,07 - Tempelhof-Schöneberg,13.5,1.072000000000018,1,0.8118081180811807,654.0392775865278,-0.0193225464097295,0,0.1960030771536593,0.7380073800738007,0.0,0.0324723247232472,0.0464944649446494,0.7114391143911439,0.07380073800738,0.1047970479704797,0.0125461254612546,0.0154981549815498,1,Marienfelde Nordost,,0.296,0.019,0.476,0.016,0.807,-0.001,0.137,0.018,-0.005,-0.014,0.127,0.003,0.058,-0.004,8.0,0.4691943127962085,0.1404566996984058,0.0243704305442729,0.5,0.0024370430544272,0.0682372055239642,0.1218521527213647,-0.4795366795366795,0.0014263796216372,-0.0011542864993602,-0.0005177444647452,-0.0034218285212512,0.0225923542342672,-0.002700986918572,0.0028590151132768,-0.029064779064779,0.0006510731502396,-0.0001745891029906,0.0018737226574819,10.0,1
07601339,Tirschenreuther Ring West,07 - Tempelhof-Schöneberg,7.99,0.3789999999999136,0,1.300433477825942,776.7254681923638,-0.1596085179007462,0,0.8314573436014052,0.3334444814938312,0.0,0.0,0.0120040013337779,0.9276425475158386,0.0043347782594198,0.0276758919639879,0.0,0.0273424474824941,1,Tirschenreuther Ring West,3303.0,0.312,0.013,0.46,-0.002,0.784,-0.008,0.093,0.003,0.016,0.006,0.165,-0.013,0.076,-0.0,3.0,0.9023861171366594,0.0,0.0211416490486257,0.0,0.0,0.0887949260042283,0.1458773784355179,-1.254054054054054,0.0366818734030714,0.0103522901344311,-0.0001182976330039,-0.0001182976330039,0.0067467741471037,0.0,-0.0031401341390856,-0.235032175032175,0.0,-0.0032160080477296,0.0010162326800852,3.3333333333333335,0
07601340,Tirschenreuther Ring Ost,07 - Tempelhof-Schöneberg,9.44,0.6079999999999363,0,2.4552894816611093,687.8896501967171,-0.2625512930977428,0,0.9996265676710158,0.0,0.0,0.0,0.005153076689906,0.8878448014549863,0.0175810851773264,0.0733555622916035,0.0,0.0151561079114883,1,Tirschenreuther Ring Ost,3325.0,0.332,0.016,0.461,0.012,0.792,0.002,0.1,-0.002,0.002,-0.005,0.169,-0.009,0.066,-0.006,4.0,0.9171826625386996,0.0178018575851393,0.0366412213740458,0.5,0.0,0.1053435114503816,0.132824427480916,-0.5598455598455598,0.0077154281905908,0.0035267104155272,-0.0021416438369179,0.0012676695752378,0.0110854822842024,0.0009165919077199,8.311977980917966e-05,-0.0692161549304406,0.0,-0.0018874375629018,0.0013218155878064,8.0,1
07601341,Diedersdorfer Weg,07 - Tempelhof-Schöneberg,10.6,0.6799999999998365,1,0.9442870632672332,449.4247234539244,-0.0085769697495022,0,0.1528607669536823,0.9442870632672332,0.0,0.0377714825306893,0.3182247403210576,0.2880075542965061,0.0727101038715769,0.23890462700661,0.0084985835694051,0.0358829084041548,1,Diedersdorfer Weg,,0.278,-0.002,0.453,0.007,0.808,-0.009,0.137,0.029,-0.028,-0.034,0.085,-0.012,0.041,0.004,11.0,0.3898872982028632,0.1800182759671032,0.0183619935878752,0.4126984126984127,0.0002914602156805,0.0664529291751675,0.0944331098805013,-0.1961389961389961,0.0139959071411673,0.0094303758876498,0.0003055829933788,0.0009548132991291,0.0186734628699986,-0.0038903336851472,-0.0004458296843732,-0.0221340821340821,-0.0004027684426378,0.0002457725559718,0.0031694548916108,10.5,1
07601442,Kettinger Straße,07 - Tempelhof-Schöneberg,11.83,0.8869999999998764,0,1.5416825275980206,667.6455578688386,0.0892946207786678,0,0.9991932250852787,1.903311762466692,0.0,0.0110392082223068,0.0961172440045679,0.6176246669204416,0.129425199847735,0.1214312904453749,0.0119908641035401,0.0114198705748001,1,Kettinger Straße,4080.0,0.275,-0.0,0.473,0.008,0.814,-0.002,0.117,0.027,0.005,-0.0,0.061,-0.0,0.048,-0.003,7.0,0.7713475177304965,0.0144680851063829,0.0393060449986446,0.6758620689655173,0.00975874220656,0.0715641095147736,0.1349959338574139,-0.7305019305019304,0.009517136834965,0.0061527906972453,0.0004357876924738,-0.0007744654494883,0.000406683986495,0.0016322056935393,0.0007671727568174,0.0103632090588612,0.0010924983287444,-0.000582076141665,0.0025474782925776,24.166666666666668,1
07601443,Töpchiner Weg,07 - Tempelhof-Schöneberg,10.54,0.7369999999998681,0,1.825633383010432,669.9995251125032,0.1103479019854928,0,0.9634253262181524,0.3725782414307004,0.0,0.0158345752608047,0.0732116244411326,0.4994411326378539,0.2203800298062593,0.1087928464977645,0.0210506706408345,0.0609165424739195,1,Töpchiner Weg,3992.0,0.276,0.007,0.448,0.014,0.798,-0.0,0.099,-0.0,0.009,-0.0,0.075,-0.013,0.053,-0.002,7.0,0.7430441898527005,0.0360065466448445,0.0285563194077207,0.6574074074074074,0.0015864621893178,0.0745637228979376,0.1570597567424643,0.2108108108108108,-0.0015761401012493,0.0052033431229696,0.0042104480162015,0.0009093980166363,0.0016275124501696,0.0011110154775145,0.0036101386824781,0.0271659641584453,2.204315280548093e-05,-0.0005218543501446,0.0043596792229178,18.0,1
07601544,John-Locke-Straße,07 - Tempelhof-Schöneberg,9.75,0.4299999999999743,0,1.526384648931531,615.7728768161527,-0.0469566737535989,0,0.9999930915228892,0.2180549498473615,0.0,0.021151330135194,0.0298735281290885,0.7919755778456171,0.0497165285651984,0.0451373746184038,0.0034888791975577,0.0590928914086349,1,John-Locke-Straße,3507.0,0.323,0.017,0.485,0.001,0.78,-0.019,0.114,-0.012,0.026,-0.019,0.132,0.002,0.061,0.001,6.0,0.7453279589593258,0.0304140710883107,0.0554378531073446,0.3694267515923566,0.0,0.0847457627118644,0.1292372881355932,-0.2664092664092664,0.0122628590925329,-0.0038692053627626,-0.004893005529926,-0.0004595824383122,0.0108828870444796,0.0014344282814122,-0.0018967796343209,0.022944815884908,0.0,-0.0008810715270983,0.0020416033908478,26.166666666666668,1
07601545,Nahariyastraße,07 - Tempelhof-Schöneberg,8.49,0.1079999999999892,0,1.6029593094944512,608.4037837946947,-0.0726370025833488,0,0.9997112358862552,0.7398273736128237,0.0,0.0165228113440197,0.0197287299630086,0.8458692971639951,0.075462392108508,0.033292231812577,0.0059186189889025,0.0034525277435265,1,Nahariyastraße,3201.0,0.34,0.034,0.476,0.01,0.786,-0.001,0.116,0.02,0.0,0.001,0.202,-0.046,0.077,-0.006,5.0,0.832039911308204,0.0144124168514412,0.0098039215686274,0.7222222222222222,0.0065359477124183,0.1078431372549019,0.15359477124183,-0.1451737451737451,0.0031004141242739,0.0187972799165465,-0.0002441643502437,0.0001698202906141,0.0102420743354417,-0.0012670081550009,-0.0049183923851641,-0.0024710424710425,-7.360110890257305e-05,-0.0016941630451608,0.0003841280089904,3.0,0
07601546,Franziusweg,07 - Tempelhof-Schöneberg,13.04,0.9229999999998164,1,1.552511415525114,640.0,0.0645385211375711,0,0.9066370019704708,2.435312024353121,0.0,0.0977168949771689,0.1808219178082191,0.3948249619482496,0.1394216133942161,0.115372907153729,0.0532724505327245,0.0197869101978691,1,Franziusweg,4393.0,0.283,0.01,0.423,0.014,0.807,0.002,0.104,0.023,0.002,0.004,0.043,-0.002,0.038,-0.004,8.0,0.7674777906527617,0.0185399768250289,0.0263255469039673,0.647887323943662,0.0044493882091212,0.0578420467185761,0.1446051167964405,-0.1675675675675675,0.0045266226810912,0.004640052011609,-0.0026476154561079,-0.0037318055469521,0.0038232934086305,-0.0002713783901136,-0.0011134913121431,0.0530289787432644,-4.408777711134189e-05,0.0001994123086863,0.0036411603819578,11.833333333333334,1
07601547,Horstwalder Straße,07 - Tempelhof-Schöneberg,9.53,0.4429999999999305,1,2.134831460674157,640.0,0.0645385211375709,0,0.9931087179438448,0.0,0.0,0.0674157303370786,0.1213483146067415,0.3421348314606741,0.3151685393258427,0.1117977528089887,0.0196629213483146,0.0224719101123595,1,Horstwalder Straße,4001.0,0.266,0.01,0.468,0.032,0.794,0.008,0.166,0.016,0.036,0.008,0.077,-0.021,0.051,-0.005,8.0,0.7284552845528456,0.0292682926829268,0.0141176470588235,0.3333333333333333,0.0,0.0611764705882353,0.1552941176470588,-0.2061776061776061,-0.0060109341892314,0.0022993616669091,-1.0071865786039343e-05,-0.003850725733605,-0.0038145977645983,-0.0022313264784823,-0.0008671962446135,-0.0329472329472329,0.0,-0.0003992853486283,0.0040383812868048,3.0,0
07601548,Wittelsbacherstraße,07 - Tempelhof-Schöneberg,12.58,0.315999999999978,1,2.0216606498194944,640.0,0.0645385211375711,0,0.778359370344554,0.7220216606498194,0.0,0.0353790613718411,0.1732851985559566,0.4115523465703971,0.2173285198555956,0.1083032490974729,0.0252707581227436,0.0303249097472924,1,Wittelsbacherstraße,4419.0,0.243,0.011,0.404,0.013,0.791,-0.001,0.085,-0.018,0.0,0.005,0.036,-0.013,0.052,0.003,8.0,0.7735159817351598,0.021917808219178,0.018970189701897,0.5714285714285714,0.005420054200542,0.043360433604336,0.1409214092140921,-0.3498069498069498,0.0120673590329665,0.0009170828140235,-0.0078489304105032,-0.0036990974939089,0.001063831089908,0.0045717407766273,0.0006609055869908,-0.1604890604890605,2.635990270073058e-05,-0.0020921361640055,0.0035097139171707,3.5,0
08100101,Hasenheide,08 - Neukölln,20.28,0.475999999999909,1,1.757188498402556,2387.564215321633,-0.4472195306184689,0,0.2158684429090941,15.974440894568689,0.0,0.694888178913738,0.0123801916932907,0.121405750798722,0.0335463258785942,0.0139776357827476,0.0,0.1226038338658147,1,Hasenheide,4388.0,0.495,-0.023,0.673,0.022,0.876,0.003,0.185,0.035,-0.001,-0.018,0.142,-0.05,0.035,-0.005,5.0,0.7884167636786962,0.0285215366705471,0.0541700187717886,0.2326732673267326,0.0002681684097613,0.080450522928399,0.1013676588897827,0.02007722007722,-0.0102384309684585,0.0045046822205143,-0.0001228732653425,-0.0005341450785425,0.004081782220227,0.0011759252972522,-0.0064195149080731,-0.0037396058379359,8.64864864864865e-05,-0.0032492342592317,0.0011689076334278,33.666666666666664,1
08100102,Schillerpromenade Nord,08 - Neukölln,19.68,2.098999999999609,0,1.9263698630136987,2784.214857297216,-0.2569679302144759,0,0.4584528420944033,18.621575342465754,0.0,0.8193493150684932,0.0612157534246575,0.0869006849315068,0.0222602739726027,0.004708904109589,0.0,0.0042808219178082,1,Schillerpromenade Nord,4042.0,0.54,-0.019,0.7,0.009,0.877,-0.002,0.183,0.008,-0.021,0.001,0.116,-0.046,0.033,-0.004,6.0,0.8276515151515151,0.0192837465564738,0.0850378482847479,0.4109848484848485,0.0028990175551618,0.0744081172491544,0.1903688194556289,0.1853281853281853,-0.0003306704785816,0.0027025433579995,0.0001985293395022,-0.0001375025667467,0.006262621256861,0.0021150487349844,-0.0013356876927081,-0.0099727178424326,3.705474268057019e-05,-2.9505574393761853e-05,0.0038039656166156,88.0,1
08100103,Schillerpromenade Süd,08 - Neukölln,12.9,0.7509999999999939,0,2.242451154529307,2792.7468301635854,-0.2539082070172212,0,0.4218148732680973,13.987566607460035,0.0,0.6813943161634103,0.1787300177619893,0.1105683836589698,0.0126554174067495,0.0066607460035523,0.0,0.0086589698046181,1,Schillerpromenade Süd,3966.0,0.534,-0.023,0.705,0.009,0.881,-0.0,0.159,0.003,-0.015,0.0,0.139,-0.032,0.038,-0.004,6.0,0.851542741527567,0.0050581689428426,0.0576787807737397,0.3699186991869919,0.0028135990621336,0.0759671746776084,0.2011723329425556,0.2594594594594595,0.0082943783599282,0.003205580899327,0.0013897366646491,3.523826988417732e-05,0.0011959593167025,-0.0001853344414869,0.0046183804486387,-0.0065875795470268,0.0006383229412571,0.0001996702883092,0.0062465901787784,41.0,1
08100104,Wartheplatz,08 - Neukölln,16.0,1.3029999999998516,0,1.3928368391131325,2200.0239359524726,-0.4924509469810397,0,0.3127615606178077,16.770892552586698,0.0,0.6645821489482661,0.2239909039226833,0.0545764638999431,0.03439454235361,0.0110858442296759,0.0054007959067652,0.0054007959067652,1,Wartheplatz,3802.0,0.545,-0.003,0.694,-0.001,0.877,0.005,0.19,0.041,-0.017,-0.0,0.22,0.008,0.031,-0.009,6.0,0.8510071090047393,0.0124407582938388,0.0456570155902004,0.3719512195121951,0.0016703786191536,0.0835189309576837,0.1804008908685969,0.2903474903474903,0.0043032162626793,0.0024829349923354,3.140866225508969e-05,-0.0006574086916682,0.0027401883457744,0.0013099601356759,0.0039573662566727,0.0040909751845712,2.197920302415928e-06,0.0004954508083749,0.0046100189411757,27.333333333333332,1
08100105,Silbersteinstraße,08 - Neukölln,18.75,1.361999999999811,0,5.994152046783626,1493.4496250034513,-0.4077227599640609,0,0.7622521972388597,11.330409356725143,0.0,0.3611111111111111,0.0347222222222222,0.1845760233918128,0.0573830409356725,0.1374269005847953,0.0051169590643274,0.2160087719298245,1,Silbersteinstraße,4247.0,0.534,0.015,0.549,-0.016,0.831,-0.001,0.195,0.01,0.01,0.003,0.179,-0.066,0.04,-0.005,3.0,0.847518895826487,0.0184028918830101,0.0594900849858356,0.3227513227513227,0.0012590494176896,0.0849858356940509,0.1680830972615675,0.2223938223938223,-0.0219999809898155,0.00021653205085,0.0010224889365906,-0.0009452135296461,0.001667936202578,0.0007728274048153,0.0023907623904823,-0.0060923212242137,-7.0256012537618506e-06,-0.0016413892574843,0.0023537313036649,31.5,1
08100206,Flughafenstraße,08 - Neukölln,15.68,1.374999999999785,0,1.9327406262079627,2202.4507028037115,-0.4913631492663258,0,0.8727494729681002,28.991109393119444,0.0,0.8533049864708157,0.0268650947042906,0.0380749903362968,0.0340162350212601,0.0255121762659451,0.0,0.0222265172013915,1,Flughafenstraße,3939.0,0.534,-0.016,0.683,0.01,0.881,0.003,0.185,0.007,-0.02,0.003,0.148,-0.032,0.034,-0.004,6.0,0.7715749730312838,0.0373516720604099,0.0731828949008851,0.3475298126064736,0.00448821842663,0.0673232763994514,0.1720483730208203,0.277992277992278,0.000307895235255,0.0064205279665032,0.0007282078278737,0.0003614437565012,0.0057441789742811,0.0007811048042762,-0.0005806722612235,0.0065415888947766,1.7038259531902224e-05,-0.0001707832176328,0.0043900301862794,97.83333333333331,1
08100207,Rollberg,08 - Neukölln,13.62,1.2459999999997902,1,1.8744421303183576,2200.0,-0.492476485097794,0,0.7672028934045139,11.603689378161262,0.0,0.245462659922642,0.0565307944064266,0.4641475751264504,0.1806010116036893,0.016661707825052,0.0008925914906277,0.0357036596251115,1,Rollberg,3363.0,0.422,-0.007,0.552,0.013,0.794,0.003,0.114,-0.009,-0.011,-0.01,0.226,-0.037,0.062,-0.004,5.0,0.7869225764476252,0.0136629798308392,0.0512029611351017,0.3433734939759036,0.0030845157310302,0.0851326341764343,0.1573103022825416,0.1621621621621622,-0.000585604341348,0.0073721903502238,0.0028122632409463,2.094953706065394e-05,0.0099641674824363,-0.0017588194074218,0.001428270297873,-0.0029637895457059,-0.0001843989538433,0.0009355443329751,0.0047591154892675,27.666666666666668,1
08100208,Körnerpark,08 - Neukölln,16.0,1.370999999999797,0,2.108345534407028,2200.069855482692,-0.4924447331097616,0,0.6642975590279614,13.616398243045388,0.0,0.7590043923865301,0.1575402635431918,0.0450951683748169,0.0254758418740849,0.0096632503660322,0.0008784773060029,0.0014641288433382,1,Körnerpark,3831.0,0.539,-0.004,0.691,0.009,0.873,0.005,0.179,0.008,-0.011,0.012,0.159,-0.035,0.035,-0.01,5.0,0.8459996916910745,0.0157237552027131,0.0928756850302855,0.3571428571428571,0.0018748197288722,0.0865301413325641,0.1903663109316411,0.2054054054054054,-0.0099163011451535,0.0058217685151338,-1.9998671586541425e-05,6.347057559645112e-05,0.001798588805892,0.0004958686210112,0.0052597068039354,-0.0151506435970528,-0.0003199811353629,0.0005323517278561,0.0048025726627391,107.33333333333331,1
08100209,Glasower Straße,08 - Neukölln,18.56,1.4129999999998026,0,3.409621672115834,1465.541918758052,-0.3792843436333996,0,0.7141132930445925,17.281644091546006,0.0,0.6835590845399346,0.0929472209248015,0.0644558617468472,0.0317608594114899,0.0590845399346099,0.0079402148528724,0.0616534329752452,1,Glasower Straße,3698.0,0.538,0.02,0.656,-0.013,0.871,-0.003,0.248,0.011,0.001,0.012,0.19,-0.046,0.032,-0.005,5.0,0.729869666131048,0.0403499375111587,0.0835290171083529,0.251004016064257,0.0090573633009057,0.0855417645085541,0.1439114391143911,0.115057915057915,0.0012681059940685,0.000296231208963,0.0033066703609318,0.0011181492025035,-0.0013251858811225,-0.0003750645128579,0.0027680499974841,0.0065613331904014,0.0004104026380679,-1.2075262112887885e-05,0.0025858930949188,83.0,1
08100310,Maybachufer,08 - Neukölln,19.71,0.8859999999999345,0,1.403589507593189,2800.1982196360805,-0.3566358083822283,0,1.0,21.859180855959504,0.0,0.7291762540266912,0.0379659456971928,0.1631385181776346,0.0301426599171652,0.0361251725724804,0.0,0.0011504832029452,1,Maybachufer,4561.0,0.483,-0.023,0.684,0.008,0.862,0.008,0.168,-0.009,-0.02,0.001,0.104,-0.03,0.037,-0.009,6.0,0.7680140597539543,0.0249560632688927,0.0805945499587118,0.5081967213114754,0.0021469859620148,0.0822460776218001,0.1347646573080099,0.2131274131274131,-0.0009609513938063,0.0088667147413303,0.0007510149130466,-0.000422088332826,0.0018088675233493,-0.0027775814970817,0.0005884743963398,-0.0065654251127906,0.0002991570730665,0.0012974227308497,0.0019652382115135,81.33333333333333,1
08100311,Reuterplatz,08 - Neukölln,17.22,2.201999999999534,0,1.4496142155716625,2777.242602688405,-0.3610372098249975,0,1.0,19.40612578910451,0.0,0.7210661678746785,0.093991115267711,0.1285948094458733,0.0252513444002805,0.0259527706336216,0.0046761748889408,0.0,1,Reuterplatz,4287.0,0.5,-0.024,0.716,0.007,0.888,0.005,0.184,0.019,-0.012,0.007,0.09,-0.032,0.034,-0.007,6.0,0.8199246833276276,0.014892160219103,0.1023584148884967,0.4435736677115987,0.0003208727739451,0.0693085191721482,0.142467511631638,-0.0957528957528957,0.0144029154140107,0.0054152649431367,-2.7371584245691217e-05,-0.0001619669197371,0.0078593096343743,-0.0009641021124723,-0.0011715371022379,-0.0021152045876425,-0.0002112091482683,-0.0004309342078083,0.0031201328424463,106.33333333333331,1
08100312,Weichselplatz,08 - Neukölln,17.66,2.1899999999996185,0,1.5450898826325954,2439.827938378184,-0.4324660751935986,0,1.0,19.46218986777596,0.0,0.6942504828405883,0.0582380032684593,0.182439459218541,0.0157480314960629,0.0371415837171297,0.0026741940276333,0.0102510771059277,1,Weichselplatz,4038.0,0.504,-0.028,0.693,0.004,0.87,0.002,0.184,0.033,0.005,0.014,0.133,-0.024,0.04,-0.005,7.0,0.8284600389863548,0.0193432298695456,0.0731809311402286,0.3885714285714285,0.0016727069974909,0.0802899358795651,0.1965430722051853,0.3428571428571428,-0.0016204266535637,0.0074389167214761,0.0006938230348422,-3.928224667216334e-05,-0.0033547251003167,0.0008232580925286,0.0014783405108219,-0.0118086324552287,2.8753897766652662e-05,0.0013431006978529,0.0057603178466762,87.5,1
08100313,Bouchéstraße,08 - Neukölln,15.0,1.9699999999997704,1,1.1289622231871472,2199.882453296824,-0.4924426636280118,0,0.9999999988469148,7.815892314372557,0.0,0.2040816326530612,0.4198871037776813,0.3139383412939644,0.0243161094224924,0.0,0.0,0.038211029092488,1,Bouchéstraße,3551.0,0.395,-0.018,0.678,0.017,0.87,0.001,0.135,0.007,-0.005,0.007,0.135,-0.031,0.041,-0.008,6.0,0.8773204196933011,0.0048426150121065,0.0045558086560364,0.0,0.0,0.0865603644646924,0.1685649202733485,-0.0362934362934362,0.0175302705786673,-0.0029777928956802,-0.0042605589619144,-0.0018616386646745,-0.0049881256163109,-3.7279419134813255e-05,-6.517709728926703e-05,0.0,0.0,-0.001118105419534,0.0040510598401549,1.0,0
08100314,Donaustraße,08 - Neukölln,14.86,1.4369999999997911,0,1.5308525671219972,2200.0324523414006,-0.4924678393351934,0,0.9136544070898952,23.08054639660857,0.0,0.8278379651436646,0.0350918511540273,0.0753650494583137,0.044041450777202,0.0117757889778615,0.0011775788977861,0.005181347150259,1,Donaustraße,3968.0,0.551,-0.01,0.69,0.012,0.879,0.0,0.178,-0.002,-0.006,0.019,0.163,-0.037,0.033,-0.0,6.0,0.7889787163834351,0.0183138096023758,0.1151792524790236,0.304635761589404,0.0004576659038901,0.0860411899313501,0.1638443935926773,0.0386100386100386,0.0196285621069322,0.0030716314448162,0.0020420455660861,-0.0001300145228718,0.0027103649044872,-0.0003333589035594,0.0019736304515291,0.0128801911792862,-0.0004181152277717,-0.000737177349219,0.0029035550282895,125.83333333333331,1
08100415,Ganghoferstraße,08 - Neukölln,18.51,1.4019999999999495,0,2.4746571258199164,2200.0,-0.492476485097794,0,0.9398230382936182,13.714967203339295,0.0,0.7107930828861061,0.1457960644007155,0.1001788908765653,0.0268336314847942,0.0035778175313059,0.0059630292188431,0.0065593321407274,1,Ganghoferstraße,3955.0,0.534,-0.016,0.688,0.002,0.87,0.0,0.182,0.041,-0.02,-0.001,0.138,-0.025,0.036,-0.003,4.0,0.8467413441955194,0.0218940936863543,0.0630844824853384,0.4497487437185929,0.0009510223490252,0.1616737993342843,0.2006657156443176,0.2548262548262548,-0.0165315076684271,0.0049469041455956,0.0001980884133105,-0.0002121938625265,-0.0078179320611356,0.0047035466947593,0.0065798224534787,0.0084491668761168,-1.7133309906229043e-05,0.000625214984175,0.0005442781189557,66.33333333333333,1
08100416,Alt-Rixdorf,08 - Neukölln,16.8,1.5519999999997274,0,3.606557377049181,2200.0,-0.492476485097794,0,0.9648784237401296,16.09538002980626,0.0,0.8128166915052161,0.025037257824143,0.0831594634873323,0.0503725782414307,0.0095380029806259,0.0017883755588673,0.0163934426229508,1,Alt-Rixdorf,4024.0,0.514,-0.011,0.644,-0.002,0.849,-0.002,0.177,0.013,-0.012,0.001,0.146,-0.022,0.041,-0.009,6.0,0.7638792904860631,0.0216539967749366,0.0793752674368848,0.3638814016172507,0.0012836970474967,0.0757381258023106,0.1604621309370988,-0.1405405405405405,-0.0006486032513796,0.005887836942633,-0.0009627231583855,0.0003939801886302,-0.0012446750878118,-0.0006985679638382,0.0026180613025072,-0.0274805769403675,0.0005940201554171,0.0001402764476509,0.0035798891210462,61.833333333333336,1
08100417,Braunschweiger Straße,08 - Neukölln,18.68,2.2459999999996816,0,3.475204998047637,2200.0,-0.492476485097794,0,0.996456430796851,17.180788754392815,0.0,0.7210074189769621,0.1124560718469347,0.1044513861772745,0.0437329168293635,0.0095665755564232,0.0019523623584537,0.0076142131979695,1,Braunschweiger Straße,3822.0,0.556,-0.003,0.676,0.006,0.869,0.004,0.213,0.012,-0.022,0.008,0.169,-0.031,0.036,-0.002,6.0,0.849473056273613,0.0210777490554782,0.0633841631453242,0.2695652173913043,0.0018372221201543,0.0727539959581113,0.2215689876906118,0.1065637065637065,0.0077860655564652,0.0015146388398986,-0.0008076237395238,-0.0012664918136131,-0.0007024110330786,0.0003124001510657,0.0025832702666447,-0.0334273685973674,-0.0007513864110727,-0.0007066163104287,0.0065519376581059,57.5,1
08100418,Hertzbergplatz,08 - Neukölln,17.82,2.325999999999606,0,1.6505406943653955,2200.0,-0.492476485097794,0,0.6477491284139132,16.884841586036803,0.0,0.5634604439385316,0.2576361221779548,0.1696072851451337,0.0037943464238284,0.0039840637450199,0.0,0.0020868905331056,1,Hertzbergplatz,3794.0,0.508,-0.03,0.684,0.005,0.874,0.002,0.176,0.003,-0.002,0.007,0.122,-0.034,0.034,-0.007,6.0,0.8060422960725075,0.0473313192346425,0.046077684691546,0.3553719008264462,0.0001904036557501,0.0913937547600913,0.177075399847677,0.3521235521235521,-0.0023814522337922,0.0055062842042981,0.0009622876309211,0.0008992650013976,0.0022057064057805,0.0076347190540969,0.001945945930992,-0.0040840841707709,6.149494204101623e-05,0.0014994356223405,0.0041299768848155,40.333333333333336,1
08100419,Treptower Straße Nord,08 - Neukölln,17.0,2.6449999999994818,1,3.137039075399009,2199.983103954932,-0.4924689131237601,0,0.7925659904549213,10.181618051733627,0.0,0.3247110621904238,0.1053935057787562,0.4529444138690148,0.0498073747936158,0.066042927903137,0.0,0.0,1,Treptower Straße Nord,3630.0,0.485,-0.003,0.648,-0.002,0.831,-0.008,0.249,0.08,0.013,0.02,0.25,-0.038,0.048,-0.0,6.0,0.8403159340659341,0.0398351648351648,0.0401164671627305,0.5080645161290323,0.0,0.0951148495632481,0.1921708185053381,0.1428571428571428,-0.0109579183180592,0.0051599407025814,0.0017547355031505,0.0002070975533512,0.0024866151215415,0.0033918993084407,0.0027068362456525,0.0326297711448568,0.0,0.0014910915937514,0.0049439775072267,20.666666666666668,1
08100520,Weiße Siedlung,08 - Neukölln,8.49,0.0480000000000057,0,2.253116011505273,568.3368081891819,-0.3336875751113494,0,0.2560601106041585,3.835091083413231,0.0,0.0239693192713326,0.1433365292425695,0.8322147651006712,0.0,0.0,0.0,0.0,1,Weiße Siedlung,3014.0,0.42,0.022,0.481,0.037,0.753,0.028,0.188,0.053,-0.014,0.0,0.283,-0.065,0.068,-0.014,5.0,0.6943483275663207,0.0893886966551326,0.0324851109907958,0.6,0.0129940443963183,0.1234434217650243,0.149431510557661,-0.3235521235521236,0.0266726257400455,0.0090630892313722,-2.992520836499139e-05,-0.0004260925042717,0.0044034053147116,-0.0018508254198547,-0.0002879290879564,-0.0318801918801918,-0.0005681233390289,0.0001083884506835,0.0017199819419579,10.0,1
08100521,Schulenburgpark,08 - Neukölln,7.36,0.1769999999999823,0,1.7422434367541766,527.7758188938832,-0.5048403255780837,0,0.6484036372801452,4.057279236276849,0.0,0.0443914081145584,0.3279236276849642,0.4658711217183771,0.1422434367541766,0.0193317422434367,0.0009546539379474,0.0,1,Schulenburgpark,2963.0,0.371,0.001,0.527,0.007,0.774,0.011,0.107,-0.0,-0.017,-0.007,0.329,-0.037,0.064,-0.011,6.0,0.5520042380363764,0.1181352639943492,0.0218892069371948,0.4230769230769231,0.0020205421788179,0.0949654824044451,0.117191446371443,0.0,-0.0106089054333863,0.0015340300520849,-0.0005497625759346,0.0009222824660862,0.0100178743540246,-0.0047773568571802,-0.000336333888839,0.0326153106146568,-6.0305808051333134e-05,9.053325896089068e-05,0.0009840652172158,21.666666666666668,1
08200622,Jahnstraße,08 - Neukölln,19.4,2.1539999999996784,0,2.070552147239264,1186.6943978003444,-0.3720181624045545,0,0.5000191606475818,2.3006134969325154,0.0,0.2093558282208589,0.1230828220858895,0.5157208588957055,0.036042944785276,0.0191717791411042,0.0195552147239263,0.0786042944785276,1,Jahnstraße,3262.0,0.5,0.023,0.603,0.023,0.824,0.029,0.225,0.041,-0.036,-0.022,0.24,-0.04,0.043,-0.015,6.0,0.6954962136309286,0.0569948186528497,0.035941594908274,0.40625,0.017970797454137,0.0831149382253837,0.1190565331336578,-0.0401544401544401,0.0008173923601432,0.0064479588364649,-0.0014802707192675,-0.0008118027217478,0.0173397560087878,-0.0015272348131681,0.0070041597875084,-0.0296254593313416,-0.0003402227936034,-0.0005590475600696,0.001923522734427,16.0,1
08200623,Park am Buschkrug,08 - Neukölln,13.5,-0.1269999999998934,0,2.161785216178522,600.0,-0.5108256237659907,0,0.3829377342509256,1.7433751743375174,0.0,0.1872384937238493,0.2214086471408647,0.3675034867503486,0.0690376569037656,0.0794979079497908,0.0240585774058577,0.0502092050209205,1,Park am Buschkrug ,3466.0,0.383,0.021,0.585,0.011,0.833,0.0,0.195,0.017,-0.036,-0.026,0.119,-0.053,0.045,-0.003,6.0,0.7061649319455564,0.0616493194555644,0.0430188679245283,0.2368421052631578,0.0079245283018867,0.1041509433962264,0.1086792452830188,-0.0795366795366795,0.0111306214570005,0.0065740657968371,-0.001227238398703,0.0003525672358701,-0.0010594238033985,-0.0009294772664453,-0.0006301019033534,-0.0311963571583208,0.0001493906078265,-0.0015372103176041,0.0011856427089896,19.0,1
08200624,Tempelhofer Weg,08 - Neukölln,10.09,0.6149999999999232,0,1.306122448979592,966.6008648032616,-0.4092481346152896,0,0.4424291287489406,2.857142857142857,0.0,0.0922448979591836,0.2532653061224489,0.5963265306122449,0.0312244897959183,0.0195918367346938,0.0,0.0071428571428571,1,Tempelhofer Weg,3355.0,0.421,0.024,0.611,0.002,0.844,-0.002,0.155,0.004,-0.008,-0.003,0.169,-0.03,0.051,-0.004,6.0,0.6811594202898551,0.0875603864734299,0.0447934845840605,0.3896103896103896,0.0017452006980802,0.0907504363001745,0.1535776614310645,0.0177606177606177,-0.0031083810685993,0.0031322730859246,0.000640589620629,0.0010379042426899,0.0032038210401937,-5.760716131594642e-05,-0.0012278861443592,0.0080746454243991,8.481699378288803e-06,0.0002536991901698,0.0024253236400974,25.666666666666668,1
08200725,Mohriner Allee Nord,08 - Neukölln,10.92,0.4897142857142857,1,1.5690376569037656,637.1313847649594,0.0540662763608294,0,0.3022482682171409,5.230125523012552,0.0,0.0313807531380753,0.1903765690376569,0.1976987447698744,0.2280334728033473,0.2238493723849372,0.0815899581589958,0.0491631799163179,1,Mohriner Allee Nord,,0.293,0.005,0.404,-0.0,0.814,0.001,0.113,0.008,-0.002,-0.008,0.083,0.019,0.027,0.002,7.0,0.6632978723404256,0.077127659574468,0.0391459074733096,0.5064935064935064,0.0030503304524656,0.0823589222165734,0.1281138790035587,-0.2401544401544401,0.0122228932629858,0.0027837969330465,4.821184156763661e-05,0.001112316961771,0.0065940639519355,-0.0004407324617692,0.0024840988203188,0.0115851115851115,-0.0001434154393292,6.327818925894772e-05,0.0026907015639143,12.833333333333334,1
08200726,Hufeisensiedlung,08 - Neukölln,10.06,0.9229999999998278,0,1.8593120545398203,907.33959885901,-0.0602293646152956,0,0.6945243068369797,3.0988534242330337,0.0,0.0625968391695072,0.5636814378679889,0.3173225906414627,0.0334676169817167,0.0123954136969321,0.0009296560272699,0.0055779361636194,1,Hufeisensiedlung,3828.0,0.334,0.017,0.545,0.019,0.82,0.004,0.111,0.017,0.024,0.032,0.09,-0.021,0.046,-0.005,7.0,0.7757575757575758,0.0267676767676767,0.0584823586273562,0.4214876033057851,0.0,0.0898985016916384,0.1275978733687772,0.5351351351351352,-0.0090123904256566,0.0228238796704965,0.0055968661020306,3.2115042176547065e-05,-0.0025864327968064,0.0035056118542081,-0.0043540671562486,-0.0367672504318467,0.0,-0.0002266349121216,0.0022597617830193,20.166666666666668,1
08200727,Parchimer Allee Süd,08 - Neukölln,9.76,0.5599999999999639,1,1.238522314755499,661.52807195469,-0.2645615667039411,0,0.6369275353980381,0.4270766602605167,0.0,0.0,0.3079222720478325,0.6860986547085202,0.0061926115737774,0.0,0.0,0.0,1,Parchimer Allee Süd,3426.0,0.378,0.034,0.627,0.008,0.861,-0.004,0.134,0.02,0.002,-0.013,0.11,-0.01,0.046,-0.009,5.0,0.8942361499720202,0.0167879127028539,0.0483432916892992,0.5393258426966292,0.0,0.091254752851711,0.2020640956002173,-0.1683397683397683,0.0006039984662409,-0.0071306517759011,-0.0033697465836599,0.0015234933565292,0.0001824439824253,0.0028848763348832,7.410468543018817e-05,-0.0056076484647913,0.0,-0.0002071371004584,0.0064117177523195,14.833333333333334,1
08200728,Ortolanweg,08 - Neukölln,,,1,0.684931506849315,600.0,-0.5076219457625263,0,0.0844020451794348,4.5662100456621,0.0,0.0091324200913242,0.3767123287671233,0.182648401826484,0.4155251141552511,0.0,0.0,0.0,1,Ortolanweg,,0.284,0.012,0.535,0.021,0.861,0.003,0.087,-0.001,0.025,0.033,0.153,-0.016,0.048,0.002,7.0,0.748792270531401,0.0942028985507246,0.1080459770114942,0.6808510638297872,0.0,0.1379310344827586,0.193103448275862,-0.0926640926640926,0.0367150356842263,-0.0350536805596652,-0.0223879092134625,-0.0014780913972916,0.0261027349620157,0.005140077449049,0.00294504623478,0.0151774223202794,0.0,0.0057941460650195,0.0030119674895805,7.833333333333333,1
08200729,Britzer Garten,08 - Neukölln,,,1,0.7389162561576355,625.3331788002344,-0.0479506376427336,0,0.1095363665114257,2.4630541871921183,0.0,0.0172413793103448,0.0874384236453202,0.5369458128078818,0.1083743842364532,0.0665024630541872,0.0135467980295566,0.1650246305418719,1,Britzer Garten,,0.288,-0.005,0.492,0.046,0.788,0.025,0.089,-0.005,0.012,0.007,0.057,0.0,0.03,-0.012,6.0,0.62,0.0838461538461538,0.1316752011704462,0.4277777777777777,0.0087783467446964,0.0570592538405267,0.1536210680321872,0.1567567567567567,0.0006137179909232,0.0085431563412839,-0.000117942919073,-0.0001037228795361,0.0155963887919629,-0.0004322730989419,0.0183099489147211,-0.0091571984313656,0.0008400890797311,-0.0020375292886176,0.0064997016777077,30.0,1
08200730,Handwerker-Siedlung,08 - Neukölln,8.73,0.3249999999998862,1,5.290396779758482,437.27452917674736,0.0594252418163222,0,0.7532486219351103,0.5750431282346176,0.0,0.0161012075905692,0.3064979873490512,0.5261644623346751,0.0414031052328924,0.0914318573893041,0.0115008625646923,0.0063254744105807,1,Handwerker-Siedlung,3428.0,0.305,0.005,0.563,0.015,0.869,0.003,0.106,-0.014,-0.001,-0.011,0.087,-0.006,0.035,0.004,7.0,0.8197343453510436,0.0056925996204933,0.0547445255474452,0.5,0.0,0.0711678832116788,0.1094890510948905,-1.1243243243243244,0.0268725938984073,-0.010163263872301,-0.0027068383545402,-0.0021870987385091,0.0220398156461567,-0.0043800861956653,-0.0056850421761924,0.0246168246168246,0.0,0.0015183909518322,0.000959586990128,10.0,1
08200831,Buckow West,08 - Neukölln,8.73,0.3200000000000066,0,1.1854951185495115,565.9880865294568,-0.1693527117993921,0,0.999937825086924,1.3947001394700138,0.0,0.00278940027894,0.0388191538819153,0.7110646211064621,0.0734542073454207,0.1557415155741515,0.0099953509995351,0.009065550906555,1,Buckow West,3836.0,0.312,0.016,0.518,0.012,0.833,-0.003,0.11,0.006,0.003,-0.006,0.071,-0.009,0.044,-0.003,6.0,0.7320410490307868,0.0319270239452679,0.0387192851824274,0.2884615384615384,0.0,0.1027550260610573,0.1608339538346984,-0.3204633204633205,0.008892808773663,0.0086924416618329,0.002940024425962,0.0010855887161958,0.001999669083907,-0.0031967394473123,0.0003675541903659,-0.0166376460494107,0.0,-0.0008341494500843,0.0033920776016609,17.333333333333332,1
08200832,Buckow Mitte,08 - Neukölln,12.27,1.072999999999798,0,1.571132596685083,588.5855272488279,-0.1415831513455209,0,0.8411610914787826,2.4171270718232045,0.0,0.0086325966850828,0.0219267955801104,0.7619129834254144,0.0419544198895027,0.137085635359116,0.0169198895027624,0.011567679558011,1,Buckow Mitte,3609.0,0.323,0.037,0.468,-0.004,0.805,-0.016,0.168,0.066,0.057,0.048,0.112,-0.002,0.049,-0.001,5.0,0.7513892244503503,0.0372070548441652,0.0306217858812529,0.3816793893129771,0.0,0.1037868162692847,0.1711079943899018,-0.2393822393822393,0.0212058192966158,0.0099926489005888,0.0011487984388934,-0.0005388196727274,0.0122287861740813,0.0005995343821567,-0.001508560654562,0.0191022748165605,0.0,-0.0011190906514856,0.003414090888675,21.833333333333332,1
08200833,Buckow Ost,08 - Neukölln,13.5,1.9429999999996728,0,6.275487086542817,586.6624459306644,-0.0796870190157369,0,0.9965552250601996,0.4531037607612143,0.0,0.0099682827367467,0.0242410512007249,0.7822836429542365,0.0638876302673312,0.0897145446307204,0.0111010421386497,0.019030357951971,1,Buckow Ost,3356.0,0.367,0.029,0.488,0.004,0.813,-0.002,0.233,0.104,0.006,0.011,0.144,-0.023,0.049,-0.004,5.0,0.8363636363636363,0.0272727272727272,0.0147569444444444,0.6470588235294118,0.0030381944444444,0.1041666666666666,0.1692708333333333,-0.027027027027027,-0.0037800459836296,0.0057389165809169,-0.0001773105312386,0.0026709197562454,-0.0020389245684052,-7.79688075956983e-05,-0.0017908608033092,0.0884133112704541,-0.0009495861919217,-0.0015023831919912,0.0042234939626147,5.666666666666667,1
08300934,Gropiusstadt Nord-West,08 - Neukölln,8.06,0.2699999999999475,0,1.4423076923076923,578.1447541360108,-0.2482630110568451,0,1.0,0.3101736972704714,0.0,0.0004652605459057,0.0,0.9968982630272952,0.0018610421836228,0.0009305210918114,0.0,0.0,1,Gropiusstadt Nord-West,3321.0,0.345,0.026,0.492,0.002,0.803,0.0,0.116,0.025,0.002,0.001,0.173,-0.037,0.054,-0.005,4.0,0.7092221857564818,0.0662947161142107,0.0543547361729179,0.4736842105263157,0.0,0.091544818817546,0.1411315956770502,-0.2169884169884169,-0.0007772474096556,0.0048521677678763,0.0002915684040846,-0.0008915045804893,-0.002693011807118,0.0044332610710328,-0.0014832859394877,-0.0041191137790533,0.0,-0.0006128035516206,0.0024913656477691,28.5,1
08300935,Gropiusstadt Süd-West,08 - Neukölln,10.65,0.4069999999999177,1,1.6075650118203308,575.0675229059036,-0.2584581389374935,0,1.0,0.2364066193853427,0.0,0.0,0.0,0.9957446808510638,0.0042553191489361,0.0,0.0,0.0,1,Gropiusstadt Süd-West,3310.0,0.336,0.041,0.533,0.012,0.847,-0.012,0.11,-0.003,0.004,-0.004,0.126,-0.012,0.049,0.004,4.0,0.8982558139534884,0.0087209302325581,0.0252986647926914,0.3333333333333333,0.0,0.1391426563598032,0.1728742094167252,0.1374517374517374,-0.0368118437260594,0.0004814001835484,-0.0003350203093912,-0.0001116734364637,-0.0001234273497896,0.0011553591289885,-0.001122759931272,-0.0920683949255377,0.0,-0.0027070096725665,0.004173491375377,6.0,1
08301036,Gropiusstadt Mitte,08 - Neukölln,8.54,0.1849999999999108,0,2.304665542439573,575.0344224463256,-0.2650199764145333,0,1.0,0.5621135469364812,0.0,0.0,0.0,0.9738617200674536,0.0050590219224283,0.0033726812816188,0.0,0.0171444631815626,1,Gropiusstadt Mitte,3257.0,0.351,0.038,0.464,0.002,0.794,0.0,0.165,0.063,0.048,0.038,0.172,-0.025,0.048,-0.011,3.0,0.8993089832181639,0.0118460019743336,0.0170454545454545,0.1666666666666666,0.0,0.1420454545454545,0.1875,-0.437065637065637,0.0244331088144974,-0.0002468147694837,-5.384682230700766e-05,-1.7948940768996215e-05,0.0081402842284569,4.788677030205087e-05,-0.0063262456958719,-0.0742048170619599,0.0,-0.0008363057063164,0.003326392059667,3.0,0
08301037,Gropiusstadt Süd-Ost,08 - Neukölln,8.74,0.5179999999999091,0,2.22899599923795,575.0058845637907,-0.2655862444247589,0,1.0,0.1905124785673461,0.0,0.0009525623928367,0.0,0.900361973709278,0.0,0.0,0.0,0.0984949514193179,1,Gropiusstadt Süd-Ost,3131.0,0.363,0.014,0.47,0.018,0.779,0.005,0.097,-0.017,0.005,-0.017,0.19,-0.025,0.061,-0.004,4.0,0.8516570226196739,0.0215675960021041,0.0259938837920489,0.392156862745098,0.0,0.1162079510703364,0.1620795107033639,0.1729729729729729,-0.0093290608715386,0.0120223004382104,0.0022503894648073,-0.0007377108903054,-0.00099437305529,0.001554579304982,-0.0037313636058614,-0.0484882084882084,0.0,-0.0009801665125959,-7.666999948594199e-05,8.5,1
08401138,Goldhähnchenweg,08 - Neukölln,7.36,0.7789999999997888,1,1.1198945981554678,599.9999999999999,-0.5107598133293698,0,1.0,0.0,0.0,0.0,0.0085638998682476,0.958498023715415,0.0151515151515151,0.0026350461133069,0.0,0.0158102766798418,1,Goldhähnchenweg,,0.276,0.017,0.495,0.005,0.795,-0.007,0.142,0.046,0.021,-0.005,0.16,-0.013,0.076,0.007,4.0,0.755591054313099,0.047923322683706,0.0850393700787401,0.3333333333333333,0.0,0.1322834645669291,0.0755905511811023,-0.4602316602316601,0.0017223154105195,-0.0105319956490187,0.0059498280958042,-0.0003906709034267,-0.0006513313757045,0.0074241325453785,-0.0071744174684602,-0.0304049104049104,0.0,0.0019750311699362,0.0021606057697074,9.0,1
08401139,Vogelviertel Süd,08 - Neukölln,9.03,0.2409999999999422,1,1.8932038834951457,660.0664719190072,-0.0213026137409001,0,0.7936913424079529,1.4563106796116505,0.0,0.008252427184466,0.0587378640776699,0.6067961165048543,0.1504854368932038,0.1058252427184466,0.0160194174757281,0.0504854368932038,1,Vogelviertel Süd,3616.0,0.321,0.022,0.519,0.019,0.853,-0.01,0.158,0.02,0.026,0.012,0.084,0.002,0.038,0.007,7.0,0.6913875598086124,0.0370813397129186,0.0913763563677898,0.49375,0.0137064534551684,0.1096516276413478,0.1541976013706453,0.1335907335907336,0.0095359158067008,0.0079630951619007,0.005687522121259,0.0008099404896084,0.0049905462952779,-0.0019846764364592,-0.000986492529321,-0.0341174582319505,-0.0032836143668837,0.0009549527367482,0.0038175476243749,26.666666666666668,1
08401140,Vogelviertel Nord,08 - Neukölln,9.08,-0.4450000000002934,1,2.618657937806874,600.0,-0.056141918589103,0,0.986206265128776,1.6366612111292964,0.0,0.0147299509001636,0.1309328968903437,0.4296235679214402,0.1685761047463175,0.2217675941080196,0.0155482815057283,0.0204582651391162,1,Vogelviertel Nord,3671.0,0.315,0.004,0.441,0.017,0.817,-0.002,0.131,0.013,0.013,0.017,0.082,-0.012,0.047,-0.003,7.0,0.7712418300653595,0.0287581699346405,0.0148698884758364,0.5,0.0074349442379182,0.0743494423791821,0.0892193308550185,-0.1274131274131274,0.0263764396901097,0.0048171227355941,-0.0060506089320435,-0.0012945012987501,0.022295416042968,-0.0040185010793856,-0.0105773363430354,0.0552123552123552,-0.0004520042686175,-0.0005750671746467,-0.0006841274554546,2.0,0
08401241,Blumenviertel,08 - Neukölln,12.76,1.2009999999997487,1,2.717237475233513,600.1394880057285,0.0331526638034983,0,0.9136795050715948,5.660911406736484,0.0,0.0062270025474101,0.1454854231531276,0.444381545428814,0.2114350410416077,0.1016133597509199,0.0328332861590716,0.0554769317860175,1,Blumenviertel,3979.0,0.295,0.017,0.422,0.031,0.813,0.007,0.138,0.037,0.008,0.014,0.053,-0.003,0.038,-0.004,7.0,0.6736602628918099,0.0346309403437816,0.0393982808022922,0.3818181818181818,0.0090735434574976,0.0630372492836676,0.0974212034383954,-0.227027027027027,0.0079574952233144,0.0081894190306806,0.0003560720440849,-0.0006230006523238,0.01536582911227,-0.0005627032778548,0.0006453937609551,-0.0427844055730112,-0.0019058482503629,-0.0005289611377105,0.0007117786648737,27.5,1
08401242,Zittauer Straße,08 - Neukölln,7.55,0.4309999999999145,1,2.197802197802198,555.5230376155242,0.0300563239048123,0,0.9682509232123512,1.665001665001665,0.0,0.0009990009990009,0.1914751914751915,0.3476523476523476,0.1894771894771894,0.2147852147852147,0.0339660339660339,0.0193140193140193,1,Zittauer Straße,4005.0,0.268,0.012,0.414,0.026,0.799,-0.006,0.1,0.008,0.01,0.006,0.048,-0.001,0.043,-0.001,7.0,0.7488083889418494,0.0247855100095328,0.0110599078341013,0.5,0.0027649769585253,0.0525345622119815,0.1078341013824884,0.0,0.0008774101739249,-0.0008218995576789,0.0053536700478202,-0.0020865605354552,0.0046597271900417,-0.0019203448131249,-0.0012665911651442,-0.0352123552123552,-0.0005613922749451,-0.0019072664738419,0.0013781212262113,4.0,0
08401243,Alt-Rudow,08 - Neukölln,11.36,0.9739999999998524,0,1.696268209938136,600.0,0.0449608373864862,0,0.7421331145345559,1.995609658750748,0.0,0.0371183396527639,0.0868090201556575,0.6246258231889842,0.1187387746956695,0.0913989223707842,0.0165635601676312,0.0243464378367591,1,Alt-Rudow,3634.0,0.312,0.025,0.48,0.006,0.818,-0.008,0.123,0.013,0.007,-0.008,0.093,0.001,0.047,0.0,7.0,0.6978293043907252,0.0545140601874691,0.0715466351829988,0.504950495049505,0.0028335301062573,0.0949232585596221,0.150177095631641,-0.2393822393822393,0.0104817047014194,0.007570428157823,0.0003702762785404,-0.0017009741162727,0.0049425244916666,-0.0014848227237851,0.007203766364601,0.0549673082923511,-3.5338021861646126e-05,0.0015792887849083,0.0029349013163141,50.5,1
08401244,Waßmannsdorfer Chaussee,08 - Neukölln,17.05,2.32399999999966,1,1.4294790343074968,583.6328913648683,0.041014649664323,0,0.673674533667479,0.6353240152477764,0.0,0.0038119440914866,0.1238881829733163,0.4615628970775095,0.1655019059720457,0.1057814485387547,0.0330368487928843,0.1060991105463786,1,Waßmannsdorfer Chaussee,4180.0,0.264,0.005,0.413,0.024,0.785,-0.004,0.095,0.013,0.0,-0.011,0.046,0.003,0.042,-0.003,7.0,0.7939418094858509,0.0143483459545635,0.0318199456732634,0.4146341463414634,0.0,0.0628637951105937,0.1722933643771827,0.1482625482625482,-0.010049974035148,0.0027534975548873,-0.0026888067806582,-0.0031339260355505,0.0092278954493745,0.0024650535254911,0.0004761089319279,-0.01720437863295,0.0,-0.0003322803281989,0.0054454823954818,13.666666666666666,1
08401245,Frauenviertel,08 - Neukölln,11.2,0.6609999999999105,0,0.7083825265643447,619.5142372917325,-0.2312859554518015,0,0.6699831240047194,0.5903187721369539,0.0,0.0017709563164108,0.0,0.0100354191263282,0.0023612750885478,0.8476977567886659,0.0312868949232585,0.1086186540731995,1,Frauenviertel,3687.0,0.346,0.008,0.457,0.012,0.761,0.011,0.112,-0.0,0.009,-0.01,0.073,-0.018,0.073,-0.001,5.0,0.7489878542510121,0.0242914979757085,0.0353982300884955,0.5,0.0039331366764995,0.0943952802359882,0.135693215339233,-0.4015444015444015,0.012843606914221,0.0113917219267738,-0.0002836040306786,0.0,0.0008862746700186,-0.003947144624024,-0.0008045820621518,-0.0037506894649751,0.0018610726080316,-0.0010330272061274,0.0033088842056859,6.0,1
08401246,Waltersdorfer Chaussee Ost,08 - Neukölln,7.36,0.1239999999999793,0,1.920838183934808,600.0000066050085,0.046323478738435,0,0.6832245807275389,4.365541327124563,0.0,0.0014551804423748,0.059953434225844,0.2610593713620489,0.5078579743888242,0.1201979045401629,0.0212456344586728,0.029685681024447,1,Waltersdorfer Chaussee Ost,3774.0,0.284,-0.003,0.377,-0.004,0.761,-0.014,0.117,0.029,0.014,0.009,0.101,0.007,0.072,0.007,7.0,0.816358839050132,0.0189973614775725,0.01956745623069,0.3157894736842105,0.0030895983522142,0.0895983522142121,0.1730175077239958,0.1081081081081081,-0.0115495704208519,0.0071057835078554,0.001412708093892,0.0012559929079947,0.0087834093652169,0.0023311591321228,0.0001813463496176,0.0443096157381871,9.202380156191936e-05,0.0009681223845557,0.004538509063249,6.333333333333333,1
09100101,Alt-Treptow,09 - Treptow-Köpenick,18.13,1.2449999999998436,0,1.4435324087178034,2013.921717464422,-0.2884677360360835,0,0.3664850554468131,15.284460798188508,0.0,0.4252759694310784,0.1303424851401075,0.1787432776677045,0.0227851684121143,0.1292103028587602,0.0073591848287574,0.105434474950467,1,Alt-Treptow,4445.0,0.445,-0.015,0.597,0.001,0.807,0.012,0.143,0.004,0.002,0.006,0.075,-0.02,0.055,-0.004,6.0,0.6799788695192815,0.0656101426307448,0.0447026388341866,0.5594713656387665,0.001181567546278,0.0744387554155179,0.1234738085860575,0.4447876447876447,-0.0170248453319452,0.0113319195510325,0.0049780797738237,0.0001575767358302,0.0104202721177083,0.0004482838339261,0.0021773161799767,0.0023203331525191,-2.149799941632772e-05,0.0001279463435621,4.057741832209218e-05,75.66666666666667,1
09100202,Plänterwald West,09 - Treptow-Köpenick,12.21,0.9349999999998024,1,0.5338078291814947,872.0739547548375,-0.462249691349985,0,0.4204729624875669,16.459074733096084,0.0,0.3153914590747331,0.1543594306049822,0.4395017793594306,0.0062277580071174,0.0662811387900355,0.0142348754448398,0.0040035587188612,1,Plänterwald West ,4180.0,0.38,-0.018,0.582,0.024,0.805,0.016,0.135,0.02,0.009,0.017,0.046,-0.013,0.043,-0.011,8.0,0.6740331491712708,0.0538674033149171,0.0186470078057242,0.4418604651162791,0.002601908065915,0.0624457935819601,0.1561144839549002,0.2972972972972973,0.0057674295572575,0.0145614801448349,0.0051928380905472,-5.892843364277798e-06,0.0014995615167694,0.0035686545754563,-0.0029377989401517,-0.0527154055725484,0.0012039135145689,-0.0012591568731241,0.0035566994757406,7.166666666666667,1
09100203,Plänterwald Ost,09 - Treptow-Köpenick,12.13,0.4020000000001137,0,1.8693551774837216,509.9651476875061,-0.3165724206389957,0,0.6657253645126665,1.890359168241966,0.0,0.0050409577819785,0.2934257508926696,0.6698172652804033,0.0,0.0065112371350556,0.0,0.0254148288174753,1,Plänterwald Ost ,3467.0,0.47,0.064,0.694,-0.002,0.903,-0.001,0.158,0.026,0.001,0.003,0.081,-0.013,0.036,-0.006,6.0,0.8769230769230769,0.0205128205128205,0.0257675438596491,0.6382978723404256,0.0032894736842105,0.0953947368421052,0.1842105263157894,-0.0169884169884169,-0.0050335537376427,0.0079317435567078,0.0035172060461971,0.0,0.0029398495033906,0.0015840063866683,0.0009968950412602,0.0534013605442177,7.187965015294315e-05,-0.0015968253168454,0.0040777292131216,7.833333333333333,1
09100304,Baumschulenweg West,09 - Treptow-Köpenick,13.95,0.7019999999998594,0,1.162625832978874,558.5861515147708,-0.3674300063204985,0,1.0,2.835672763363108,0.0,0.2448603431164043,0.1746774422231674,0.4935488444633489,0.0039699418687083,0.0354459095420388,0.0014178363816815,0.0460796824046505,1,Baumschulenweg West,3805.0,0.421,0.016,0.645,0.005,0.862,-0.004,0.152,0.008,0.015,-0.001,0.061,-0.007,0.046,-0.003,6.0,0.782967032967033,0.0299700299700299,0.0467334287076776,0.4795918367346938,0.0014306151645207,0.0886981402002861,0.1487839771101573,0.0046332046332046,0.0091949441127198,0.0045760790502438,0.0019183836892893,0.0006528636211412,0.0079351694475926,0.0002734503094508,-0.0002082988888734,0.0424327944047333,0.0005578094414668,0.0003083138739377,0.0034600046215098,32.666666666666664,1
09100305,Baumschulenweg Ost,09 - Treptow-Köpenick,16.36,1.5679999999998215,1,1.3948082138705928,542.4866151007402,-0.3852680701882642,0,1.0,4.261913986826811,0.0,0.3118946144905075,0.4362650135606354,0.221232080588919,0.0,0.0038744672607516,0.0,0.0255714839209608,1,Baumschulenweg Ost,3832.0,0.507,0.016,0.685,-0.002,0.868,0.003,0.187,0.011,0.033,0.029,0.068,-0.015,0.04,-0.008,5.0,0.8694424841213833,0.0070571630204657,0.0327759197324414,0.6122448979591837,0.0,0.0882943143812709,0.2207357859531772,-0.2393822393822393,-0.0007466034106582,0.0113199040558673,0.0026942110693203,0.0,0.0054048022005038,-0.0003608870461376,-0.0019828029874637,0.0052123552123552,-0.0007075225242009,-0.0011486662570234,0.0056430880268762,8.166666666666666,1
09100306,Späthsfelde,09 - Treptow-Köpenick,8.76,,1,1.1484098939929328,466.8342254451146,0.1414667543261137,0,0.2416120533309267,6.183745583038869,0.0,0.0265017667844522,0.3206713780918728,0.1051236749116607,0.0768551236749116,0.3295053003533569,0.1042402826855123,0.0371024734982332,1,Späthsfelde,4346.0,0.262,0.002,0.379,0.026,0.802,0.004,0.111,0.01,0.013,0.028,0.049,-0.026,0.037,-0.01,6.0,0.6881382560879812,0.03770620581304,0.0229533282325937,0.7,0.0045906656465187,0.1009946442234124,0.1514919663351185,-0.2347490347490347,-0.0074830151396718,0.0035910073553943,0.0085672576042867,0.0013598363076691,-0.0089330481131187,0.0004362226616255,-0.0045393112014025,0.0176282404853833,-0.000173161773423,0.0024289254498985,0.0042894757697392,5.0,1
09100407,Johannisthal West,09 - Treptow-Köpenick,17.01,0.6019999999999405,0,1.345004269854825,507.4712017738446,-0.0177353330841808,0,0.4862948619215153,3.6293766011955593,0.0,0.0335183603757472,0.1861656703672075,0.6458155422715628,0.0296754910333048,0.0155849701110162,0.0192143467122117,0.0698121263877028,1,Johannisthal West,3738.0,0.334,0.033,0.556,0.01,0.842,-0.01,0.13,0.02,0.011,-0.008,0.068,0.007,0.053,-0.001,5.0,0.8409931325937665,0.0063391442155309,0.0192600101368474,0.6578947368421053,0.0,0.0912316269640142,0.1581348200709579,-0.2795366795366796,0.0140113906588902,0.0171315217916288,0.0042875419179159,-0.0001640297500015,0.0183820210782076,-0.0032046467512528,-0.002846245705707,0.0877244591530305,0.0,0.0007165721952763,0.0036130049290197,6.333333333333333,1
09100408,Johannisthal Ost,09 - Treptow-Köpenick,13.66,0.6809999999999314,0,1.915301127899553,509.33650405467154,-0.2601222928942968,0,1.0,2.128112364332837,0.0,0.1715258565652266,0.4728665673547563,0.1481166205575654,0.0557565439455203,0.0691636518408172,0.0153224090231964,0.069802085550117,1,Johannisthal Ost,3806.0,0.421,0.005,0.567,0.006,0.814,-0.001,0.135,-0.002,0.006,-0.008,0.078,-0.004,0.059,-0.01,5.0,0.7492447129909365,0.0459885867740852,0.0530376084860173,0.6363636363636364,0.0038572806171648,0.0964320154291224,0.1350048216007714,-0.3714285714285714,0.0122999973049483,0.0116846967086212,0.0031045822191689,0.0,0.0070819513278397,-0.0012818856576592,0.0031832755390357,-0.0231582516332998,0.0008009879084909,-0.0004333330669832,0.0022572768196156,27.5,1
09100409,Landschaftspark Adlershof,09 - Treptow-Köpenick,11.0,1.019999999999815,0,1.053283767038414,672.8050010184222,0.2308941827741411,0,0.2281299548250132,3.717472118959108,0.0,0.0086741016109045,0.0489467162329615,0.0105328376703841,0.1201982651796778,0.1313506815365551,0.298636926889715,0.3798017348203222,1,Landschaftspark Adlershof,4141.0,0.402,0.081,0.36,0.028,0.75,0.027,0.307,0.115,0.215,0.09,0.063,0.018,0.061,-0.004,8.0,0.5018813314037627,0.1250361794500723,0.0082417582417582,0.6,0.0065934065934065,0.0873626373626373,0.1021978021978022,0.0,-0.0250218102468855,0.0070305276170029,0.0048816035024384,0.000694424809492,0.0077169105525136,-0.0031740164526659,-0.0004640993426294,0.0526126126126126,0.0007698086282777,0.0013131144259549,0.0021349042588678,5.0,1
09200510,Helmholtz-Kiez,09 - Treptow-Köpenick,14.0,1.0849999999998388,0,1.8476277372262773,739.1819536686093,-0.4844722792378087,0,0.2761529216927477,3.6496350364963503,0.0,0.4215328467153285,0.1530565693430657,0.1453010948905109,0.0136861313868613,0.0650091240875912,0.0,0.2005018248175182,1,Helmholtz-Kiez,3640.0,0.564,0.017,0.611,0.002,0.839,0.009,0.209,0.022,0.004,0.011,0.14,-0.023,0.05,-0.012,5.0,0.6671203577678397,0.058331713007972,0.0319911748483177,0.3045977011494253,0.0033094318808604,0.0761169332597904,0.1257584114726971,0.0509652509652509,-0.016244026191387,0.0056635235154867,0.0035723533645351,-0.0001356930989795,0.0041835966396303,-0.0009370370326966,-6.388502317893871e-05,0.0058577713750127,-0.0006397708919906,-0.0011166660616327,0.0021319636324323,29.0,1
09200511,Griechischer Park,09 - Treptow-Köpenick,9.66,0.4509999999999164,0,1.113025043063469,701.0681863591865,-0.5374629652140679,0,0.9275435159286128,6.360143103219823,0.0,0.2842188949251358,0.3398701470783092,0.23638531866967,0.0,0.0597588445740029,0.0058301311779515,0.073274148668345,1,Griechischer Park,3611.0,0.487,0.01,0.622,0.02,0.826,0.016,0.164,-0.007,-0.0,-0.01,0.112,-0.029,0.069,-0.005,5.0,0.7860435875943,0.0266135792120704,0.0593441963387648,0.2813559322033898,0.0024140012070006,0.1086300543150271,0.1689800844900422,-0.0231660231660231,-0.0044511427138848,0.0081762401200749,6.651663217644493e-05,0.0001228845989041,0.0062487457657751,0.000209580579024,0.0008011500401679,-0.012878200773307,0.0001228760567287,0.0014146947469784,0.0032955920540835,49.166666666666664,1
09200512,Wuhlheide,09 - Treptow-Köpenick,10.67,-0.4789999999999131,0,1.2693375644585485,688.8224759080825,-0.5550159401941682,0,0.1399486625415829,1.190003966679889,0.0,0.2725109083696945,0.0479968266560888,0.2760809202697342,0.0035700119000396,0.0971836572788576,0.002776675922253,0.2986909956366521,1,Wuhlheide,3798.0,0.579,0.037,0.598,-0.001,0.858,0.011,0.247,0.028,-0.026,-0.064,0.09,-0.029,0.048,-0.006,7.0,0.6052376333656644,0.0935984481086324,0.0627576729271644,0.5109489051094891,0.0027485112230874,0.1099404489234997,0.1126889601465872,0.2918918918918919,0.0011645230398456,0.004620399902208,0.004909268477808,-4.4409835343913075e-05,0.0135196379843146,0.0016948562438538,0.0073673986662745,0.0237610187043873,-2.2204917671956012e-05,0.0022456611226023,0.0019980846761818,22.833333333333332,1
09200613,Bahnhof Schöneweide,09 - Treptow-Köpenick,19.66,1.3939999999998072,0,1.5836230204712245,666.9131225464071,-0.194830829594773,0,0.3488931116177809,5.6006179992275005,0.0,0.3603707995365006,0.1037079953650058,0.2070297412128234,0.0036693704132869,0.0762842796446504,0.0,0.2468134414831981,1,Bahnhof Schöneweide ,3928.0,0.554,0.014,0.567,0.016,0.821,0.001,0.247,0.017,0.031,-0.006,0.109,-0.006,0.048,-0.005,4.0,0.7421800947867299,0.0500473933649289,0.0496905715325809,0.5201465201465202,0.0045504186385147,0.127775755369494,0.113578449217328,-0.1714285714285714,-0.0057467966690948,0.0098735537164873,0.0025145590253468,-0.0003308858168864,0.0114193714701386,0.0004255153039336,0.0005979209985179,-0.0627783944247959,-0.0005139033123037,0.0015098412265642,-0.0005487612786116,45.5,1
09200614,Oberspree,09 - Treptow-Köpenick,17.26,0.366000000000041,0,1.8388318009734992,444.8449039117921,-0.0914459369326205,0,0.4463026656471022,1.081665765278529,0.0,0.0016224986479177,0.2623039480800432,0.5516495402920497,0.1400757166035695,0.0394808004326663,0.0032449972958355,0.0,1,Oberspree ,3679.0,0.34,0.069,0.52,-0.003,0.826,-0.016,0.193,0.102,0.082,0.078,0.106,0.029,0.05,-0.008,6.0,0.7798053527980535,0.0401459854014598,0.0093240093240093,0.0,0.0069930069930069,0.1048951048951049,0.1678321678321678,-0.7644787644787645,0.0449832531659315,0.0106566082828032,0.025544751212755,-0.0001208674293022,0.0108893940357487,0.0024653517426059,0.0003423165155606,-0.4837310924369747,-0.0001208674293022,0.0027375492339237,0.0043225303444549,1.3333333333333333,0
09200715,Wista,09 - Treptow-Köpenick,15.42,1.1519999999997752,0,1.095100864553314,792.2374641500463,-0.3412816991386621,0,0.1147912582297333,7.492795389048991,0.0,0.0380403458213256,0.001729106628242,0.0121037463976945,0.0040345821325648,0.0299711815561959,0.0,0.9152737752161384,1,Wista ,4194.0,0.609,0.001,0.406,0.024,0.767,0.001,0.19,-0.05,-0.013,-0.005,0.068,0.019,0.04,0.004,8.0,0.3578611143972554,0.2148349698331953,0.0239883421141127,0.5654205607476636,0.001345140679296,0.0605313305683219,0.0538056271718417,0.2996138996138996,-0.0052629109725984,0.0074714778524618,0.0048582631583796,0.0016491574053551,0.0194063723655628,-0.0019765671933135,0.0020840830952918,-0.0457509404515206,-3.811259585584203e-05,-0.0010576599947439,-0.0001627703179429,35.666666666666664,1
09200716,Dörpfeldstraße West,09 - Treptow-Köpenick,14.24,1.2199999999998337,0,1.5496595444940129,484.045610237374,-0.3412230710096525,0,1.0,3.052359708851843,0.0,0.2362056820849964,0.4160601080065743,0.1920638647569852,0.0084526884245127,0.0784221648274242,0.0044611411129373,0.0645691476872505,1,Dörpfeldstraße Ost ,3825.0,0.456,0.048,0.583,0.005,0.85,0.02,0.189,0.027,-0.01,-0.016,0.083,-0.01,0.053,-0.011,7.0,0.7022900763358778,0.0516175936023264,0.045777146912704,0.5116279069767442,0.0,0.1213626685592618,0.1256210078069553,-0.1528957528957529,-0.0092237522402766,0.0127550091466093,0.0011132202374017,0.0003477996049099,0.0140359976200895,-0.0002267382313907,-0.0036571313316875,-0.0018350137356348,0.0,0.0032083357138955,0.0032790741202881,21.5,1
09200717,Dörpfeldstraße Ost,09 - Treptow-Köpenick,13.2,0.7609999999998924,0,1.6451441712365116,456.3120716560797,-0.2820171644762496,0,0.6292564554449024,3.007252786131258,0.0,0.2244825756235627,0.2427029895630638,0.273836900760658,0.0199893861666371,0.1500088448611357,0.0284804528568901,0.0606757473907659,1,Dörpfeldstraße West ,3826.0,0.444,0.036,0.614,0.012,0.848,0.006,0.17,0.02,0.021,0.015,0.086,-0.003,0.054,-0.003,6.0,0.7663464518128292,0.0520607375271149,0.0197782439316751,0.6363636363636364,0.0002996703626011,0.0899011087803416,0.1060833083608031,-0.3266409266409266,0.0104332408818136,0.0050716548187008,0.0001932103603613,0.0,0.0083889676630236,0.0026783380557102,0.0002277708347596,0.0273967473967474,-1.0128422666340551e-05,0.0006419372577035,0.0024417709924705,11.0,1
09200818,Spindlersfeld,09 - Treptow-Köpenick,20.0,1.1499999999998851,0,1.3966480446927374,653.7468938935202,-0.156337294152708,0,0.8015723946622298,1.86219739292365,0.0,0.2830540037243947,0.1205772811918063,0.3831471135940409,0.0144320297951582,0.0297951582867784,0.0032588454376163,0.1638733705772811,1,Spindlersfeld,4227.0,0.53,0.117,0.511,-0.022,0.835,0.019,0.228,0.092,0.048,-0.007,0.07,-0.013,0.052,-0.016,3.0,0.8318703578663066,0.0121539500337609,0.0149642160052049,0.3478260869565217,0.0,0.1483409238776838,0.128822381262199,-1.0,0.0126997186906802,-0.0027787256493841,-0.0019327288093197,-0.0004606828890389,0.0139381193885911,-0.0030670558200281,-0.0003384646528225,-0.1424967824967825,0.0,-0.0013142042800176,0.0018161076217287,3.8333333333333335,0
09200819,Köllnische Vorstadt,09 - Treptow-Köpenick,11.05,0.5529999999998969,0,1.6760992599042228,586.7113898417654,-0.2682367392309043,0,0.4453471914500512,2.1767522855898997,0.0,0.1284283848498041,0.0770570309098824,0.2189812799303439,0.3415324336090553,0.1062255115367871,0.0106660861993905,0.1158032215933826,1,Köllnische Vorstadt,3347.0,0.436,0.012,0.569,0.016,0.803,0.01,0.188,0.051,0.043,0.031,0.117,-0.04,0.071,-0.016,6.0,0.6994889267461669,0.0555366269165247,0.0327439423706614,0.33,0.0078585461689587,0.1218074656188605,0.1198428290766208,0.1065637065637065,-0.0068039879772935,0.0079429486006775,0.0040183617160639,8.003943350768679e-05,0.0214516790990118,0.0018802334525851,0.0020199890417852,-0.0999761540097674,-1.423765241451152e-05,0.0020928580168804,0.000706317229182,16.666666666666668,1
09300920,Dorf Altglienicke,09 - Treptow-Köpenick,17.67,2.4749999999995853,0,1.9422762751860592,489.6335701952379,0.0522699775045677,0,0.7933120055650573,3.267380649845707,0.0,0.0771464875658014,0.1613722998729352,0.0600834997277182,0.0530041749863859,0.342167362497731,0.0795062624795788,0.2270829551642766,1,Dorf Altglienicke,4121.0,0.325,0.007,0.359,0.01,0.726,-0.006,0.111,-0.026,0.006,-0.039,0.058,0.007,0.058,-0.002,7.0,0.7289514178940426,0.0360518795339635,0.0282013787340714,0.6888888888888889,0.002924587424274,0.0739502820137873,0.1278462502611238,0.0,-0.006631692437348,0.0078727748835042,0.0058632619713434,0.0,0.0092171071528101,-0.0001026175402717,0.0008705782482009,-0.0227754576574452,-0.000227458507624,-0.0015415911028454,0.0027590925891593,22.5,1
09300921,Preußen Siedlung,09 - Treptow-Köpenick,12.08,0.7379999999997998,1,2.4539877300613497,489.689649133158,0.0645678527997489,0,0.7876739010388444,1.5337423312883436,0.0,0.1081288343558282,0.2783742331288343,0.0682515337423312,0.0506134969325153,0.2116564417177914,0.0989263803680981,0.1809815950920245,1,Preußen Siedlung,4335.0,0.308,-0.003,0.409,0.015,0.789,0.011,0.148,0.065,0.059,0.043,0.025,0.0,0.036,-0.001,6.0,0.7632432432432432,0.0194594594594594,0.0,,0.0,0.0920245398773006,0.1104294478527607,-0.3451737451737451,-0.0178338363211835,0.0062173314198155,-0.0009766546841134,0.0,0.0056050634827077,0.0030016807450608,0.0,,0.0,0.0002138922795237,0.0019219158851242,0.0,0
09300922,Kosmos Viertel,09 - Treptow-Köpenick,6.7,0.0800000000000019,1,1.8076178179470628,499.98569699101546,-0.1821933893829299,0,0.9971061723548956,0.3227888960619754,0.0,0.0,0.0,0.0,0.4748224661071659,0.4845061329890252,0.0,0.0403486120077469,1,Kosmos Viertel,2937.0,0.336,0.012,0.484,0.007,0.778,0.006,0.099,-0.033,0.02,-0.022,0.222,-0.002,0.098,-0.016,4.0,0.8544378698224852,0.0213017751479289,0.0669745958429561,0.6206896551724138,0.0,0.138568129330254,0.277136258660508,-0.2972972972972973,0.0021130892183604,0.0002239212049667,0.008450316751203,0.0001159811467331,0.0180277770757734,0.0004486966799272,0.002707540563729,0.0192426192426192,0.0,0.0010797346198499,0.0078434470168074,9.666666666666666,1
09300923,Kölner Viertel,09 - Treptow-Köpenick,9.95,0.6489999999998849,0,0.9507829977628636,495.096691262508,-0.0384212351502295,0,0.929705688154817,1.1185682326621924,0.0,0.0055928411633109,0.0559284116331096,0.0254474272930648,0.0422259507829977,0.7757270693512305,0.0623601789709172,0.0338366890380313,1,Kölner Viertel,3548.0,0.345,0.014,0.39,-0.005,0.704,-0.011,0.185,0.048,0.043,0.049,0.15,0.016,0.104,0.007,5.0,0.8261546445251686,0.0041515308770108,0.0284715284715284,0.5789473684210527,0.0,0.1258741258741258,0.1588411588411588,-0.5822393822393823,0.0229965023937528,-0.0029738993720049,0.0039261531986464,0.0,0.0050949899978689,-0.0012411195054959,0.0009638649176578,0.0327241527241527,0.0,0.0019043012474112,0.0027127462483566,9.5,1
09301024,Falkenberg,09 - Treptow-Köpenick,15.5,0.8539999999998464,1,4.591104734576758,442.62951735523336,0.0634284538711659,0,0.8415047114782717,2.152080344332855,0.0,0.1305595408895265,0.0817790530846484,0.0781922525107604,0.0150645624103299,0.127690100430416,0.1025824964131994,0.4648493543758967,1,Falkenberg,4071.0,0.387,0.056,0.354,0.008,0.697,-0.053,0.123,-0.028,0.011,-0.058,0.084,0.058,0.062,0.011,6.0,0.6496034607065609,0.099495313626532,0.0403496973772696,0.3,0.0040349697377269,0.0766644250168123,0.0484196368527236,-0.0339768339768339,0.0106745943512189,-0.0018579862159504,0.0009334754404616,-0.0007981089320408,0.021769421035586,-0.0046682876146129,-0.0036388637637882,-0.0666120666120666,-0.0003992615220767,-0.0041480539177121,-0.0007608438314441,10.0,1
09301025,Alt-Bohnsdorf,09 - Treptow-Köpenick,13.06,0.3009999999998729,0,2.255786582973715,414.811028966932,0.1340752907905199,0,0.6801385070151256,4.511573165947431,0.0,0.0608081600627697,0.3087485288348371,0.1035700274617497,0.1174970576696743,0.2308748528834837,0.1041584935268732,0.0731659474303648,1,Alt-Bohnsdorf,3689.0,0.319,0.032,0.424,0.017,0.805,-0.005,0.181,-0.037,0.011,-0.008,0.053,0.003,0.047,-0.004,7.0,0.6564275194613928,0.0814222596254996,0.0141843971631205,0.5714285714285714,0.019047619047619,0.0729483282674772,0.1252279635258358,0.0,-0.0048269889794323,0.0061844540799441,0.0043454824573213,0.000212313073808,0.0069371797238678,0.0041063722072164,0.0013176849199982,-0.0762887562887562,0.0021213176765946,0.0003986804341961,0.0025042669432503,11.666666666666666,1
09301126,Grünau,09 - Treptow-Köpenick,18.55,1.1809999999998115,0,1.606805293005671,698.9495662269522,-0.2928388317869962,0,0.1555284776434507,4.489603024574669,0.0,0.1784026465028355,0.1089319470699432,0.3003308128544423,0.0427693761814744,0.150992438563327,0.0198487712665406,0.1989603024574669,1,Grünau,4377.0,0.355,0.008,0.491,0.006,0.81,-0.009,0.156,-0.003,0.015,-0.022,0.036,-0.005,0.044,-0.001,6.0,0.6921159239638517,0.0560922405733873,0.0407307577118897,0.5073529411764706,0.0071877807726864,0.1078167115902965,0.0934411500449236,0.0,0.0126115865042368,0.0109017932346568,0.0051432736954355,0.0004551251327774,0.0020107929226363,-0.0021476480276919,0.0001905063886833,0.0061030035191526,-0.0002964812436705,0.0011425135097824,0.0012451005841029,22.666666666666668,1
09301227,Karolinenhof,09 - Treptow-Köpenick,15.0,1.037999999999856,1,2.5612472160356345,430.0,0.1236139559671766,0,0.3578947945828624,4.4543429844097995,0.0,0.0278396436525612,0.3418708240534521,0.086859688195991,0.0935412026726058,0.3151447661469933,0.066815144766147,0.0712694877505567,1,Karolinenhof,,0.231,0.015,0.389,0.029,0.803,0.012,0.084,0.01,0.005,-0.01,0.012,-0.003,0.038,0.002,10.0,0.8292682926829268,0.021680216802168,0.0151706700379266,0.5,0.0126422250316055,0.0530973451327433,0.13653603034134,0.3057915057915058,-0.0201129857981785,0.0049835754505447,0.0100947841627484,0.0,0.0083923088006006,0.0021512975220965,-0.0008556317213265,-0.0254826254826254,0.0016304825703155,0.0014095708275421,0.0026360828392448,2.0,0
09301228,Schmöckwitz/Rauchfangswerder,09 - Treptow-Köpenick,16.85,1.3039999999997822,1,6.333072713057075,341.4861590413159,0.1022122874580295,0,0.0992736499730432,20.32838154808444,0.0,0.107896794370602,0.2681782642689601,0.0789679437060203,0.0351837372947615,0.2634870992963252,0.1118060985144644,0.1383893666927287,1,Schmöckwitz/Rauchfangswerder,4512.0,0.27,0.005,0.386,0.021,0.785,0.001,0.101,0.018,0.022,-0.001,0.028,-0.002,0.044,-0.002,9.0,0.7755644090305445,0.0278884462151394,0.0493273542600896,0.4675324675324675,0.0044843049327354,0.0807174887892376,0.1114670083279948,-0.071042471042471,0.0061101881088656,0.0133484087903258,0.0009921782016926,0.0,0.0116145605250699,0.0030637262445317,0.0003620933365059,0.0203470917756632,-0.0018786827098841,0.0002378383460266,0.0013725597316395,12.833333333333334,1
09401329,Kietzer Feld/Nachtheide,09 - Treptow-Köpenick,16.07,1.9909999999996768,0,1.0171215460247498,592.8102180393996,-0.0396501571629358,0,0.1348571220574247,1.525682319037125,0.0,0.0140701813866757,0.1785048313273436,0.4446516358704865,0.0608577725038142,0.1627394473639599,0.0513646380742498,0.0874724529581285,1,Kietzer Feld/ Nachtheide,3799.0,0.31,0.065,0.519,0.009,0.847,-0.02,0.175,0.077,0.069,0.055,0.052,0.008,0.042,0.001,9.0,0.7287096774193549,0.0370967741935483,0.0263901979264844,0.7738095238095238,0.0059692114357524,0.0999057492931197,0.1168708765315739,-0.0787644787644787,0.0257433462354062,0.0130303168382892,0.0016343237275202,-1.7110912221599814e-06,0.0057205078242133,-9.755562507996656e-05,-0.0011327970583296,0.0406344367268737,0.0004748828797607,0.0016188460242055,0.0027848310222791,14.0,1
09401330,Wendenschloß,09 - Treptow-Köpenick,14.11,0.8719999999998533,0,2.3178807947019866,750.0,0.0,0,0.5521142010357631,3.3112582781456954,0.0,0.1445916114790287,0.2737306843267108,0.0949227373068432,0.0463576158940397,0.2958057395143488,0.0717439293598234,0.0673289183222958,1,Wendenschloß,,0.228,-0.001,0.393,0.001,0.79,-0.006,0.095,-0.0,-0.004,0.006,0.015,-0.004,0.041,-0.004,11.0,0.6518518518518519,0.0328042328042328,0.0123076923076923,1.0,0.0,0.043076923076923,0.0923076923076923,0.416988416988417,-0.0134082113663485,0.0221479328294376,0.0164637500440006,0.0,0.0079246123153796,-0.0008458890943973,-0.002403035387306,0.1585585585585586,0.0,-0.0023064409987034,0.0007523289287144,2.0,0
09401431,Allende I,09 - Treptow-Köpenick,14.0,1.8859999999996888,0,0.9539473684210528,548.5826726665151,-0.2282508422540181,0,0.9367294038011068,0.0,0.0,0.0108552631578947,0.0197368421052631,0.7404605263157895,0.0309210526315789,0.0835526315789473,0.0052631578947368,0.1101973684210526,1,Allende I,3541.0,0.289,0.033,0.51,0.008,0.849,-0.008,0.132,0.024,0.038,0.021,0.074,0.016,0.049,-0.002,6.0,0.7392497712717292,0.0457456541628545,0.0876288659793814,0.4117647058823529,0.0,0.0773195876288659,0.1082474226804123,-0.5637065637065637,0.0334770426180184,0.0006618376623825,-0.001730145244924,0.0,0.009911142483164,-0.0020970864534971,-0.0077617185716108,-0.0240274772782512,0.0,-0.0019206308163782,0.0002400940515194,17.0,1
09401432,Siedlung Kämmereiheide,09 - Treptow-Köpenick,10.67,0.4479999999999214,1,2.989130434782609,492.325805278107,-0.0723924885502656,0,0.4062127917304072,5.434782608695652,0.0,0.0,0.1195652173913043,0.3559782608695652,0.0326086956521739,0.422554347826087,0.0217391304347826,0.0339673913043478,1,Siedlung Kämmereiheide,,0.289,-0.015,0.389,0.015,0.744,-0.013,0.103,0.011,0.017,0.001,0.087,0.015,0.075,0.011,9.0,0.7830423940149626,0.0149625935162094,0.0141176470588235,1.0,0.0,0.1411764705882353,0.1129411764705882,0.5498069498069498,-0.0134683489368511,0.0189326644396135,0.0108377857035315,0.0078497095643451,-0.0192106218359303,0.0041598137998489,-0.000238216730603,0.0,0.0,0.0017014185538136,0.0016349782706325,1.0,0
09401433,Allende II,09 - Treptow-Köpenick,7.02,0.312999999999945,0,1.019974500637484,500.0,-0.1823981634095266,0,0.160806035812196,0.8499787505312367,0.0,0.0,0.0,0.1338716532086697,0.856353591160221,0.0,0.0059498512537186,0.0029749256268593,1,Allende II ,3151.0,0.288,0.002,0.563,0.037,0.867,0.018,0.242,0.072,-0.031,-0.071,0.076,-0.014,0.051,-0.003,5.0,0.8245341614906833,0.0527950310559006,0.0563798219584569,0.1578947368421052,0.0,0.1691394658753709,0.2047477744807121,-1.5899613899613898,0.0208787056915576,0.0120920349334377,-0.000198646109942,0.0,0.0055813190071375,-0.0006594547622802,-0.0034625455814834,-0.1076668505239933,0.0,0.0058798755012427,0.0035985206030575,6.333333333333333,1
09401534,Altstadt Köpenick,09 - Treptow-Köpenick,9.14,-0.0989999999999767,0,1.7280813214739517,955.5928721662012,-0.2998981599243985,0,0.7444831020182349,2.2871664548919948,0.0,0.2513341804320203,0.0752223634053367,0.0246505717916137,0.4271918678526048,0.1252858958068615,0.0121982210927573,0.0853875476493011,1,Altstadt Köpenick,3486.0,0.401,-0.007,0.57,0.011,0.783,0.005,0.167,0.021,0.0,-0.001,0.131,-0.012,0.083,-0.006,7.0,0.676249144421629,0.0400410677618069,0.0948304247612775,0.6840277777777778,0.0039512676983865,0.0612446493249917,0.1461969048403029,0.1235521235521235,0.0087873826000729,0.0118409994470785,0.0037595881919496,-2.5370316002194097e-05,0.0037592855958255,0.0052815749020321,0.0012396586826383,-0.031047111408557,-0.0005794994945414,-0.0012370868965678,0.0029759996147079,48.0,1
09401635,Müggelheim,09 - Treptow-Köpenick,14.92,0.4469999999999337,0,2.15625,380.0,0.1410785982599056,0,0.1270815274142648,7.5,0.0,0.015625,0.1978125,0.0996875,0.06,0.3740625,0.1334375,0.12,1,Müggelheim,4109.0,0.237,-0.005,0.361,0.015,0.791,-0.007,0.078,-0.0,0.004,-0.003,0.021,0.0,0.045,0.004,10.0,0.7547703180212014,0.019434628975265,0.0361158432708688,0.490566037735849,0.0020442930153321,0.0654173764906303,0.145144804088586,-0.2007722007722007,0.0099435579160443,0.0099335917433028,0.0032013451396638,-0.0003127483720304,-0.0092597346980581,0.0017365808573678,0.0023643620764766,-0.0106396695892494,-0.0015193565734548,0.0008216335477589,0.0043137325742605,17.666666666666668,1
09501736,Hirschgarten,09 - Treptow-Köpenick,9.2,0.5529999999999382,0,1.5541922290388548,602.4155060252788,-0.0638892277557638,0,0.3612462990906279,6.134969325153374,0.0,0.10920245398773,0.2646216768916155,0.4777096114519427,0.014723926380368,0.0429447852760736,0.0175869120654396,0.0740286298568507,1,Hirschgarten,3878.0,0.304,0.009,0.512,0.005,0.812,-0.004,0.138,0.002,0.002,-0.02,0.077,0.014,0.064,0.002,8.0,0.7050067658998647,0.0223274695534506,0.0356679636835278,0.4363636363636363,0.0084306095979247,0.0622568093385214,0.1050583657587548,-0.2084942084942085,0.0015904424986898,0.0023525933804223,0.0188363817500925,-6.18770426014078e-05,0.0204005012687493,0.0014675523950136,0.0013865828422107,0.0152724152724152,0.0001075551264854,-0.0006705655248853,0.0026408444832211,9.166666666666666,1
09501737,Alt-Friedrichshagen,09 - Treptow-Köpenick,10.2,0.1730000000000348,0,1.5239862178637689,659.3492445498841,-0.0534324324352265,0,0.2621245761941094,3.0479724357275377,0.0,0.2861118473363371,0.116087993639014,0.4219454015372382,0.0056983832494036,0.0731513384574609,0.0315398886827458,0.0659952292605353,1,Alt-Friedrichshagen,4299.0,0.266,0.007,0.521,0.011,0.815,0.006,0.111,-0.003,0.013,0.009,0.034,-0.002,0.06,-0.0,8.0,0.6471592673082893,0.0349270412915243,0.0415416916616676,0.6498194945848376,0.0031493701259748,0.0566886622675464,0.1115776844631073,-0.2393822393822393,0.0077072350764325,0.0090377881878735,0.000819368936803,-2.6452888344639376e-05,0.0067431800671605,0.0008300161220214,0.0002024754244563,0.029811263261772,-0.000441382754706,0.0001119903328566,0.0017224122445449,46.166666666666664,1
09501838,Rahnsdorf,09 - Treptow-Köpenick,14.84,0.296999999999986,0,2.0199916701374425,469.8085802092669,0.1367390731944671,0,0.1916477818100965,6.663890045814244,0.0,0.1286963765097876,0.2584339858392336,0.0605997501041232,0.0560183256976259,0.1963765097875885,0.1289046230737192,0.1709704289879217,1,Rahnsdorf,4581.0,0.281,0.028,0.372,0.01,0.777,-0.01,0.13,0.012,0.017,-0.012,0.037,0.001,0.052,-0.002,9.0,0.7340545413567726,0.015551048005409,0.0253631042705397,0.5726495726495726,0.0119228267938434,0.085844352915673,0.1456752655538695,-0.6301158301158302,0.0045050977612865,0.0038864205641013,0.0016166984965131,0.0006242545823576,0.0022343239187227,0.0019094775708497,-0.0010721288521288,0.016385224204773,-0.0007980408391453,0.0011058812389709,0.0035911676184157,19.5,1
09501939,Bahnhofstraße,09 - Treptow-Köpenick,17.38,1.2579999999998672,0,3.654850233580654,712.0994329730936,-0.5955845389813536,0,0.9051335350920402,2.4732069249793898,0.0,0.2124209947787853,0.3055784556196757,0.0596317669689475,0.0129156361637812,0.1393239901071723,0.0186864523220665,0.2522671063478978,1,Bahnhofstraße,4170.0,0.425,-0.009,0.526,-0.005,0.798,-0.015,0.155,0.01,0.007,-0.012,0.06,-0.002,0.053,0.008,8.0,0.6521870286576169,0.0506787330316742,0.060614934114202,0.3188405797101449,0.0,0.0755490483162518,0.1352855051244509,0.2555984555984556,0.0034290655342973,0.0190960076145156,0.0034537294133427,6.050486487597089e-07,-0.0022060270107142,0.0018481829524774,-0.0036864227271662,0.0182439021492537,-0.0008562331161395,0.0003798757057917,0.0035250884862995,34.5,1
09501940,Güterbahnhof Köpenick,09 - Treptow-Köpenick,13.77,0.8699999999998776,0,3.1755542240862797,685.6604819677376,-0.6309598535235397,0,0.7656354427089255,2.396644697423607,0.0,0.3493109646494907,0.3499101258238466,0.1599760335530257,0.0437387657279808,0.0125823846614739,0.0227681246255242,0.0581186339125224,1,Güterbahnhof Köpenick,3790.0,0.448,-0.01,0.623,0.002,0.831,-0.007,0.16,0.018,0.017,0.033,0.073,-0.007,0.055,-0.004,7.0,0.7325038880248833,0.0513219284603421,0.0268056589724497,0.3333333333333333,0.0081906180193596,0.0714817572598659,0.1250930752047654,-0.2687258687258687,-0.0172186903057281,0.0136742716168115,0.0044951542179034,0.0,0.005540700012035,0.0012303713920566,0.0034953686962679,0.0174774774774774,0.0010636760623242,0.0011433544335767,0.0023931378154141,6.0,1
09501941,Friedrichshagener Straße,09 - Treptow-Köpenick,17.13,0.8079999999998811,0,0.5341246290801187,672.4947612353069,-0.5173096368141316,0,0.9468220810345412,0.5934718100890207,0.0,0.1275964391691394,0.0830860534124629,0.1667655786350148,0.0658753709198813,0.3359050445103858,0.001780415430267,0.2178041543026706,1,Friedrichshagener Straße,4713.0,0.351,0.014,0.547,0.011,0.849,-0.023,0.168,0.05,-0.004,-0.022,0.049,0.01,0.03,-0.001,7.0,0.7243589743589743,0.0439560439560439,0.0327433628318584,0.081081081081081,0.0,0.1061946902654867,0.1008849557522123,0.0563706563706563,0.0075900225447217,0.0025251514973735,0.0029115778309968,0.0,0.008559296873276,-0.004641786154977,0.0018288055255792,-0.1202684316970031,0.0,0.0033940962036231,0.0006297473048705,6.166666666666667,1
09502042,Mittelheide,09 - Treptow-Köpenick,15.81,0.8709999999998971,0,3.0603804797353185,535.5367424869681,-0.0649876728596764,0,0.2612378055329172,1.654259718775848,0.0,0.064929693961952,0.6153846153846154,0.0909842845326716,0.0239867659222497,0.1062861869313482,0.0281224152191894,0.0703060380479735,1,Mittelheide,4404.0,0.358,0.025,0.475,0.004,0.804,-0.002,0.16,0.043,0.03,0.022,0.034,-0.002,0.046,0.002,7.0,0.6790766939687267,0.0193596425912137,0.0111888111888111,0.125,0.0083916083916083,0.1048951048951049,0.1888111888111888,-0.0386100386100386,0.0125306972131411,0.0006684096115813,0.0116381152390392,0.0,0.0015347205703473,-0.0002086672187817,0.003839482493829,-0.2346203346203346,-3.834090457492553e-05,0.0033687185387362,0.00572937226805,2.6666666666666665,0
09502043,Dammheide,09 - Treptow-Köpenick,13.79,0.8409999999998781,0,0.779532280631621,544.1350274253226,-0.0919992679384663,0,0.3855265890501885,2.3985608634819107,0.0,0.0463721766939836,0.2440535678592844,0.4683190085948431,0.0345792524485308,0.1077353587847291,0.0575654607235658,0.042374575254847,1,Dammheide,3862.0,0.305,0.021,0.558,0.015,0.855,-0.006,0.108,0.009,0.009,-0.003,0.036,-0.003,0.05,0.003,9.0,0.6367771280051981,0.0679012345679012,0.0187852222917971,0.7,0.0018785222291797,0.0695053224796493,0.1296180338134001,0.2563706563706563,0.001553171751307,0.0147320259904941,0.0036672168540394,0.0007563439621844,0.0097425385161054,-0.0019960413451627,-0.0009995980300712,0.0169057369057369,1.2350583584107486e-05,0.0005478507353973,0.0029537393560601,10.0,1
10100101,Marzahn West,10 - Marzahn-Hellersdorf,6.88,0.2809999999999512,0,1.1303191489361704,473.8984086940738,-0.1448633874071389,0,0.5962830454250868,0.0,0.0,0.0009973404255319,0.0166223404255319,0.0029920212765957,0.9481382978723404,0.0136303191489361,0.0113031914893617,0.0049867021276595,1,Marzahn West,2989.0,0.374,0.002,0.534,0.002,0.782,0.002,0.083,-0.032,0.006,-0.003,0.156,-0.048,0.106,-0.008,4.0,0.8456591639871383,0.0128617363344051,0.0288957688338493,0.0714285714285714,0.0,0.1486068111455108,0.1857585139318885,-0.6980694980694981,0.0387150201804381,-0.0108951129014054,-0.0003143703497578,0.0,0.0310474597685499,-0.0035417761305361,-0.0011263957464745,0.021003861003861,0.0,0.0036664968866741,0.0040631882538458,4.666666666666667,0
10100102,Rosenbecker Straße,10 - Marzahn-Hellersdorf,12.65,0.2049999999999594,0,1.060070671378092,499.99356846655024,-0.1821082542675675,0,0.9482487770561304,0.5047955577990914,0.0,0.0,0.0,0.0,0.9192327107521454,0.0100959111559818,0.0045431600201918,0.0676426047450782,1,Rosenbecker Straße ,3040.0,0.373,0.005,0.504,0.03,0.785,0.005,0.116,-0.04,0.003,-0.025,0.155,-0.057,0.087,-0.021,4.0,0.8170542635658915,0.0093023255813953,0.0539730134932533,0.3333333333333333,0.0,0.1349325337331334,0.1799100449775112,-0.2926640926640926,-0.0077723746860832,0.0104172206410302,-0.0050006997883436,0.0,0.0010209332885632,0.0002316425430877,-0.0254314782419986,-0.0460291831720403,0.0,-0.0022400774377947,0.0040554814505966,6.0,1
10100103,Wittenberger Straße,10 - Marzahn-Hellersdorf,8.26,0.3619999999999237,0,0.5612244897959183,500.0,-0.1823215567939548,0,0.6785493426036175,0.0,0.0,0.0,0.0,0.0,0.9283163265306122,0.0288265306122448,0.0,0.0426020408163265,1,Wittenberger Straße ,2973.0,0.377,0.027,0.518,-0.001,0.801,-0.005,0.143,-0.003,0.01,-0.01,0.163,-0.018,0.075,-0.005,4.0,0.7955128205128205,0.0403846153846153,0.1007462686567164,0.2962962962962963,0.0,0.1305970149253731,0.1865671641791045,-0.7359073359073359,0.0279335827614646,0.0005505570756872,0.0056998317753272,0.0,0.0066498976947629,0.0021670310979901,0.0035783923151568,-0.0338147551962073,0.0,0.0009222350167219,0.0051829578446797,27.0,1
10100104,Golliner Straße,10 - Marzahn-Hellersdorf,7.77,0.3619999999999604,0,1.3308977035490606,500.0,-0.1823215567939544,0,0.548622974494144,0.0,0.0,0.0,0.0,0.0,0.9895615866388308,0.0106993736951983,0.0,0.0,1,Golliner Straße ,2964.0,0.38,0.001,0.521,0.018,0.774,0.018,0.107,-0.001,0.024,0.029,0.167,-0.03,0.1,-0.013,4.0,0.8899572649572649,0.0192307692307692,0.0233297985153764,0.5909090909090909,0.0,0.1399787910922587,0.2545068928950159,-0.3644787644787645,0.013590963513774,0.0097888003912058,0.0033300181514497,0.0,-0.0007246686731387,5.230326547167493e-05,-0.0095963727799197,0.0482460011031439,0.0,0.0018023734532362,0.0059568488815982,3.6666666666666665,0
10100205,Gewerbegebiet Bitterfelder Straße,10 - Marzahn-Hellersdorf,,,1,,,,0,,0.0,1.0,0.3,0.3,0.0,0.3,0.0,0.0,0.6,0,Gewerbegebiet Bitterfelder Straße ,,0.567,0.044,0.687,-0.001,0.893,-0.02,0.727,0.008,0.058,-0.004,,,0.041,0.003,10.0,0.3579412529243566,0.2089940213153106,0.0097087378640776,0.4615384615384615,0.0014936519790888,0.0776699029126213,0.0642270351008215,0.4756756756756756,0.0023007790465566,0.0084821896647702,0.0081306775420502,0.0009994701141181,0.0101298464001066,0.0023874974264251,0.0005514207179256,-0.0888398602684317,-8.578606092231312e-08,-0.000411320759504,3.472437457323735e-05,6.5,1
10100206,Wuhletalstraße,10 - Marzahn-Hellersdorf,14.01,1.4029999999996643,0,1.9395811877789224,500.0,-0.1823215567939547,0,0.8782065103062789,0.8582217645039478,0.0,0.0,0.0,0.0,0.961723309303124,0.0235152763474081,0.0,0.0144181256436663,1,Wuhletalstraße ,3057.0,0.387,0.01,0.49,0.014,0.784,-0.003,0.119,-0.022,0.003,-0.048,0.142,-0.034,0.076,-0.015,4.0,0.8746518105849582,0.0066852367688022,0.0272873194221508,0.2352941176470588,0.0,0.1348314606741573,0.2022471910112359,-0.4046332046332046,0.0353410813911119,-0.0063422670584447,-0.0064375894740086,-0.0002702501968682,0.0170792072441187,-0.0019613376869695,-0.0017084447519906,0.0307593307593307,0.0,0.0007704626961216,0.004230441385117,8.5,1
10100207,Ahrensfelder Berge,10 - Marzahn-Hellersdorf,7.33,0.2159999999999468,0,0.8742714404662781,500.0,-0.1823215567939546,0,0.4982650333422673,0.2081598667776852,0.0,0.0,0.0,0.0,0.990632805995004,0.0029142381348875,0.0,0.0062447960033305,1,Ahrensfelder Berge ,2982.0,0.383,0.003,0.582,0.013,0.813,0.001,0.104,0.005,0.01,0.011,0.129,-0.033,0.083,-0.003,4.0,0.9366479550922212,0.0144346431435445,0.009441384736428,0.5,0.0,0.1510621557828481,0.2029897718332022,-0.8054054054054054,0.0633122052892361,-0.0013930637649711,-0.0010081218379651,0.0022251243787627,0.0163883392317902,-0.0003097497685473,-0.0016463206171332,0.0819819819819819,0.0,0.0027438234326435,0.0040205148575025,2.0,0
10100208,Bürgerpark,10 - Marzahn-Hellersdorf,8.26,0.257999999999954,0,1.1904761904761905,500.0,-0.1823215567939546,0,0.955695580197595,0.0,0.0,0.0022108843537414,0.0,0.1039115646258503,0.7937074829931973,0.0414965986394557,0.0,0.0574829931972789,1,Bürgerpark ,3086.0,0.384,0.028,0.573,-0.008,0.85,-0.012,0.129,0.006,0.013,-0.017,0.133,-0.021,0.05,-0.006,5.0,0.8233830845771144,0.0388059701492537,0.0319612590799031,0.6363636363636364,0.0,0.1336561743341404,0.1336561743341404,-0.0795366795366795,0.0083994578621301,-0.0021924392083752,0.0007169508680105,-0.0022609150632837,0.0108753659745309,-0.0019547618193221,-0.0012061818856125,-0.0196214596214596,0.0,0.0010752669351969,0.0020060083093646,11.0,1
10100209,Lea-Grundig-Straße,10 - Marzahn-Hellersdorf,11.7,0.8019999999999229,0,2.012922465208748,463.4034572328648,-0.1282439621385947,0,0.9108128086152812,0.2485089463220675,0.0,0.0,0.0126739562624254,0.0047216699801192,0.9490556660039762,0.0176441351888668,0.0121769383697813,0.0034791252485089,1,Lea-Grundig-Straße ,3081.0,0.384,0.038,0.469,-0.021,0.785,-0.027,0.212,0.06,-0.002,-0.018,0.114,-0.02,0.071,0.002,4.0,0.8796296296296297,0.0111111111111111,0.0219584569732937,0.3783783783783784,0.0,0.1068249258160237,0.1637982195845697,0.0,0.0079093068425771,0.0039409770927545,0.0065409354652977,-0.0001411741869868,0.000845588621716,-0.0022817583735337,-0.0057168547882825,0.0001100358243215,0.0,-0.0033122585569283,0.0037074082418053,6.166666666666667,1
10100210,Marzahner Promenade,10 - Marzahn-Hellersdorf,6.86,0.1719999999999746,0,1.099845334249871,499.9998543531586,-0.1823213627667236,0,0.5362193906707173,0.1718508334765423,0.0,0.0,0.0,0.0,0.9941570716617976,0.0,0.0,0.0051555250042962,1,Marzahner Promenade ,3026.0,0.334,0.01,0.513,0.02,0.814,-0.004,0.099,-0.003,0.008,-0.003,0.137,-0.003,0.065,-0.001,7.0,0.7227987947773686,0.0207566119852695,0.0634551495016611,0.3507853403141361,0.0,0.0897009966777408,0.1275747508305647,-0.1768339768339768,0.0181921784980817,0.0212564199451331,0.003098280910509,0.0,0.0019447997348679,0.0002913191014113,-0.0007428292910736,-0.0086595405380983,0.0,0.0011079772848059,0.0012078588823276,31.833333333333332,1
10100311,Marzahner Chaussee,10 - Marzahn-Hellersdorf,22.5,5.04699999999914,1,1.873327386262266,557.8254239067975,0.046442015532026,0,0.1678606217083507,6.244424620874219,0.0,0.0071364852809991,0.1953612845673505,0.247992863514719,0.264049955396967,0.119536128456735,0.055307760927743,0.1141837644959857,1,Marzahner Chaussee ,3410.0,0.442,0.092,0.439,-0.03,0.839,0.014,0.31,0.176,0.062,0.072,0.058,-0.017,0.029,-0.002,8.0,0.4512333965844402,0.1348513598987982,0.0145985401459854,0.5491803278688525,0.0072992700729927,0.0710781380878305,0.0840014359219815,0.1528957528957529,-0.0095709757122159,0.006913946169566,0.0066471517548529,0.0004638813268155,0.0169195896238033,0.0009797247371992,0.0011934594256825,-0.0639785030334613,-0.0005208104830457,-7.308429728019106e-05,0.0005725349294239,20.333333333333332,1
10100312,Springpfuhl,10 - Marzahn-Hellersdorf,7.34,0.0839999999999716,0,1.753155680224404,500.0300897355239,-0.1821729635144708,0,0.8190556773971579,0.1168770453482936,0.0,0.0,0.0,0.5199859747545582,0.453833567087424,0.005610098176718,0.0,0.0205703599812996,1,Springpfuhl ,3224.0,0.376,0.034,0.556,0.006,0.839,-0.009,0.136,0.02,0.008,-0.012,0.122,0.011,0.047,-0.001,4.0,0.8541602701872889,0.0242554498004298,0.0230953809238152,0.3636363636363636,0.0,0.1151769646070785,0.1349730053989202,-0.6841698841698841,0.0155552504343668,-0.002812510289964,-0.0004530725044053,0.0,0.0116771105245251,-0.0014663006592673,-0.0025558147639273,0.0013916585345156,0.0,-0.0001544553010104,0.001226702222665,12.833333333333334,1
10100313,Alt-Marzahn,10 - Marzahn-Hellersdorf,8.26,0.0619999999999765,0,1.0224144710971292,456.0022747609073,-0.0101925544482929,0,0.8788890189878178,3.539127015336217,0.0,0.0114038537160833,0.0436492331891466,0.3075108139992135,0.3955957530475816,0.1128588281557215,0.0971293747542273,0.0338183248132127,1,Alt-Marzahn ,3344.0,0.349,0.027,0.546,0.039,0.874,0.001,0.213,0.072,0.008,0.016,0.102,0.013,0.033,-0.008,6.0,0.7987465181058496,0.0564066852367688,0.0205198358413132,0.7,0.0123119015047879,0.1108071135430916,0.1395348837209302,-0.2193050193050193,0.0005338508639819,-0.0081104509679777,0.001701488693956,0.0,0.0050669037897751,0.0062652607396473,-0.0040355465450118,-0.0049862107004964,-0.0001305256418178,0.0016356634784178,0.002540881928255,5.0,1
10100314,Auersbergstraße,10 - Marzahn-Hellersdorf,6.88,0.0479999999999969,0,1.8433179723502304,506.0480146349808,-0.1351116745064093,0,1.0,0.2880184331797235,0.0,0.0,0.0040322580645161,0.0043202764976958,0.9006336405529954,0.0682603686635944,0.0043202764976958,0.0178571428571428,1,Auersbergstraße ,3261.0,0.305,0.013,0.492,0.032,0.817,0.004,0.089,0.008,0.005,-0.002,0.086,-0.007,0.071,0.001,5.0,0.8280961182994455,0.0304990757855822,0.0332434860736747,0.3243243243243243,0.0,0.1185983827493261,0.1725067385444744,-0.3945945945945945,0.0142203919285971,0.0009082422721968,-0.0046408090535065,0.0,0.0144780783155268,-0.0003223878607996,-0.0108856763143308,-0.0517639631925345,0.0,0.0018332668268199,0.0056396801193323,6.166666666666667,1
10100315,Bärenstein,10 - Marzahn-Hellersdorf,15.0,2.6769999999995044,0,2.5561580170410534,500.86058449236606,-0.1325686254256844,0,0.9133599828244822,0.0,0.0,0.0,0.00284017557449,0.1275497030725536,0.7838884585592564,0.0077459333849728,0.008262328943971,0.0707461915827523,1,Bärenstein ,3125.0,0.368,0.03,0.458,0.002,0.768,-0.02,0.118,-0.01,0.013,-0.022,0.131,0.007,0.079,-0.004,3.5,0.8412822517591869,0.0234558248631743,0.0220364741641337,0.2068965517241379,0.0045592705167173,0.1185410334346504,0.155015197568389,-0.5173745173745175,0.0160052029643172,0.0093014787377324,0.0012264687152078,0.0,0.0131800810258638,-0.0116968083178732,-0.00043004947894,0.0153925353925353,-0.0001370194069378,-0.0032662485415169,0.0037920931401386,4.833333333333333,0
10100316,Landsberger Tor,10 - Marzahn-Hellersdorf,10.52,0.7179999999998863,0,0.778642936596218,591.0770739949639,-0.2179277572018417,0,0.1832180718762638,0.5561735261401557,0.0,0.0,0.0,0.0,0.0812013348164627,0.7241379310344828,0.0016685205784204,0.1941045606229143,1,Landsberger Tor ,3747.0,0.307,-0.003,0.418,0.009,0.752,0.001,0.105,-0.013,0.027,0.003,0.078,0.002,0.063,0.003,4.0,0.7170462387853692,0.0234644582470669,0.041875,0.4477611940298507,0.0,0.2024999999999999,0.1012499999999999,-0.4030888030888031,0.0273644972111584,-0.0006710936297845,-0.0014212489782077,-0.0017760237547486,0.0206834628620334,-0.0128132551651791,-0.0076445095071129,0.0776918062632348,-0.0011455534981102,0.0078297630686857,0.0020844030544906,11.166666666666666,1
10200417,Zossener Straße,10 - Marzahn-Hellersdorf,13.0,0.9729999999998946,0,0.7503001200480192,492.8549860415722,-0.1774774452701289,0,0.995233547415364,0.0,0.0,0.0,0.0,0.3643457382953181,0.5624249699879952,0.0,0.0,0.0729291716686674,1,Zossener Straße  ,2890.0,0.409,0.012,0.439,-0.004,0.709,0.001,0.112,0.0,-0.003,-0.002,0.199,-0.038,0.113,-0.02,3.0,0.85500340367597,0.0068073519400953,0.0428380187416332,0.453125,0.0,0.180722891566265,0.1646586345381526,-0.1575289575289575,0.0021751943343682,0.0074085343713313,0.0042405493541544,0.0,0.0132326477435159,-0.001448300356398,0.0011165489788563,0.0118388518388518,0.0,-0.0002703707753121,0.0026153651270191,10.666666666666666,1
10200418,Kyritzer Straße,10 - Marzahn-Hellersdorf,14.91,1.4859999999997848,0,3.189749182115594,500.0,-0.1823215567939547,0,0.9272372476845188,0.8178844056706652,0.0,0.0027262813522355,0.0,0.025081788440567,0.833969465648855,0.0408942202835332,0.0,0.0978735005452562,1,Kyritzer Straße ,3137.0,0.415,0.006,0.564,-0.029,0.794,-0.016,0.117,-0.088,0.016,-0.075,0.13,-0.004,0.072,-0.017,2.0,0.9156223893065998,0.0100250626566416,0.0097959183673469,1.0,0.0,0.1763265306122449,0.1665306122448979,-0.1683397683397683,0.0181777674644588,-0.0105427856089585,-0.0066522326532554,0.0,-0.0015302798371809,-0.0012593098316561,-0.001272533794883,-0.0082368082368082,0.0,-0.0040648790089086,0.0034000508587484,2.0,0
10200419,Havelländer Ring,10 - Marzahn-Hellersdorf,14.11,0.8489999999998761,0,4.439252336448598,500.0,-0.1823215567939546,0,0.9999999999999996,0.4672897196261682,0.0,0.0,0.0,0.0,0.8289719626168224,0.0,0.0,0.1705607476635514,1,Havelländer Ring ,2991.0,0.448,0.017,0.534,-0.002,0.77,-0.009,0.134,0.007,-0.009,0.018,0.161,-0.001,0.071,-0.013,4.0,0.916243654822335,0.0,0.052896725440806,0.5714285714285714,0.0,0.1738035264483627,0.1889168765743072,0.3652509652509653,-0.0118194985788723,0.0156177438628875,0.0028862859391627,0.0,0.00479537971436,0.0,0.000108285924098,0.1179775694061408,0.0,0.0002157544348835,0.0051996368656743,7.0,1
10200420,Gut Hellersdorf,10 - Marzahn-Hellersdorf,14.92,1.323999999999967,1,1.7484342379958244,500.0,-0.1823215567939546,0,0.9375537597974504,0.2609603340292275,0.0,0.005741127348643,0.0067849686847599,0.0433194154488517,0.9237995824634656,0.0049582463465553,0.0,0.0156576200417536,1,Gut Hellersdorf ,3018.0,0.408,0.038,0.506,-0.04,0.752,-0.029,0.128,0.025,0.007,0.002,0.209,-0.004,0.097,-0.009,4.0,0.8552915766738661,0.0151187904967602,0.0533807829181494,0.48,0.0,0.1793594306049822,0.2177935943060498,-0.8486486486486486,0.0380436598128943,-3.828615508712438e-05,0.0041621374720787,0.0,0.0050961429697415,6.647114098629822e-05,-0.0021219731963479,0.0442927728642014,0.0,0.0066604664288577,0.0076658610773644,12.5,1
10200421,Helle Mitte,10 - Marzahn-Hellersdorf,12.59,0.720999999999901,0,5.490654205607477,500.0,-0.1823215567939546,0,0.1549690586174974,3.5046728971962615,0.0,0.0046728971962616,0.0,0.0,0.0128504672897196,0.9789719626168224,0.0,0.0,1,Helle Mitte ,3187.0,0.455,0.015,0.507,0.034,0.789,0.027,0.127,-0.022,-0.014,-0.002,0.107,-0.046,0.059,0.002,2.0,0.8348010932280595,0.0300637716368053,0.0749851807943094,0.3122529644268774,0.0053349140486069,0.1227030231179608,0.1973918197984588,0.4324324324324324,0.0016332235304791,-0.0054860925357633,-0.0013570233923423,0.0,0.0301373065414916,-0.0047480899924408,1.0384329195738156e-05,0.016492086356446,0.0003115997058064,-0.0078000550326812,0.0039315970530919,42.166666666666664,1
10200422,Hellersdorfer Promenade,10 - Marzahn-Hellersdorf,11.59,0.7309999999999232,0,1.3259327782917052,500.0,-0.1823215567939546,0,0.9664201238546948,0.0,0.0,0.0,0.0,0.0,0.8609312365094048,0.0009250693802035,0.0,0.1381436941103916,1,Hellersdorfer Promenade ,2865.0,0.416,0.015,0.483,0.001,0.742,-0.0,0.129,0.012,-0.002,-0.01,0.228,-0.047,0.098,-0.015,4.0,0.8492586490939045,0.028830313014827,0.0380258899676375,0.5106382978723404,0.0,0.1553398058252427,0.233009708737864,-0.2926640926640926,0.0211363360547259,0.0125385922027996,0.0051174314955536,0.0,0.0056702818826236,0.0012669032552042,-0.0105228687098886,0.0620227948799377,0.0,0.0018173696685133,0.0030663105350899,7.833333333333333,1
10200423,Böhlener Straße,10 - Marzahn-Hellersdorf,15.83,2.163000000000153,0,1.1494252873563218,500.0,-0.1823215567939546,0,0.998770030707515,0.7927070947284979,0.0,0.0,0.0,0.0,0.9346016646848988,0.0,0.0,0.0657946888624653,1,Böhlener Straße ,2916.0,0.463,0.008,0.562,0.018,0.764,0.003,0.153,0.018,0.005,0.014,0.188,-0.024,0.098,-0.014,4.0,0.8646341463414634,0.0146341463414634,0.0306674684305472,0.3333333333333333,0.0,0.137101623571858,0.2814191220685508,0.437065637065637,-0.0015791709137242,0.0141377661949678,0.0067795679510438,-5.617790501927246e-05,-0.030887886971251,0.0038742216657933,0.0089759726750121,0.0775289575289575,-0.0005802334924859,0.0050155340685102,-0.0015756950925546,8.5,1
10200524,Adele-Sandrock-Straße,10 - Marzahn-Hellersdorf,13.46,1.414999999999781,0,1.303538175046555,499.9992845572339,-0.1823191122907721,0,0.9999655876840584,0.0,0.0,0.0,0.0,0.0,0.7223632977822922,0.0983578804807855,0.0,0.1794481124090062,1,Adele-Sandrock Straße ,3227.0,0.384,0.019,0.503,-0.01,0.784,-0.025,0.154,-0.017,0.02,-0.029,0.134,0.018,0.073,-0.003,4.0,0.87908337396392,0.0175524134568503,0.0255560814008518,0.3518518518518518,0.0,0.1448177946048272,0.1504969238050165,0.071042471042471,-0.0157199678510074,0.0028878282426218,0.0012233942734691,-0.0001344371665659,0.0047854015554709,-0.0032529353123758,-0.0045959248086393,0.0309408609408609,0.0,0.000720002743112,0.0036494376590112,9.0,1
10200525,Schleipfuhl,10 - Marzahn-Hellersdorf,6.77,0.0099999999999969,1,0.902314633189486,499.9913883627779,-0.1742754317699434,0,1.0,0.0,0.0,0.0,0.0,0.0,0.7901137701059239,0.2036092585327579,0.0062769713613181,0.0015692428403295,1,Schleipfuhl ,2977.0,0.365,-0.003,0.469,0.003,0.73,0.011,0.094,-0.013,0.008,-0.009,0.199,-0.011,0.112,-0.01,6.0,0.7330097087378641,0.0461165048543689,0.0258823529411764,0.2727272727272727,0.0,0.1035294117647058,0.2070588235294117,-0.6486486486486487,0.0414926418333702,0.0019415313461716,0.0001137922710588,0.0,0.0056667449753542,0.0034317311552554,0.0017283943435474,-0.0776833976833976,0.0,0.0010664099477074,0.0051698891574325,5.5,1
10200526,Boulevard Kastanienallee,10 - Marzahn-Hellersdorf,9.26,0.2594285714285429,1,0.5012531328320802,500.0,-0.1721054775600571,0,0.999999999999994,0.3580379520229144,0.0,0.0010741138560687,0.0,0.0,0.8950948800572861,0.0769781596849266,0.0,0.0268528464017185,1,Boulevard Kastanienallee ,3013.0,0.418,0.005,0.553,0.014,0.752,0.008,0.156,0.023,0.01,0.015,0.206,-0.04,0.105,-0.016,4.0,0.8655394524959742,0.0,0.0747081712062256,0.1875,0.0,0.1260700389105058,0.1494163424124513,-0.2301158301158301,0.009726489873882,-0.0012172382441661,-0.002174244807521,0.0,0.0060987294018901,-0.0014378287323776,0.0047893226398665,0.0157960443674729,0.0,0.0020221102732793,0.0013842364405633,16.0,1
10200627,Am Kienberg,10 - Marzahn-Hellersdorf,6.9,0.1440000000000117,1,0.6525285481239804,497.9554671114189,-0.1744208732241752,0,0.8134369084090486,0.0,0.0,0.0027188689505165,0.0027188689505165,0.0,0.9276780859162588,0.0152256661228928,0.0201196302338227,0.0331702011963023,1,Am Kienberg ,3187.0,0.409,-0.007,0.595,-0.002,0.826,-0.013,0.117,-0.005,0.015,0.011,0.104,-0.018,0.076,-0.002,4.0,0.9142857142857144,0.0214285714285714,0.0209790209790209,0.0,0.0,0.0944055944055944,0.1678321678321678,-0.2725868725868726,0.0511967566270842,-0.0035920568442908,0.0066442095141296,0.0,0.006302524193667,-0.0002338115528566,0.0050199600400892,0.0,0.0,-0.0030054515238152,-2.373698152130501e-05,2.0,0
10200628,Neue Grottkauer Straße,10 - Marzahn-Hellersdorf,6.88,0.4599999999997938,1,2.255639097744361,500.0,-0.1814394460364893,0,0.9999999999999892,0.3007518796992481,0.0,0.0,0.0,0.0,0.9867669172932332,0.0,0.0,0.0123308270676691,1,Neue Grottkauer Straße ,2953.0,0.382,-0.022,0.524,0.021,0.745,0.02,0.094,-0.035,0.01,-0.004,0.198,-0.021,0.117,-0.022,4.0,0.8550873586844809,0.0308324768756423,0.0613254203758654,0.4838709677419355,0.0,0.1602373887240356,0.2433234421364985,-0.3915057915057915,0.0081090206814082,0.0007851065847644,-0.0002256146974078,-0.0009517264487915,0.0053554473446025,0.0058718017280034,0.0012253777711181,-0.0397363597363597,0.0,0.0052077824629757,0.0071067747702285,10.333333333333334,1
10200629,Teterower Ring,10 - Marzahn-Hellersdorf,16.5,2.156999999999744,0,0.864260294865277,495.1642849411444,-0.1591989419245493,0,0.8740110446825899,0.5083884087442806,0.0,0.0,0.0010167768174885,0.0,0.8833248601931876,0.005592272496187,0.0027961362480935,0.1082867310625317,1,Teterower Ring ,3183.0,0.358,0.025,0.577,0.017,0.837,-0.001,0.122,0.01,0.034,0.009,0.09,-0.002,0.062,-0.005,6.0,0.8033333333333333,0.0155555555555555,0.0480611687602403,0.2727272727272727,0.0,0.111414527580557,0.1736755871108683,-0.1436293436293436,0.0031370880458233,0.000467376606957,-0.0001152425000995,-0.0002804727381319,0.0103797471527616,-0.0035566695520757,0.0013326946856172,-0.0156120327548899,0.0,0.0009176918808156,0.0046734526645028,14.666666666666666,1
10200630,Cecilienplatz,10 - Marzahn-Hellersdorf,6.8,-0.8090000000003753,0,0.9098428453267164,500.00000000000006,-0.1768373128088923,0,1.0,0.0,0.0,0.0,0.0,0.0,0.9823545629997242,0.0110283981251723,0.0,0.006341328921974,1,Cecilienplatz ,3215.0,0.299,0.032,0.547,0.011,0.827,-0.013,0.135,0.062,0.058,0.044,0.113,0.009,0.071,0.008,7.0,0.8471121177802945,0.0135900339750849,0.0577136514983351,0.5,0.0,0.0932297447280799,0.246392896781354,-0.7081081081081081,0.0299598112557177,0.0058118697668156,-0.002031500617395,0.0,-0.0010046295508087,-0.0003245126950463,-0.0048699276878993,0.0024570024570024,0.0,0.0015292821910828,0.0083338486533792,8.666666666666666,1
10300731,Oberfeldstraße,10 - Marzahn-Hellersdorf,13.84,0.730999999999947,1,1.962757926522396,556.0642856139315,0.0802713837492807,0,0.8759401839732674,1.509813789632612,0.0,0.0528434826371414,0.2682435832913941,0.229491696024157,0.0910920986411675,0.2058379466532461,0.0790135883241067,0.0732259687971816,1,Oberfeldstraße ,4277.0,0.277,-0.004,0.388,0.011,0.836,-0.005,0.147,0.044,-0.024,-0.035,0.017,0.004,0.032,0.001,11.0,0.7410788381742739,0.0390041493775933,0.0305466237942122,0.8421052631578947,0.0096463022508038,0.0795819935691318,0.1519292604501607,-0.2640926640926641,0.0120110308570408,0.003322279483761,0.0032062323879984,0.0,-0.0006120697807239,0.0021777956447983,0.0009862593831284,-0.0364723564723564,0.0021370151891399,0.0005293879092947,0.005265037769578,12.666666666666666,1
10300732,Buckower Ring,10 - Marzahn-Hellersdorf,10.53,0.360999999999963,0,1.0894941634241244,460.2202788085124,0.0131717261203044,0,0.4512515868901554,1.0376134889753568,0.0,0.0067444876783398,0.0417639429312581,0.0438391699092088,0.5753566796368352,0.159533073929961,0.0274967574578469,0.1468223086900129,1,Buckower Ring ,3378.0,0.366,0.004,0.54,0.023,0.812,-0.006,0.124,-0.11,0.011,-0.02,0.114,0.002,0.063,0.0,8.0,0.7273163706192991,0.0595295247239558,0.0223985067662155,0.625,0.0027998133457769,0.0671955202986467,0.1007932804479701,0.0,0.001002642852738,0.0144709911660356,0.0095274684335749,0.0013132426439558,-0.0006246265633317,0.0008102515753408,-0.0017141639558413,0.0443310657596371,0.0012297614793936,-0.0021351181245536,0.002041959635345,8.0,1
10300733,Alt-Biesdorf,10 - Marzahn-Hellersdorf,14.0,0.7849999999999784,1,1.9494904740806376,508.6160808799352,0.1225755556070559,0,0.4827002085153104,2.215330084182543,0.0,0.0194949047408063,0.128932210899424,0.1369073992024811,0.028799291094373,0.0824102791315906,0.1320336730172795,0.4736375719982277,1,Alt-Biesdorf ,4226.0,0.372,-0.005,0.38,0.034,0.746,0.001,0.238,-0.023,0.014,-0.145,0.059,0.025,0.056,0.001,8.0,0.6066886481394254,0.0824305228450306,0.0372866127583108,0.4698795180722891,0.0026954177897574,0.1078167115902965,0.0700808625336927,-0.054054054054054,0.0082753170682428,0.0115666491035428,0.0042451393605419,0.0,0.0114652330283377,0.0009531382314842,0.0008671608458257,0.0048193248193248,0.0013235626501322,0.0019282270947503,-0.0020355019418904,13.833333333333334,1
10300734,Biesdorf Süd,10 - Marzahn-Hellersdorf,17.65,1.2719999999997855,0,0.964630225080386,545.0024129565139,0.1127764688840291,0,0.7080126731215927,4.134129536058796,0.0,0.0231970601745521,0.157556270096463,0.0702802021129995,0.0459347726228755,0.3031694993109784,0.214745062011943,0.1851171336701883,1,Biesdorf Süd ,4630.0,0.242,-0.001,0.33,0.032,0.772,0.004,0.094,0.018,0.013,-0.002,0.018,0.002,0.035,-0.004,8.0,0.7438875305623472,0.0192542787286063,0.0236772873428821,0.5185185185185185,0.002046185325928,0.0771704180064308,0.1192633732826659,-0.1420849420849421,0.006639536994606,0.0064279716568235,0.0128638319293064,-2.990436153464124e-05,0.0083663700120356,-0.0019516745697994,0.000151946155272,-0.0439798296941154,-0.0004536661378158,0.0007757621556371,0.0032500026558768,13.5,1
10400835,Kaulsdorf Nord,10 - Marzahn-Hellersdorf,14.0,1.716999999999734,0,1.2441249654409732,499.9736670521122,0.0832278669873153,0,1.0,1.3823610727121924,0.0,0.0309648880287531,0.2062482720486591,0.0497649986176389,0.2181365772739839,0.3184959911528891,0.0987005805916505,0.0771357478573403,1,Kaulsdorf Nord ,3995.0,0.26,-0.003,0.367,0.015,0.799,0.003,0.079,-0.001,0.009,0.008,0.027,-0.013,0.05,-0.003,9.0,0.7662090007627765,0.0221205186880244,0.0256692335900256,0.4571428571428571,0.0044004400440044,0.1012101210121012,0.1936193619361936,-0.4980694980694981,0.0157141521455119,0.0023646284331116,0.0108093878436594,0.0008515372504343,0.0012080101105938,-0.0002396677986739,-0.0004650794590269,-0.0176526176526176,0.0001292069294636,0.0036334476687224,0.0054583860473864,11.666666666666666,1
10400836,Alt-Kaulsdorf,10 - Marzahn-Hellersdorf,15.96,1.3499999999998409,1,1.5881418740074114,505.2913833927118,0.0938961868636206,0,0.8521984348511042,1.0587612493382743,0.0,0.1678136580201164,0.2747485442032821,0.0645844362096347,0.1572260455267337,0.189518263631551,0.0958178930651138,0.0492323980942297,1,Alt-Kaulsdorf ,4177.0,0.274,-0.015,0.441,0.015,0.815,0.012,0.133,0.019,0.013,0.005,0.045,0.006,0.054,0.001,9.0,0.6724941724941725,0.0518648018648018,0.0254284134881149,0.2608695652173913,0.0199004975124378,0.0696517412935323,0.1094527363184079,-0.1536679536679536,0.0084172842012067,0.0052554283057488,0.0050941175786553,-9.48371159875039e-05,0.0053406307226955,0.0029619605388053,-0.0010714960624651,-0.0400073542930685,-0.000569022695925,0.000762794485116,0.0004626463577059,7.666666666666667,1
10400837,Kaulsdorf Süd,10 - Marzahn-Hellersdorf,13.79,0.5809999999998663,0,1.2850467289719625,510.4777718570736,0.1031334075374339,0,0.6646071815354071,3.5046728971962615,0.0,0.0219042056074766,0.2269275700934579,0.0811915887850467,0.0899532710280373,0.3195093457943925,0.1556658878504672,0.1051401869158878,1,Kaulsdorf Süd ,4470.0,0.232,0.0,0.313,0.02,0.773,-0.008,0.076,0.009,0.012,0.008,0.013,-0.002,0.043,0.0,10.0,0.6606425702811245,0.0289730349971313,0.0205441421432537,0.5675675675675675,0.0102720710716268,0.064963908939478,0.121599111604664,0.2594594594594595,-0.0032006759559275,0.0086035150864482,0.0043922383581634,0.0003334805372451,0.0019385438449865,0.0004386093923057,9.302605733348384e-05,-0.023084123084123,9.47586082933476e-05,-0.0008453437035785,0.0019013732882805,12.333333333333334,1
10400938,Mahlsdorf Nord,10 - Marzahn-Hellersdorf,13.9,0.3519999999999392,0,0.8374830239927569,480.0003849634572,0.0205667032080641,0,1.0,3.1688546853779993,0.0,0.0405160706201901,0.2419646899049343,0.0629244001810774,0.0373472159348121,0.314622000905387,0.1530104119511091,0.1511996378451788,1,Mahlsdorf Nord ,4553.0,0.245,-0.009,0.323,0.024,0.77,0.0,0.084,0.014,0.016,0.005,0.016,-0.001,0.041,-0.004,8.0,0.7526211391328989,0.0257863417398696,0.0333152762730227,0.4878048780487805,0.0100216684723726,0.0747562296858071,0.1170097508125677,-0.1181467181467181,-0.0033284155194777,0.0117997278832583,0.0070776659816645,0.0007846228209232,-0.0034853769516525,-0.0002377106860112,0.0014340285280958,-0.060033082934454,-0.0003673119182992,-0.000799179250711,0.002636240968908,20.5,1
10400939,Alt-Mahlsdorf,10 - Marzahn-Hellersdorf,14.85,0.7929999999998456,1,1.2505789717461788,480.00089165076656,0.01092760614137,0,1.0,2.7790643816581753,0.0,0.1032885595182955,0.2269569245020843,0.0917091245947197,0.0407596109309865,0.2774432607688745,0.0870773506252894,0.1727651690597499,1,Alt-Mahlsdorf ,4261.0,0.271,-0.013,0.402,0.021,0.791,-0.004,0.085,-0.018,-0.0,-0.002,0.031,0.001,0.051,0.005,9.0,0.5340261481729802,0.1407978545088836,0.0134162303664921,0.8536585365853658,0.0107984293193717,0.0765706806282722,0.1374345549738219,0.0,0.0131220552763167,0.0052726179922637,0.0005788843029339,0.0008438262478034,0.0111824543321784,0.0052984306456386,-0.0001316758710191,0.0818073175216032,0.0019352863071871,7.937968483715845e-05,0.0026543580848595,6.833333333333333,1
10400940,Elsensee,10 - Marzahn-Hellersdorf,14.35,1.2149999999998278,1,1.2620638455827766,500.71039915408994,0.0705669797221915,0,1.0,0.3711952487008166,0.0,0.046399406087602,0.2156644394951744,0.1035634743875278,0.0538233110616184,0.3043801039346696,0.1655530809205642,0.1109873793615441,1,Elsensee ,4394.0,0.209,-0.018,0.33,0.014,0.796,-0.006,0.071,-0.008,0.008,-0.001,0.014,-0.004,0.038,-0.002,10.0,0.7353888633225955,0.0266912103083294,0.0079610791685095,1.0,0.0106147722246793,0.0583812472357364,0.1804511278195489,-0.4864864864864865,0.0162329765165899,0.0086916129893865,-0.0004047296883809,2.3707083282084952e-05,0.0030857558629931,-0.0015590898423309,7.455116851794253e-05,0.1662805662805663,0.0009761585694486,-0.0007998678313833,0.0059794494668979,3.0,0
10400941,Pilgramer Straße,10 - Marzahn-Hellersdorf,14.43,0.9499999999998674,0,1.2749188687992583,505.0,0.0681906749768428,0,1.0,1.3908205841446453,0.0,0.0602688919796013,0.1824292999536393,0.0857672693555864,0.057487250811312,0.3064441353732035,0.1699119146963375,0.1388502549837737,1,Pilgramer Straße ,4550.0,0.239,-0.013,0.337,0.012,0.762,-0.005,0.08,0.02,0.013,0.004,0.013,-0.004,0.043,0.002,9.0,0.7459387483355526,0.0338215712383488,0.0197385285824147,0.7012987012987013,0.0061522686490643,0.0738272237887721,0.1015124327095616,-0.4247104247104248,0.0066600267548762,0.0035764919633339,0.0021874025371433,-0.0001978977933222,9.072474030787106e-05,0.0008197374199871,-0.0001499693573582,0.0061903347617633,0.0004935802555538,0.0003239924972978,0.0023147678257206,12.833333333333334,1
11100101,Dörfer Malchow-Wartenberg,11 - Lichtenberg,10.38,0.5979999999998978,1,1.8543956043956045,399.08849139593815,0.0685358444458359,0,0.1488940085975922,2.0604395604395607,0.0,0.0652472527472527,0.1572802197802197,0.1778846153846154,0.0494505494505494,0.2541208791208791,0.1353021978021978,0.1572802197802197,1,Dörfer Malchow-Wartenberg,3876.0,0.265,0.008,0.372,0.006,0.8,-0.006,0.085,0.005,0.008,0.004,0.04,0.013,0.035,-0.009,8.0,0.7076271186440678,0.0415254237288135,0.0244897959183673,0.6,0.0,0.0587755102040816,0.0832653061224489,-0.5459459459459459,-0.0061641391149856,0.0014031368981499,0.0035892953674192,-0.0002748544037363,0.0034987947530852,-0.004393872813892,0.0037667832201393,0.113101673101673,0.0,0.0018690639849616,0.0008040707876426,5.0,1
11100102,Dorf Falkenberg,11 - Lichtenberg,16.8,1.4099999999998296,0,1.399825021872266,401.8869273481106,0.0861445183586363,0,0.2239698122305969,2.6246719160104988,0.0,0.0218722659667541,0.0454943132108486,0.0883639545056867,0.0288713910761154,0.0804899387576553,0.1916010498687664,0.5415573053368329,1,Dorf Falkenberg ,3966.0,0.404,-0.001,0.259,0.033,0.616,0.003,0.329,-0.124,0.034,-0.146,0.115,-0.026,0.062,0.008,5.0,0.7819650067294751,0.0080753701211305,0.0249671484888304,0.3157894736842105,0.0078843626806833,0.102496714848883,0.1498028909329829,-0.7737451737451737,-0.0028436604532114,0.0081275946928912,0.0081142761954844,0.0,-0.005620141945941,-0.0003201078080645,-0.0032761859783324,0.0199485199485199,0.0018071395309452,-0.0024553059016271,0.0049620223354865,3.1666666666666665,0
11100203,Falkenberg Ost,11 - Lichtenberg,6.58,-0.1209999999999781,0,0.9851088201603664,499.9914691392348,-0.1823075968679935,0,0.5227978132881075,0.0,0.0,0.0,0.0,0.0,0.9873997709049256,0.0,0.0,0.0132875143184421,1,Falkenberg Ost ,3022.0,0.373,0.012,0.493,-0.0,0.758,0.004,0.108,0.001,0.008,0.003,0.167,-0.041,0.094,-0.016,5.0,0.9280397022332506,0.0124069478908188,0.0194647201946472,0.0,0.0,0.0924574209245742,0.1313868613138686,-0.2949806949806949,0.0064825377816576,0.0098606718887382,0.0024355644896867,0.0,0.0126301900620479,-0.0036815129664077,-0.0023836437384657,-0.0895752895752895,0.0,-0.0013012021079701,0.0031945146641806,4.0,0
11100204,Falkenberg West,11 - Lichtenberg,7.59,0.4059999999999419,0,0.8747949699289228,500.0,-0.1823215567939546,0,0.5643960358991649,0.0,0.0,0.0,0.0,0.0,1.0,0.0,0.0,0.0,1,Falkenberg West ,3102.0,0.374,0.02,0.544,0.008,0.81,0.002,0.111,-0.004,0.002,0.009,0.139,-0.022,0.072,-0.01,5.0,0.8566176470588235,0.0220588235294117,0.0161870503597122,0.3333333333333333,0.0,0.0971223021582733,0.1942446043165467,0.1166023166023166,-0.0240087090823323,0.0276901207242367,0.0098374845147358,0.0001996505997372,-0.0029281060054128,-0.0033824099250316,0.0005989517992118,0.0,0.0,0.0024237273230477,0.0045743297667403,3.0,0
11100205,Wartenberg Süd,11 - Lichtenberg,7.56,0.433999999999935,0,0.4047322540473225,498.05929046554496,-0.1799947091328549,0,0.8435085041630148,0.6226650062266501,0.0,0.0,0.0015566625155666,0.0024906600249066,0.962640099626401,0.0261519302615193,0.0,0.0077833125778331,1,Wartenberg Süd ,3168.0,0.372,0.044,0.533,0.021,0.802,0.005,0.172,0.075,0.054,0.045,0.143,-0.026,0.087,-0.007,7.0,0.8034398034398035,0.0294840294840294,0.0430194805194805,0.5660377358490566,0.0,0.0876623376623376,0.1801948051948051,-0.1428571428571428,0.0082645717357776,0.0075361057923659,0.0084186813147571,-8.93517589912234e-05,0.0043452476063415,0.0019448906094121,0.0008433930437145,0.0454495311638168,0.0,0.0009922637159354,0.0068734961317097,8.833333333333334,1
11100206,Wartenberg Nord,11 - Lichtenberg,7.78,0.3579999999999227,0,0.8588298443370908,494.41022829078713,-0.1662801416887238,0,0.941058258641141,0.2683843263553409,0.0,0.0,0.0,0.0,0.971551261406334,0.000805152979066,0.0064412238325281,0.0201288244766505,1,Wartenberg Nord ,3042.0,0.371,-0.005,0.545,-0.006,0.753,-0.014,0.133,0.005,0.022,0.004,0.173,-0.015,0.105,-0.004,5.0,0.8583247156153051,0.0062047569803516,0.0657229524772497,0.0769230769230769,0.0,0.0424671385237613,0.2062689585439838,-0.2247104247104247,-0.0013037181731896,0.0076829157620972,0.0013846867582336,0.0,-9.924148367564117e-06,0.0001911030816457,0.0035220063869748,0.0292032292032292,0.0,-0.000317229597493,0.004083393701634,10.833333333333334,1
11100307,Zingster Straße Ost,11 - Lichtenberg,10.47,0.96099999999987,0,1.1551419862024708,500.00000000000006,-0.1823215567939544,0,0.999058180189245,0.3208727739451307,0.0,0.0,0.0,0.0,0.9996791272260548,0.0,0.0,0.0,1,Zingster Straße Ost ,3037.0,0.32,0.005,0.526,0.022,0.819,0.007,0.102,0.005,0.004,-0.009,0.131,-0.028,0.07,-0.006,5.0,0.7535041082648622,0.042532624456259,0.0508555133079847,0.4485981308411215,0.0,0.0998098859315589,0.1653992395437262,-0.1976833976833976,-0.006115047259021,0.0128506109955597,0.0065770209621805,0.0,-0.0151748292561077,0.0013947995097575,0.0014902422204344,-0.0123352932924688,0.0,-0.0002927589417046,0.004216507137244,17.833333333333332,1
11100308,Zingster Straße West,11 - Lichtenberg,7.56,0.4059999999999384,0,1.5517580043213517,491.1479693959298,-0.1699569271764145,0,0.6757450418796804,0.0,0.0,0.0,0.0117855038302887,0.0033392260852484,0.9795717933608328,0.0045177764682773,0.0005892751915144,0.0005892751915144,1,Zingster Straße West ,2999.0,0.352,0.008,0.528,0.01,0.788,-0.004,0.095,-0.004,0.002,-0.002,0.178,-0.023,0.084,-0.014,5.0,0.8425396825396826,0.0076190476190476,0.0453134698944754,0.4383561643835616,0.0,0.1191806331471136,0.2197392923649906,-0.0277992277992278,-0.0021404229534351,0.0110229611302963,0.0055945953794023,0.0,-0.0015889570405205,-0.0026345017203549,-0.0016684994152349,0.0132716704145275,-0.0017441356432443,0.0012139975951806,0.0049594877640997,12.166666666666666,1
11100309,Mühlengrund,11 - Lichtenberg,14.5,1.9099999999996624,0,3.532136653155762,500.0,-0.1823215567939546,0,0.8801330480394649,0.0,0.0,0.0,0.0,0.0,0.8601621308627678,0.0,0.0,0.1407064273306311,1,Mühlengrund ,3227.0,0.369,0.021,0.547,0.008,0.838,-0.014,0.17,0.006,0.012,-0.021,0.105,-0.003,0.055,-0.0,4.0,0.8910329171396141,0.0068104426787741,0.0541436464088397,0.6530612244897959,0.0,0.1259668508287292,0.1790055248618784,-0.3922779922779923,-0.0040375845464469,0.0003523985600517,0.0008170518821004,0.0,0.0030651905227473,-0.0003680491850761,-1.180742583498025e-05,0.0132193417907703,0.0,0.0012582381534185,0.0046600868077439,8.166666666666666,1
11200410,Malchower Weg,11 - Lichtenberg,10.99,1.182999999999803,0,7.681536307261452,594.6361851514772,0.0222518928111978,0,0.8019154500324268,2.4004800960192036,0.0,0.0058011602320464,0.1808361672334467,0.4050810162032406,0.0908181636327265,0.1746349269853971,0.0352070414082816,0.1064212842568513,1,Malchower Weg ,3745.0,0.352,0.007,0.405,0.019,0.753,-0.011,0.145,0.002,0.008,-0.004,0.119,-0.01,0.068,-0.002,6.0,0.7460910944935418,0.0387491502379333,0.0253576072821846,0.4615384615384615,0.0032509752925877,0.0975292587776333,0.1287386215864759,-0.1691119691119691,-0.0055647074564994,-0.0035443310552836,-0.0054026822145604,-0.0009245379453431,0.0050554456483337,0.000885882523347,-0.0020413640892025,0.0026881022679341,-0.0001714995438619,0.0004591282450453,0.0016769647807625,13.0,1
11200411,Hauptstraße,11 - Lichtenberg,14.55,1.9849999999996664,0,1.0762331838565022,673.8314058929822,-0.2988458887991825,0,0.2671644092962636,0.0,0.0,0.0194319880418535,0.1437967115097159,0.0768310911808669,0.5698056801195814,0.0866965620328849,0.0233183856502242,0.0801195814648729,1,Hauptstraße ,3436.0,0.327,-0.007,0.509,0.012,0.809,0.006,0.167,0.031,-0.015,-0.01,0.111,-0.008,0.075,0.003,8.0,0.5323577906018137,0.1257213520197856,0.0246159905474596,0.336,0.0023631350925561,0.0602599448601811,0.0803465931469082,0.2393822393822393,-0.0153585708637318,0.0070655080698463,0.0049532741694689,0.0005290350476566,0.0125694830037964,0.0037149505788885,-0.0004845298154965,-0.0273040530118006,-1.7187582598387817e-05,-0.0013050602789116,-0.0004274607002263,20.833333333333332,1
11200512,Orankesee,11 - Lichtenberg,17.67,2.072999999999752,1,3.077889447236181,895.3797762959431,0.0132652712281482,0,0.4158934039045543,7.537688442211055,0.0,0.1978643216080402,0.207286432160804,0.246859296482412,0.0138190954773869,0.2418341708542713,0.0709798994974874,0.0213567839195979,1,Orankesee ,4534.0,0.299,0.01,0.426,0.029,0.781,0.01,0.185,-0.002,0.044,0.034,0.052,-0.008,0.061,-0.01,11.0,0.6211734693877551,0.0650510204081632,0.0474189675870348,0.7721518987341772,0.010204081632653,0.0756302521008403,0.0936374549819927,0.1845559845559845,0.002974895596746,0.0230216360546427,0.0116718865209908,-9.5850461466764e-05,0.0115082918497814,0.0064591146446794,0.0002599950962657,0.0141400427114713,0.000595957055252,0.0016061516164537,0.0012085952618738,13.166666666666666,1
11200513,Große-Leege-Straße,11 - Lichtenberg,15.0,1.3809999999998022,0,1.438474870017331,909.091894029814,-0.3804074304281459,0,0.8621964265810752,1.3864818024263432,0.0,0.0746967071057192,0.3880415944540727,0.2097053726169844,0.0318890814558058,0.1133448873483535,0.0362218370883882,0.1462738301559792,1,Große-Leege-Straße ,3851.0,0.45,0.002,0.597,-0.002,0.818,-0.004,0.178,-0.039,-0.006,-0.011,0.113,-0.009,0.056,-0.007,6.0,0.8042492917847025,0.0359773371104815,0.0363833831115938,0.5373134328358209,0.0048873201194678,0.0749389084985066,0.1401031767580776,0.4903474903474903,-0.0030019108629923,0.0054441848261744,-0.0009786270105811,-2.85965650226468e-05,0.0164487978589368,-0.0002239131429222,-0.000635705126251,0.0217151987665227,-4.0797427637256995e-05,-0.000178384033823,0.0026176106200998,22.333333333333332,1
11200514,Landsberger Allee,11 - Lichtenberg,13.61,0.8899999999998949,0,1.2513156355981758,603.6373253475816,-0.2879627989447761,0,0.8478201323960158,0.1169453865045024,0.0,0.000467781546018,0.049584843877909,0.5512805519822243,0.2030171909718161,0.1384633376213308,0.000935563092036,0.0566015670681791,1,Landsberger Allee ,3411.0,0.364,0.008,0.524,0.022,0.799,0.0,0.169,0.039,0.045,0.024,0.113,-0.02,0.071,-0.004,6.0,0.7914187284685249,0.0404008769182586,0.0551724137931034,0.5380434782608695,0.0017991004497751,0.097151424287856,0.1457271364317841,-0.1899613899613899,0.0002826107122077,0.0057322946287015,0.0003891377342604,0.0,0.000913189161778,0.0001392892360844,0.0048335366726935,0.0177382861847968,-3.1988843239077216e-05,0.0003402133439881,0.00278651148299,30.666666666666668,1
11200515,Weiße Taube,11 - Lichtenberg,16.0,1.1999999999998103,0,1.0905125408942202,608.2355627527644,-0.0638037198557467,0,0.7845732728929015,1.0905125408942202,0.0,0.0109051254089422,0.2142857142857142,0.1401308615049073,0.1608505997818975,0.2688113413304253,0.0354416575790621,0.1679389312977099,1,Weiße Taube ,3993.0,0.429,0.073,0.383,0.002,0.778,0.008,0.181,0.052,0.038,0.013,0.029,0.003,0.032,-0.005,6.0,0.6859876195835678,0.0495216657287563,0.01628664495114,0.8,0.006514657980456,0.0879478827361563,0.1270358306188925,-0.132046332046332,-0.0037123168068024,0.010322361305735,-0.0006239190618382,0.0,0.0156061425511928,7.304853991758695e-05,0.0014980800101445,0.0315057915057915,-0.0017108290102024,-0.0005191707788828,0.0020140224027542,5.0,1
11300616,Hohenschönhauser Straße,11 - Lichtenberg,8.19,0.3989999999997766,1,0.7880664227413453,600.016326871269,-0.2876843773790237,0,0.6451122990560533,1.4072614691809735,0.0,0.0,0.0,0.9425837320574164,0.0,0.0565719110610751,0.0,0.0,1,Hohenschönhauser Straße ,3316.0,0.411,0.03,0.62,0.011,0.856,-0.005,0.166,0.049,0.017,0.016,0.139,-0.022,0.061,-0.001,5.0,0.7624633431085044,0.0733137829912023,0.0498960498960499,0.3333333333333333,0.0,0.079002079002079,0.1871101871101871,0.1791505791505791,0.0060879046131328,-0.0002367964391733,-0.0022037949842294,-0.0033176378935714,0.009385037780018,0.0032324169212375,0.0062365170365456,0.0557896672182386,0.0,0.0010399526966814,0.003228440206795,12.0,1
11300617,Fennpfuhlpark,11 - Lichtenberg,7.56,0.205999999999958,0,0.9818731117824772,799.6524762720483,-0.2232345292739772,0,0.999999999999868,1.5105740181268883,0.0,0.0,0.0,0.5736404833836858,0.3697129909365559,0.0249244712990936,0.0,0.0317220543806646,1,Fennpfuhlpark ,3367.0,0.35,0.025,0.59,0.014,0.861,-0.012,0.114,-0.007,0.013,0.005,0.115,0.005,0.057,-0.002,6.0,0.7571545380212592,0.0294358135731807,0.0718799368088467,0.4615384615384615,0.0,0.0900473933649289,0.1469194312796208,0.2332046332046332,-0.010536292609384,-0.0035568324125466,0.0083141984452111,6.470238788081661e-05,-0.0027393162609573,-0.0003747274823292,0.0022249350747601,-0.0087516087516087,0.0,0.0015847120960605,0.0019388059370715,15.166666666666666,1
11300618,Storkower Bogen,11 - Lichtenberg,8.76,0.2939999999999035,1,1.0869565217391304,733.8665427106743,-0.2758503749682405,0,0.9401726601722418,1.3043478260869563,0.0,0.088695652173913,0.2021739130434782,0.5534782608695652,0.0795652173913043,0.0060869565217391,0.0,0.0717391304347826,1,Storkower Bogen ,3712.0,0.465,0.009,0.636,0.012,0.861,-0.011,0.177,0.005,0.019,0.009,0.08,-0.008,0.05,-0.007,6.0,0.6272845953002611,0.097911227154047,0.0321212121212121,0.5283018867924528,0.0072727272727272,0.0981818181818181,0.1272727272727272,0.1868725868725869,0.019541966706061,0.0117342566150522,0.0050669246348988,0.0017991422029996,-0.0038786122494584,-0.0033922245957956,0.0028084346890094,-0.0136716308144879,-0.0001077033540313,1.7646807161850443e-05,0.0026217604566978,8.833333333333334,1
11300619,Rudolf-Seiffert-Park,11 - Lichtenberg,8.48,0.1340000000000336,1,0.8669987087253275,799.9999999999999,-0.2231435513142098,0,1.0,1.1068068622025455,0.0,0.0,0.0169710385537723,0.7939494558199595,0.0,0.0,0.042796532005165,0.1459140380003689,1,Rudolf-Seiffert-Park ,3552.0,0.462,0.041,0.527,0.002,0.873,0.003,0.229,0.068,-0.01,0.006,0.06,-0.021,0.037,-0.003,3.0,0.923024983119514,0.0162052667116812,0.0116204002582311,0.3333333333333333,0.0,0.0813428018076178,0.1743060038734667,-0.7382239382239383,0.0482234074696427,0.0005283402475341,0.0046057538202013,-0.0002131738252262,0.008446900280065,0.0011608912313732,-0.0024934878128101,0.1415701415701415,0.0,-0.001874991979456,0.0033255780291556,3.0,0
11300620,Fennpfuhl Ost,11 - Lichtenberg,7.56,0.3299999999999004,0,1.431683784624961,799.99999401273,-0.2231435528110272,0,0.9572965447003408,0.778089013383131,0.0,0.0308123249299719,0.0096483037659508,0.8118580765639589,0.1170245876128229,0.0028011204481792,0.0,0.0283224400871459,1,Fennpfuhl Ost ,3251.0,0.41,0.018,0.608,0.018,0.844,0.003,0.143,0.014,0.007,0.012,0.105,-0.017,0.052,-0.004,5.0,0.8127534095097678,0.0482860302248433,0.0128116343490304,0.3243243243243243,0.0,0.0934903047091412,0.1516620498614958,0.0,0.0146382700335385,0.0050724341714018,0.0018833626879403,-0.0005452521526245,0.0174904090476784,-0.0027730410552842,-0.0019579307102956,-0.0976282404853833,0.0,-0.0006267616974943,0.0026386799817667,6.166666666666667,1
11300721,Herzbergstraße,11 - Lichtenberg,16.4,0.4609999999996807,0,6.616481774960381,513.0194499289682,-0.1714156146638839,0,0.1323637558519114,4.3581616481774965,0.0,0.044770206022187,0.0269413629160063,0.3363708399366085,0.3565768621236133,0.0,0.0,0.2385103011093502,1,Herzbergstraße ,3051.0,0.581,0.028,0.571,-0.095,0.865,-0.045,0.338,-0.173,0.013,0.04,0.122,0.028,0.031,0.008,7.0,0.5676484674329502,0.0869252873563218,0.0286940804338002,0.4094488188976378,0.0027112516945323,0.07049254405784,0.0921825576140985,0.4988416988416988,-0.007551548784877,0.0079411996528566,0.0030752249767349,0.0002405540909677,0.0139079083773003,-0.002317444425347,0.0033401397848208,-0.0148555975306947,-0.000233979127494,-0.0012111274728022,0.0008017152916283,42.333333333333336,1
11300722,Rathaus Lichtenberg,11 - Lichtenberg,12.41,1.304999999999797,0,1.7359284587059445,840.2045744632601,-0.2507462065158729,0,0.8590886677286886,3.156233561283535,0.0,0.0934595826757846,0.3945291951604419,0.2560056110818867,0.0755742591618446,0.0087673154480098,0.0,0.1707873049272313,1,Rathaus Lichtenberg ,4016.0,0.464,-0.023,0.614,0.022,0.833,0.007,0.153,-0.018,0.015,-0.017,0.066,-0.01,0.048,-0.007,6.0,0.7555115184542978,0.0584592519197423,0.0321589028139039,0.6470588235294118,0.0073303381414045,0.0822889572002837,0.1049893591865689,0.0054054054054054,-0.0063679986884915,0.0080226791639264,0.0012257168984795,0.0,0.0034349815634013,0.002068325438917,0.0037125962013967,0.0405736734446616,-0.0003782111780243,-0.0003094414904847,0.0020922356072505,22.666666666666668,1
11300723,Bornitzstraße,11 - Lichtenberg,11.55,,1,1.30718954248366,711.6632124286639,-0.0579971530750761,0,0.2893300817541252,2.1786492374727673,0.0,0.0108932461873638,0.0,0.0457516339869281,0.0,0.0,0.2244008714596949,0.6993464052287581,1,Bornitzstraße ,3943.0,0.464,-0.048,0.445,-0.076,0.721,-0.074,0.429,0.09,-0.027,0.031,0.151,0.077,0.055,0.031,9.0,0.5229357798165137,0.1437308868501529,0.0191570881226053,0.7,0.0009578544061302,0.1091954022988505,0.1436781609195402,0.7544401544401544,-0.0048161916198714,0.0037020996839921,-0.0015304570728552,0.0,-0.0133934597767653,0.0039273685000343,0.0001067127091084,0.0066924066924066,0.0003036744609778,-0.0012604195269493,0.0048733540003325,3.3333333333333335,0
11300724,Roedeliusplatz,11 - Lichtenberg,11.07,0.5669999999999266,0,0.6218905472636816,939.2606793948972,-0.2877092725052808,0,0.7774227126200873,3.7313432835820897,0.0,0.1811774461028192,0.3752072968490879,0.3138474295190713,0.087893864013267,0.005804311774461,0.0,0.0352404643449419,1,Roedeliusplatz ,3718.0,0.49,-0.014,0.636,-0.0,0.849,-0.009,0.16,0.001,-0.007,-0.016,0.09,-0.013,0.056,-0.006,7.0,0.7735507246376812,0.0416666666666666,0.0352112676056338,0.5,0.0,0.0528169014084507,0.1619718309859155,-0.2594594594594595,-0.0089495382061953,0.0127291704796209,0.0023304271042646,0.0,0.0039026554080518,-0.0002147334157119,0.0020962805176112,-0.0123240123240123,0.0,-0.000918475576732,0.0043857063320942,10.0,1
11300725,Nibelungenviertel,11 - Lichtenberg,15.0,1.02799999999986,0,1.3296011196641009,925.8301303399992,-0.2778551531905688,0,0.974551377366977,3.6738978306508048,0.0,0.2200839748075577,0.300034989503149,0.2330300909727082,0.0346396081175647,0.0516095171448565,0.0066480055983205,0.1544786564030791,1,Nibelungenviertel ,3864.0,0.478,-0.02,0.613,-0.002,0.816,-0.003,0.175,-0.006,0.017,0.008,0.09,-0.003,0.055,-0.003,6.0,0.8006449721489299,0.0281442392260334,0.0540084388185654,0.3958333333333333,0.0,0.0624472573839662,0.170464135021097,0.3281853281853282,0.0013042107478512,0.00718540779706,0.0039998431719339,0.0,0.0001658162343659,2.827315284668355e-05,6.944255955511748e-05,0.0506673779918561,-8.934554389099459e-05,-0.000202952229796,0.0029113536490471,32.0,1
11300826,Frankfurter Allee Süd,11 - Lichtenberg,7.78,0.3219999999999923,0,1.0216663730843756,831.8831072896244,-0.226718494346356,0,0.4390360980203544,2.9945393693852385,0.0,0.0063413774881099,0.005636779989431,0.8555575127708297,0.1287651928835652,0.0,0.0,0.0036991368680641,1,Frankfurter Allee Süd ,3432.0,0.431,0.03,0.521,0.005,0.84,-0.001,0.136,0.013,0.001,0.003,0.117,-0.005,0.053,-0.006,6.0,0.7863501483679525,0.0474777448071216,0.0194267515923566,0.2950819672131147,0.0,0.0955414012738853,0.1471337579617834,-0.1343629343629343,0.0163571909845372,0.0025084368888303,0.0048196951885647,-0.0009548197207041,-7.216370687258731e-06,-2.4309833218616547e-05,0.0014420393916472,0.0843882286739429,0.0,0.0010478321572573,0.0020059558803844,10.166666666666666,1
11400927,Victoriastadt,11 - Lichtenberg,13.5,1.0769999999997668,1,1.0828625235404896,1300.089190242588,-0.1429634439228167,0,0.7499581727079416,13.653483992467043,0.0,0.6779661016949152,0.0484934086629001,0.0291902071563088,0.0,0.1285310734463277,0.0108286252354048,0.1049905838041431,1,Victoriastadt ,4710.0,0.463,-0.051,0.591,0.001,0.782,0.02,0.148,0.013,-0.008,0.008,0.046,-0.017,0.058,-0.007,8.0,0.7730860299921073,0.032359905288082,0.0492775101889588,0.6842105263157895,0.0022230455724342,0.0689144127454612,0.1556131900703964,0.43011583011583,-0.0036512729977964,0.0093984740148398,0.0009167329164772,0.0,0.010008582170311,-0.0059044805423097,-0.0007899366557152,0.0139938129542575,3.923199788358701e-05,-0.000332462495512,0.0041311194851122,22.166666666666668,1
11400928,Nöldnerplatz,11 - Lichtenberg,15.5,0.7360000000000092,0,0.8600469116497262,694.7374524304274,-0.2539739941302105,0,0.3767602611986829,13.291634089132137,0.0,0.2306489444878811,0.0562939796716184,0.1853010164190774,0.1008600469116497,0.1743549648162627,0.0070367474589523,0.2431587177482408,1,Nöldnerplatz ,4773.0,0.566,0.017,0.529,-0.012,0.799,-0.004,0.269,0.095,0.019,0.021,0.044,-0.02,0.042,-0.009,6.0,0.8035563082133785,0.0270956816257408,0.0197005516154452,0.52,0.0,0.0756501182033096,0.1607565011820331,-0.0239382239382239,-0.0088494713170682,-0.001156574196025,0.001133077227694,0.0,0.0068285043636314,0.0004932585641416,-0.001312303146525,-0.0321235521235521,0.0,-0.0002447641214006,0.0037243360713228,4.166666666666667,0
11400929,Weitlingkiez,11 - Lichtenberg,14.58,1.7289999999996402,0,1.8673218673218677,1465.9986276172351,-0.2756626682949288,0,0.9999656442758365,5.503685503685503,0.0,0.2804914004914005,0.3965601965601966,0.2133660933660933,0.0127764127764127,0.022997542997543,0.0002948402948402,0.0735135135135135,1,Weitlingkiez ,3850.0,0.537,-0.026,0.656,0.004,0.837,0.001,0.167,0.013,-0.001,-0.001,0.092,-0.009,0.055,-0.005,5.0,0.855036855036855,0.0170454545454545,0.0439657716140454,0.3624161073825503,0.0050162289760991,0.0752434346414871,0.2151077013868397,-0.2393822393822393,-0.0032467468068084,0.0046764271092326,0.0014104663836152,0.0,0.0001573344775027,0.0002184913156024,0.0013835861316852,0.021896395320886,0.0002971228231333,-0.0005887774968739,0.0057584072304975,49.666666666666664,1
11400930,Zachertstraße,11 - Lichtenberg,14.0,0.8959999999998847,0,0.9234828496042216,600.0,-0.3436804614088855,0,0.992066278584626,1.978891820580475,0.0,0.0732189973614775,0.3255277044854881,0.4630606860158311,0.0089050131926121,0.0577176781002638,0.0046174142480211,0.0676121372031662,1,Zachertstraße ,3948.0,0.488,-0.005,0.666,0.011,0.872,-0.007,0.152,0.021,-0.002,-0.014,0.037,-0.013,0.036,-0.005,5.0,0.8805970149253731,0.015803336259877,0.0050718512256973,0.0,0.0,0.0760777683854607,0.1521555367709214,0.0679536679536679,0.0011515839619765,0.0083980923124479,0.00403735831983,0.0,-0.0040264190948864,0.0004528745545938,-0.0015058492732833,0.0,0.0,-0.0014746489731168,0.0056003884777821,1.0,0
11400931,Massower Straße,11 - Lichtenberg,19.19,0.6249999999999107,0,0.9581442259203228,785.968846400178,-0.2212320948044333,0,1.0,2.017145738779627,0.0,0.0774079677256681,0.0458900655572365,0.0337871911245587,0.7420574886535553,0.0340393343419062,0.0007564296520423,0.0663136661623802,1,Massower Straße ,3551.0,0.404,0.01,0.59,0.021,0.855,0.011,0.164,0.018,0.006,0.017,0.099,-0.02,0.045,-0.007,6.0,0.7470881863560732,0.0299500831946755,0.0253096392030156,0.1063829787234042,0.0032310177705977,0.0872374798061389,0.1809369951534733,0.1521235521235521,-0.007128016600822,0.0133189448793008,0.0044984104205918,0.0,0.0004963057371839,-4.851701122567361e-05,-0.0023455768297262,-0.0398032726604155,-0.0004850090258199,0.0012389502916158,0.0067408789899161,7.833333333333333,1
11401032,Rosenfelder Ring,11 - Lichtenberg,16.23,1.2769999999998043,0,1.9916142557651992,703.7503734189439,-0.459604952326921,0,1.0,3.668763102725367,0.0,0.0893605870020964,0.1029874213836478,0.5374737945492662,0.125,0.0131027253668763,0.0157232704402515,0.1160901467505241,1,Rosenfelder Ring ,3521.0,0.494,0.004,0.622,0.024,0.875,-0.004,0.203,0.008,0.004,-0.019,0.095,-0.029,0.04,0.0,4.0,0.8231089934484812,0.0178677784395473,0.0326460481099656,0.5263157894736842,0.0022909507445589,0.0927835051546391,0.140893470790378,0.0185328185328185,-0.0095162534201211,0.0083310897963795,0.0046211695565717,0.0009166698165822,0.0073810756376512,-0.0009071310841485,-0.0056418450853222,0.0173481173481173,0.0008182008632745,0.0004820156089225,0.0018413328628476,9.5,1
11401033,Gensinger Straße,11 - Lichtenberg,13.16,1.3289999999997868,0,0.7653812187224022,495.6211599437967,-0.2266789210785271,0,0.9706609263448248,3.532528701795702,0.0,0.0220783043862231,0.0209007948189579,0.0329702678834265,0.6941418899028554,0.1427730350309096,0.0,0.0874300853694436,1,Gensinger Straße ,3486.0,0.422,0.006,0.524,0.022,0.791,0.012,0.129,0.0,-0.004,-0.006,0.118,-0.02,0.058,-0.01,5.0,0.8140703517587939,0.0184254606365159,0.0242849433351322,0.5555555555555556,0.0075553157042633,0.0679978413383702,0.1716135995682677,0.3884169884169884,-0.0184089447483821,-0.0015698883379188,0.0065426252517607,0.0002513992792884,0.0042239403798776,0.0002796090913644,0.0009392618486585,-0.0103818103818103,0.0015825761034267,-0.0006320301545769,0.0039628379335483,7.5,1
11401034,Tierpark,11 - Lichtenberg,17.78,3.2819999999994467,0,1.4786418400876231,618.2567018813908,-0.1923905063278324,0,0.1519974913011726,2.190580503833516,0.0,0.0301204819277108,0.1423877327491785,0.0175246440306681,0.7102957283680176,0.0273822562979189,0.0,0.0717415115005476,1,Tierpark ,3369.0,0.391,-0.021,0.57,0.006,0.835,-0.005,0.135,-0.046,0.019,-0.03,0.118,-0.014,0.055,-0.002,5.0,0.8353808353808354,0.0294840294840294,0.0776470588235294,0.3636363636363636,0.0,0.0705882352941176,0.1129411764705882,0.1837837837837838,0.0135875790962742,-0.0047329208411156,-0.002099414678695,0.0,0.0035178647515426,0.006204281491978,0.0050213308664408,0.0183222183222183,0.0,0.0017642555798629,0.0008742761216526,11.0,1
11401135,Dolgenseestraße,11 - Lichtenberg,9.21,0.71299999999988,0,1.06312292358804,600.0813971559729,-0.2231730970612971,0,0.9344767262464132,0.4983388704318936,0.0,0.0011627906976744,0.0009966777408637,0.8131229235880398,0.0,0.0360465116279069,0.0,0.1480066445182724,1,Dolgenseestraße ,3516.0,0.39,0.018,0.522,0.032,0.807,-0.004,0.134,-0.022,0.022,-0.034,0.125,-0.01,0.061,-0.002,4.0,0.8691218130311614,0.0169971671388102,0.0376141859215475,0.6285714285714286,0.0,0.0902740462117141,0.1289629231595916,0.2764478764478765,-0.0147663666371362,0.0007585909941953,0.003292121444943,0.0,0.0197937242509031,-0.0003203345990782,8.478871844568873e-05,-0.0128407628407628,0.0,-0.0021259960573757,0.0019103901125359,11.666666666666666,1
11401136,Volkradstraße,11 - Lichtenberg,9.25,0.6929999999998772,0,1.0638297872340423,600.0,-0.2231435513142097,0,0.8961067839820797,1.9342359767891684,0.0,0.0,0.0040618955512572,0.9063829787234042,0.0709864603481624,0.006963249516441,0.004448742746615,0.0052224371373307,1,Volkradstraße ,3468.0,0.431,0.034,0.64,0.008,0.898,-0.008,0.168,0.015,0.007,0.006,0.069,-0.002,0.042,0.001,5.0,0.8467688207861426,0.0299800133244503,0.0089916506101477,0.0,0.0038535645472061,0.1001926782273603,0.1926782273603083,-0.3081081081081082,0.0046409958841896,0.0164588836582783,0.0026799412631456,5.854908494973698e-05,0.0027956891153874,0.0015111938442051,-0.0005996654070809,0.0,0.0017773790722707,0.0003451201779793,0.0054493786382007,2.3333333333333335,0
11401137,Erieseering,11 - Lichtenberg,7.02,0.2579999999999672,0,1.1632825719120137,641.4364748876933,-0.2075341682844287,0,0.8738620655119883,0.4230118443316413,0.0,0.0059221658206429,0.012901861252115,0.7988578680203046,0.1032148900169204,0.0196700507614213,0.0088832487309644,0.0499153976311336,1,Erieseering ,3362.0,0.406,0.042,0.53,0.019,0.826,0.004,0.141,0.044,0.008,0.005,0.122,-0.018,0.059,-0.005,5.0,0.7939866369710468,0.0206013363028953,0.0506192784060312,0.2765957446808511,0.0043080236941303,0.0969305331179321,0.1809369951534733,-0.2563706563706563,0.014755806141801,4.138435375081066e-05,-0.002191367681008,0.0,-0.0023495654345873,0.0029534932676504,-0.0008461947933848,0.0012428214529054,0.0002660748992418,0.0023348133597703,0.0044609501087,15.666666666666666,1
11501238,Rummelsburg,11 - Lichtenberg,18.0,2.258999999999634,0,0.3611971104231166,1607.1517921109132,-0.0520917002307904,0,0.2185095686150687,20.63983488132095,0.0,0.1176470588235294,0.1449948400412796,0.0128998968008255,0.0,0.2817337461300309,0.2234262125902992,0.2203302373581011,1,Rummelsburg ,5096.0,0.445,0.041,0.423,0.001,0.707,0.028,0.138,0.016,-0.003,-0.009,0.045,-0.021,0.054,-0.008,6.0,0.6713695801789401,0.0867171369580178,0.0176817288801571,0.7777777777777778,0.0111329404060248,0.0609037328094302,0.1001964636542239,-0.0355212355212355,-0.008766660090437,0.0025622956957036,-0.0009645991983418,-0.0001233318365887,0.0144894033659804,-0.0017326075984331,0.0002352143073322,0.0116044616044616,-0.000942640605312,-0.001566006109523,0.00086429781402,9.0,1
11501339,Karlshorst West,11 - Lichtenberg,12.28,1.0539999999998306,0,1.2912231722212528,714.99306045782,-0.4307736339454956,0,1.0,1.5704065608096318,0.0,0.2167161053917292,0.1919385796545105,0.2373058803001221,0.1523294363985342,0.0246030361193509,0.0064561158611062,0.1704763566567789,1,Karlshorst West ,4244.0,0.436,-0.026,0.523,0.011,0.776,0.001,0.148,-0.006,0.009,0.004,0.061,0.014,0.065,-0.0,6.0,0.7722122838401908,0.0322003577817531,0.0215269804822043,0.6,0.0028702640642939,0.0723306544202066,0.1412169919632606,-0.3027027027027027,-0.0001764415237853,0.0058509639901075,-0.0026294277967609,-1.7312003942042777e-05,0.0164175938581093,-0.0022191097759113,0.0006241489273561,-0.0565891765891766,-0.0007097794090423,-0.00017145270334,0.0026217742244576,12.5,1
11501340,Karlshorst Nord,11 - Lichtenberg,13.5,0.9439999999998364,0,1.8245341614906831,628.4499965524487,-0.0486179735876254,0,0.6091703714475724,3.299689440993789,0.0,0.1040372670807453,0.4305124223602484,0.1946816770186335,0.0114518633540372,0.076863354037267,0.0403726708074534,0.1418866459627329,1,Karlshorst Nord ,4630.0,0.316,-0.002,0.458,0.013,0.774,0.013,0.119,0.008,0.002,-0.013,0.052,0.018,0.049,-0.009,7.0,0.7456599614218793,0.0330669605952052,0.019921363040629,0.631578947368421,0.0094364351245085,0.0754914809960681,0.1368283093053735,-0.2393822393822393,0.0027904687209654,0.0067944225360569,-0.0004554647042723,-3.0089155030021497e-05,0.0039156785355187,-0.0026199728617646,-0.0003277157133388,-0.0015613729899444,-0.0005720592661117,0.0001120473689744,0.002905349653217,12.666666666666666,1
11501341,Karlshorst Süd,11 - Lichtenberg,18.72,2.073999999999745,0,3.1847133757961785,578.8178911481974,-0.2723188255424447,0,0.9393853013363632,11.077263915812797,0.0,0.2999169205206314,0.2301301578510108,0.0559401827748546,0.0891719745222929,0.060648019939075,0.0852949321517585,0.1786208806424813,1,Karlshorst Süd ,5154.0,0.416,0.061,0.366,-0.056,0.689,-0.032,0.121,-0.009,0.002,0.027,0.049,0.026,0.052,-0.004,6.0,0.7302100161550888,0.0387722132471728,0.0207887496178538,0.6470588235294118,0.0036686028737389,0.0935493732803424,0.1063894833384286,-0.7343629343629343,0.029069518976178,0.0052217138605536,0.0009283575163572,-0.0002000740672982,0.0092707730308196,0.0011869389723149,-0.0006582273673929,-0.030564776279062,-0.0002000740672982,0.0007912522642898,0.0009421743794344,11.333333333333334,1
12100101,Letteplatz,12 - Reinickendorf,13.18,0.6399999999999192,0,1.9417475728155336,683.1441992024166,-0.3810541367427132,0,0.9239233477013196,2.696871628910464,0.0,0.1783531103919453,0.3649766271125494,0.3074433656957929,0.0575332614167565,0.0690399137001078,0.0,0.0242718446601941,1,Letteplatz,3389.0,0.451,0.019,0.602,0.016,0.829,0.011,0.158,0.005,-0.01,-0.007,0.187,-0.015,0.053,-0.008,5.0,0.7594871794871795,0.0238461538461538,0.0757575757575757,0.3612903225806451,0.0,0.1158357771260997,0.1510263929618768,0.0,-0.0050295862332065,0.0025460612828013,-0.001496367616592,-0.0005533993969192,0.0145398658406526,-0.0006006043841867,0.0041756322105248,-0.0248361176788685,0.0,0.0008296085264507,0.0034807538555753,51.666666666666664,1
12100102,Hausotterplatz,12 - Reinickendorf,16.15,1.6269999999997586,0,1.9074675324675323,820.4155046520725,-0.1979610161241951,0,0.8226404981580663,1.4204545454545454,0.0,0.2286931818181818,0.153612012987013,0.4620535714285714,0.0734577922077922,0.0742694805194805,0.0,0.0077110389610389,1,Hausotterplatz,3366.0,0.429,0.013,0.58,0.009,0.832,0.014,0.162,0.016,-0.007,0.007,0.184,-0.024,0.05,-0.007,4.0,0.75007004763239,0.0369851499019333,0.0469780944840327,0.3314606741573033,0.004750593824228,0.1203483768804433,0.1488519398258115,-0.2316602316602316,0.0107922880040165,-0.0030395403090219,-0.0020728607050934,-0.0020003162313256,0.0159839717996125,-0.0039892898500605,0.0051471899495315,0.0222001053069309,0.0003402348783879,-0.0017290268119474,0.0030139126602003,29.666666666666668,1
12100103,Breitkopfbecken,12 - Reinickendorf,12.34,0.9889999999998432,0,0.9699769053117784,650.0,-0.4307829160924544,0,0.9887779749928712,1.8475750577367205,0.0,0.082217090069284,0.2371824480369515,0.5688221709006929,0.018013856812933,0.08729792147806,0.0,0.0062355658198614,1,Breitkopfbecken,3439.0,0.427,0.026,0.648,0.011,0.869,0.005,0.148,0.008,0.002,0.014,0.158,-0.027,0.042,-0.005,5.0,0.7687224669603524,0.0145374449339207,0.0532594801874733,0.504,0.0025564550489987,0.1457179377929271,0.1891776736259054,-0.1891891891891891,-0.0155477291771553,0.0104901578871466,0.0006220050448557,-0.0007304796731396,0.0098769689168949,0.0005046008588355,-0.0006651139707851,0.0094387777094544,0.0010735521461837,0.0025402899279221,0.0036854012633378,20.833333333333332,1
12100204,Schäfersee,12 - Reinickendorf,14.84,2.098999999999656,0,3.607214428857716,607.9628568248219,-0.3591703509586241,0,0.83925983679933,4.809619238476953,0.0,0.176753507014028,0.3829659318637274,0.4060120240480961,0.0234468937875751,0.0098196392785571,0.0,0.0012024048096192,1,Schäfersee,3440.0,0.441,0.046,0.617,-0.002,0.847,-0.004,0.175,0.03,-0.009,-0.0,0.151,-0.025,0.046,-0.006,6.0,0.6690042075736325,0.0611500701262272,0.0513506285102968,0.3645833333333333,0.0080235357047338,0.1171436212891147,0.1572612998127841,-0.2193050193050193,0.0008672921480703,0.0062971721452946,0.0001904121053499,0.0002733494634499,0.0238327105518918,-0.004573603803842,0.0011926555933297,0.0296267655993915,-0.0003785951984065,0.0002570796690532,0.0043705378709087,32.0,1
12100205,Teichstraße,12 - Reinickendorf,11.73,0.8199999999998498,0,2.5966614352974746,680.7203948786961,-0.3331824457496704,0,0.3765977719282156,1.8547581680696248,0.0,0.0684833785133399,0.3147381937508917,0.4732486802682266,0.0529319446426023,0.0263946354686831,0.0009987159366528,0.0624910828934227,1,Teichstraße,3430.0,0.41,0.012,0.572,0.009,0.831,0.0,0.153,0.006,0.006,0.012,0.169,0.002,0.056,-0.005,6.0,0.6242219215155616,0.0882273342354533,0.0274575832146095,0.5424528301886793,0.0028493718430255,0.0854811552907654,0.1282217329361481,0.4864864864864865,-0.0252858270548098,0.0019843840044568,-0.0006826168795028,-0.0013125687467873,0.0209013215654678,-0.0033152420269806,0.0011169824242185,0.0105559692478985,8.784859953605714e-05,-0.0010386477503264,0.0025529853025856,35.333333333333336,1
12100206,Humboldtstraße,12 - Reinickendorf,10.85,0.5799999999998968,1,1.1649755730928222,630.8359325425643,-0.4112136430360359,0,0.5214141532131901,1.1273957158962795,0.0,0.0161593385945133,0.4919203307027433,0.4411875234874107,0.0210447200300638,0.0281848928974069,0.0011273957158962,0.0,1,Humboldtstraße,3537.0,0.388,0.03,0.617,0.004,0.854,-0.007,0.138,0.013,0.003,0.005,0.108,-0.005,0.047,-0.005,6.0,0.7923728813559322,0.0211864406779661,0.0212591986917416,0.9230769230769232,0.0,0.1618969746524938,0.1717089125102207,0.2386100386100386,-0.0030468311008274,0.009875061822375,0.0035734923412239,-8.127603222051522e-06,0.0200502851192456,0.0019432009768411,-0.0028725052151457,0.1485714285714285,0.0,0.0029778469410766,0.0064983658767283,4.333333333333333,0
12200307,Reinickes Hof,12 - Reinickendorf,12.26,1.421999999999804,1,1.434159061277705,716.9668130618902,-0.1831716593410308,0,0.5795447341325879,1.303780964797914,0.0,0.0319426336375488,0.4869621903520209,0.4400260756192959,0.0162972620599739,0.0,0.0247718383311603,0.0,1,Reinickes Hof,3313.0,0.398,0.03,0.642,0.006,0.856,-0.007,0.205,0.042,-0.023,-0.01,0.152,-0.0,0.052,0.005,8.0,0.5200678349349915,0.1351045788581119,0.0005408328826392,1.0,0.0005408328826392,0.0616549486208761,0.1135749053542455,-0.5351351351351352,0.0002840507511729,0.0006969929215839,0.0014906823256244,0.0017559609408164,0.0124363767886387,-0.0065267928850165,-0.0021654909588853,0.1306451612903225,-0.0008704757187921,-0.000318084964396,0.0013639912647926,0.1666666666666666,0
12200308,Meller Bogen,12 - Reinickendorf,11.18,0.6489999999997685,0,1.256198347107438,531.9850504107227,-0.4859811896310582,0,1.0,1.6528925619834711,0.0,0.0624793388429752,0.0446280991735537,0.8171900826446281,0.0482644628099173,0.0171900826446281,0.0049586776859504,0.004297520661157,1,Meller Bogen,3455.0,0.37,0.023,0.568,0.019,0.855,-0.001,0.162,0.05,0.009,0.002,0.126,-0.007,0.035,-0.005,5.0,0.759344262295082,0.0472131147540983,0.0484076433121019,0.3947368421052631,0.0076433121019108,0.1375796178343949,0.1643312101910828,0.4138996138996139,-0.0334092347434511,0.0031056605602249,0.0012404713658378,0.0001890718381088,0.0128439045738525,-0.0033294015267748,0.0051461518666032,-0.0196236196236196,7.562873524352741e-05,0.0015462495642291,0.0028521665694215,12.666666666666666,1
12200309,Scharnweberstraße,12 - Reinickendorf,13.59,1.0459999999998515,0,2.137687258037368,637.5511286556392,-0.4501208033527816,0,1.0,1.3465746507322,0.0,0.158390843292375,0.3588621444201313,0.3253660999831678,0.0451102507995287,0.0358525500757448,0.0,0.0750715367783201,1,Scharnweberstraße,3350.0,0.44,0.018,0.594,0.01,0.841,0.005,0.197,0.039,-0.005,-0.016,0.2,-0.015,0.051,-0.004,5.0,0.6940919037199125,0.0463894967177242,0.1052520118593816,0.3118712273641851,0.0038119440914866,0.1003811944091486,0.1664548919949174,-0.054054054054054,-0.0160878738342826,-0.0013037009923853,-0.0015269825578334,-0.000890166559308,7.938377469513807e-05,1.7866146674337255e-05,0.0059349567532537,-0.0120622617424984,-0.0001701473713607,-0.0017537642791254,0.0019119676151351,82.83333333333333,1
12200310,Klixstraße,12 - Reinickendorf,9.44,0.7459999999998699,0,2.108511185394703,525.5865045828012,-0.6432082148178768,0,1.0,1.7999485728979172,0.0,0.1249678580611982,0.041398817176652,0.6235536127539213,0.0516842375932116,0.1470815119568012,0.0,0.0107996914373875,1,Klixstraße,3176.0,0.416,0.022,0.548,0.019,0.807,0.009,0.139,-0.003,0.002,0.013,0.25,-0.015,0.063,-0.007,4.0,0.7562962962962962,0.0374074074074074,0.0493562231759656,0.4347826086956521,0.0042918454935622,0.1008583690987124,0.1502145922746781,0.027027027027027,-0.0050807101532593,0.0031890773819555,0.0004337671885528,0.0006888158812834,0.0153657678358143,0.0031799589301693,0.0020757660484946,-0.0512972590494656,-8.500752799887552e-05,-0.0026900788070101,0.0026872239352308,23.0,1
12200411,Schumacher-Quartier,12 - Reinickendorf,,,1,9.523809523809524,370.6564871427858,-0.568809707323645,0,0.8445857803972978,11.904761904761903,0.0,0.0595238095238095,0.4464285714285714,0.4702380952380952,0.0,0.0,0.0,0.0357142857142857,1,Schumacher-Quartier,,0.365,0.006,0.538,-0.025,0.861,0.012,0.191,0.071,-0.037,0.003,,,0.013,-0.033,7.0,0.4970414201183432,0.1065088757396449,0.0456273764258555,1.0,0.0,0.0798479087452471,0.0798479087452471,0.5513513513513514,0.0124082025006836,0.0274113816757522,0.0061136298886568,0.0004981852147044,0.039793031164465,0.0013473564701581,-1.886523442094786e-05,0.0,0.0,-0.0015457669221787,0.0054433735095212,4.0,0
12200412,Waldidyll/Flughafensee,12 - Reinickendorf,14.13,1.3519999999997978,0,1.662971175166297,554.040938666497,0.0385544285547242,0,0.1966112569538541,2.5868440502586845,0.0,0.0787139689578714,0.4497413155949741,0.2468588322246858,0.0657797487065779,0.0384331116038433,0.0332594235033259,0.0905395417590539,1,Waldidyll/Flughafensee,,0.357,0.008,0.501,0.023,0.817,0.005,0.169,0.044,-0.001,0.007,0.073,0.001,0.036,-0.003,9.0,0.4180250572544793,0.0713997036238717,0.0189311010946555,0.5170068027210885,0.0055376690276883,0.0525434642627173,0.0618158403090792,0.5227799227799228,-0.0114617136450703,0.0066768319609261,0.0017054347181686,-0.0015966628219596,0.0043015018249749,-0.0015795400291028,0.0010628017280351,-0.0179792931594173,-0.0002846077809776,0.0009065757185679,0.0008050791938977,24.5,1
12200413,Tegel Süd,12 - Reinickendorf,9.75,0.7789999999998627,0,1.5829318651066755,594.5516847207971,-0.3862359393135068,0,0.7448440284968673,0.2294104152328515,0.0,0.0454232622161046,0.1899518238128011,0.6554255563202569,0.0082587749483826,0.0984170681348933,0.0011470520761642,0.0013764624913971,1,Tegel Süd,3902.0,0.356,0.013,0.557,0.007,0.819,0.001,0.149,0.029,-0.012,-0.018,0.182,-0.014,0.071,-0.002,5.0,0.8164305949008499,0.0169971671388102,0.0261723009814612,0.5,0.0,0.1243184296619411,0.1603053435114503,-0.2571428571428571,0.0034901581581709,0.0032242243641076,0.0003027880582269,-0.0016677809269813,0.0207973675923983,-0.0039260125048403,0.0009397634195038,-0.0039713182570325,0.0,0.0015915213808196,0.0042162735472316,8.0,1
12200414,TXL,12 - Reinickendorf,17.42,,1,1.444043321299639,319.6180109414446,0.1601228570332789,0,0.9819631843612594,1.8050541516245489,0.0,0.0324909747292418,0.427797833935018,0.4530685920577617,0.03971119133574,0.0252707581227436,0.0,0.0126353790613718,1,TXL,,0.4,0.126,0.342,-0.087,0.864,0.034,2.792,2.71,-1.627,-1.638,0.077,-0.02,0.013,-0.021,5.0,0.6574225122349103,0.0685154975530179,0.083076923076923,0.4444444444444444,0.0,0.1384615384615384,0.083076923076923,-0.4108108108108108,0.0128843477939271,-0.0051260404259443,-0.0034002440872856,-0.0013339083411117,-0.0021851645729946,0.0118039465740469,-0.0119055133229241,-0.0471900471900472,0.0,-0.0028084371081534,0.0022838479616168,9.0,1
12200515,Alt-Tegel,12 - Reinickendorf,20.0,2.227999999999657,0,2.888086642599278,1184.7456716175016,-0.3425678741332725,0,0.3611997252681319,2.04049599748862,0.0,0.4354104536179564,0.0687490189923089,0.2990111442473709,0.026369486736776,0.0959033118819651,0.016637890441061,0.0580756553131376,1,Alt-Tegel,4145.0,0.335,0.022,0.572,0.003,0.862,-0.003,0.156,0.033,0.025,0.011,0.065,-0.004,0.036,0.001,7.5,0.5311599244607892,0.0959149189941357,0.0728564661297963,0.5123537061118335,0.001989578398863,0.0778777830412126,0.0869729985788725,0.1065637065637065,-0.0203545291547201,0.0085529837818406,0.0041166453015051,0.0007839251631815,0.012357134888372,0.0032138841905845,0.0018957756041559,-0.022853952394601,-0.000426005555807,0.0004937726547602,0.0015338071412279,128.16666666666666,1
12400616,Konradshöhe/Tegelort,12 - Reinickendorf,16.71,1.0959999999998624,0,2.1403508771929824,650.0000579644359,0.1313360912371382,0,0.7105949259257484,0.7017543859649122,0.0,0.0845614035087719,0.16,0.3319298245614035,0.2298245614035087,0.107719298245614,0.0473684210526315,0.0396491228070175,1,Konradshöhe/ Tegelort,5013.0,0.224,0.018,0.406,0.002,0.802,-0.014,0.117,0.025,0.013,0.005,0.035,0.01,0.047,0.004,9.0,0.7219730941704036,0.0122299225438238,0.0224458204334365,0.6724137931034483,0.0023219814241486,0.0859133126934984,0.1393188854489164,-0.0911196911196911,0.0067955394151877,0.0065471531101783,0.0032741773201052,0.0011774435478798,0.0126546534030381,-0.0035127750650083,-0.0016673598200635,0.0425552825552825,-0.0004680533222441,0.0003280356404226,0.0031462206687598,9.666666666666666,1
12400617,Alt-Heiligensee,12 - Reinickendorf,13.73,1.0619999999998664,1,2.707275803722504,670.0,0.0615578929994333,0,0.4287335018482113,1.6920473773265652,0.0,0.0473773265651438,0.182741116751269,0.2615905245346869,0.1922165820642978,0.1641285956006768,0.0954314720812182,0.0565143824027072,1,Alt-Heiligensee,4801.0,0.22,0.002,0.353,0.012,0.797,0.004,0.079,0.008,0.006,0.003,0.016,-0.007,0.036,-0.003,9.0,0.7039764359351989,0.0088365243004418,0.0354735721887194,0.6,0.0021284143313231,0.0659808442710181,0.1191912025540972,0.5498069498069498,-0.033237138061239,0.0017105126663727,-0.0014805162920916,-0.0019788521026846,-0.0043182249539278,0.0009765951919319,0.00368948081252,0.0362936858735178,5.316026834192167e-05,0.00060537480047,0.0018828919562319,16.666666666666668,1
12400618,Heiligensee Nord,12 - Reinickendorf,14.02,1.6599999999997168,1,1.5854374633000587,502.9148972653068,0.0750788479815598,0,0.3489170138905553,2.3487962419260127,0.0,0.007046388725778,0.3546682325308279,0.2982971227246036,0.1180270111567821,0.095713446858485,0.0211391661773341,0.1068702290076335,1,Heiligensee Nord,4221.0,0.261,0.012,0.403,0.031,0.776,-0.01,0.095,0.0,0.005,-0.014,0.035,0.001,0.05,0.004,8.0,0.7367588932806324,0.0426877470355731,0.0191277735271614,0.96,0.0045906656465187,0.0964039785768936,0.1560826319816373,0.044015444015444,-0.0078002916887711,0.0073470053127549,0.0064145125439952,0.002159539926793,0.0129114380918459,0.0007817824907707,-0.002224505890844,-0.0089575289575289,-0.0045158340933422,0.0015087317434223,0.0039573462252782,4.166666666666667,0
12400619,Heiligensee,12 - Reinickendorf,14.89,1.4909999999997654,1,2.8443948689347462,669.6176985568551,0.0609971672948592,0,0.1165646843781347,1.1154489682097044,0.0,0.0217512548800892,0.2261572783045175,0.3335192414947016,0.2038482989403234,0.1491912994980479,0.0312325711098717,0.0348577802565532,1,Heiligensee,4739.0,0.244,0.005,0.404,0.019,0.809,-0.0,0.108,0.023,0.006,0.005,0.044,0.01,0.037,0.001,6.0,0.8205128205128205,0.0168598524762908,0.0281642348150661,0.6385542168674698,0.006107906345436,0.0895826263997285,0.1486257210722769,-0.2154440154440154,-0.0046306174017568,0.0043517190014144,0.004045536572639,-0.0018817146236631,0.0057452423654792,0.0008623598824664,0.0038298467425908,0.0358250501107643,3.960725084038147e-05,0.0002009072888988,0.0040591524146526,13.833333333333334,1
12400720,Frohnau West,12 - Reinickendorf,14.47,0.726999999999925,1,2.3002720751916894,749.9956521450831,3.2206571285183463e-06,0,0.987782871176216,1.4840465001236705,0.0,0.0304229532525352,0.3138758347761563,0.3851100667820925,0.1535988127627999,0.0759337125896611,0.0215186742517932,0.0195399455849616,1,Frohnau West,5328.0,0.217,0.011,0.403,0.014,0.813,0.007,0.099,0.029,0.004,-0.002,0.023,0.0,0.038,0.005,9.0,0.6222450025627884,0.0258841619682214,0.0155248891079349,0.5396825396825397,0.0017249876786594,0.0502710694923607,0.1094135041892557,-0.0911196911196911,0.0029194018913324,0.0182844037543378,0.0020605998688309,-0.0024130607787662,0.0157360914882499,0.0012571634864564,9.513776643268262e-06,-0.018067938067938,0.0004922329259169,-0.0019137862377496,0.0027101851616365,10.5,1
12400721,Frohnau Ost,12 - Reinickendorf,12.62,0.5289999999999089,1,2.713487629688747,685.1513980815771,0.0070296110004964,0,0.5309333360111659,2.128225591912743,0.0,0.0452247938281457,0.3362596435222134,0.3115190210162277,0.1362064378824155,0.0784783187017823,0.0502793296089385,0.0428305400372439,1,Frohnau Ost,5693.0,0.218,0.004,0.415,0.033,0.798,0.011,0.089,0.006,0.004,-0.004,0.035,0.007,0.036,-0.005,8.0,0.6355114419630549,0.0330851943755169,0.0214155131888221,0.8536585365853658,0.0062679550796552,0.059545573256725,0.101854270044398,0.2463320463320463,-0.0043409500191505,0.0153723529358468,0.0032082276908276,0.0007243212061006,0.0119106655615686,-0.0005428246978438,0.0008186106377569,-0.0182027753456325,0.0006491368939794,-0.0018557876218668,0.0023399933288347,13.666666666666666,1
12400722,Hermsdorf West,12 - Reinickendorf,13.31,0.7869999999999017,0,2.8308245338126263,658.3786015460572,0.0786832961382633,0,0.7145164372217248,1.1233430689732644,0.0,0.1770388676701864,0.2257919568636261,0.2954392271399685,0.107391597393844,0.0930128061109862,0.0208941810829027,0.081554706807459,1,Hermsdorf West,4917.0,0.237,0.01,0.455,0.031,0.822,0.01,0.094,0.014,-0.002,-0.005,0.031,0.003,0.036,-0.0,8.0,0.7052777777777778,0.0116666666666666,0.0489882854100106,0.5597826086956522,0.0047923322683706,0.0990415335463258,0.121405750798722,-0.2393822393822393,-0.0047805853757375,0.0106479084922424,0.0060957902062595,0.0003509639120399,0.0128868808516018,0.0001419283296459,0.0038795115787306,-0.0177662319303618,-4.918778129590709e-05,0.0009150079050021,0.0035047006408132,30.666666666666668,1
12400723,Hermsdorf Ost/Waldsee,12 - Reinickendorf,15.0,1.0689999999998208,0,2.581453634085213,660.0019743729029,0.0787789107156509,0,0.7769091733132679,1.0025062656641603,0.0,0.1822055137844611,0.1922305764411027,0.3280701754385965,0.12531328320802,0.1012531328320802,0.0223057644110275,0.0471177944862155,1,Hermsdorf Ost/ Waldsee,4739.0,0.249,0.015,0.427,0.014,0.818,0.003,0.098,0.018,0.013,0.002,0.031,0.001,0.033,-0.006,9.0,0.695457930007446,0.0163812360387192,0.0375058602906704,0.4875,0.0070323488045007,0.060478199718706,0.0914205344585091,0.0725868725868726,-0.0006708236340886,0.0093732636271532,0.0041700336257281,-0.0007006195925011,0.0140246558065632,-0.0016519726794965,0.0030106079769969,-0.0342194342821999,6.0557989166834904e-05,-0.0026589231912264,0.0023743535188922,26.666666666666668,1
12500824,Ziekowstraße/Freie Scholle,12 - Reinickendorf,10.78,0.81099999999989,0,1.5470189466365374,579.5277419845311,-0.1376068371837235,0,0.6931379463086984,0.6952894142186685,0.0,0.0653572049365548,0.4853120111246306,0.4051799061359291,0.0170345906483573,0.018772814183904,0.0043455588388666,0.003650269424648,1,Ziekowstraße/Freie Scholle,3804.0,0.309,0.014,0.593,0.012,0.861,-0.002,0.109,0.013,0.011,0.004,0.068,0.001,0.043,-0.005,6.0,0.7955776173285198,0.0216606498194945,0.0298889837745516,0.6,0.0025619128949615,0.1101622544833475,0.1332194705380017,-0.1521235521235521,0.0020951540754961,0.0132800051997768,-0.0001369925931288,-0.000895244796818,0.0053450931224005,0.0019323600856544,-0.0076307916277802,0.0376415847004082,-5.2029349557848026e-05,0.0006783824173166,0.0032178969191715,11.666666666666666,1
12500825,Borsigwalde,12 - Reinickendorf,15.47,1.7069999999997665,0,2.8703703703703702,570.5023700123995,-0.2713064577557348,0,0.4035024011718409,0.925925925925926,0.0,0.1773148148148148,0.5023148148148148,0.2703703703703703,0.0127314814814814,0.0215277777777777,0.0122685185185185,0.0011574074074074,1,Borsigwalde,3720.0,0.393,0.022,0.614,0.001,0.867,-0.001,0.175,0.036,-0.005,0.003,0.1,-0.001,0.043,-0.006,9.0,0.4777148921117792,0.1322957198443579,0.0151924375422012,0.5888888888888889,0.0062457798784605,0.0860904794058068,0.0860904794058068,0.4540540540540539,-0.0053119728546222,0.005814028132392,0.0012213256760392,0.0003817124489425,0.0254358167879548,-0.0041813600901075,-0.0006080218565915,0.0286315843038532,0.0005414900574438,-0.0001833636700278,0.0004003496292568,15.0,1
12500926,Wittenau Mitte,12 - Reinickendorf,12.77,0.7879999999998907,0,1.436077057793345,504.32168526665976,0.1959047174310163,0,1.0,0.3502626970227671,0.0,0.0528896672504378,0.5667250437828372,0.201401050788091,0.0322241681260945,0.0311733800350262,0.0049036777583187,0.1099824868651488,1,Wittenau Mitte,3619.0,0.328,0.011,0.62,0.021,0.873,-0.01,0.149,0.001,0.021,-0.007,0.099,-0.005,0.038,-0.0,5.0,0.7322128851540616,0.0492997198879551,0.0998389694041868,0.4623655913978494,0.003220611916264,0.0869565217391304,0.1288244766505636,0.0162162162162162,-0.0024007601506346,0.0029433056644475,-0.0018168473395757,-0.0032359341148918,0.0233946341971233,-0.0049828947517897,0.0012866791001851,0.0118247001172473,-2.4357074469919195e-05,-0.001462025003998,0.003604507694915,31.0,1
12500927,Wittenau Nord,12 - Reinickendorf,12.92,-0.1309999999998838,0,1.6758074344911638,464.501080211181,0.0521104287811966,0,0.6012610871597391,0.9140767824497258,0.0,0.0396099939061547,0.1429006703229738,0.4177330895795246,0.1291895185862279,0.1636197440585009,0.0091407678244972,0.0981109079829372,1,Wittenau Nord,4226.0,0.306,0.026,0.468,0.01,0.827,-0.011,0.145,0.036,0.028,0.017,0.07,-0.001,0.037,-0.002,5.0,0.72850790513834,0.037796442687747,0.0357227348000946,0.6357615894039735,0.0042583392476933,0.1050390347764372,0.1263307310149042,0.0,-0.0013884200267796,0.007400006324546,0.0049990133251657,0.0011506564898137,0.0087500584176929,-0.0029017495203738,0.0024482546756881,0.0017965528772982,0.0013716915944528,-0.0005031434220557,0.000369079240706,25.166666666666668,1
12500928,Waidmannslust,12 - Reinickendorf,15.0,1.2249999999998236,1,2.460592079969243,519.880217275813,0.0800432585105814,0,0.7136564131711871,1.9223375624759709,0.0,0.2948865820838139,0.1910803537101115,0.3175701653210304,0.0857362552864283,0.0561322568242983,0.0153787004998077,0.0399846212995001,1,Waidmannslust,4198.0,0.298,0.01,0.487,0.008,0.81,-0.001,0.132,0.031,0.015,0.008,0.047,-0.004,0.043,-0.004,8.0,0.6322674418604651,0.0313953488372093,0.0452400777130169,0.558282208588957,0.0099916736053288,0.1132389675270607,0.1165695253955037,0.0,0.0122749542857634,-0.0030828726637344,0.005198357381916,0.0011670775463887,0.0099885038415953,-0.0006402351825043,0.0014272986903709,0.021458448706502,-0.0003884591925925,0.0025519221317825,0.0032026315762333,27.166666666666668,1
12500929,Lübars,12 - Reinickendorf,14.0,0.7459999999998725,1,1.7090069284064664,476.4979000459719,0.0750023210546386,0,0.3105523538776424,1.3856812933025404,0.0,0.0466512702078521,0.277136258660508,0.2318706697459584,0.2073903002309468,0.1094688221709006,0.0443418013856812,0.0836027713625866,1,Lübars,4289.0,0.247,0.002,0.387,0.038,0.789,0.004,0.098,0.031,-0.001,-0.008,0.027,0.003,0.037,-0.005,8.0,0.7412302999491611,0.0183019827147941,0.0235872235872235,0.625,0.0073710073710073,0.0766584766584766,0.112039312039312,0.2594594594594595,-0.0128461119307292,0.0056316074151861,-0.00064201996641,0.0024819555814853,0.0106121477748166,0.0009129687097715,-0.0025031136525787,0.0364650364650364,0.000350907105651,-0.0012464538984127,0.0026647274891363,8.0,1
12500930,Wittenau Süd,12 - Reinickendorf,10.98,0.0860000000000475,0,1.5981248668229278,502.92955025825006,0.0550637741531499,0,0.9176763233333192,0.6392499467291711,0.0,0.0347325804389516,0.3609631365864053,0.5422970381419134,0.0294054975495418,0.0294054975495418,0.0012784998934583,0.0012784998934583,1,Wittenau Süd,3506.0,0.368,0.011,0.581,0.021,0.86,-0.002,0.664,-0.117,-0.492,0.129,0.105,-0.004,0.043,-0.001,5.0,0.7958115183246073,0.0209424083769633,0.0263996358670914,0.3275862068965517,0.0,0.1338188438780154,0.1747837960855712,0.0972972972972973,-0.011798142613096,-0.0015749634093507,0.0023397061423438,-0.0001131972126812,0.0152285983099494,-0.0001163089953289,0.0041858972930357,-0.0781981981981981,0.0,0.0013070394292358,0.00590931100299,9.666666666666666,1
12601031,Lübarser Straße,12 - Reinickendorf,16.13,3.019999999998713,1,1.4666666666666666,474.10849579716586,-0.0899836849387866,0,0.5621345746770406,10.0,0.0,0.0433333333333333,0.1313333333333333,0.606,0.104,0.0713333333333333,0.02,0.026,1,Lübarser Straße,3862.0,0.291,0.035,0.512,-0.004,0.878,-0.005,0.144,0.048,0.024,0.039,0.089,0.011,0.03,0.003,7.0,0.580718508412915,0.1036834924965893,0.0362381363244176,0.5,0.0030198446937014,0.1035375323554788,0.1061259706643658,0.1065637065637065,-0.0132690838053219,0.0007734451864564,0.0078382893958616,0.0017446166379981,0.0140608349256985,0.0030221592480668,0.0017866464078879,0.0646794646794647,-0.0008085172204962,0.0011256883942529,0.0027114833756106,14.0,1
12601032,Rollbergesiedlung,12 - Reinickendorf,7.9,1.0029999999997783,0,2.217125382262997,537.2600130121052,-0.2464769403263761,0,0.8133789853063249,1.146788990825688,0.0,0.0,0.007262996941896,0.922782874617737,0.0194954128440367,0.0409021406727828,0.0045871559633027,0.0042048929663608,1,Rollbergesiedlung,3148.0,0.364,0.02,0.426,-0.011,0.712,-0.017,0.133,0.019,0.023,0.014,0.284,-0.041,0.094,0.001,6.0,0.6866173503698723,0.0289172831203765,0.066142763588736,0.4158415841584158,0.0,0.0903732809430255,0.1532416502946954,-0.5768339768339769,0.0180145983684096,0.0132708673251023,0.0033706422720928,-7.590845142183153e-05,0.0233010359765077,-0.0024380545052895,0.0034991891789607,0.0166486955142417,0.0,-0.001833126417124,0.0018620184353965,16.833333333333332,1
12601133,Treuenbrietzener Straße,12 - Reinickendorf,7.89,0.4339999999999187,0,0.9147528221097704,549.9985269642417,-0.3101576065542593,0,0.4781550022934492,0.1946282600233553,0.0,0.006033476060724,0.0,0.9935772674192292,0.0007785130400934,0.0,0.0,0.0,1,Treuenbrietzener Straße,2973.0,0.354,0.011,0.424,0.021,0.728,0.01,0.092,0.005,0.01,0.016,0.231,-0.052,0.091,-0.011,4.0,0.7574906367041199,0.0636704119850187,0.0217884702678166,0.75,0.0,0.1225601452564684,0.1770313209260099,0.1845559845559845,-0.0177597438771874,0.0070013000354476,-0.0004958688699015,-0.0001945974766428,-0.0065334167107386,-0.0031246301120378,0.0058301374601115,0.0905938591652877,0.0,0.0009239727380859,0.0039254701683481,8.0,1
12601134,Märkisches Zentrum,12 - Reinickendorf,8.64,0.6029999999998993,0,1.6878245816503177,549.669954940799,-0.3088852797734527,0,0.9999967733025096,0.0,0.0,0.0,0.0,0.9239757645701095,0.0,0.0,0.0,0.0755914598961338,1,Märkisches Zentrum,3151.0,0.349,0.026,0.412,0.009,0.745,-0.002,0.107,0.01,0.002,-0.009,0.219,-0.012,0.076,-0.007,4.0,0.8180236604036186,0.0167014613778705,0.0486740516951997,0.4482758620689655,0.0003356831151393,0.1289023162134944,0.1832829808660624,-0.0756756756756756,0.0084093541974724,0.0056394706662213,-0.0031234654201755,-0.0014830579391393,0.0118266732018886,-1.2924275330436e-05,0.0008222582790809,0.0051665013404144,-0.0009277355867122,0.0005735380616723,0.0045686395707371,24.166666666666668,1
12601235,Dannenwalder Weg,12 - Reinickendorf,7.45,0.1139999999999656,0,1.0765270301895624,543.8284009430797,-0.2859967017539285,0,0.9919383450034488,0.0,0.0,0.0,0.0028083313831032,0.9307278258834544,0.0306576175988766,0.021062485373274,0.0007020828457758,0.0135736016849988,1,Dannenwalder Weg,3061.0,0.366,0.02,0.411,0.025,0.726,0.02,0.097,0.002,-0.002,-0.0,0.244,-0.03,0.075,-0.024,4.0,0.923406862745098,0.0073529411764705,0.0151780502043199,0.5769230769230769,0.0035026269702276,0.1436077057793345,0.1646234676007005,0.2625482625482625,-0.01580440883454,0.0035151898344523,0.0021396731225816,-0.0002420809708485,0.0067722425834766,-0.0009664682504311,0.001719824422856,-0.0601287001287001,-0.0001210404854242,-0.0002164355180709,0.004366038191037,4.333333333333333,0
12601236,Schorfheidestraße,12 - Reinickendorf,10.42,0.8999999999998999,1,1.851851851851852,478.5184895613884,0.0699195441188205,0,0.9999999999999828,4.2087542087542085,0.0,0.0092592592592592,0.1085858585858585,0.4259259259259259,0.191077441077441,0.1952861952861952,0.0479797979797979,0.021043771043771,1,Schorfheidestraße,3776.0,0.314,0.007,0.415,0.011,0.817,-0.004,0.118,0.03,0.003,-0.002,0.061,-0.01,0.039,0.001,7.0,0.7344521224086871,0.0296150049358341,0.0541549953314659,0.5862068965517241,0.0,0.0504201680672268,0.1288515406162464,0.4540540540540542,-0.0276411262972178,0.0116373483969954,0.009476468151495,0.0027791804205388,-0.0030420219671128,0.0032341448191461,-0.0015176517575747,-0.0025880425880425,0.0,-0.0006699373264728,0.0036699810468048,9.666666666666666,1
