plr_id,com_median_age_level_2026,com_share_solo_level_2026,com_share_10plus_level_2026,com_gastro_share_level_2026,com_upscale_share_level_2026,com_tourism_share_level_2026,com_entry_rate_level_2026,com_exit_rate_level_2026,com_median_age_slope,com_share_max_2y_slope,com_share_min_20y_slope,com_share_min_30y_slope,com_share_min_40y_slope,com_share_solo_slope,com_share_10plus_slope,com_gastro_share_slope,com_upscale_share_slope,com_tourism_share_slope,com_entry_rate_slope,com_exit_rate_slope,com_n_gastro,com_has_gastro_structure
01100101,8.0,0.489785749875436,0.1011459890383657,0.0176072234762979,0.6923076923076923,0.0171557562076749,0.0501128668171557,0.1246049661399548,-0.3019305019305019,-0.001224166346094,0.0056576854902237,0.001367298360029,-0.0002755782435319,0.0240829407726997,0.00275444384141,0.0031526670048988,-0.0360259303116446,-0.0011931490082779,-0.0027997506819066,0.0013953783786902,13.0,1
01100102,7.0,0.449550794747754,0.1263533747984335,0.0831636480548708,0.6211340206185567,0.0071803665202014,0.0655878255278105,0.07844818347444,0.277992277992278,-0.0136874671076961,0.004812714927974,0.0030147297525983,0.0010625309784814,0.0285917479947185,0.0025055674545611,0.0048561165225879,-0.0355593529771381,-6.55599414394231e-05,-0.000929615263413,-0.0006638435759141,129.33333333333334,1
01100103,7.0,0.4991703892788768,0.0815571155073388,0.0313580541313938,0.5855513307984791,0.0114462859186836,0.0736854656015261,0.0665315369023488,0.1969111969111969,0.0212703798756242,0.0081877911990845,0.0014981694931028,0.0011008474101342,0.0325300048837308,-0.0012222271311424,0.0001765683344133,-0.0101592944389065,-0.0019669413490738,-0.0010186268654108,0.0001029928666842,43.833333333333336,1
01100104,7.0,0.5629598486441034,0.0981711162497372,0.0378142941991684,0.643979057591623,0.0047515343496337,0.0772124331815482,0.1437339140764205,-0.0833976833976833,0.009633840070128,0.0061684086988821,0.0008192983232078,0.001799169695458,0.0284474934202849,3.773094054727801e-05,0.00170636348516,-0.041467561336697,2.314924455941649e-05,0.0006159025156471,-0.0087327850578267,31.833333333333332,1
01100205,6.0,0.4601742696053306,0.1112250128139415,0.0637330754352031,0.6282245827010622,0.013926499032882,0.0661508704061895,0.0794970986460348,0.4795366795366795,-0.0615040260989531,0.0060341924302818,0.0013340446708027,0.0004595982506439,0.0153704870225603,0.0032920377352576,0.0024374338390579,-0.0194980826640148,0.0004242184459962,-0.0016405554586825,0.0014024382272673,109.83333333333331,1
01100206,7.0,0.432522872094265,0.1123847495639172,0.0411453715561685,0.8004788507581804,0.0058779102223097,0.1071815584671461,0.0561521032410599,0.0,-0.0068320088067268,0.0057664255171534,0.0016148414343902,-0.0001986229455367,0.0340245201876839,-0.0027404029774642,0.0007932888620843,-0.0094266498696555,-0.0011376841978432,0.0013853751024563,-0.0010326166343327,208.83333333333337,1
01100207,8.0,0.4698414975256401,0.1393530803987664,0.0384771436299702,0.7328646748681898,0.0099404922910467,0.0770895320530159,0.1111712199080335,0.4988416988416988,-0.0102963942796928,0.0099388866276923,0.0047550583019247,0.0007490003510782,0.0222206049206536,0.0064540866273535,0.0033391560456262,0.0038644684022762,-0.0004199213593626,1.9308410066426015e-05,0.0021280317532714,94.83333333333331,1
01100308,7.0,0.51497667566904,0.0942180211146575,0.029351724137931,0.7199248120300752,0.0076137931034482,0.1403586206896551,0.1635310344827586,0.4617760617760618,-0.0098851935055386,0.0090261518109385,0.0019354986453492,0.0006080804748597,0.020686093158886,6.062256694426404e-05,0.0006079881957893,-0.0119299449618311,-0.0003397829137952,0.0008687594749232,0.0015739754689428,88.66666666666667,1
01100309,6.0,0.5117753018880512,0.0919007271999466,0.061793378391005,0.7167338709677419,0.0074127137384371,0.0725075528700906,0.0984831968106643,0.0,-0.0181192494433067,0.0063714239119747,0.0014750482210441,-9.98871596627696e-05,0.0165154341263189,0.0014234406837623,9.490992992263184e-05,-0.0074915410801588,-0.0005603805761152,-0.0011004487846313,0.0014598770613719,330.6666666666667,1
01100310,7.0,0.5090566037735849,0.1210062893081761,0.0765816417115464,0.6197836166924265,0.0092915902231165,0.077055098538202,0.091968988577854,0.4447876447876447,-0.0140560251527456,0.015387456092696,0.0094492563865244,0.0037959961465925,0.0024791210355661,0.0056126712263911,0.0028713615963074,-0.0022234518594555,0.0001640127890678,-0.0008445473419352,0.0009779675929265,215.66666666666663,1
01100311,6.0,0.6076368595363335,0.075978959672706,0.0655584609637654,0.5156695156695157,0.0044826298094882,0.0840493089279043,0.1143070601419499,0.3042471042471042,-0.004705376719922,-0.0013850671357164,0.003345919661259,0.0002205178465751,0.0021014690375177,0.0040509169038864,0.0006936560023663,-0.0219072918714441,-0.0001801008938471,-0.0023760251689503,0.0027929030957771,58.5,1
01100312,6.0,0.5888304330230676,0.0851207338459463,0.0351720647773279,0.4028776978417266,0.017332995951417,0.1115890688259109,0.0926113360323886,0.0,-0.0168364566041764,0.0063594594207705,0.0010984258444018,-6.872726948129093e-05,0.0190819627543572,-0.0007753282780153,-1.902374305188122e-05,-0.0297205360800175,-7.74802506378547e-05,0.0020333361926298,0.0005256910820764,46.333333333333336,1
01100313,6.0,0.6050280755487494,0.0991577335375191,0.0361214448577943,0.5481727574750831,0.0171606864274571,0.0864034561382455,0.110164406576263,0.1065637065637065,0.0023964873711645,0.0067587155535732,0.0013419917440567,-0.0002660028633156,0.0141894578461613,-0.0034789574977765,0.0010981883906901,0.0001856878574754,3.913684577214105e-05,-0.000359956736835,0.0017104268276849,50.166666666666664,1
01100414,5.0,0.6450482033304119,0.0841367221735319,0.0299473897207608,0.6351351351351351,0.0084985835694051,0.075273168757588,0.1141238365034399,-0.0416988416988416,-0.0193946001515859,0.0028796814658074,0.0012172851177929,0.0003806250260007,0.0185517509621658,0.0056968773181773,-0.0006034061140606,-0.0130822409083278,4.878099996025733e-06,-0.00230827711024,0.0020207382304748,24.666666666666668,1
01100415,6.0,0.5882525525173101,0.0546884168524821,0.0462212486308871,0.7085308056872038,0.0061336254107338,0.0782037239868565,0.1113910186199342,0.0,-0.0201596476982713,0.0047289783474192,0.0008908451361282,-0.0002631188850857,0.0143117316196833,-0.0022300212755313,0.0013224292975296,0.0003058367234352,0.0003152306830159,0.0007909948551448,0.0017764184635665,140.66666666666666,1
01100416,6.0,0.6598098800062334,0.0395823593579554,0.0467857401113601,0.652241112828439,0.0077373635114614,0.093282232988647,0.1193144840552462,0.0,-0.0130647539576634,0.0072539650700191,0.0009135391886077,0.0003198487567096,0.0220608338126107,0.000262948966246,0.0013815085198137,0.0043465216600486,7.431183171438045e-05,0.0010915196902349,0.0027162339189407,107.83333333333331,1
01200517,8.0,0.4808801213960546,0.1182094081942336,0.0176402544823597,0.4098360655737705,0.0052053209947946,0.0659340659340659,0.145748987854251,0.3289575289575289,-0.0021488954511261,0.0071620746352914,-0.0004030966403378,-0.0005344953317515,0.0213193598460271,-0.0018692429982298,-0.0002895829980728,0.0273872252165812,-0.0002050012512976,-0.0003364950931411,0.003690990224075,20.333333333333332,1
01200518,5.0,0.7784684939248375,0.0149759819157954,0.0513097488522819,0.3947368421052631,0.0037807183364839,0.1263840129624628,0.1863354037267081,0.1528957528957529,0.0083833455145762,0.0031993051915702,0.0017710778842152,-0.0013161107555319,0.0124516739370047,-0.0012299426531343,0.0027376305272865,-0.0389683099419407,0.000277025590715,0.0008861140628259,0.0049357963966018,31.666666666666668,1
01200519,6.0,0.6271916790490342,0.0803863298662704,0.0557297605473204,0.4782608695652174,0.0051311288483466,0.0880843785632839,0.1351197263397947,0.0,-0.0075178568040693,0.0061809880915655,0.0028602414209103,-0.0001049065632514,0.0046158239529236,-0.0009265626501573,0.003492054275493,-0.0009015106945607,-8.678717411208611e-05,0.0001356675809114,0.0024846325385445,65.16666666666667,1
01200520,6.0,0.7164015359297861,0.0276101663923934,0.077206527460958,0.4113636363636364,0.0052640814177925,0.1094928934900859,0.1442358308475171,0.0,0.0015074660456879,0.0016295229527305,0.0008418058402012,0.0004403012856039,0.008540369154495,0.001214087881306,-0.000195578699806,0.009053094187614,0.0003220765804101,0.0013321565257175,0.0018636467293518,73.33333333333333,1
01200521,5.0,0.7004260898066208,0.023598820058997,0.1125078566939032,0.4441340782122905,0.0056568196103079,0.1018227529855436,0.1734758013827781,-0.2393822393822393,0.00777703586909,0.006201517613454,0.0016386875300351,0.0006388601096894,0.0042719632898751,-0.0009808488533075,0.0087047420360094,0.0414140698454241,-1.72629767494096e-06,-0.0005550239254285,0.0040122972057259,59.666666666666664,1
01200522,6.0,0.7588852988691438,0.0317043618739903,0.0451737451737451,0.5384615384615384,0.0069498069498069,0.0915057915057915,0.1517374517374517,0.0,-0.0022088280494123,0.0038862928005183,0.0003993840439905,-0.0001451439887522,0.0077310046279602,-0.0002444856789576,0.0045374631780313,-0.034630399786119,0.0002914813963985,0.0005213374684826,0.0019802610931296,39.0,1
01200623,5.0,0.7607535845281761,0.0400133377792597,0.0463607594936708,0.4266211604095563,0.0123417721518987,0.0731012658227848,0.1490506329113924,0.054054054054054,0.007702803869178,0.0027399842399669,-0.0017837885157901,-0.000272576750518,0.0016787480053988,0.0003411129204881,0.0030965124092435,-0.0331940355677175,-0.0008239641865473,-0.0012004775728747,0.0018260324047908,48.833333333333336,1
01200624,4.0,0.6264266900790166,0.0831870061457418,0.0479834539813857,0.5991379310344828,0.0074457083764219,0.1116856256463288,0.0769389865563598,-0.4833976833976834,0.0147447581033156,0.0007306648579292,0.0011149819865097,0.0007859276522635,0.0448538174355772,0.0026201608579359,0.0027567011772284,0.0222124131007582,7.696883000020532e-05,-0.0138933740872087,0.0060205046634787,38.666666666666664,1
01200625,6.0,0.7527434842249657,0.041838134430727,0.0766221062927942,0.4127659574468085,0.0039126181936746,0.097815454841865,0.1701988914248451,0.4911196911196911,-0.0186942426245864,0.0061859899933151,0.002700227589328,-0.0006402482904521,0.001589142919591,0.0012144778812133,0.005920335550134,0.02426760420174,0.0004058444523972,0.0001991549507463,0.0021015073650167,39.166666666666664,1
01200626,7.0,0.5900921658986175,0.1009216589861751,0.0492125984251968,0.6266666666666667,0.0065616797900262,0.0774278215223097,0.1036745406824147,0.003088803088803,0.0004713223824858,0.0042809521467623,0.0063891952836461,0.0051162549237814,0.0176399270554851,-0.0048653302819809,-0.0004951417532162,0.0167684011211749,0.0003642831240742,0.0014164864209641,0.0019208564850907,37.5,1
01200627,5.0,0.8563218390804598,0.0258620689655172,0.0417827298050139,0.6,0.0,0.075208913649025,0.1587743732590529,0.1351351351351351,0.002082723606054,0.0112385426834248,0.0041128344985681,0.0002842934660852,0.005647432595272,-0.0012802292350414,0.0020579348672523,0.0139768339768339,0.0,-0.0029782903206136,0.0024373554172751,5.0,1
01200628,7.0,0.4863921842288904,0.1244475459409164,0.0631784628745115,0.5601374570446735,0.0091185410334346,0.1081198436821537,0.0924880590534086,0.2409266409266409,-0.0093658676531571,0.0100504908800597,0.0020287490870992,0.0004198304830148,0.0092236613536459,0.0039717439554363,0.0013734569905305,-0.0072525289555248,-0.0008343998651903,0.0020081061118241,0.0013225075820729,48.5,1
01200629,6.0,0.6895655402896398,0.0404753063497957,0.0564084255622991,0.5949367088607594,0.0042841842199214,0.0835415922884684,0.1606569082470546,0.0,-0.0104936476927549,0.0079411162684622,0.0017127399191474,-3.4991723887296986e-05,0.0056679806117676,-0.0003408049402986,0.0045560466973604,0.0155207251107872,-3.4496711494133017e-06,-0.0002670258337104,0.0044324780624055,26.333333333333332,1
01300730,6.0,0.7339715694807079,0.0429358862779228,0.0649779735682819,0.5042372881355932,0.0,0.1106828193832599,0.158590308370044,0.3459459459459459,-0.0008774367497193,0.0096126079046747,0.0010952016597612,-0.0002583023602181,-0.0008182731496187,0.0014959217354138,-0.0010379053936545,0.0073038314210018,-0.0011948067710497,0.0007250872626089,0.0014115062608628,39.333333333333336,1
01300731,4.0,0.755024443237371,0.0312330255296034,0.0594187856772184,0.4148471615720524,0.0,0.1074208614426569,0.1681370005189413,-0.2393822393822393,-0.0028064093124638,0.0044632719771081,-0.0006071241450063,0.0005813921573599,0.0050890856188728,-0.0014572238757635,0.0022925631949276,-0.0033355181676128,0.0,-0.0007307470956187,0.0020693737593335,38.166666666666664,1
01300732,5.0,0.8546140452698782,0.0104468949506674,0.0487193763919821,0.36,0.0,0.1035634743875278,0.2087973273942093,-0.0687258687258687,0.0016368388078138,0.0102108376113184,-0.0014703159482818,-0.000805818481798,0.0003195549874784,6.212703050050129e-05,-0.0005045262388833,-0.0005811001008045,0.0,0.0009150446255139,0.0046491546686821,29.166666666666668,1
01300733,5.0,0.7417880121909922,0.0345411445987131,0.0858610174931792,0.3813084112149533,0.0048146364949446,0.1030332209918151,0.1598459316321617,-0.2393822393822393,0.0202960612399437,0.0040550109395545,0.0014440457869779,0.0001576151643657,0.0067757092089885,0.0018388120976709,-0.0021500128976753,0.0031721726693121,-0.0001194178770708,0.0017118403251908,0.0019376714347303,89.16666666666667,1
01300834,4.0,0.8334942084942085,0.0115830115830115,0.0472769409038238,0.3235294117647059,0.0027809965237543,0.0945538818076477,0.1904982618771726,-0.0903474903474903,-0.0055158269663834,0.001632573731741,0.0007750162104846,-9.190196288918986e-05,0.0065195936723483,-0.000324823089347,-0.0016943147220794,-0.0053346426843356,1.583215803062228e-05,-0.0001710477507827,0.0031523947076029,34.0,1
01300835,6.0,0.6781500707881076,0.1116092496460594,0.0370789057200994,0.2926829268292683,0.0013565453312231,0.0908885371919511,0.151933077096993,0.0764478764478764,-0.0158137475838072,0.0063059616576527,0.0015330649706195,0.0004660310925454,0.0166225752940387,0.0031033364864788,0.0022024835327565,-0.0147252109043195,3.440839232666566e-06,-0.0007818671121591,0.0030910387212699,27.333333333333332,1
01300836,4.0,0.7854117647058824,0.0332235294117647,0.059079771304111,0.4331797235023041,0.0028133224430529,0.0925673836101279,0.1796896270078954,0.1420849420849421,-0.0225585763585781,0.0045684884989533,0.0010886673144104,0.0005615376251536,-0.0022119338756209,0.0011819535041958,0.0050093327374196,-0.0297454365999598,-0.000188471052707,-0.0008702791821182,0.0011242105979055,108.5,1
01400937,5.0,0.8178233438485805,0.0254994742376445,0.0531561461794019,0.5336538461538461,0.0030667007411193,0.1104012266802964,0.1533350370559673,0.2586872586872587,0.0018957336115008,0.0058675221261738,0.0021375928450355,-0.0002832370087726,0.0002419779253967,-0.0004165715990641,-0.0006630737617877,0.0012844373465247,-0.0016508341125858,-0.0001251455562069,0.0031515919350879,34.666666666666664,1
01400938,5.0,0.778960396039604,0.018069306930693,0.0708195168166745,0.3244147157190635,0.0,0.1009000473709142,0.1747986736144007,0.2293436293436293,-0.0028404757057488,0.0082208693366106,-2.0734514873753292e-06,7.256731818389377e-05,-0.0040291403436987,-0.0011522205915775,0.004159755268406,0.0227019501206597,0.0,0.0014635261323941,0.0030335947285946,49.833333333333336,1
01400939,5.0,0.762285257690771,0.009588493807431,0.1025543271063667,0.2713754646840148,0.0068623713305375,0.0823484559664506,0.1692718261532596,0.0,-0.0004484920509727,0.0068368498149071,-0.0010499981372818,-0.0005006343789711,0.0023323178503381,-0.0012526907592672,0.006640307844043,-0.0418794933809249,-0.0001119189618551,-1.998659482254028e-06,0.0047217985722501,44.833333333333336,1
01400940,4.0,0.8662295081967213,0.0275409836065573,0.0191326530612244,0.6,0.0076530612244897,0.1262755102040816,0.1607142857142857,0.1073359073359073,0.0075103532702265,0.0028292862535493,-0.0026037693331272,-0.0003457887898858,0.0047525478792043,-0.0012709719933052,-0.0055197833272556,0.0767567567567567,0.0016147677758714,0.00104358096638,0.0034648944083398,5.0,1
01400941,5.0,0.7877697841726619,0.0335731414868105,0.0414269275028768,0.3333333333333333,0.0,0.1173762945914844,0.1657077100115074,0.1907335907335907,-0.0219103259411587,0.0174394573283486,0.0016844652176377,-0.0023680559304742,0.0268027511768064,-0.0020301753453515,0.0083467968969278,-0.0641662070233499,-0.0028730930684093,-0.0028427485706924,0.0029273293552723,6.0,1
01400942,5.0,0.7753699788583509,0.0190274841437632,0.0920398009950248,0.4189189189189189,0.0,0.1059701492537313,0.1805970149253731,-0.0478764478764478,5.670159467082735e-05,0.0075168313818854,0.0009252202506469,-0.0006967704955467,0.0093763539409287,-0.0008450468159341,0.0022925611584433,0.0029481212075241,0.0,0.0015010952489178,0.0039090678901881,61.666666666666664,1
01401043,5.0,0.7836981566820277,0.0299539170506912,0.069742198100407,0.4513618677042801,0.0,0.1253731343283582,0.146540027137042,0.0,0.0009426754922223,0.0073158389286396,0.000586659389435,0.0010467958800851,0.0163473665329172,0.000598645250754,0.0022913619212861,0.002513303143104,-9.024049090827028e-05,0.0028092635978226,0.002790331070183,42.833333333333336,1
01401044,5.0,0.8067340067340067,0.0199775533108866,0.0620866225730744,0.2783505154639175,0.0025602730957968,0.1088116065713676,0.1817793898015788,0.0,0.0097161557008894,0.0020939257281542,-6.352331369989262e-05,0.0006523777749003,0.0076775923661972,-0.0014528168163086,0.0025562137157411,-0.0024308435309242,-1.3071278748597224e-05,0.0005822818586365,0.0038212719079304,48.5,1
01401045,5.0,0.7112155809267965,0.0513767629281396,0.0849921011058451,0.3085501858736059,0.0056872037914691,0.0853080568720379,0.185781990521327,0.0625482625482625,-0.008357387858857,0.0095507719733848,0.0025016618292115,0.0008202201280029,0.006647176426521,0.0012549907610964,0.0043900727507788,-0.0002846448932632,0.0005608903942862,-0.0009928659985842,0.0043073397571762,44.833333333333336,1
01401046,5.0,0.8412310698583293,0.0183194919394235,0.0751703077284472,0.5,0.0042283298097251,0.0930232558139534,0.2114164904862579,0.071042471042471,0.014041941835451,0.0070872855654771,0.0013215833021382,4.184616527425201e-05,0.0052999922336636,-0.0004158864269742,0.0008916510221101,0.0084514014401441,3.905768927241023e-05,0.0013004509410251,0.0047848257293281,53.333333333333336,1
01401047,4.0,0.773999537358316,0.0203562340966921,0.0708434801859641,0.33125,0.0039849457604604,0.1315032100951959,0.1726809829532875,-0.0494208494208494,0.0214049220591728,0.0005959428948116,0.0002166833377176,0.0005253167415294,0.0024446538503598,0.0013658085820925,0.0047134300867631,-0.0031571624674895,-0.0009550924372898,0.0009876843019193,-2.5416857543767698e-05,53.333333333333336,1
01401048,6.0,0.732200647249191,0.0461165048543689,0.0690448791714614,0.2666666666666666,0.001150747986191,0.0771001150747986,0.1277330264672037,0.1366795366795367,-0.0009640793341809,0.0054969506365542,0.0010563730645421,2.124243826787677e-06,0.0085041828705209,0.0013393951866509,0.0019993186632783,-0.0258053514612493,-2.469567124342657e-05,-0.0012475630008673,0.001507048313015,60.0,1
01401049,5.0,0.7918103448275862,0.0189655172413793,0.0982253404869995,0.5714285714285714,0.0,0.094098225340487,0.1683862979777136,-0.1884169884169884,-0.0156339830059318,0.0079300873341661,0.0010771589090568,1.1103531198836896e-05,0.0004575984977202,0.0004598046778329,-0.0011458330469499,0.0213478664595395,0.0,-0.0009533337823811,0.0020697309772701,39.666666666666664,1
02100101,5.0,0.536144578313253,0.1005354752342704,0.0305277468792485,0.6396761133603239,0.0194042763564454,0.1008527994067482,0.1045606229143492,0.0,-0.0156914498156462,-0.0036750939627861,0.0021582743663001,-0.0001025643179207,0.0208045238783445,0.0004183651657483,-0.0012341139773076,-0.0101550434051852,0.0012248999949626,-0.0007673966572861,0.0015982588992479,41.166666666666664,1
02100102,8.0,0.4640838557188367,0.0925906895488644,0.0475634665888532,0.6073619631901841,0.0058360081704114,0.0898745258243361,0.0887073241902538,0.7351351351351352,-0.0284725251690631,0.0012565260982285,-0.0013322665116469,-0.0012308205287322,-0.00703174640918,9.48551118620093e-05,-0.0035558429942995,0.0068078849412826,-0.000735207789415,0.0045924660527985,0.0011821055202264,81.5,1
02100103,5.0,0.7235673930589185,0.0669895076674737,0.0516981132075471,0.5182481751824818,0.0113207547169811,0.0973584905660377,0.1516981132075471,-0.1776061776061776,-0.000449384067108,0.0114103526480541,-0.0005602938190852,-8.03033727634074e-05,0.0202438760136285,-0.0013339040395089,0.0011644927773864,-0.0189519887591152,0.0017779995175218,0.0028624064560339,0.0039129571945623,22.833333333333332,1
02100104,7.0,0.4967010309278351,0.1416494845360824,0.0558870326173428,0.4519572953736654,0.0013922036595067,0.0596658711217183,0.1014319809069212,0.4949806949806949,-0.0349043570224332,0.0068032829742503,0.0024001762765387,0.0021890950738088,0.0143665626868823,0.0081523351134224,0.0038503308930856,-0.0166516909543102,0.0001100813529247,-0.001665473657661,0.0017589874934513,46.833333333333336,1
02100105,5.0,0.7723146747352496,0.0226928895612708,0.0340112201963534,0.1855670103092783,0.0042075736325385,0.1030855539971949,0.1283309957924263,-0.0849420849420849,0.0235219479565664,0.0065766428023065,-0.000448940101341,0.0009369009552999,0.022646854033096,-0.0020396835232927,0.0016411945542883,0.0063151788782041,0.0005557899126424,0.003072235990757,0.0018988236827889,16.166666666666668,1
02100106,7.0,0.6831588962892483,0.0784966698382492,0.0577010449795547,0.5511811023622047,0.0,0.0681508405270331,0.1581099500227169,0.4988416988416988,-0.0046721326112061,-0.0048750396683525,0.001139144503411,-0.0006105581215315,0.0040241058550718,-0.0042079919245673,0.0052436753680431,0.0040674992355664,0.0,-0.000544934124017,0.0042833273612203,21.166666666666668,1
02200207,5.0,0.5891517599538373,0.0905943450663589,0.0513100436681222,0.7659574468085106,0.0163755458515283,0.0524017467248908,0.1015283842794759,0.3752895752895753,-0.0457481804192281,0.0088533338937647,0.0003010378126223,1.6792550956599833e-05,0.0272352491907709,-0.0074687774266689,0.0012991922864077,-0.0237286265857694,-0.0034557860099205,-0.0033873635192847,0.0008437706722225,15.666666666666666,1
02200208,7.0,0.6256506350197794,0.0682906516760358,0.0437093916125221,0.5540540540540541,0.0139791297499507,0.0637920850561134,0.132309509746013,0.4115830115830116,-0.0055688968901684,0.0051803882385696,0.0012332179117634,0.0014460383321008,0.0135908865713305,0.000254109675891,-0.0006689978849377,-0.01041965492807,0.0004040218201144,-0.0004835612361471,0.0037929314187676,37.0,1
02200209,6.0,0.6679750634957284,0.0337104594781805,0.0540103492884864,0.5768463073852296,0.0077619663648124,0.0815006468305304,0.1209573091849935,0.1528957528957529,0.0005478464745183,0.0065556086257665,0.0014114331869908,-0.000155581913883,0.0128076006476394,-3.629309424414934e-05,0.0022674925607626,0.0114053952218041,0.000249022637148,-0.0008807400329735,-0.0007709636342358,83.5,1
02200210,7.0,0.722162032021187,0.0446611291681714,0.0491616288354055,0.4686774941995359,0.00741416676172,0.058172693053496,0.1355081555834378,0.3714285714285714,-0.0182101956793437,0.0128779731224797,0.0003690240637278,-0.0003289974852642,0.0104266910385457,0.0003315699570335,0.0031278650873452,-0.0318869270242182,-0.00016569636616,0.0003139107711005,0.0027034420129803,71.83333333333333,1
02200211,7.0,0.6649572649572649,0.0529914529914529,0.0937207919109525,0.5639165911151405,0.0039935423570396,0.0764720876879938,0.1294927351516696,0.0,0.0021192360422911,0.0088308344323111,0.0020447624329426,0.0020914315083077,0.0091197614624591,-0.0007821652749236,0.0030817281270798,0.0045306029111015,-0.0002878244193618,0.0010134182241853,0.0029477304626721,183.83333333333337,1
02200212,5.0,0.6908653019095131,0.0352657835885085,0.0680250280763677,0.660377358490566,0.0040109096743141,0.0798973207123375,0.1415048933098026,0.1250965250965251,-0.0289970695709056,0.0026143946111378,-9.212064513072872e-05,-0.0002743390540356,0.0087910719892826,-0.0005567170689711,0.0028321110994742,0.0264103311308328,0.0009504796145251,-0.0011072603369165,0.0023157969342155,70.66666666666667,1
02200213,7.0,0.702828409805154,0.0461345065996228,0.0997154375148209,0.5219976218787158,0.0035570310647379,0.0618923405264405,0.1294759307564619,0.4602316602316602,-0.0055996630898739,0.0069210764547282,0.0015557189646472,2.4474168743543334e-06,0.0125703046869275,0.0007042327006166,0.0033326424238465,-0.0102351715888883,-2.8814961717021743e-05,-0.0008319530858968,0.0019978662448649,140.16666666666666,1
02300314,7.0,0.5463130120816553,0.0895708929315372,0.1103621464446206,0.4467065868263473,0.0023790642347343,0.0737509912767644,0.1038858049167327,0.4208494208494209,-0.0135010746203123,0.0057454419111505,0.000253292787262,7.181052812282242e-05,0.0116988352181147,0.0020471682947479,0.0021826763043657,0.004153925295724,-2.3130341552815817e-06,0.0006493882934814,0.0012464222454538,139.16666666666666,1
02300315,6.0,0.6796218487394958,0.0498949579831932,0.1132988486567662,0.5478645066273933,0.0038378107792424,0.084098114466878,0.1281495077590522,0.2262548262548262,-0.0003182179041404,0.0046579901508987,0.0007299556881966,-0.0010558124165877,0.0132666550968769,0.0001992045411536,0.0017626671471234,0.0110845723291183,0.000669782945436,0.0003418690172479,0.0008597527833103,113.16666666666669,1
02300316,7.0,0.5755582137161085,0.1200159489633173,0.0425371729719555,0.4646017699115044,0.0011293054771315,0.080180688876341,0.0846979107848673,0.0,-0.0128178990009814,0.0049382576815718,0.0018032606691679,0.0004839880576474,0.0121866092037511,0.0011128867917371,0.0019203061227667,-0.0134751279600813,-1.5506603827288487e-05,-0.0023090918948126,0.0010491076564763,37.666666666666664,1
02300417,6.0,0.6707336396767549,0.0408810014260814,0.0958863126402393,0.5725429017160687,0.0037397157816005,0.0843679880329095,0.1166791323859386,0.0,-0.004450576407561,0.0065669447459406,0.0014984127084133,0.0001633868138043,0.0091623506644842,-0.0023025400465313,0.0017417873921013,-0.010752542043451,0.0001533907627659,0.0005592365380446,0.0023246759941659,106.83333333333331,1
02300418,6.0,0.672372475179733,0.0503252310852447,0.0543992431409649,0.6173913043478261,0.0009460737937559,0.0766319772942289,0.1267738883632923,0.0,-0.0085801214512832,0.003509617991346,-0.0003563317620425,-0.0005907362438614,0.0118420962573854,0.0004432539384198,0.0027537185201306,0.0202720772273795,-6.21328641396602e-06,-0.0015679554932255,0.0014586934243083,57.5,1
02300419,6.0,0.6452825888787602,0.0730401093892434,0.0998411858125992,0.5026511134676565,0.0038115404976177,0.0743250397035468,0.1391212281630492,0.1853281853281853,0.0014595112548977,0.0075960292673938,0.0004197774720212,0.0010228598320493,0.004225241886582,0.0008176798608706,0.0015170225961038,-0.0100501614673641,0.0012830400659169,-0.0004055566847838,0.0024362018853619,157.16666666666666,1
02400520,5.0,0.6927405740011255,0.0782217220033764,0.044420941300899,0.6428571428571429,0.0158646218931782,0.0761501850872554,0.1554732945531464,-0.2725868725868726,-0.0017357207956006,-0.0038128066475915,-0.0019111476765651,-0.0014730586070908,0.0153318460914127,-0.0015839672408882,0.0009530153385347,-0.0244105958391672,-0.0002331277692007,-0.0009064274668525,0.0034557016893644,14.0,1
02400521,5.0,0.7350816162697351,0.0508429221300508,0.0313141683778234,0.6967213114754098,0.0061601642710472,0.0893223819301848,0.1478439425051334,-0.233976833976834,-0.0019880910968308,0.0085985714112282,0.0020643480975389,0.0007654981579268,0.004351852917258,0.0028153123130936,0.0014012711868382,0.0156971215573604,1.0387586757772846e-05,0.001001260127916,0.0028147201409126,20.333333333333332,1
02400522,5.0,0.7696806828959848,0.0248182105595953,0.0411951109099139,0.652014652014652,0.0027161611588954,0.0832956088727931,0.1493888637392485,-0.1683397683397683,-0.0009331338410747,0.0035178355320904,0.000191869852642,-0.0001021365241468,0.0034433652837538,0.0005729393036185,0.0013696708973206,0.0211314967659071,-2.2563031952119052e-05,-0.0028068504237293,0.0023435560094051,45.5,1
02400623,6.0,0.679441923012271,0.0869053622457555,0.0536059240180296,0.3633633633633634,0.0069220862846104,0.0820991629104958,0.1139729555698647,0.0262548262548262,0.001689944066763,0.0059234094471,0.0040619804212866,0.0,0.0043811065355719,0.002239690648206,0.0037180341244278,-0.0045370576758159,0.0004545216468333,-0.0003157894519891,0.0018391754674972,55.5,1
02400624,7.0,0.729271171437002,0.0472115668338743,0.0508192168841988,0.4371584699453552,0.0074979172452096,0.0783115801166342,0.1482921410719244,0.2216216216216216,0.0023319427166875,0.0104253467123538,0.0015029238418467,8.216982180865824e-05,0.0057044387639264,-0.0013624657912461,0.0014684264925015,-0.0293985889338365,-0.0001427436948582,0.0009067069364665,0.0033327447042571,61.0,1
02400625,7.0,0.4098654708520179,0.1982062780269058,0.1353529738743746,0.4188911704312115,0.0100055586436909,0.0633685380767093,0.0883824346859366,0.8123552123552125,0.0051649011214159,0.0005514665978947,0.0085312212786865,0.0050582112402336,-0.0013155250602965,0.0106301451557777,0.0030152129844612,0.0307526399775617,2.1287296884114743e-05,-0.0003093859441745,0.0011000858269891,81.16666666666667,1
02500726,5.0,0.8350810295519543,0.0108674928503336,0.0362543268354891,0.4824120603015075,0.002186190562944,0.0874476225177628,0.1716159591911094,0.1065637065637065,-0.0076817100416135,0.0032381810469573,0.0019551737725073,0.0,0.0086781598963793,0.0008819245991853,0.0018665791689025,-0.0122653702865376,-0.0004971422156536,0.0011713315919709,0.0038044936620203,33.166666666666664,1
02500727,5.0,0.8246102449888641,0.028674832962138,0.0437648299499077,0.4698795180722891,0.0047455839704719,0.0933298180859478,0.1629317163195359,0.0386100386100386,0.0201895407480046,0.0047515175954294,0.0049887508957082,0.0,0.0135743533146807,-0.0015666967625339,-0.0022536471377189,-0.0315986701310076,0.0017020413607027,0.0025403546920335,0.0025168810865934,27.666666666666668,1
02500728,5.0,0.7978245105148658,0.0149383611312545,0.0667397560641359,0.5071868583162218,0.0049335343291763,0.0838700835959983,0.1578730985336439,0.0447876447876447,0.0043284937226732,0.0089095641700005,0.0027191582253107,-1.5297187746157836e-05,0.0102577282460753,-0.0011008624921938,7.971891138556891e-05,-0.0016881592162363,-0.0010386846347602,-0.001008602325879,0.0031761543133878,81.16666666666667,1
02500729,6.0,0.6942127215849844,0.0620437956204379,0.069560927479033,0.4858156028368794,0.0032067094227923,0.0917612234829797,0.1776023680315737,0.0301158301158301,1.1356435157716628e-05,0.0072049223239497,0.0047419792926928,0.0005025533258248,0.0184289290238371,0.0031516722821311,0.0038812200932774,-0.0012891641755374,-0.0003282786631879,0.0011838055657865,0.00399154992783,47.0,1
02500830,6.0,0.7379968203497616,0.0254372019077901,0.0846798324356672,0.4487632508833922,0.0047875523638539,0.0736086175942549,0.163375224416517,0.21003861003861,0.0018570327883217,0.0064101230508723,4.346078844363673e-07,-4.825125525651258e-05,0.0101254147087573,0.0005359299920456,-0.0030103199706427,-0.0301156265201172,0.0014938700080435,-0.000529697467531,0.0036634677672511,47.166666666666664,1
02500831,6.0,0.7911725955204216,0.0169082125603864,0.0403523146251536,0.4873096446700508,0.0061450225317492,0.0811142974190905,0.1339614911921343,0.2362934362934363,-0.0009403705674341,0.0048542579256378,0.0003533558020176,4.6677362010033955e-06,0.0066788157936148,-0.0004303066084166,0.000820117516284,-0.0023547230167716,-0.0010504881542785,-0.0006233703360753,0.001761888662029,32.833333333333336,1
02500832,5.0,0.7527440785673022,0.0425572886578085,0.0549667684569786,0.4738562091503268,0.0107777977366624,0.1131668762349559,0.1659780851446021,0.0,-0.0145264407713766,0.0051680121296679,0.0010423008483929,0.0,-0.0012438778466296,0.0033563089595041,0.0004632150821554,-0.061040643237097,0.0003708056791794,0.0018287450751942,0.003225266364789,51.0,1
02500833,6.0,0.7417053561318084,0.0268372777714868,0.1331298673963376,0.6015810276679842,0.0031572300568301,0.0846137655230477,0.1641759629551673,0.0525096525096525,0.0095740858422533,0.0094541841370119,0.0008396946904192,-1.4703715911428562e-05,0.0070723326503005,0.0021692383440365,0.0034282420018368,0.0105253864869417,0.0003424448675031,0.000510949231426,0.0032717575012018,210.83333333333337,1
02500834,5.0,0.7301474084640989,0.0448169281978126,0.0997313633310947,0.5375982042648709,0.0040295500335795,0.0799194089993284,0.1511081262592344,0.0,-0.0078276243795944,0.0061688150442856,0.0001708543657858,-0.0003525789939499,0.0102494192694378,0.0017478337099989,0.0004367713389436,-0.0031110075949991,0.0001917308452116,-0.0006034350392224,0.0042157260481375,148.5,1
02500835,5.0,0.663438596491228,0.0967017543859649,0.0430051813471502,0.6024096385542169,0.0046632124352331,0.0784974093264248,0.1367875647668393,-0.0864864864864864,0.0056452755281571,-0.0039328158273372,-0.0026627176318972,-0.0024466955461348,0.0154761905013485,0.0005086851580093,0.002052939494023,0.0296177210164369,-9.55470691856891e-05,0.0007721890952416,0.0016278536878891,55.333333333333336,1
02500836,5.0,0.7798238590872698,0.0268214571657325,0.0154954954954954,0.6976744186046512,0.0003603603603603,0.1059459459459459,0.1448648648648648,0.0942084942084942,-0.0105509776269998,0.0019317255262777,-4.152573261574553e-06,0.0,0.0150410852149222,0.0005634144785259,0.0006417150769348,-0.0756664828093399,-0.0006563211931748,0.0012485881073582,0.0040593640556284,7.166666666666667,1
03100101,7.0,0.6423432682425488,0.0590955806783144,0.0120180270405608,0.5,0.0,0.0660991487230846,0.0871306960440661,0.1444015444015444,0.0082296082575542,0.0114356956498976,0.001012756997877,0.0,0.0243301257290016,0.0056322813157972,0.0018422471825885,0.0131274131274131,0.0,-0.0008857830138815,-0.0008571351367249,4.0,0
03100102,8.0,0.6154919748778785,0.1325889741800418,0.025101763907734,0.1621621621621621,0.0040705563093622,0.0814111261872456,0.1302578018995929,0.1482625482625482,-0.003297590952712,0.0123465538173488,0.0095616651371505,3.89223345838798e-06,0.0115237531405866,-0.0037353954755863,0.0039093207857572,-0.0391505791505791,3.89223345838798e-06,0.0008492595008101,0.0009188872413295,6.166666666666667,1
03100103,5.0,0.6509884117246081,0.1015678254942058,0.0245319561007101,0.631578947368421,0.0012911555842479,0.0813428018076178,0.1510652033570045,-0.4548387096774193,0.002558917486999,-0.0046554466783201,0.0090128487786501,0.0,0.0120086399133498,0.0004589223676193,0.0005517946447877,-0.0101382488479262,-0.0025237055631779,-0.1433332589339899,0.0058599272106878,6.333333333333333,1
03200204,8.0,0.745658835546476,0.0245148110316649,0.0410557184750733,0.2857142857142857,0.0,0.0879765395894428,0.0410557184750733,0.0586872586872586,0.0294499698583449,0.0106197086523871,0.0037568341185158,0.0025068240676403,0.0192619758945313,0.0008140193602983,-0.0027009150952616,0.0,0.0,-0.0025392336149739,0.0001200093618295,7.0,1
03200205,7.0,0.7466442953020134,0.0209731543624161,0.0195545898967952,0.4166666666666667,0.006518196632265,0.0619228680065182,0.133623030961434,0.1065637065637065,-0.015700152421603,0.008772264110541,0.001980299082379,-0.0009546714982815,0.0076184056561472,-0.000190431907526,0.000258871061492,-0.0236574236574236,-0.0005314224564854,0.0004953425612782,0.0037345054757547,12.0,1
03200206,7.0,0.7113636363636363,0.0282467532467532,0.0411637264004952,0.4962406015037593,0.0037140204271123,0.096564531104921,0.1262766945218198,0.1034749034749034,-0.0050882204290162,0.0103926768413279,-0.0034902145308132,-0.0007101410434207,0.0199154579790071,-0.0014446205264871,-0.002020837008683,0.0300517169585492,1.656552908234685e-05,0.0006350777345155,0.0024177512482522,22.166666666666668,1
03200207,8.0,0.6542261251372119,0.0616538602268569,0.0137541879739023,0.4102564102564102,0.0031740433785928,0.0888732146005995,0.1259037206841826,-0.6996138996138996,0.0236020862245237,0.002346070278797,0.0034621815037588,-0.0001809978202262,0.0099597740851257,0.0001866140540464,0.0007932691618994,-0.0290425147568004,-0.0001213288382961,0.0008156082525167,0.0028612702356797,13.0,1
03200308,8.0,0.7355658198614319,0.0248267898383371,0.0065897858319604,0.5,0.0,0.0922570016474464,0.1317957166392092,0.0386100386100386,0.0031141739534094,0.0079162392369756,-0.0023717889569844,0.0,0.0170227149064011,0.0002138659051528,0.0001958142519496,-0.0607464607464607,0.0,-0.0001375848202881,0.0026429490493844,2.0,0
03200309,10.0,0.5752640845070423,0.0774647887323943,0.0208067940552016,0.5102040816326531,0.0,0.0789808917197452,0.0891719745222929,0.1575289575289575,0.0126287317256661,0.0224546063956201,0.0063754533254733,0.0019626523134084,0.0112689860297598,-0.0023664116560992,0.0018576531096912,0.0910093767236624,0.0,0.0013661945434382,0.0010830863335604,8.166666666666666,1
03200310,7.0,0.7425496688741722,0.0335264900662251,0.0267531414673692,0.4696969696969697,0.0072963113092825,0.1045804620997162,0.1216051884880421,0.0671814671814672,0.0072800622551339,0.0115164219589337,0.0015583350879482,0.0,0.0009618650234531,0.0012746319547054,0.0010686468647865,0.0244658944658944,0.002375709265283,0.0009118216870738,0.0015369208970826,11.0,1
03300411,6.0,0.8212172442941674,0.0101437024513947,0.0276402640264026,0.4477611940298507,0.0049504950495049,0.1014851485148514,0.1732673267326732,0.0,0.0024902354245703,0.0164185348025697,0.0032904092627942,-0.000176138815261,0.002388547587344,-0.0013375899518371,0.0001929905893593,0.0342008797653958,3.936489602276624e-06,-0.1421584756950948,0.0059994292158138,11.166666666666666,1
03300412,9.0,0.7620396600566572,0.0339943342776204,0.0215633423180593,0.0416666666666666,0.013477088948787,0.0646900269541779,0.1159029649595687,-0.4949806949806949,0.0257610823113168,0.0120269033150996,0.0034851562740101,0.0,0.0137485261207167,0.0014286790744514,-0.0016704307882091,-0.0373745173745173,-0.0003682461437918,0.0012343426810923,0.0031211287590532,8.0,1
03300413,7.0,0.7060158910329172,0.0476730987514188,0.0239912758996728,0.0,0.0294438386041439,0.0785169029443838,0.1112322791712104,0.0563706563706563,-0.0122599281775295,0.0012901546836584,0.0028586434782371,-0.0019131049004377,-0.0007625307137188,0.0007758514290407,0.0006621639064391,0.0,0.0037408982195542,0.0006496925796731,0.0030378836482507,3.6666666666666665,0
03300514,9.0,0.6843553459119497,0.0589622641509434,0.0160121997712542,0.4285714285714285,0.0038124285169653,0.050324056423942,0.11208539839878,-0.2640926640926641,0.0124444621351795,0.0074026707280442,0.0100016007256808,-0.0004562406694674,0.0104086028923612,0.0014541053272276,-0.0007061443146612,0.0675675675675675,0.0004292512252189,4.911350423601355e-06,0.0023400165150933,7.0,1
03300515,13.0,0.6857142857142857,0.0,0.0,,0.0,0.0,0.2926829268292683,1.4370656370656372,0.0825611325611325,0.0171998529141386,0.0224489795918367,0.0,0.043151314579886,0.0,0.0,,0.0,-0.0063961874342497,0.0154018530489118,0.0,0
03300516,7.0,0.6213107638888888,0.0661892361111111,0.0313846153846153,0.6078431372549019,0.0026666666666666,0.0861538461538461,0.107076923076923,-0.3073359073359074,-0.0056234047370554,0.0089477470929862,0.0055710244263309,-0.0006970749931526,0.0011846623412419,-0.0014873725935709,-0.0005840061244504,0.055935134506563,-3.5844096650210226e-05,0.0007679899394202,0.0006794208430245,25.5,1
03300517,9.0,0.6047819971870605,0.1097046413502109,0.0240641711229946,0.3333333333333333,0.0133689839572192,0.0641711229946524,0.0561497326203208,0.2803088803088803,0.0095130984134673,0.0120255604241135,0.0022601323431494,0.0,0.0078910202742397,0.0029122876364008,-0.0050671160241902,-0.173024453024453,0.0014505950181183,-0.0030739807549071,0.0004618236529142,3.0,0
03400618,8.0,0.7224149895905622,0.0395558639833449,0.040650406504065,0.3166666666666666,0.002710027100271,0.073170731707317,0.1260162601626016,0.1212355212355212,0.0150476070878932,0.0120802180846891,-9.089654474501524e-05,0.0009866499717769,0.014482567313227,0.0025705528478272,0.0028360653498428,0.0002498788213073,0.0008069296117342,-0.001080028397565,0.0030048751470974,10.0,1
03400619,8.0,0.689238845144357,0.0606299212598425,0.0188821752265861,0.4666666666666667,0.0015105740181268,0.0876132930513595,0.1299093655589124,-0.054054054054054,0.0324680686006423,0.0080536926543021,-0.0014077546809551,-0.0011050509155012,0.0105629372288386,-0.0010290264626896,-7.650663760040179e-05,0.0213835070977927,-3.009922119500218e-05,0.0013596985126295,0.0023148002680016,12.5,1
03400620,8.0,0.6624815361890695,0.0221565731166912,0.0247875354107648,0.1714285714285714,0.0042492917847025,0.0722379603399433,0.1359773371104815,0.1335907335907336,0.0131501365372226,0.0023728172054289,-0.0004565778936172,0.0008511555309584,0.0133194789132121,-0.001304373955444,0.0033673579172312,-0.0347490347490347,-5.757118135973653e-05,0.0030421455795178,0.0037774230671568,5.833333333333333,1
03400721,6.0,0.7200736648250461,0.0253734397380806,0.0436215587436991,0.4711111111111111,0.0023264831329972,0.0837533927879023,0.1256300891818534,0.3027027027027027,0.0039638449612472,0.0074000169735408,0.0004545029590963,0.000480467388553,0.0035557901948803,0.0018599456438876,0.0022962722226099,0.0382401340277173,-0.0005256738406452,0.0003638216429254,0.0024457101986343,37.5,1
03400722,8.0,0.5989583333333334,0.0407986111111111,0.0283659608469836,0.4225352112676056,0.0,0.0719137035557331,0.1078705553335996,-0.1204633204633204,0.0162046554940394,0.0156821489904681,0.0031449339368778,-0.0003593812074955,0.00905579040328,0.0004355768858279,-0.0009447103387819,-0.0025713025713025,0.0,0.0002863986245227,0.0013043534364505,11.833333333333334,1
03400723,6.0,0.7705627705627706,0.0269730269730269,0.0673443456162642,0.3537735849056603,0.0019059720457433,0.0857687420584498,0.1353240152477763,0.0,-0.0021256975347793,0.0002178005696374,0.00515298050654,-6.500823696302686e-05,0.002909621445061,0.0002008012585684,0.0020176825048644,-0.0007293688366209,-6.500823696302686e-05,-0.0002578019574087,0.0024388246477827,35.333333333333336,1
03400724,6.0,0.7777777777777778,0.0235690235690235,0.0261467889908256,0.3157894736842105,0.0,0.0770642201834862,0.1211009174311926,0.0231660231660231,-0.0059770835300127,0.0108340291224755,0.002171845091004,-0.0001584852276653,0.0068252406733329,0.0022270115042609,-0.001699444539327,0.0039686439686439,0.0,-0.0022312656882791,0.0026358964007322,9.5,1
03400725,7.0,0.8210472801220132,0.0284697508896797,0.012909632571996,0.3076923076923077,0.0089374379344587,0.0893743793445878,0.1221449851042701,-0.3127413127413127,0.0027504320427551,0.0041453257477623,-0.0014736595468288,0.0,0.0102406537251674,0.0009300659089978,8.85355188794429e-06,0.0157528957528957,-0.0002260208690592,0.0011632156118955,0.0022455141538722,4.333333333333333,0
03400826,7.0,0.7898613518197574,0.0259965337954939,0.0360587002096436,0.4651162790697674,0.0050314465408805,0.0880503144654088,0.1735849056603773,-0.0231660231660231,0.0078980344764721,0.0187708224431559,0.0067083447464451,0.0,0.0033050526692896,0.0029914194569239,1.4284611952550402e-05,0.043919272490701,0.0009844150008555,0.0014367958053683,0.0055639056131396,14.333333333333334,1
03400827,5.0,0.8021405049396267,0.0263446761800219,0.0169094693028095,0.5692307692307692,0.0031217481789802,0.0920915712799167,0.1592091571279917,-0.2393822393822393,0.0028471070356058,0.0030052705566291,0.0009473072107936,-6.565122807199754e-05,0.0064494066936614,-0.0019158026480952,-0.0006161536946173,0.0145578745578745,-0.0001842681732347,0.0007128107197401,0.004071085842872,10.833333333333334,1
03400828,6.0,0.7480954799390553,0.0426612493651599,0.0087040618955512,0.3333333333333333,0.0,0.06963249516441,0.1131528046421663,-0.0749034749034749,0.0105826490713024,0.0092301276585732,0.0008091136044813,0.0002596160483933,0.021852099077122,0.0021423740339396,-0.0013065125218629,-0.1254311454311454,0.0,-0.0006982019721305,0.0021735701293251,3.0,0
03400829,6.0,0.7837380011293055,0.031055900621118,0.0224780701754385,0.5365853658536586,0.0,0.0625,0.1578947368421052,-0.3845559845559845,0.0295688300547428,0.0156988688518146,0.0065847822481849,0.0,0.0102598076269417,0.0035653066659985,-2.6049023199919824e-05,0.0028019856591285,0.0,-0.0022655132938606,0.0044186891953933,6.833333333333333,1
03400830,7.0,0.8316958564715934,0.0337462622810764,0.0175295556461475,0.6744186046511628,0.0,0.088055442315532,0.2030167142274765,-0.4718146718146718,0.0174533553170146,0.0036149406378142,0.0010895640520362,0.0,0.0078684495987304,-0.0030931176894311,0.0009042179186235,0.0623552123552123,0.0,0.0017079339142931,0.0043126530458937,7.166666666666667,1
03400831,24.0,0.6153846153846154,0.3846153846153846,0.0,,0.0,0.1333333333333333,0.0,-0.2316602316602316,0.085438499724214,-0.0031592817307102,0.0107280750137892,0.0,-0.0604798676227247,0.1054054054054053,-0.0401544401544401,0.0,0.0,0.0067226890756302,0.0028472565496786,0.0,0
03500932,6.0,0.7455176402544823,0.0665124349334875,0.0219418540866703,0.7,0.0032912781130005,0.1119034558420186,0.1349424026330225,-0.4247104247104247,0.0082693641651344,0.0046444065095855,0.0072747044994769,-0.0001004515573037,0.0281358037150983,-0.009332330051138,0.0029860302201678,-0.006493840779555,-0.0001041754530824,0.000655676156222,0.0032252743994056,6.666666666666667,1
03500933,6.0,0.7285051730288976,0.0417409917945058,0.0306790761806273,0.5955056179775281,0.0055153395380903,0.0579110651499482,0.1220268872802481,-0.2393822393822393,0.007518792619284,0.0074519730437294,0.0009008137565397,0.0,0.0096112976099201,0.0020534595608373,-0.0004187897126275,0.0803479146336289,0.0003799899111561,-0.0014654190883901,0.0020187107148652,14.833333333333334,1
03500934,6.0,0.7483882521489972,0.0236389684813753,0.0303702439856679,0.3820224719101123,0.0034123869646817,0.0747312745265313,0.1412728203378263,-0.0424710424710424,-0.0031796498104805,0.0103211737096163,0.003628483174367,0.0003512530144575,0.010612423092883,-0.0013806003227647,0.0009183818269435,0.0050822431475538,-0.0004012489431007,0.000496099114899,0.0037375794078339,29.666666666666668,1
03500935,6.0,0.7005649717514124,0.0240727094080078,0.0439354989483524,0.1861702127659574,0.0042065903248422,0.1233933161953727,0.1570460387941107,0.1575289575289575,0.0146772661924042,0.0059318984614362,0.0013771330416834,0.0001457560195424,0.0075212683627519,0.0009174851166493,0.0015499079740275,-0.030491232408283,-0.000602881136048,0.0024748298154257,0.0033027498535592,31.333333333333332,1
03500936,5.0,0.7478403948992184,0.0187165775401069,0.0248913472935598,0.4206349206349206,0.0029632556301856,0.072303437376531,0.1398656657447649,-0.1953667953667953,0.0052196970484036,0.0069158651831472,0.0020646653519354,0.0005026855613347,0.0064923513428915,-0.0028168151055668,0.0005802754303506,0.0115743525289128,-0.0008358812938405,-0.0014119597853357,0.0023455082552165,21.0,1
03501037,7.0,0.6330538922155688,0.0792814371257485,0.0299839780270084,0.4198473282442748,0.0013733119707026,0.089265278095674,0.1181048294804303,-0.054054054054054,-0.0124947801243514,0.0102957712336338,0.004735417815763,0.0011060408858063,0.006858059225698,-0.0008319009777452,0.0009654896536606,0.0690294065776249,-3.3341023915474884e-05,0.0009279742402244,0.0027242734742447,21.833333333333332,1
03501038,6.0,0.7364501448076127,0.0322714108398841,0.0362714508580343,0.3225806451612903,0.0,0.0748829953198128,0.1123244929797191,-0.4316602316602316,0.0124043205374355,0.0066755566677866,-0.0005598042880621,0.0,0.0140753494850619,0.0024455760050822,0.0011069798465788,0.0159351058510722,0.0,0.00122905166707,0.0015736214069087,15.5,1
03601139,5.0,0.7880184331797235,0.0193548387096774,0.0251677852348993,0.3,0.0025167785234899,0.1082214765100671,0.1333892617449664,0.237065637065637,0.0041245697374736,0.0053399155282211,0.0005498584376061,-0.0003696865137378,0.0224049637446108,-0.0038967468828929,0.0001807836060412,-0.0146374946374946,-1.119247876168388e-05,0.0019997398544845,0.0022140904240356,10.0,1
03601140,6.0,0.8714285714285714,0.0099667774086378,0.0165109034267912,0.5471698113207547,0.0037383177570093,0.0822429906542056,0.1588785046728972,-0.0277992277992277,0.0036029999517154,0.0075300158216915,0.0001825228424375,0.0,0.0084671633888481,0.0006632529017534,-9.668068307932873e-05,0.0517221302935588,4.938332776956076e-05,0.000233496257936,0.0031368683529349,8.833333333333334,1
03601141,6.0,0.7298056661203465,0.0409740107703114,0.0563991323210412,0.5346153846153846,0.0067245119305856,0.0663774403470715,0.1522776572668112,0.0069498069498069,0.0061479525249722,0.0094301689709558,0.001169332139918,0.0002437436470834,0.0133047010019142,-0.0004540194456044,-0.0002199835714899,-0.0079658807079599,-5.613004091496714e-05,0.0008120371801679,0.0024473835810283,43.333333333333336,1
03601142,6.0,0.7338412698412698,0.0295873015873015,0.0646222535542239,0.42,0.007872165432969,0.0733168840324286,0.1438138879097638,0.2594594594594595,-0.0024997639153867,0.0078419518506704,0.0024818030842862,-0.0003514174532921,0.0071430932142316,-7.051624590586402e-05,0.0007540126289265,-0.0227436440979434,0.0009194777417525,0.0007460705226813,0.0025422513441463,91.66666666666669,1
03601243,6.0,0.7076295864880606,0.0417394680644535,0.0447897623400365,0.4775510204081633,0.0062157221206581,0.0811700182815356,0.1436928702010969,-0.1235521235521235,0.0138884522651758,0.0095681731792116,0.0034749604008516,-1.933301876461838e-05,0.0133364713588552,0.0008876764460906,9.91524171636205e-06,0.0151599236277181,-0.0001822820895412,0.0012504503156876,0.0026949686209898,40.833333333333336,1
03601244,6.0,0.8032352161230443,0.0127287191726332,0.0300978179082016,0.35,0.00150489089541,0.0586907449209932,0.1519939804364183,-0.2586872586872587,0.0020493309209964,0.0045838217398408,0.0005309361999224,-8.296705620204305e-05,0.0104402556448157,-0.0017575466287826,0.0011543080907608,0.031030570597134,-0.0006795134987695,-0.0006044688975266,0.0028931578492774,20.0,1
03601245,6.0,0.8038632986627043,0.0425953442298167,0.0307547465871646,0.5051020408163265,0.0018829436686019,0.0743762749097756,0.152518437156755,-0.1111969111969111,-0.0027447926291597,0.0115558624719428,0.0051733137863506,-9.264826984302396e-06,0.0045489955470163,0.0013846667799945,0.0018848288028661,0.0352637318418158,-1.8546844519460855e-05,-0.0005561800299495,0.0027998765027016,32.666666666666664,1
03601346,5.0,0.6274390982911162,0.0389043752272451,0.0416387586514847,0.5898123324396782,0.0040187541862022,0.1004688546550569,0.115874079035499,-0.027027027027027,0.000180251199417,-0.0017665909370305,0.0010850612022421,-5.740268119820649e-05,0.0263879938217506,0.0047619325937841,0.0005560101211543,0.0106767191237992,-0.0002175985309995,-0.0010848272548976,0.0009536421509407,62.166666666666664,1
03601347,6.0,0.7035944206008584,0.0264216738197424,0.0932681459195186,0.6653225806451613,0.0027579290460072,0.0744640842421963,0.1271154569386987,0.0942084942084942,0.0019445884517638,0.0092650021582315,0.0008077319625408,0.0,0.0058277450407877,-0.0003431436079796,-0.000316507026356,0.0355007173529643,0.000234514765561,0.0001969165956208,0.0028584460036949,124.0,1
03601348,5.0,0.7620056497175142,0.0199505649717514,0.0594285714285714,0.5714285714285714,0.0042448979591836,0.0764081632653061,0.1430204081632653,-0.1343629343629343,-0.0031324511102407,0.0057218882546401,-0.0002197657722871,-7.43186683714626e-06,0.012131041978568,0.000377342142588,-0.0003574745724826,0.0413488647721712,0.0007125884088824,0.0005277874234194,0.0026882831601952,60.666666666666664,1
03601449,5.0,0.8571428571428571,0.0381723539618276,0.0368942731277533,0.373134328358209,0.0005506607929515,0.0726872246696035,0.185022026431718,-0.3003861003861005,-0.0092484151156448,0.0032375862797448,0.0026618218536939,-0.0007821632533522,0.0077220579021135,0.0003584956755385,0.0005688591562829,-0.0108005508005507,-0.0019600173218107,0.0004954891308581,0.0043443690718985,11.166666666666666,1
03601450,8.0,0.4778737182946573,0.128440366972477,0.0191034131431482,0.6,0.0183392766174223,0.0718288334182373,0.0871115639327559,0.2409266409266409,-0.0083493320541502,0.0063758350765746,0.0054733976052887,0.0001038214717824,0.0156288073697892,-0.0027872890752348,-0.0016802647830708,0.0116911402625688,0.0011609252473391,-0.0034346209628279,-0.001992644396153,12.5,1
03601451,6.0,0.8076510547014658,0.0150160886664283,0.0168930109307717,0.6470588235294118,0.0043060616098045,0.0755216959258032,0.1629678701556806,0.2501930501930502,-0.0004955246144296,0.0062768686363962,-0.000106352757278,0.0016014616447888,0.0035530604591125,0.0003808295020287,0.0010792946585733,0.134574370288656,0.0002649267660017,0.00047633825366,0.0036454504696556,8.5,1
03601452,5.0,0.822961373390558,0.0225321888412017,0.0462012320328542,0.4666666666666667,0.0030800821355236,0.1047227926078028,0.1817248459958932,-0.1243243243243243,0.0060085590907364,0.0025709474811664,0.0005005443670774,0.0,0.0053192277995869,0.0003829876693124,0.0027961514277867,-0.00360367431796,-3.810084299128727e-05,0.0017997339652487,0.0009999308621065,15.0,1
03601453,7.0,0.5777173913043478,0.1217391304347826,0.0419689119170984,0.1481481481481481,0.0,0.0901554404145077,0.1585492227979274,0.0,0.0174476153499924,-0.0042244326202733,0.0005157361659897,0.0009723050482104,0.0058750085383945,0.0053477602823668,0.0032334086096434,0.0162497862497862,0.0,0.0015300689770521,0.0059970563409758,13.5,1
03701554,5.0,0.6299562736233603,0.0503965018898688,0.064822460776218,0.638004246284501,0.0040600055050922,0.0966143682906688,0.12056151940545,0.0108108108108108,-0.0055822426105761,0.0050748888275693,0.0016580412842436,-0.0001941314148129,0.0243423215374857,-1.1147925731724655e-05,0.003675665741994,0.0156865749465948,-0.0002089934496715,0.0001320294673932,0.0026264902294542,157.0,1
03701555,5.0,0.6420687089172764,0.0398114845590971,0.0869952163755701,0.6035805626598465,0.0030036711536322,0.1575258649460451,0.1234842585382133,-0.3204633204633205,0.0134662326456987,0.0032825407823701,0.0008157292565111,-4.264997934822317e-05,0.0131855517773216,-0.0007337136769658,-0.0006116536808862,0.037018697131431,-7.68562618604837e-05,0.0060124519763795,0.0014753307386943,130.33333333333334,1
03701556,6.0,0.6087595262143054,0.0776788173721421,0.0516023432115782,0.5926544240400667,0.0031013094417643,0.0920055134390075,0.1307718814610613,-0.0432432432432432,0.0007764429586767,0.0027963546470662,0.0012972464977921,0.0004440575004137,0.0154464184118235,0.0045830479467791,0.0004160130707547,0.0494846670473094,1.628229461640139e-05,0.0001223364130651,0.0012309329380343,99.83333333333331,1
03701657,5.0,0.8034102306920762,0.0300902708124373,0.0362116991643454,0.3846153846153846,0.0,0.0891364902506963,0.1225626740947075,0.4864864864864865,-0.043624033035755,0.0027524751400723,0.0011397863941945,0.0,0.009963325708846,7.738147801552449e-05,0.0015233000188443,0.0807011092725378,0.0,-0.0014260255167959,0.0014316423761421,6.5,1
03701658,7.0,0.714498510427011,0.0190334326381992,0.0303170920340293,0.413265306122449,0.005568445475638,0.0658932714617169,0.1364269141531322,0.3459459459459459,-0.0023920703109149,0.0141630614051018,0.0018547878806662,0.0004531088215907,0.0135740442372655,-0.0008180000533289,-0.0004145466786529,-0.0518597914186149,0.0002062267371263,8.160941636963115e-05,0.0033678182316622,32.666666666666664,1
03701659,6.0,0.6538213687330842,0.0570949864673282,0.0374032162001191,0.5477707006369427,0.0085765336509827,0.0793329362715902,0.1307921381774865,0.0131274131274131,-0.0049732131102867,0.0033347169587435,0.002027331038344,0.0,0.0025233490540701,0.0003742592590159,0.0004058977999832,0.0400784745598285,0.0019174437053507,-0.0001630095539753,0.001904529580916,52.333333333333336,1
03701660,7.0,0.7082234201169859,0.0299346255304507,0.0466038140132847,0.4551724137931034,0.005356760231412,0.0797085922434111,0.1433469037925862,0.2177606177606177,-0.0067398180447505,0.0066728937861638,-0.0010971206538513,-3.811029257309494e-06,0.0087862432499389,-0.0001873532351334,-0.0020086444513856,0.0143131562376623,0.0003425366297978,0.0006452369730808,0.0034917043170174,72.5,1
04100101,6.0,0.6353367433930094,0.0716112531969309,0.021123872026251,0.6213592233009708,0.0024610336341263,0.0516817063166529,0.1132075471698113,0.0,-0.0002388880760789,0.0002431686891803,-0.0018148634870138,-0.0027054872097878,0.0214427806776205,-0.0014794432515259,0.0007162837264079,0.0216704804254561,-2.4960613355508217e-05,-0.0010264729741454,0.001754856777289,17.166666666666668,1
04100102,5.0,0.893740902474527,0.0043668122270742,0.0215877437325905,0.4193548387096774,0.0,0.0668523676880222,0.1671309192200557,-0.4015444015444015,0.0089574543451916,0.0072811141118789,-8.03796884007628e-05,0.0,-0.0020287529187053,-0.0024013891557736,0.0021096212005129,-0.0074425445854017,0.0,-0.0026268162697536,0.002464087960014,5.166666666666667,1
04200203,6.0,0.6685667752442996,0.0390879478827361,0.0607003891050583,0.5384615384615384,0.0,0.0233463035019455,0.0607003891050583,0.1575289575289575,-0.0790852394742898,0.0102738911992652,0.007276596572247,0.0015605541609825,0.0074145985133665,0.0008531380594818,-0.0020085148806752,0.0,0.0,-0.0032856572604859,-0.0001606102210625,13.0,1
04200204,7.0,0.7652270210409745,0.0132890365448504,0.027027027027027,1.0,0.0062370062370062,0.0311850311850311,0.106029106029106,-0.2586872586872587,0.0266888909634417,0.013548904726379,-0.0023713889504828,-0.002172545873173,0.0237752198593169,-0.000717226525449,0.0018694503855779,0.0021621621621621,4.857689698088647e-05,-0.0012576907455048,0.0016757942103936,4.333333333333333,0
04200205,10.0,0.5993485342019544,0.0488599348534201,0.0183908045977011,0.5,0.0091954022988505,0.0551724137931034,0.1057471264367816,0.4316602316602316,-0.0124432005914848,0.0244313495681035,-0.0015044276908798,-0.0045609569491194,-0.0025820062841784,-0.0010252142657372,0.0005411164410542,0.0,-0.0031599485098764,-0.0006736509452474,0.0009922567934568,4.0,0
04200206,8.0,0.6429993364299934,0.0039814200398142,0.0166051660516605,0.9629629629629628,0.011070110701107,0.047970479704797,0.1254612546125461,0.0023166023166023,-0.0001620947697805,0.0123978494292894,-0.0062837574773393,-0.0034731290547927,0.0219979780189979,-0.0005663408212405,0.0013292570755483,0.0728185328185328,-0.001380479022939,-0.0011552754784017,0.0031066169270474,4.5,0
04200207,9.0,0.7095170454545454,0.0170454545454545,0.0627130197682345,0.7391304347826086,0.0047716428084526,0.0286298568507157,0.130879345603272,0.4447876447876447,-0.0202392255367938,0.0080228651410878,0.0050748816513185,0.0001923105893137,0.010825603263776,-0.0010228917869154,-0.0012373724150851,-0.0061538849774143,-0.0023791713789451,-0.0050418502848998,0.0012731383769871,15.333333333333334,1
04200308,8.0,0.6097873430694337,0.0491929285165257,0.013063840276066,0.7735849056603774,0.0044367759428148,0.0340152822282474,0.1123983238846438,0.0625482625482625,-0.012130036020858,0.0120526813077994,0.0019609133421348,-0.0002932926052727,0.015303172689363,-0.0027920460246717,-0.0011745231873687,0.0464894264894265,-0.0010648961630658,-0.002962170836269,0.0030059783397179,8.833333333333334,1
04200309,8.0,0.7150706436420722,0.0141287284144427,0.0230591852421214,0.6,0.0,0.0438124519600307,0.1406610299769408,0.1250965250965251,-0.0052516807084085,-0.0035477652253964,0.0015068614420754,-0.0013731488999028,0.0046852520103176,0.0005588381526133,0.0011583880930125,-0.0202187902187902,0.0,-0.0007670300927565,0.0027438615664422,10.0,1
04200310,8.0,0.5548740053050398,0.0643236074270557,0.0359492858289199,0.8214285714285714,0.0048146364949446,0.0375541646605681,0.0924410207029369,-0.1413127413127413,-0.0155965052367716,0.0121233174619105,0.0024568610198569,-0.0007034086642212,0.0142614169461296,-0.0010427636730254,-0.0013000895379408,-0.0135559929618246,0.0004746972478173,-0.0023285197479644,0.0011615521827202,37.333333333333336,1
04200311,7.0,0.6411711302768951,0.0583295506128007,0.0451807228915662,0.7476190476190476,0.0064543889845094,0.0709982788296041,0.132960413080895,0.0293436293436293,-0.0060165027997478,0.0073974773877309,-0.0013386471994993,-0.0004261856835778,0.0066881175563462,-0.0005585838719605,0.0013381597868408,0.0285312927613897,-6.30883574717582e-05,-0.0004879186575902,0.0019733824955139,35.0,1
04300412,6.0,0.6017977528089887,0.0934831460674157,0.0222222222222222,0.5576923076923077,0.0102564102564102,0.0692307692307692,0.1076923076923077,-0.237065637065637,0.004336354774669,0.0059276410633393,0.0005142006527602,0.0015933720353999,0.0264539944234479,-0.001634077512642,-0.0001461991259723,0.0889808175522461,-0.0002832596861297,-0.002624819195034,0.0013681960007385,8.666666666666666,1
04300413,8.0,0.6360357265544486,0.0508416351769151,0.042490118577075,0.5658914728682171,0.0019762845849802,0.0513833992094861,0.1274703557312253,0.0185328185328185,-0.0031002000745499,0.0110725041612548,0.0019386643052589,0.0016436120564899,0.0105846099335684,0.0014597092725196,0.0033374167340743,-0.0101471941824468,-0.0005228486848016,-0.0017666042759976,0.0023500838927036,43.0,1
04300414,7.0,0.6494034707158352,0.0325379609544468,0.0515913757700205,0.5945273631840796,0.0115503080082135,0.0415811088295687,0.1178131416837782,0.0617760617760617,-0.0023286631821671,0.009505796612353,0.0037367155998391,0.0013929616441505,0.0170276960421766,9.897129690351628e-05,0.0021856240101602,-0.0045910025439837,0.0006403056108352,-0.0016370976408396,0.0015128215679628,67.0,1
04300415,8.0,0.6136724960254372,0.0476947535771065,0.0320901994796183,0.7027027027027027,0.0101908065915004,0.039028620988725,0.0858629661751951,0.0,-0.0071097446569057,0.008158880419911,0.001528997793677,0.0011017794934324,0.0119428168885108,0.0021055000218766,0.0020806664443016,-0.008764775291091,5.115109096087803e-05,-0.001615219735174,0.001215124315418,24.666666666666668,1
04300416,7.0,0.6625635234330887,0.0230378317334839,0.083816269585748,0.6811779769526248,0.0077269800386349,0.0585962652929813,0.1429491307147456,0.1752895752895752,-0.0018502339788876,0.0073548751309361,0.0003461846431055,0.0013276028711457,0.003858997566615,-0.001226795667038,0.0061362691662949,-0.0096333786378452,0.0005809622962169,-0.0022034645095481,0.003260204027763,130.16666666666666,1
04300517,6.0,0.7173137460650577,0.0417628541448058,0.0437614492163647,0.8325581395348837,0.0024424994911459,0.0586199877875025,0.1331162222674536,-0.1853281853281853,0.0003086504959574,0.0072512494230882,0.0023817405878687,0.0014922999618001,0.0139460220310083,0.000875722626271,-0.0014844390014399,0.0619373547518233,0.0005227126650585,-0.0018272897158631,0.0018743526425194,35.833333333333336,1
04300518,6.0,0.6291641731498105,0.0760023937761819,0.0406413124533929,0.6605504587155964,0.0022371364653243,0.087248322147651,0.0894854586129754,-0.1003861003861003,0.000976478457852,0.0057742966515231,0.0021880899089245,-0.0004372922610109,0.0142167960127385,-0.0062047972598433,-0.000822190037592,-0.0099984772774855,-7.958055971345528e-05,-0.0005080304924764,0.0015943987358797,36.333333333333336,1
04300619,7.0,0.7386387881374014,0.0298698527842969,0.0502532928064842,0.7217741935483871,0.0068895643363728,0.0668693009118541,0.1762917933130699,-0.2532818532818532,0.0044462197054672,0.0062797069030464,0.0062961542948504,-0.0015136648461768,0.001096128794605,0.0010236398738209,0.0008459655303357,0.0280348018278493,0.0007264820097095,-0.0022546454514287,0.0031848694660564,41.333333333333336,1
04300620,8.0,0.4440211990725405,0.1846637959589268,0.0290875688916105,0.5526315789473685,0.0108695652173913,0.0835884874464176,0.0771586037966932,0.2185328185328185,-0.0068092562057052,0.0104089169629485,0.003208093688872,0.000225217604168,0.0194436643091997,0.0011607382192845,-0.0005731179547436,-0.0417370867662274,-0.0015509306230457,0.0008310306782178,0.0002940273747642,31.666666666666668,1
04300621,7.0,0.6718278441149456,0.0391024799895026,0.0560371906018344,0.515695067264574,0.0096745822339489,0.0452318130418394,0.1349415755748209,0.0409266409266409,0.0074075244880441,0.0060110712800776,-0.000622427881176,0.0013266646664285,0.0121582977564135,-0.0005887630011201,0.0018300323202757,0.0058298327588305,-0.0003824250511615,-0.0030573842610703,0.0025387778885193,74.33333333333333,1
04300622,9.0,0.4441354292623942,0.1273276904474002,0.0311554409951809,0.9136690647482014,0.0347416788075759,0.0524487280062759,0.0901042250364227,0.4864864864864865,-0.0135785630664108,0.0111928266268216,0.0009084207604655,-0.0011259217647695,0.0149646667633106,-0.0013259899238548,0.000459552102007,0.0060175477119306,-0.0006333051551643,-0.0018905472642884,-0.0010855741561493,46.333333333333336,1
04300623,6.0,0.5762787438690362,0.0429963691954901,0.057843785701401,0.6081081081081081,0.00535145210751,0.0573627562984787,0.103541578979015,0.0,-0.0266288206002829,0.0089590724147695,0.0037437358325131,0.00104960188228,-0.0008012046607933,0.0015787467790517,0.0008830044676668,-0.0003320469827344,-0.0001671571131158,-0.0014708924231177,0.0015196642076358,160.33333333333334,1
04300624,9.0,0.5127420218871968,0.0576260809673222,0.0695202737133289,0.8282722513089005,0.006260464439106,0.0454247652325835,0.0987115090631142,0.4988416988416988,-0.0031823855668945,0.0074060772808561,0.0031941354489461,0.0002893725667546,0.0134028410361816,-9.032087933797788e-05,0.0009603814921773,-0.0053543189986954,-0.0011054004498555,-0.0014273706480752,0.0018257069020231,159.16666666666666,1
04400725,18.0,0.5,0.3061224489795918,0.0612244897959183,1.0,0.0,0.0612244897959183,0.0612244897959183,2.9706563706563704,-0.0535169174355374,0.1291488544208579,0.0,0.0,-0.0091309354467249,0.0026235700539106,0.0053175068035749,0.0,0.0,0.0015424351558805,0.0006816247849246,1.0,0
04400726,10.0,0.4681967213114754,0.0404918032786885,0.0063252082690527,0.7804878048780488,0.0058623881518049,0.037025609379821,0.0990435050910212,0.2803088803088802,0.008746971049695,0.0085932542770511,0.0069887429502346,0.0025861296916935,0.0184981954984217,-0.0015677520017512,-0.0003911243786261,0.0293926579640865,-0.0009099866698026,-0.0015896548127914,0.0017468962952186,6.833333333333333,1
04400727,8.0,0.6312666257417638,0.0327399222426846,0.0234390388024423,0.7478991596638656,0.0070908016545203,0.0543628126846562,0.1087256253693125,0.0741312741312741,-0.0083132041653765,0.006306354166506,0.0051212755351718,0.0024924997856171,0.0125292704098851,-0.0020456101778003,0.0007826316490519,-0.0052249495858518,0.0001003266001111,-0.0012160586747124,0.0003841927156239,19.833333333333332,1
04400728,8.0,0.5406867845993757,0.0154006243496357,0.0011808699074985,1.0,0.0035426097224955,0.054320015744932,0.0696713245424129,-0.0316602316602316,-0.0061847755497402,0.006187968162895,0.0028703548124709,0.0003012677228493,0.0316836153023903,-0.0013339350232676,0.0001776947109782,0.0,-0.0001966784549251,-0.0004605963085256,0.0004339588631808,1.0,0
04400729,9.0,0.5104965011662779,0.0386537820726424,0.0255930087390761,0.8536585365853658,0.0018726591760299,0.0280898876404494,0.1235955056179775,0.2571428571428571,-0.0218746488976085,0.0107921586493834,0.0055835299417494,0.0015906793953081,0.0065530393444872,0.0021525048705561,-0.001467296614189,-0.0065028922171779,0.0007218600925221,-0.0020494406831449,0.0015444948117952,13.666666666666666,1
04400830,8.0,0.5478193146417446,0.0599688473520249,0.020674486803519,0.7446808510638298,0.0039589442815249,0.0563049853372433,0.0809384164222873,0.0,0.0213677714653691,0.0029474994574353,0.0013764316703573,-0.0010390641206816,0.0224400145039152,-0.0050986814902435,2.117505012172579e-05,0.0224095919748093,-0.0004417292067901,-0.0016972516679853,0.0009485730289135,23.5,1
04400831,11.0,0.4887323943661972,0.0422535211267605,0.0072559366754617,0.5454545454545454,0.0039577836411609,0.0593667546174142,0.0514511873350923,0.8077220077220078,0.0090201011864572,0.0252113412372051,0.0059389340759721,0.0065353366369208,0.0179076649075378,0.0010065698740853,-0.00113569086891,0.0664092664092664,1.0717745385089422e-05,0.0010922112972589,-0.0007954497627376,1.8333333333333333,0
04400832,7.0,0.6991762767710049,0.0098846787479406,0.038280514590524,0.5163934426229508,0.0,0.0282397238782554,0.1261374333228742,-0.2393822393822393,0.004998919606639,0.009489182192281,-0.0027997715083544,0.0019771094560095,0.0013149899957813,6.692605958570271e-06,0.0024499033903948,-0.0082014854305876,0.0,-0.0020000140001785,0.0031535909594495,20.333333333333332,1
04400833,13.0,0.5252306022788931,0.0520889853499728,0.0063391442155309,0.5,0.0031695721077654,0.0316957210776545,0.1077654516640253,0.8409266409266409,-0.0031586610639556,0.036266562456094,0.0055910269125234,0.0028242718699959,0.0052665196303651,0.0052387633950264,-0.0024988651337423,0.0368082368082368,0.0003132344410993,-0.0003384717041062,0.001538544540438,2.0,0
04400834,11.0,0.5602888086642599,0.0649819494584837,0.029696132596685,0.4418604651162791,0.0082872928176795,0.0124309392265193,0.1450276243093922,0.6602316602316602,-0.0002035526807199,0.0205130955883527,0.0023958619151521,0.0057518361624739,0.0030150475634806,-0.0011284101096534,0.0018848440703011,-0.0299779371207942,0.0015891955756019,-0.0010412111581029,0.0047740049414304,7.166666666666667,1
04400835,7.0,0.7905288627722088,0.0103698582786035,0.0424481737413622,0.5581395348837209,0.0019743336623889,0.0296150049358341,0.1717670286278381,0.4988416988416988,-0.0139762487332744,0.0089758033501561,0.0043158932405633,0.0008576876286706,0.0030873529160643,-0.0014363035019763,0.002545129100769,-0.0263861271910807,0.0002803302975318,-0.0039209324900449,0.0047065345358762,21.5,1
04500936,7.0,0.5846545312194167,0.0346447445684086,0.0473010573177518,0.5490196078431373,0.0051938415878315,0.0556483027267668,0.112409571508069,-0.2393822393822393,-0.0025587435226432,0.0113549679046287,0.0026968625712277,0.0019578365820174,0.0100432632894097,-0.0005922313711902,0.0012397252976707,-0.0144078240758416,-0.0002544593933132,-0.0010973808386926,0.0019528639501642,42.5,1
04500937,8.0,0.4863848904373338,0.0457504355001375,0.0283487495717711,0.7945619335347432,0.0039397053785543,0.08016443987667,0.1038026721479958,0.3057915057915058,-0.0153167487542775,0.0100959212609018,0.0041683673811741,0.0014586212190403,0.0167776337777337,-0.0022662945825977,0.0010370221728842,-0.0109776614499101,-1.5469269838888817e-05,0.000874398353257,0.0016747200000341,55.166666666666664,1
04500938,7.0,0.552960603916018,0.0359754659117716,0.0301198074123838,0.6765799256505576,0.0041428731385063,0.0490426603963721,0.0920389654014108,0.159073359073359,-0.0049850837175342,0.0097666054158525,-0.0007346316668913,0.0004366945912827,0.0157924310217275,0.0010950943143432,0.0011192544435882,-0.0162945800092189,-0.0002825760245829,-0.0022340544612404,0.0002139719933739,44.833333333333336,1
04500939,9.0,0.5779834580543521,0.0730602599448601,0.0317282568122433,0.5882352941176471,0.0119447555057857,0.0470324748040313,0.0951847704367301,0.5003861003861004,-0.0120585931490033,0.0053267565484216,0.000199645474432,-0.0012986047376947,0.007068794735245,0.0012518548088241,0.0003839317180468,0.021654763516309,0.0001697012962591,-0.0010396362465215,0.0013092700357286,28.333333333333332,1
04501040,8.0,0.5255731922398589,0.0510361552028218,0.0388732979939715,0.7085561497326203,0.006028479368049,0.0661053944496414,0.0979108200810726,0.1976833976833976,-0.0094194053288355,0.0024161942501539,-0.0026252592154836,-0.0012731974458455,0.0217133299137724,-0.0005546197811718,0.0010511969850172,-0.0183716501756707,-0.0004967747086138,-0.0002340005434984,0.0013397935817457,62.333333333333336,1
04501041,7.0,0.4303675712813466,0.0671934043284094,0.0224950189600874,0.86,0.0102834372388971,0.0780898515328748,0.0892730895301754,0.0,-0.0137209648207594,0.0036816734151047,0.000365343320446,-0.000785716422524,0.0314971812187572,0.0010123776830671,-0.0010248568234751,-0.0017948154015969,-0.0006152539561752,-0.0003292652819081,0.0013145520482646,116.66666666666669,1
04501042,7.0,0.4428723317248711,0.0805594176821787,0.0446916695339679,0.6894781864841745,0.0138012769048438,0.0775318270443858,0.0672095423787131,0.4555984555984556,-0.0215724847944312,0.0066307534547442,0.0003391213167164,6.403648510086355e-05,0.0242420016864895,-0.0016691881124469,0.0001414598648145,-0.0254228651350588,-0.0001437583667921,-0.0002492489364529,-0.0008647275478099,194.83333333333337,1
04501043,7.0,0.594421897936275,0.0490458509627838,0.0354772634166325,0.6605080831408776,0.0117984432609586,0.0545678000819336,0.1012699713232281,0.3459459459459459,-0.0184311360473741,0.0082010787432225,0.0024212899928993,0.0016169337637777,0.0174086091069962,-0.0014629145315628,0.0018204519717006,0.0132746883474479,-0.0008897324667347,-0.0017326751715131,3.833096406143678e-05,72.16666666666667,1
04501044,7.0,0.5812875536480687,0.0583690987124463,0.0698360655737704,0.7183098591549296,0.0147540983606557,0.0747540983606557,0.1337704918032786,0.1166023166023166,-0.003443231153049,0.0051649172724385,0.0026880819989811,-0.0006617563152643,0.0079217072569901,0.0032170398958286,0.0082794866327866,-0.0350766868368711,-2.605493896540901e-06,-0.0030311409572757,0.0033269094008739,71.0,1
04501045,8.0,0.5172031896042528,0.0540460720614294,0.0281073446327683,0.7236180904522613,0.0076271186440677,0.0423728813559322,0.086864406779661,0.4447876447876447,-0.0175701367926494,0.0064231043615811,0.0055184686587544,0.0032445932458676,0.0172974676734618,0.0001516867304639,0.0009510420384199,-0.011896006826419,-5.630403764831728e-05,-0.0024274632628419,-0.0006694483406295,66.33333333333333,1
04501146,10.0,0.5539892867211729,0.0524386805751339,0.035230352303523,0.4,0.0048780487804878,0.0357723577235772,0.1056910569105691,0.3884169884169884,-0.0005552835341268,0.0106525627849276,0.005812611602711,0.002273601932095,0.0179004337501028,-0.0006248889252265,0.0004225961553003,0.0227371341657055,-0.0001615736928014,-0.0015832290918814,0.0016720972318004,21.666666666666668,1
04501147,8.0,0.6271230729030572,0.0512150509537496,0.0365308151093439,0.673469387755102,0.0029821073558648,0.0730616302186878,0.1550695825049702,0.2424710424710424,0.0079596171777715,0.0038217659103497,0.0041778667502606,2.1042523211168157e-05,0.011987803909133,-0.0006339854823208,0.000528335076126,0.0168444661488139,-0.0002226103573899,-0.0008582709885405,0.0046727538588408,24.5,1
04501148,7.0,0.7542134831460674,0.0252808988764044,0.0399449035812672,0.6666666666666666,0.0082644628099173,0.0495867768595041,0.1377410468319559,-0.1189189189189189,-0.0030299414617809,-0.0034538552918018,0.0027544959829635,-0.0014133291155221,0.0180563227566258,-0.0010859034042017,0.0063884923536034,-0.0351702154400075,0.0012968517798554,-0.0018521577589797,0.0035397801139011,14.5,1
04501149,7.0,0.6597154865826059,0.0462334303265438,0.0502904310608376,0.7446808510638298,0.0103943748089269,0.0339345765820849,0.121981045551819,0.1034749034749034,-0.0053370601418348,0.0076942756346782,0.0026036440517465,0.0013907282234442,0.007138047393964,0.0018805985824239,-0.0004221559976685,-0.0013957460967769,0.0002223330621429,-0.0024792414064509,0.0024545788362215,54.833333333333336,1
04501150,7.0,0.6130030959752322,0.0433436532507739,0.0595179537629119,0.396694214876033,0.0029513034923757,0.0472208558780127,0.1091982292179045,-0.2725868725868726,-0.0101922166596131,0.0002518621544704,-0.0041697862725184,-0.0013941508311751,0.013832664208107,-0.0031421016549294,0.0022568137827629,-0.0250050290386424,-3.5236098127206474e-05,-0.0008518733304659,0.0004700743755292,20.166666666666668,1
04501151,9.0,0.6774880255455029,0.0298030867482703,0.0302046929605591,0.7520661157024794,0.0044932601098352,0.0419370943584623,0.1333000499251123,0.4864864864864865,0.0050508395557396,0.0120675814618891,0.0038045505955169,0.0029883648183965,0.012600885833447,0.0009921118769663,0.0019622433975293,-0.0051369091970595,0.0001253739788322,-0.0005976224071994,0.0031598436601118,20.166666666666668,1
04501152,7.0,0.6393884892086331,0.0613758992805755,0.0587986463620981,0.6294964028776978,0.0050761421319796,0.0774111675126903,0.1256345177664974,-0.0795366795366795,-0.0084993496746385,0.0095978958149538,-0.0032596564350497,0.0012028429260763,-0.0038246109153725,0.0110862856734714,0.0008407977851931,-0.0332551672404914,0.0011844698333368,-0.0014762013675111,0.0019255348848176,46.333333333333336,1
04501153,7.0,0.7026053215077606,0.0274390243902439,0.0267225569819229,0.6470588235294118,0.0110034058160859,0.0487293686140948,0.1226093790935289,0.0386100386100386,-0.0073400450195784,0.0073893667357614,0.0007711677885537,-4.791787778652731e-05,0.0070216345113537,-7.890818797643906e-05,-0.0003954510470995,-0.0459447041025988,0.0016871313698696,-0.0015345893755067,-0.0001141755423074,17.0,1
05100101,5.0,0.7389491242702252,0.055045871559633,0.0507131537242472,0.53125,0.0047543581616481,0.0903328050713153,0.1188589540412044,-0.3142857142857143,0.0110814776762902,0.020349740882895,0.0028318647386716,0.0019465067135283,0.0007364678369453,-0.0041733254604317,-0.0022169865548874,0.0099824499824499,-0.0002040952209879,-0.0002699899777694,0.0028925619535978,10.666666666666666,1
05100102,5.0,0.9143239625167336,0.0,0.0242966751918158,0.3157894736842105,0.0076726342710997,0.1534526854219948,0.268542199488491,0.2579150579150579,-0.0001250054050304,0.0005187670209356,0.0018192977716545,0.0099578056482557,0.0044217834272375,0.0,-0.0015806623056932,-0.0687258687258687,0.0001823192274345,0.0041219932463731,0.0076721626561661,3.1666666666666665,0
05100103,4.0,0.751081210956271,0.0461316674675636,0.0152495378927911,0.2424242424242424,0.0027726432532347,0.1303142329020332,0.11090573012939,0.1359073359073359,-0.0183017623452462,0.0047494512471091,0.001790159496753,0.0026524530629973,0.0110397316976494,-0.0015182494440089,0.0003750889221041,-0.043228534657106,-4.567445243877227e-05,0.0014077215266721,0.0001163283512176,5.5,1
05100104,4.0,0.78470715835141,0.0292841648590021,0.0249609984399376,0.375,0.0,0.187207488299532,0.1372854914196568,-0.1976833976833976,0.0078359767347684,0.0044450817580643,-0.0033905199123473,-0.0015025601406151,0.0100101406474498,-0.0038789958100934,-0.0013928355964822,0.0313323527609241,0.0,0.0043802172182626,0.0028222352003714,8.0,1
05100105,7.0,0.7631468237273875,0.0176693310896087,0.0322448979591836,0.6075949367088608,0.0053061224489795,0.1004081632653061,0.1542857142857143,0.1722007722007721,0.0140195065285401,8.244914594976918e-05,-0.0032223964534278,-0.0023202650753051,-0.0029669599796723,0.0007728619131514,-0.0005687117814982,0.0281590224447367,-0.0007732155674375,-0.0003940396126808,0.003493991207244,13.166666666666666,1
05100206,4.0,0.8963210702341137,0.040133779264214,0.019108280254777,0.5,0.0,0.1337579617834395,0.1719745222929936,-0.2131274131274131,0.0088856709976641,0.0196226192094066,0.0053099400620834,-0.0049663479238198,0.0063113673313806,-0.0009882233260829,-0.0005142458538938,0.0,0.0,-0.0021376579409291,-0.0001361039090264,2.0,0
05100207,6.0,0.8228730822873083,0.0418410041841004,0.0013245033112582,0.0,0.0,0.095364238410596,0.1350993377483443,-0.0393822393822393,-0.007021189550588,0.0116426527249173,0.0025940061278336,0.0,0.0041844416001372,0.0031107460000707,-0.0019683590871078,0.0,0.0,-0.0043112356849312,0.0062913438895205,0.1666666666666666,0
05100208,4.0,0.8403508771929824,0.0210526315789473,0.0312104597216364,0.6216216216216216,0.0050611556305356,0.1619569801771404,0.167018135807676,-0.2694980694980695,0.0076413162602979,0.0048217457317426,-0.0005071625658337,0.0004453684574043,0.00227591832379,-0.0013307190166965,-0.0026983761042552,-0.0513323227608941,-0.0002188031288683,0.0013853884358663,0.0020456903158705,12.333333333333334,1
05100209,4.0,0.9228650137741048,0.0036730945821854,0.0089206066012488,0.6,0.0,0.1418376449598572,0.1498661909009812,-0.5235521235521235,0.0240067773532452,0.0028531686164648,-0.0016328481599122,-0.0022717595228277,0.0157697535830073,0.0001177875702417,-0.001426523096755,0.0382239382239382,0.0,0.0005405217784065,0.000782838614719,3.3333333333333335,0
05100210,4.0,0.8985507246376812,0.0096618357487922,0.0307772561293688,0.559322033898305,0.0,0.1158059467918622,0.2034428794992175,0.5003861003861004,-0.057563599290636,0.0107653702704672,0.0021127726630045,0.0002138463430187,-0.0083209314094993,0.0027390838721541,0.0015339248205578,-0.0551678951678951,0.0,-0.0017418262627503,0.0015849858006548,9.833333333333334,1
05100211,6.0,0.7921955806299953,0.0183356840620592,0.0351826792963464,0.4230769230769231,0.0027063599458728,0.1028416779431664,0.13531799729364,-0.3212355212355212,0.0089414176937864,0.0017983964295953,-0.0032735641105136,-0.0017909150913697,0.010594236598969,-0.0016667356194482,0.0012244122891742,-0.0592016992016992,-6.857398253134747e-05,-0.0015812781953672,0.00238150967371,13.0,1
05100312,5.0,0.81,0.0266666666666666,0.0547210300429184,0.4117647058823529,0.0064377682403433,0.1351931330472102,0.1609442060085836,0.1482625482625482,-0.0127716199381215,0.019718814089256,0.0014084291317753,0.0023448440897196,-0.0127192494707539,0.0030850947083899,-5.966559513818197e-05,0.0196911196911196,3.917966004561593e-05,0.0004593527899331,0.0050919350099853,8.5,1
05100313,5.0,0.6383058470764618,0.063343328335832,0.025177304964539,0.5070422535211268,0.0,0.1,0.1148936170212766,-0.0555984555984555,-0.0024805133325522,0.000510157704684,-0.0034471626104497,-0.0012381316274395,0.0156235351362455,-0.0057043837217241,0.0006692836867013,-0.114993234993235,-0.0006559244691302,0.001484714571095,0.0014378502565507,11.833333333333334,1
05100314,4.0,0.7916666666666666,0.0179127725856697,0.0628055660022565,0.2994011976047904,0.0011282437006393,0.1083113952613764,0.1827754795035727,-0.1281853281853281,0.0175006791056512,0.0113152885118009,0.0001444074315377,-3.259292059124048e-05,0.0038490410017085,-0.0003811319389241,0.0008756088837585,-0.0166595024309945,-0.0014687226327784,-0.0006634586187609,0.0039365091919673,27.833333333333332,1
05100315,5.0,0.8164045898852529,0.019974500637484,0.04914618908788,0.5084745762711864,0.0024989587671803,0.0949604331528529,0.1474385672636401,-0.2872586872586872,0.0283809364219026,-0.001730266794052,0.0004267769624916,-0.0005208554762449,0.0063645492338648,-0.0015924231352637,0.0015252209917753,0.0300975013049316,-1.0096242485800172e-05,-0.0025231612562152,0.0023057087788453,19.666666666666668,1
05100316,6.0,0.6841138659320477,0.0486685032139577,0.0881385281385281,0.5697445972495089,0.0105627705627705,0.1018181818181818,0.132987012987013,0.2007722007722007,0.0077661120477847,0.0119027216631828,0.0013438912822317,-0.0005359940325331,-7.720501296124543e-05,0.0013355735876795,5.6011744568009545e-05,0.01673455083609,0.0001767005963732,-0.0004954708370758,0.0006999282073026,84.83333333333333,1
05100317,7.0,0.5850999394306481,0.1084191399152029,0.0251572327044025,0.5568181818181818,0.006861063464837,0.0977701543739279,0.1097770154373928,-0.6656370656370657,0.0387273904800298,-0.0033231824980667,-0.0033429205845842,-0.0009375874835218,0.0289625553312987,-0.0068707915272257,-0.002587043770421,0.072199428628,0.0009700099469087,0.0003280266567142,0.0017168658306711,14.666666666666666,1
05200418,6.0,0.8514056224899599,0.0096385542168674,0.0047058823529411,0.8333333333333334,0.0047058823529411,0.0752941176470588,0.1458823529411764,-0.3583011583011583,0.0126383997087283,0.0093238425391567,0.0062886213468194,0.0009386698652481,0.0218523012575985,-0.0048343446340126,-0.006109151129947,0.2299133014975196,0.0001797896228167,-0.0019363969134956,0.0033713281662121,1.0,0
05200419,5.0,0.8898305084745762,0.0169491525423728,0.0319148936170212,1.0,0.0,0.1117021276595744,0.2074468085106383,-1.732046332046332,0.0926269106165148,0.0066656940056752,0.0015984461386323,0.0,-0.0023307713863117,-0.004690528331372,0.0070519987472002,0.0,0.0,0.0024598029142742,0.0047682461994887,2.0,0
05200420,8.0,0.5645746164574617,0.0845188284518828,0.0229234088457389,0.6823529411764706,0.0035059331175836,0.0857605177993527,0.1181229773462783,0.0,0.0022846870704702,0.0022700113012065,0.0008141266620712,0.0023645930399685,0.0016760554488636,-0.000935020236657,0.0015833562802677,-0.0064791836220407,-0.0005072317221205,0.0018258510573744,0.0012703612078044,14.166666666666666,1
05200421,5.0,0.7565284178187404,0.0276497695852534,0.0135440180586907,0.0,0.0,0.0812641083521444,0.1264108352144469,-0.3752895752895753,0.0017446030630041,-0.0100874125241139,0.0015243223455919,-0.0020329790626521,0.0210878220426609,-0.0014326776826157,-0.0026662956730375,-0.0932818532818532,0.0,0.0001634471464473,0.0035481289240651,3.0,0
05200422,6.0,0.4845474613686534,0.1247240618101545,0.0125786163522012,0.0,0.0,0.0566037735849056,0.10062893081761,-0.0162162162162161,-0.0036403598490092,0.0215042382458545,0.0069761349710716,0.0,0.0009729108874219,0.0058142818159561,-0.0033768907816034,-0.1647361647361647,0.0,-0.0047165620506592,0.0035960116814672,2.0,0
05200423,5.0,0.8384615384615385,0.0057692307692307,0.0436397400185701,0.3617021276595745,0.0,0.1727019498607242,0.2005571030640668,0.1065637065637065,0.0397075051118347,0.0058243174857153,-0.0003116671343798,-0.0003116671343798,-0.0073169002759744,9.379680682887476e-05,0.0007106390335653,-0.010470674756389,0.0,0.0001247561863273,0.0024883339141859,7.833333333333333,1
05200524,7.0,0.7482185273159145,0.0419635787806809,0.0395348837209302,0.6274509803921569,0.0,0.0697674418604651,0.1674418604651162,-0.0671814671814671,-0.018309424452814,0.0077511334524846,-0.0032237649008695,-0.0010206933202376,-0.0013783961718451,0.003363752943612,0.0037442690403324,-0.015367408224551,0.0,2.053516505220616e-05,0.0049403662011088,8.5,1
05200525,6.0,0.7792792792792793,0.009009009009009,0.008695652173913,0.0,0.0057971014492753,0.0956521739130434,0.1565217391304348,-0.3938223938223938,0.0222131891527222,0.0046595970406542,-0.0108168894116251,-0.0009859666897795,0.0186195291467802,-0.0039205501149885,0.0001226317565673,0.0,-0.000786759107846,0.0009971866034338,0.0028402444791795,1.0,0
05200526,3.0,0.868959868959869,0.0147420147420147,0.0288461538461538,1.0,0.0,0.1057692307692307,0.2019230769230769,-0.4664092664092664,0.0250654258660783,-0.005565220476836,-0.0029707976703247,-0.000150560038262,-0.0065200489270471,0.0025178695408402,-0.0017392113780051,0.0,0.0,-0.0021192718602682,0.0066427363762958,6.0,1
05200527,5.0,0.7252956886684472,0.0434948492941625,0.0335545722713864,0.3626373626373626,0.0154867256637168,0.1349557522123893,0.1548672566371681,0.237065637065637,-0.0264055004104022,0.0114656793793783,-0.0014599269859391,-0.0013567347887502,-0.0189822714017227,0.0015785490995083,-0.0010025538170446,0.0001658626028373,0.0033934734714911,0.0016813091307375,0.0024487005497052,15.166666666666666,1
05200528,8.0,0.7334162520729685,0.0199004975124378,0.0355005983246908,0.4719101123595505,0.0023932987634623,0.0837654567211807,0.1435979258077383,-0.2262548262548262,-0.0069091033459689,-0.000142429902052,-0.0046967573701229,-0.0033952821107596,0.0162394020736808,0.0001718415802211,0.0039547620281038,-0.0639328239328239,-0.0006518218680093,0.0006154099332735,0.0031721127972636,14.833333333333334,1
05200629,6.0,0.6194122516556292,0.0662251655629139,0.0557965299684542,0.3957597173144876,0.002365930599369,0.0910883280757097,0.1088328075709779,-0.2393822393822393,-0.0022625604377677,0.0071348966208359,0.0020918997543839,0.0015465202106306,7.501966142917229e-05,0.0033448961324918,-0.0017719462884356,0.0081134174384837,-0.0003431074767904,-0.0012841393473677,0.0008681695370551,47.166666666666664,1
05200630,6.0,0.7697686928456159,0.0228617536309844,0.0826812728221178,0.4006309148264984,0.001564945226917,0.1032863849765258,0.1455399061032863,0.0,0.0096995007025173,0.0072816722799221,0.0005269319461065,0.0012112915406139,0.0048983460710653,-0.0001737110508074,-0.0012783583214961,-0.0122444591161889,-2.2697615316259157e-05,0.0008209557282196,0.0028003539298494,52.833333333333336,1
05200631,5.0,0.7981402557148393,0.0135606354126307,0.0662921348314606,0.2090395480225988,0.0022471910112359,0.1101123595505618,0.1820224719101123,-0.2393822393822393,0.0090387887245486,0.0067998414909028,-0.0015304891666931,0.0002696278154801,-0.0043094224824609,-0.0007198916709378,0.0006759765315399,-0.0057006474136618,-5.2739813989305766e-05,-0.0003965343552494,0.0022069789810399,29.5,1
05200632,7.0,0.8170377541142304,0.0522749273959341,0.011090573012939,0.0,0.0,0.0831792975970425,0.1608133086876155,-0.2810810810810811,0.0411425948841781,-0.0034646641053839,0.0005625287139087,-0.0024525396896765,0.0116153484800957,-0.0020139319564758,-0.0005540504891093,0.0,0.0,0.0008726197223015,0.0041166415278639,2.0,0
05200633,4.0,0.841726618705036,0.0431654676258992,0.0815347721822542,0.7058823529411765,0.0,0.158273381294964,0.1294964028776978,-0.8664092664092666,-0.0375543142886318,0.0030304150974599,-0.0094355729398322,-0.0027101913926318,-0.0054673892483518,0.0038149288314253,0.0069059418321592,-0.1427541827541827,0.0,0.0026808856514105,-0.0001641612556853,5.666666666666667,1
05200634,9.0,0.5801526717557252,0.0322692574600971,0.0506201810258129,0.8013245033112583,0.011397921555481,0.0784445189406637,0.1146496815286624,-0.0756756756756756,0.0090287584951348,0.0028098161214917,0.0070406619714897,-0.0023765559184702,0.0071634334760851,-0.001277994643527,0.0019888557881093,0.0084437101828406,0.0014969933235289,0.0011405040095963,0.0024548910810528,25.166666666666668,1
05300735,2.0,0.875,0.0056818181818181,0.0109990834097158,1.0,0.0054995417048579,0.148487626031164,0.0934922089825847,0.0,0.0005093489531284,0.0052407817182991,-0.0020767880514904,-0.0013845253676603,0.0185148418286446,-0.0041316763678032,-0.0015840080310198,0.0077220077220077,0.0023561289806398,-0.0045418951275602,-0.0025412533486499,2.0,0
05300736,8.0,0.626614481409002,0.1123287671232876,0.0338038632986627,0.7032967032967034,0.0022288261515601,0.0735512630014858,0.0936106983655274,-0.1528957528957529,0.0059614670047861,0.0115445379762515,0.0006128454468273,0.0004045148459527,0.0184510830005425,-0.0009694301126952,0.0006312519119326,-0.0092123086240733,-9.473064997871672e-07,6.86279229019034e-05,-0.0004279504638807,15.166666666666666,1
05300737,4.0,0.8528539659006672,0.0111193476649369,0.0549530007230658,0.4013157894736842,0.0,0.1149674620390455,0.1518438177874186,-0.4247104247104247,0.0139652742106887,0.0068254011814566,0.0027619893358373,-8.856535047008533e-05,0.0069329485194016,-0.0016381652576712,0.0018258351348823,-0.0048441459745807,0.0,0.0012976534146505,0.0023432874723281,25.333333333333332,1
05300838,5.0,0.4795918367346938,0.1112244897959183,0.0,,0.0,0.0284360189573459,0.2104265402843601,0.3505791505791505,-0.046579955012869,0.0048642810707638,0.001446886049893,0.0030244427582411,0.024857110276164,-0.0043833319105612,0.0,,0.0,-0.0074969520690136,0.0090451784779561,0.0,0
05300839,4.0,0.8425878757004585,0.0030565461029037,0.0151737640724424,0.5806451612903226,0.0088105726872246,0.1674008810572687,0.1615271659324522,-0.2393822393822393,0.0042467042296606,-0.0060833749025891,-0.0033779137910309,-0.0013177561274726,-0.0008281280068385,-0.0001263875727149,-0.0009897019491873,0.03003861003861,-0.000450196879584,0.0014136826876958,0.0024396143018751,5.166666666666667,1
05300840,8.0,0.5309657860545691,0.2286704200952793,0.0135356849876948,0.3636363636363636,0.0,0.059064807219032,0.0639868744872846,0.0656370656370656,0.0143355224320486,0.0088873193566445,0.0062319978015544,0.0003229577050254,0.0178948996511601,0.0010418240277197,0.0009199002568999,0.0486964515535943,0.0,-0.0021223879113132,0.000373840083825,5.5,1
05300841,5.0,0.7496641289744738,0.0340349305866547,0.1067585019371502,0.5362903225806451,0.0051657339647008,0.1033146792940163,0.1239776151528196,-0.2154440154440154,0.0140018199292339,1.9137428120445985e-05,-0.002359744585132,-1.72608432709139e-05,0.0085219884044364,0.0001584860183707,0.0010571217695796,-0.0081627606996732,-0.00024524037605,-0.0003351899994103,0.0012173586651417,41.333333333333336,1
05400942,9.0,0.6692781197537773,0.0179071068830442,0.0564643799472295,0.8878504672897196,0.0047493403693931,0.0538258575197889,0.1171503957783641,0.2579150579150579,-0.0020472162297255,0.0113792401547634,0.0018364461689415,0.0025133476868318,0.0179018290892351,-0.0017892524522801,0.0017053398234694,-0.026810300136262,-0.0025613914034391,-0.0009944111706317,0.0020474028794225,17.833333333333332,1
05400943,7.0,0.7368421052631579,0.0184321563402176,0.0136199191317301,0.71875,0.0012768674185997,0.0702277080229836,0.0995956586507767,-0.1992277992277992,0.0096192530091043,0.004079314708855,-0.0010765952876322,-0.0012784523980271,0.0081837382780322,-0.0006935686301411,0.000853130925683,-0.0258632658632658,-2.8923355178881085e-05,-4.423290797069748e-06,0.0003516083924082,10.666666666666666,1
05400944,9.0,0.7121212121212122,0.0151515151515151,0.064516129032258,0.6891891891891891,0.010462074978204,0.083696599825632,0.088927637314734,0.1837837837837838,0.0048022163343843,0.0020715033929065,0.0016830818059111,0.0035448379300795,0.0270371321896557,-0.0002597500138756,0.0021147255405303,-0.0102897102897103,0.0002800103735786,0.0006976905547819,0.0035854105796224,12.333333333333334,1
05400945,10.0,0.6742281033396346,0.0151228733459357,0.0146699266503667,1.0,0.0073349633251833,0.0366748166259168,0.1100244498777506,-0.122007722007722,-0.0102556808545762,0.010156775094244,0.0036411455877236,0.0059362474969876,-0.0011104581097279,0.0002312930472311,-0.0020440541103625,0.0889575289575289,5.4368500711822656e-05,-0.0020455387448061,0.0024138757987384,4.0,0
06100101,6.0,0.6591653921782827,0.04719248415993,0.0226415094339622,0.8333333333333334,0.0012578616352201,0.0893081761006289,0.1320754716981132,0.1482625482625482,-0.0225202904742337,0.0105704707797127,0.0038566490463701,0.0029359471663576,0.00860669744796,-0.0021958349380349,0.001137263807365,-0.0110462563403739,0.0003249818828679,0.0002683291761315,0.0014733061497544,18.0,1
06100102,7.0,0.6027155465037338,0.0454854039375424,0.0687704299723409,0.7038391224862889,0.0054060849886849,0.0837314558712597,0.1222026653256223,0.1436293436293436,-0.0153780258683201,0.0093404165058855,0.0028588016845703,-0.0001022222239311,0.0081607056211691,0.0023068668132683,0.0034869849388409,-0.0043143406666924,-0.000261729789756,0.0001732919583748,0.0018863496238804,91.16666666666669,1
06100103,7.0,0.6446078431372549,0.0606060606060606,0.0473397570171763,0.6814159292035398,0.0,0.0791788856304985,0.106828655215752,0.0,0.0030479416598052,0.0071538889774823,0.0046976061861885,-0.0001341619121571,0.0044944941582565,0.0016446697107812,0.0008614643632989,-0.026753674689741,0.0,0.0003688249630519,0.0014397925236936,37.666666666666664,1
06100204,6.0,0.7796610169491526,0.019774011299435,0.0219632451815329,0.4081632653061224,0.002689376961004,0.0618556701030927,0.161362617660242,0.2571428571428571,0.0036768736212211,0.0046421228745479,0.0009217291946128,-0.000189463624396,-0.0020756642874506,-0.0008728639955923,0.0008674086404307,-0.0117515474658331,-4.719508118552156e-05,0.0005400656680521,0.0026920303017981,8.166666666666666,1
06100205,6.0,0.7829394186362402,0.0105949470252648,0.0384024577572964,0.88,0.0,0.0737327188940092,0.1505376344086021,-0.0671814671814671,0.0108225055466727,0.0060071390091721,0.0001415309747208,-0.0010866618735488,0.0058442882027703,0.0007819704605239,0.0021954651856885,0.0331222782030235,0.0,0.0007015463926783,0.0041863960415377,25.0,1
06100206,7.0,0.7423387096774193,0.0165322580645161,0.0169753086419753,0.4772727272727273,0.0065586419753086,0.0763888888888889,0.1412037037037037,-0.0332046332046332,0.0111160277212178,0.0111203507915518,0.0014345521818325,-0.001132186306436,0.0046091311807375,0.0012418268694377,-0.0006231159433936,0.0359680088251516,0.0002657768416611,0.0007388203868412,0.002969806115096,7.333333333333333,1
06100207,6.0,0.7539776075427225,0.0247495580436063,0.0184925749509666,0.7272727272727273,0.0016811431773606,0.0706080134491454,0.1479405996077332,0.0,0.0034280907568768,0.0107359425153493,0.0016782203817237,0.001300622317912,0.0118688939658792,-0.0014024094771882,0.0001045722730455,0.0344541944541944,-3.951184729280158e-06,-0.000236346677665,0.0027525440561797,11.0,1
06100208,7.0,0.6945740956826137,0.0317969661610268,0.0467546754675467,0.611764705882353,0.0,0.1105610561056105,0.1452145214521452,-0.0478764478764478,0.0059754065756252,0.0031618547725049,-0.0005033671786163,0.0011365163892358,0.0028163781283278,-0.0017703567049401,0.0021186418678132,0.0813720389865174,0.0,0.0021955864478312,0.0041193364201817,28.333333333333332,1
06100209,6.0,0.7487654320987654,0.024074074074074,0.0436694021101993,0.5570469798657718,0.003516998827667,0.093200468933177,0.1459554513481828,-0.1528957528957529,0.0123658498475003,0.000841509987984,0.0012402876082867,1.312527993024497e-05,0.0022297501187205,0.0029494147653726,0.0033973225926922,0.0301425990082414,-0.0001630912360456,0.0011749989520705,0.003596558885768,24.833333333333332,1
06100210,6.0,0.7980900409276944,0.0286493860845839,0.0156555772994129,1.0,0.0,0.0626223091976516,0.1839530332681017,-0.3783783783783783,0.0009413940603936,-0.0010920923634709,0.0003948631580031,-0.0001676794051947,0.0047631337183445,0.0042270657415842,-7.580989659446178e-05,0.0,0.0,1.805697218255957e-05,0.0036463723849089,4.0,0
06200311,8.0,0.7246080436264485,0.0456714383094751,0.0171957671957671,0.3076923076923077,0.0,0.0555555555555555,0.1507936507936507,0.0918918918918919,-0.0031913211263832,0.0201940453582078,0.0014915900933489,0.0026558222776761,-0.0031367779620877,-0.0033398821640551,-0.0020490049754353,0.0149034749034749,0.0,-0.000477375219832,0.0032117650603868,4.333333333333333,0
06200312,9.0,0.6029411764705882,0.0744206773618538,0.0429787234042553,0.5247524752475248,0.0,0.0791489361702127,0.1302127659574468,0.3915057915057915,-0.0107711572016143,0.0150357080971413,0.0043470837366328,0.0024159649971469,0.002225610127713,-0.0006021277579119,0.0002976023782694,-0.0361477023241729,0.0,0.0016622149369835,0.0019365103412337,16.833333333333332,1
06200313,5.0,0.7741034000931533,0.0302748020493712,0.0591985428051001,0.4692307692307692,0.0,0.1120218579234972,0.174863387978142,-0.5884169884169883,0.0113413648583115,0.0012291377289689,0.0041867939170303,-0.0003733096065786,-0.0014354441188196,-0.0002206658953497,0.0047311185454961,0.0050450674687737,0.0,0.00179108260407,0.0045664630249462,21.666666666666668,1
06200314,7.0,0.727735368956743,0.0572519083969465,0.0421612771182971,0.5825242718446602,0.0024559967253376,0.1080638559148587,0.1670077773229635,-0.3845559845559845,0.0161617768965998,0.0041115133257108,0.0006520628602714,-0.0011775056501835,0.01765072922013,-0.0029089339901593,0.0007171902253737,-0.0295823355420878,-0.0012333648217197,0.0016771630166988,0.0054934093829888,17.166666666666668,1
06200315,5.0,0.8068181818181818,0.0280748663101604,0.0169712793733681,0.4615384615384615,0.0,0.1135770234986945,0.1762402088772846,-0.6254826254826255,0.0152602800550387,0.0011977890515524,-0.0049277448542904,-0.0031513307235931,0.0175898909501684,-0.0005158373784741,-0.0069984809501368,0.0680364037506894,0.0,-0.0003598021509811,0.0046296710334807,4.333333333333333,0
06200316,6.0,0.716012084592145,0.066465256797583,0.0335454019664546,0.6724137931034483,0.0034702139965297,0.1110468478889531,0.1873915558126084,-0.3498069498069498,0.0211459907002262,0.0084023484768859,-0.0041524801565174,-0.0009904394477499,-0.0080847360154743,0.0003726711477086,-0.0005012526911648,0.0141769041769041,-0.0001152966089715,0.0037767155033348,0.0056371529507682,9.666666666666666,1
06200317,8.0,0.6977678571428572,0.0410714285714285,0.0102607952116289,0.5,0.0076955964087216,0.1000427533133817,0.148781530568619,0.0741312741312741,-0.005922669999948,0.0113149132601387,0.0045494982264149,-1.611880929979772e-05,-0.0075365735530633,0.0010917391313579,-0.0035271819418084,0.102224673653245,5.4451195391594425e-06,0.0016910071005896,0.0044941059474612,4.0,0
06200418,43.0,0.5,0.0,0.0,,0.0,0.0,0.0,1.2061776061776062,0.1237837837837838,-0.0759073359073359,0.0366023166023166,0.0366023166023166,0.0881081081081081,0.0,0.0,,0.0,-0.0014939309056956,-0.0104575163398692,0.0,0
06200419,6.0,0.8785151856017998,0.0269966254218222,0.0163398692810457,0.6,0.0076252723311546,0.0915032679738562,0.130718954248366,-0.3667953667953668,-0.0103397454832721,-0.0021754248656944,-0.0001637872832856,-0.0001817727054572,0.0101631461802711,-0.0002609518056522,-0.0028299407817081,0.1014157014157014,0.000184166071574,3.79959798228092e-05,0.0028102812977304,2.5,0
06200420,7.0,0.7108255066732575,0.028175976272862,0.0307692307692307,0.375,0.0,0.0663461538461538,0.0807692307692307,-0.1312741312741312,0.0258058881299237,-0.0033979961108193,-0.0032390137159456,-0.0020250941864468,0.0040157629749309,0.0005642232677282,-0.0028691301896241,-0.0108502308502308,0.0,0.0006831565329779,0.0010364444620079,10.666666666666666,1
06200421,9.0,0.5905548996458088,0.0654073199527745,0.0434387082101432,0.680628272251309,0.0065954059586081,0.0777803047532408,0.1187173072549465,0.2509652509652509,-0.0096970751428681,0.0070604007571607,0.0054535783829962,-0.0002140737912532,0.0023259770721558,-0.0009595032534775,0.0016658229093392,0.0042347088278328,-8.543841783629423e-05,0.0010436999579672,0.002427592154756,31.833333333333332,1
06200422,9.0,0.6247404331059033,0.0406407594185701,0.0392714854866249,0.7898550724637681,0.0051223676721684,0.0682982356289129,0.0870802504268639,0.4988416988416988,-0.0040466056587219,0.0171544316704074,0.0076844822978281,0.0019374357780207,-0.0002828118212414,0.0041335503927362,0.0014755043081257,0.0316245139226505,4.059287345924846e-05,0.0004843230422342,0.0013676587334514,23.0,1
06200423,9.0,0.7352941176470589,0.0152505446623093,0.0144366197183098,0.975609756097561,0.0038732394366197,0.0591549295774647,0.1795774647887324,0.2926640926640926,-0.0071613153911361,0.0120553911033413,0.0047819766246728,0.0011257813935722,0.0001386857622016,0.0002826550184006,0.0003023954190122,0.0065912851627137,0.000172777079129,0.0003093614427851,0.0061365757784205,6.833333333333333,1
06300524,10.0,0.598621217924167,0.0436614324013787,0.0136079440970945,0.6486486486486487,0.0022066936373666,0.0507539536594336,0.1147480691430673,-0.1752895752895752,0.0135220235687759,0.0142445882263906,0.0018109424457488,-0.0012928267354174,0.0077891723700234,0.0007268804291606,6.576616239052635e-05,-0.0051480051480051,-9.05899295493313e-06,-0.0005394849601951,0.0035820662197281,6.166666666666667,1
06300525,6.0,0.7450110864745011,0.0399113082039911,0.0186666666666666,0.5142857142857142,0.0,0.0736,0.1344,-0.2316602316602317,-0.0112715054467183,0.0130008626472548,0.0045896097967897,0.0009153112338471,0.0061183487487322,-7.789738773888855e-05,0.0006372564869001,0.0452509652509652,-0.000220802228381,-0.002231687921173,0.0018065098432381,5.833333333333333,1
06300526,5.0,0.5472496473906912,0.036013164080865,0.0304798397631281,0.6314285714285715,0.0015675346163894,0.0862144039014194,0.099799703910128,0.4864864864864865,-0.0294720960450207,0.0043171506552539,0.0023231981425699,-0.0010229991676372,0.0223156121463906,0.0024605999810258,0.0002749146959683,0.0335959879133096,1.2484955507783004e-05,-0.0042954748314726,0.0005158876889654,58.333333333333336,1
06300527,7.0,0.7971403038427167,0.0107238605898123,0.0077922077922077,0.3333333333333333,0.0034632034632034,0.0753246753246753,0.174025974025974,0.0949806949806949,-0.007463158399786,0.0105689450256845,0.0014702452999954,0.0005930194311436,0.0072837586259951,-0.0031640679215688,0.0003649162603522,0.0092664092664092,0.0001470742294499,0.0013544730926165,0.0046813774092856,3.0,0
06300528,8.0,0.6664375715922107,0.0247422680412371,0.0145494028230184,0.8208955223880597,0.0002171552660152,0.0690553745928338,0.1094462540716612,0.0857142857142857,-0.0122017415294114,0.0124092890171215,0.0049505302462324,0.0005284039004204,0.0117320160014047,-0.001437638373507,-0.0003690240140866,0.0264615264615264,-0.0003146336368045,0.0007173592340474,0.0016846488957617,11.166666666666666,1
06300629,8.0,0.6467103211724353,0.029934518241347,0.0414307004470938,0.6690647482014388,0.0020864381520119,0.0929955290611028,0.1716840536512667,0.0741312741312741,0.0076212957876163,0.0019645518400991,0.0047096534288545,0.0006659907135861,0.0108102849587022,-0.0012699380467514,0.0025475411591019,-0.0033476104839295,0.00011673976041,0.0007306283713086,0.0044581560359461,23.166666666666668,1
06300630,7.0,0.6919813322019517,0.0224862112855324,0.0383980181668042,0.5161290322580645,0.0,0.0792733278282411,0.1362510322047894,0.5714285714285714,-0.031734595396428,0.0095009190323837,0.0053951322158567,-0.0010411703407542,-0.007931020295647,0.0012567747511903,0.0015545966608949,-0.0203272660415517,0.0,-0.000157077994935,0.0036426424334523,15.5,1
06300631,7.0,0.4982491245622811,0.096048024012006,0.0256227758007117,0.2777777777777778,0.0,0.0654804270462633,0.1580071174377224,0.2378378378378378,-0.0220247366670788,0.0059712541645705,0.0036881697648541,-5.192209574888441e-06,0.0060929658066848,0.0008108276123072,-0.0004468507001282,-0.0715405365560163,0.0,-0.0007070378028214,0.0038945110708861,18.0,1
06300632,7.0,0.6931475903614458,0.0237198795180722,0.010596264367816,0.5932203389830508,0.0010775862068965,0.0581896551724137,0.1454741379310344,-0.0895752895752895,0.0053225219952387,0.0112920290387457,0.0056678555480865,0.0006720662647734,0.0069044544185504,-0.0004488380798945,0.0007311715363306,-0.009039039039039,-0.0004859437933735,-0.0006044679464965,0.0037904942493069,9.833333333333334,1
06300633,8.0,0.6483437779767234,0.0315129811996418,0.0360020572604148,0.6571428571428571,0.0012000685753471,0.0555460312017829,0.1388650780044574,0.1891891891891891,-0.0084072713654642,0.0106828758172446,0.0049951218055842,0.000877308929596,0.0123406300307373,-0.0002522313864378,0.0007725429558504,0.0463176514601679,-0.0001974726812291,-0.0005213588603992,0.0026746025356121,35.0,1
06300634,8.0,0.6225955685415144,0.0231312393474555,0.0256529850746268,0.7545454545454545,0.0,0.0671641791044776,0.1217350746268656,0.0,-0.0114243579617434,0.0049398646973473,0.00147913432853,0.0015919633146651,0.0117468364396599,-0.0024154184418675,0.0003644648936426,-0.0093996251890988,0.0,-0.0010588229830775,0.0029507003101822,18.333333333333332,1
06400735,9.0,0.6061638531825926,0.0396468948428062,0.0372395448500073,0.8134920634920635,0.0066499187232156,0.0718191222107285,0.1090586670607359,0.0455598455598455,0.0003735601665904,0.0112710908274369,0.0022700697038643,5.262577320120382e-05,0.0139275790786107,-0.0004030887310848,0.002098294102056,-0.0214295725929373,-0.000411083511629,-0.0001393581030387,0.0017739585572168,42.0,1
06400736,8.0,0.7578947368421053,0.0355263157894736,0.0275464445868033,0.627906976744186,0.0038436899423446,0.0691864189622037,0.1768097373478539,0.003088803088803,-0.0055323024872057,0.0136097864411626,0.0064529465754934,0.0004447131030503,0.013045489496017,0.0008370092021368,0.0009786250594888,0.0227155727155727,7.275625252311903e-05,0.0008549147189106,0.0059216065996635,7.166666666666667,1
06400737,9.0,0.622879684418146,0.0232741617357001,0.0393596986817325,0.8181818181818182,0.0022598870056497,0.0824858757062146,0.119774011299435,-0.1976833976833976,0.0065708702248131,0.0063775972296125,0.0029367714372952,0.0012858570540775,0.0062551481650626,-0.0006245747776228,-0.0004695388629245,0.0243486043065875,-0.0006000707217711,0.002231825808368,0.0023824367928039,34.833333333333336,1
06400838,9.0,0.5850079024610522,0.0270941521788214,0.0184486373165618,0.6818181818181818,0.0088050314465408,0.0716981132075471,0.1056603773584905,0.0,-0.0017999395835397,0.0128739170681676,0.001785331999145,0.0013811648384099,0.0123378272217902,0.0013246891738082,0.0004326931005713,0.0523925495354066,0.000622619813702,0.0008304787406504,0.0028007903619064,14.666666666666666,1
06400839,10.0,0.5632107023411371,0.0341137123745819,0.0415617128463476,0.8106060606060606,0.0,0.0869017632241813,0.1284634760705289,0.1976833976833976,-0.0024698255649334,0.0128262347104197,0.0026905281645065,0.0005052326335522,0.0059143450875826,0.0001832545675924,-0.0001132540188612,0.0021032769479974,-0.0011911466341457,0.0018899565914201,0.0028918895934051,22.0,1
06400840,7.0,0.8006295907660022,0.0062959076600209,0.0222662048490846,0.7333333333333333,0.0089064819396338,0.0801583374567046,0.1543790202869866,-0.2393822393822393,-0.0093183746217991,0.017566158493305,0.0049754801962502,0.0013147335981298,0.0058302152750577,-0.0027774023335222,0.0029482075753819,-0.033609119323405,-6.147369972594917e-06,0.0001800672658865,0.0039679646245906,7.5,1
06400841,9.0,0.5995174909529554,0.0434258142340168,0.0281567489114658,0.6391752577319587,0.0052249637155297,0.0522496371552975,0.1062409288824383,-0.0517374517374517,0.0038205793602983,0.0059272930790435,0.0082764930279171,0.0027758941816446,0.0077246071187614,-0.0008327742367011,2.825032834399589e-05,-0.0060602619426148,0.0001448970486712,-0.0004319597375269,0.0013177749263322,16.166666666666668,1
06400842,8.0,0.6002855103497502,0.0428265524625267,0.0350756533700137,0.7058823529411765,0.0020632737276478,0.1134800550206327,0.1196698762035763,0.4779922779922779,0.0153849385647731,0.0086885871222526,0.0053231666086172,0.001318632281493,0.0104429778209348,0.0029401695583924,0.0022507172726141,-0.0023125466402777,-0.0010521452685929,0.0031433128225495,0.0019532945478475,17.0,1
06400843,10.0,0.5620465826651394,0.0271095838106147,0.0390032502708559,0.5555555555555556,0.0043336944745395,0.0910075839653304,0.1278439869989165,0.1057915057915058,0.0073673542931245,0.0158897779836058,-0.000642254974668,0.0001348841167725,0.0164448220588315,2.723005066092111e-05,0.0015652023003747,-0.0208443737855502,0.0004407846693946,0.0032913877880757,0.0041272274321433,18.0,1
06400844,10.0,0.5215358931552587,0.0310517529215358,0.0232409039910242,0.7793103448275862,0.0064112838595928,0.0634717102099695,0.1019394133675268,0.0,-0.0063337670725167,0.0105522073848172,0.0040914452342809,0.0015542289035873,0.0152059359464261,0.0013688304807291,0.0001522061117389,0.0081727203466333,-0.000756954683774,-0.0005002980901545,0.0019315600136441,24.166666666666668,1
07100101,8.0,0.4926112510495382,0.0838790931989924,0.055006031363088,0.8128654970760234,0.0148773622838761,0.0564535585042219,0.0998793727382388,0.1196911196911196,0.0017718094596271,0.0025997086783287,0.0018885809580062,0.000700989200438,0.0153515272499635,0.0020507783057293,0.001082116682841,-0.0008247811834678,0.0002763100619373,-0.0009763677929468,0.0009327845245453,114.0,1
07100102,8.0,0.606730635516618,0.0386594354053678,0.0703114732553555,0.6093457943925233,0.0191878039164147,0.0725456696017873,0.1474569588645025,-0.1791505791505791,0.0084595493235195,0.0027256180581816,-0.0018116470770355,-1.2096116689334628e-05,0.0052208696298434,-0.0014263257888969,-0.0027461858891744,-0.0231313249607129,-0.0019454940595446,0.0015640253339944,0.0037006633466069,89.16666666666667,1
07100103,6.0,0.7007874015748031,0.0418447694038245,0.0943476413089672,0.6081081081081081,0.0050998725031874,0.1070973225669358,0.0994475138121546,0.0594594594594594,-0.0098066368519009,0.0086162404951843,0.0031716138950723,0.0004829221048239,0.0151263724531165,-0.0003498092238832,-0.0021579365993177,-0.0047548255107712,-0.0001168091596822,0.0021325520209639,0.0014947212805323,74.0,1
07100204,7.0,0.7141089108910891,0.0443776520509193,0.0575490859851049,0.7470588235294118,0.0101557210561949,0.0832769126607989,0.1371022342586323,-0.0131274131274131,0.0236210338594174,-0.0011970352561654,-0.0100805495383794,-0.0092561231079156,0.0245909131533267,0.0027494666039707,0.0031482853980605,0.0036411331589824,0.000987515047334,0.0002378668730572,-0.0003507120878055,56.666666666666664,1
07100205,7.0,0.660853316723762,0.078168794767985,0.0621485646641018,0.5714285714285714,0.0097662030186445,0.063924237940219,0.1260728026043208,-0.2393822393822393,0.017068336777988,0.0086708740063119,0.0047379573759429,0.0003092226152634,0.0111603580753212,0.0069599927691564,0.0050477978326831,0.0121909499295154,-0.0001871215572709,-0.0005272675704362,0.0024597650367424,35.0,1
07100206,7.0,0.7007496876301541,0.0337359433569346,0.0533515731874145,0.5860805860805861,0.001172562048075,0.0703537228845026,0.1571233144420558,-0.0416988416988416,0.0127463413038543,0.0014717751444407,0.0004978892160038,-0.000573426789386,0.0021904098432204,0.0019085763521465,0.0024338016100108,0.0128994745256749,-2.0682932946404155e-05,0.0011471256074546,0.0023836114001125,45.5,1
07200307,7.0,0.6663975782038345,0.0375378405650857,0.048,0.6785714285714286,0.0026666666666666,0.088,0.136,0.1111969111969112,0.0032643490593307,0.0110786227961146,0.0012196274312686,3.9225635218489155e-05,0.0026746784159952,0.0004928569529818,0.0033657960429617,0.044241017502439,9.937368047934148e-05,0.0008410004519806,0.0027170222043847,42.0,1
07200308,6.0,0.7251342841266901,0.0311168734950916,0.0406432231843081,0.417391304347826,0.0031807739883371,0.0837603816928786,0.1410143134829475,-0.2393822393822393,0.0085403768815461,0.0084995348520593,4.821687953303595e-05,0.0006606074970682,0.0080912644540747,0.0017291006881135,0.0007589980332281,-0.0162904972605559,-0.0001755540490069,-0.0003912955798991,0.0020175079244195,38.333333333333336,1
07200409,6.0,0.6639519931418774,0.0387912558936991,0.0654545454545454,0.5987654320987654,0.0019191919191919,0.0993939393939394,0.1127272727272727,0.3459459459459459,-0.0109630831911708,0.0060956156560127,0.0014683827709142,0.0006383633855718,0.0066651022858529,0.0009738070869737,0.0013162735978503,-2.705709355149795e-05,3.596132631283278e-07,0.0028849305379787,0.0025899319142322,108.0,1
07200410,2.0,0.7061832936402929,0.0264620269912675,0.0217573221757322,0.6223776223776224,0.003195131228604,0.2154431342715861,0.0963103841764929,-0.7382239382239383,0.0592960941911733,-0.0102814456648656,-0.0042320954842546,-0.0010337208219652,0.0443757672474767,-0.004519017087588,-0.0044181527111494,0.0230337359717893,-0.0006840380529861,-0.0002723437765893,0.0004579176413828,47.666666666666664,1
07200411,6.0,0.6881981544439048,0.0451675570665371,0.0889598540145985,0.6717948717948717,0.0027372262773722,0.1423357664233576,0.1751824817518248,0.3498069498069498,-0.0179287959782135,0.0067457349194962,0.002783405131167,0.0006004014292318,0.0104687164015889,0.0032553031595401,-0.0078095359035746,0.0205881728893236,-0.00136949807947,0.0040686503120449,0.004586003073554,32.5,1
07200412,4.0,0.6401780038143674,0.1424030514939606,0.0132850241545893,0.4545454545454545,0.001207729468599,0.0869565217391304,0.0833333333333333,0.5544401544401544,-0.0585403760578277,0.0049304481266101,0.0044332072662669,0.0025889234449835,-0.0031659460365539,0.0153802314462995,0.0036438838668221,0.1951093951093951,0.000379767228688,-0.0111536534385703,-0.0006964831722906,3.6666666666666665,0
07200413,8.0,0.5901944209636517,0.1063398140321217,0.0424581005586592,0.6466165413533834,0.0027134876296887,0.0747007182761372,0.118754988028731,0.1706563706563706,-0.0038696408073998,0.0132743400373785,0.0054229797570865,9.259137465817968e-05,0.0146127448926525,0.0035812443861837,0.0010769987352486,0.0143057747465656,0.0004475186531438,0.0005706162390153,0.0014837062172071,44.333333333333336,1
07200414,6.0,0.7463592233009708,0.0254854368932038,0.0456911509543088,0.6962025316455697,0.0034702139965297,0.0867553499132446,0.1700404858299595,-0.3907335907335907,0.0021288399823744,0.0125520585633722,-0.0007928698456529,0.0004210220682444,-0.0045299473576454,0.0005617722364424,0.0006633539528574,0.0774661631804488,0.0015125282216567,-0.0008252736039653,0.0035442206857305,13.166666666666666,1
07300515,7.0,0.6723819572672118,0.0174096544447375,0.0511335012594458,0.6748768472906403,0.0,0.072544080604534,0.1390428211586901,-0.0223938223938223,-0.0026860491364684,0.0057409849588961,-0.00033568001022,0.0012299735132364,0.0160466005261026,-0.0036607622386993,0.003601555706726,0.0025952431517438,-0.0002120191128537,0.0004013622940303,0.0031747009543266,33.833333333333336,1
07300516,7.0,0.6726142742582197,0.0340817963111467,0.0480324074074074,0.6827309236947792,0.0034722222222222,0.0694444444444444,0.1354166666666666,-0.2548262548262548,0.0076999502353523,0.0045632342666019,0.0012205827124883,-0.000202129076895,0.0031354369632573,-0.0007980050285537,-0.0029448487487598,0.0009841848525137,7.077420833733592e-06,-0.0001724329583456,0.0020751519414745,41.5,1
07300517,9.0,0.5929228591648974,0.0768577494692144,0.0347374179431072,0.515748031496063,0.1278719912472647,0.0656455142231947,0.1009299781181619,0.3907335907335907,0.0016255783836839,0.0094133654032621,0.007534516546952,-0.0019896947411438,0.0243127478294625,-0.0021552289043626,-0.0014714582074103,-0.0160035621711588,0.0279575928401672,0.0006963617123972,0.0011697780585639,42.333333333333336,1
07300618,7.0,0.6442307692307693,0.0487477638640429,0.0606251311097126,0.6470588235294118,0.0050346129641283,0.093140339836375,0.1409691629955947,-0.4216216216216216,0.0182298103093032,-0.0013073818481255,-0.0016110360635164,0.0009929708285867,-0.0007437182201073,0.0033286589948069,0.0022166799947654,-0.0410728257685886,0.0011928797867675,0.001178285852281,0.0027225365572228,48.166666666666664,1
07300619,6.0,0.6993269992082344,0.0576009501187648,0.0316801810296058,0.5059523809523809,0.0033943051103149,0.0973034131623609,0.1584009051480294,0.2324324324324324,0.0009317587943946,0.005897182174219,-0.0029907953382012,-1.6361123137151247e-05,0.0149491686496594,-0.0018738626369521,-0.0003588896397688,-0.0117280959423022,4.86901470074829e-05,0.0006572601943592,0.0028695287256245,28.0,1
07400720,6.0,0.7652034750800183,0.0313214449016918,0.0444985609918087,0.4925373134328358,0.0026566305069736,0.0783705999557228,0.1833075049811822,-0.1289575289575289,0.0036655695800294,0.0071313061654455,-0.0010783579020194,0.0008557050109545,-0.0053624978881228,0.0012468033739348,0.0046369249637638,0.0055669523521845,0.0003027074097692,-0.0006920648803426,0.0048315434741458,33.5,1
07400721,8.0,0.6826758147512865,0.0493138936535162,0.0308515014397367,0.8,0.0024681201151789,0.0814479638009049,0.1061291649526943,0.2471042471042471,-0.0018534804338051,0.0084759184768482,0.0002813425338116,-0.0018654264065734,0.0131803353502673,-0.0005148557659967,-0.0006976710885907,0.0361067503924646,7.77558939907833e-06,0.0007815409914586,0.0019000364311813,12.5,1
07400822,5.0,0.5670889524587931,0.0865004767742814,0.0119932212227871,0.4456521739130434,0.0007821666014861,0.0829096597575283,0.0985529917872506,0.6416988416988417,-0.0673123203780408,0.007734268745494,0.0012218409881582,0.0005239597036484,0.0100515256842049,-0.0010220541240517,-0.0002908835312525,-0.0054329840044125,-0.0008540599561089,-0.004230224405927,0.0007471746289782,15.333333333333334,1
07400823,6.0,0.8209383977018831,0.0383019470156399,0.0330320972265503,0.6792452830188679,0.0018697413524462,0.0972265503272047,0.1514490495481458,0.0764478764478764,0.0059073810716499,0.0133377448914223,-0.0006534289888373,0.0006832539984188,-0.0030689399672989,-0.0013620438774215,0.0036193430940596,-0.0093781773569478,-1.160837918497915e-05,-0.0002527638964846,0.0036759713020851,17.666666666666668,1
07400824,6.0,0.6980690462258631,0.0438853130485664,0.0674282529952633,0.5413223140495868,0.0039008080245193,0.0668709947060462,0.1588186124268598,-0.3104247104247103,0.0044527978333287,0.0019168814479001,0.0004125090264905,0.001766703709494,0.0023262722379468,-0.0023460052728931,0.0022603514860219,0.0062775616479518,0.0009561096574172,-0.0008562538142554,0.0033614758662231,40.333333333333336,1
07400825,5.0,0.7335989375830013,0.0326693227091633,0.0487620010106114,0.4455958549222797,0.0030318342597271,0.0788276907529055,0.1803941384537645,-0.2393822393822393,0.0100439402170684,0.0094283616980501,0.0001166346061685,-0.0002945046422886,0.0001119155853863,-0.0009548146617739,0.0014410649761465,0.007150323365349,2.1321438046627652e-05,-0.0005024689072945,0.0035979161394592,32.166666666666664,1
07400826,8.0,0.6944899072558647,0.0589198036006546,0.0127320954907161,1.0,0.0,0.0795755968169761,0.146419098143236,-0.1691119691119691,0.0133942519186165,0.0120565618163934,0.0036386826942617,-0.0020655172359592,0.0071951031011622,0.0046629475751496,-0.0003796951296493,0.0,0.0,-0.0011980698920121,0.0038176221887408,4.0,0
07400927,7.0,0.5232738240808674,0.1290454063748267,0.0275088366374673,0.3379888268156424,0.0056093437836176,0.0843706777316735,0.1138773628400184,0.1436293436293436,0.0027959288272986,0.0077837580110878,0.0008722197133519,0.0011772310543372,0.0177835151146308,-0.0016737419508356,0.000186944201666,-0.0012249311801696,-0.000226780316376,-0.0004132915094965,0.0008820718675681,59.666666666666664,1
07400928,8.0,0.6456826882177796,0.0982560612505316,0.0214285714285714,0.4444444444444444,0.0087301587301587,0.0547619047619047,0.1166666666666666,0.3459459459459459,0.0066180981651366,0.0168095424629832,0.0015057688652295,0.0010598452885709,0.0091108456957246,0.0005736641656155,-0.002868675843927,-0.0316525516525516,0.0013665451852226,-0.0006765762409584,0.0023985391632527,9.0,1
07501029,0.0,0.9045303131245837,0.0216522318454363,0.0091978188029695,0.6428571428571429,0.0003941922344129,0.217988305630379,0.0819919847579002,-2.42007722007722,0.216554615293408,-0.0296955049523781,-0.0109310149345747,-0.0043678555379175,0.1146805377280619,-0.0265214204828018,-0.0085308421867366,-0.0331711907364081,-0.0004239637219534,0.0132872330690786,0.0005635021182632,23.333333333333332,1
07501030,5.0,0.7592968221771467,0.0263691683569979,0.0678952473326867,0.4761904761904761,0.005819592628516,0.1241513094083414,0.1590688651794374,-0.122007722007722,-0.0141484254052438,0.0001006939739663,-0.0019565883853478,-0.0001400811958031,0.0107412843044285,-0.0035446208767064,0.0006716692041921,0.0076513029454205,3.9261388165581155e-05,0.0008275784252818,0.0035748087695562,35.0,1
07501031,6.0,0.7763333333333333,0.0493333333333333,0.0763554700032082,0.4663865546218487,0.0,0.1135707410972088,0.190567853705486,0.1637065637065637,0.0076680359749087,0.0102118114090912,-7.106000521484555e-05,-0.0005470198592703,0.0004324480173286,0.0036464714051657,0.0033496153933085,-0.0080098234615212,0.0,0.0024239676850638,0.003450779148323,39.666666666666664,1
07501032,5.0,0.7922149122807017,0.0197368421052631,0.0191184280403611,1.0,0.0,0.1178969729155602,0.1497610196494955,-0.2393822393822393,0.0373780064939279,0.0010971840189999,-0.0011721022245859,-0.0027499819292959,0.0038747076865477,0.0011873880390808,0.0002442812163541,0.0,0.0,0.0015194395678776,0.0039148077741261,6.0,1
07501133,2.0,0.7880650994575045,0.0583182640144665,0.0173547199579279,0.4545454545454545,0.0,0.0447015514067841,0.2592689981593479,-0.0061776061776061,0.0105833269514094,-0.0042716654374461,-0.0016116819495002,-0.0016926191460531,0.0242839210386765,-0.0066593152122278,-0.0005029086437887,-0.0560264819880546,-0.0005996928526293,-0.0140158916735612,0.0096926638936418,33.0,1
07501134,6.0,0.734407027818448,0.0216691068814055,0.0412573673870334,0.4625850340136054,0.0067358967162503,0.1212461408925063,0.1582935728318832,0.2594594594594595,-0.0078436687961331,0.0027416781330203,-0.0003177912432115,0.0002131943048436,-0.0088483143916962,-0.0004760662636045,0.0030247925228643,0.0496636554648977,9.225946787272342e-05,0.0015621829033111,0.0031330164223276,24.5,1
07501135,10.0,0.6248612652608213,0.0443951165371809,0.0466321243523316,0.8666666666666667,0.0124352331606217,0.0559585492227979,0.155440414507772,0.0494208494208494,-0.0057107883756542,0.0299081759373141,0.00280238607411,0.0022052657976973,-0.0125112444990416,-0.0013276652374401,6.226776234668352e-05,-0.0003033645890788,3.518773091459077e-05,-0.0012368420422747,0.0025154001480935,7.5,1
07601236,7.0,0.696159122085048,0.0737311385459533,0.0361405835543766,0.4495412844036697,0.0,0.0875331564986737,0.1153846153846153,-0.3992277992277992,0.0326757442913359,0.0014582482538344,0.0041940114690525,0.0016823024188805,0.0113765189893115,0.0020543838235366,0.0037079419783384,0.0006860912654809,-0.0009847142801328,-0.0008257978203331,0.0024932199339358,18.166666666666668,1
07601237,7.0,0.6452205882352942,0.0689338235294117,0.047556142668428,0.5555555555555556,0.0026420079260237,0.0845442536327609,0.1003963011889035,-0.6316602316602317,-0.0005925296889316,0.0009228432884789,-0.0052210781659081,-0.0014152727298841,0.0121395730723735,0.0013803294391658,0.0001473511597527,-0.0036319933378756,-6.602388924442948e-05,0.001052025102044,0.0016060713753764,18.0,1
07601238,8.0,0.4691943127962085,0.1404566996984058,0.0243704305442729,0.5,0.0024370430544272,0.0682372055239642,0.1218521527213647,-0.4795366795366795,0.0014263796216372,-0.0011542864993602,-0.0005177444647452,-0.0034218285212512,0.0225923542342672,-0.002700986918572,0.0028590151132768,-0.029064779064779,0.0006510731502396,-0.0001745891029906,0.0018737226574819,10.0,1
07601339,3.0,0.9023861171366594,0.0,0.0211416490486257,0.0,0.0,0.0887949260042283,0.1458773784355179,-1.254054054054054,0.0366818734030714,0.0103522901344311,-0.0001182976330039,-0.0001182976330039,0.0067467741471037,0.0,-0.0031401341390856,-0.235032175032175,0.0,-0.0032160080477296,0.0010162326800852,3.3333333333333335,0
07601340,4.0,0.9171826625386996,0.0178018575851393,0.0366412213740458,0.5,0.0,0.1053435114503816,0.132824427480916,-0.5598455598455598,0.0077154281905908,0.0035267104155272,-0.0021416438369179,0.0012676695752378,0.0110854822842024,0.0009165919077199,8.311977980917966e-05,-0.0692161549304406,0.0,-0.0018874375629018,0.0013218155878064,8.0,1
07601341,11.0,0.3898872982028632,0.1800182759671032,0.0183619935878752,0.4126984126984127,0.0002914602156805,0.0664529291751675,0.0944331098805013,-0.1961389961389961,0.0139959071411673,0.0094303758876498,0.0003055829933788,0.0009548132991291,0.0186734628699986,-0.0038903336851472,-0.0004458296843732,-0.0221340821340821,-0.0004027684426378,0.0002457725559718,0.0031694548916108,10.5,1
07601442,7.0,0.7713475177304965,0.0144680851063829,0.0393060449986446,0.6758620689655173,0.00975874220656,0.0715641095147736,0.1349959338574139,-0.7305019305019304,0.009517136834965,0.0061527906972453,0.0004357876924738,-0.0007744654494883,0.000406683986495,0.0016322056935393,0.0007671727568174,0.0103632090588612,0.0010924983287444,-0.000582076141665,0.0025474782925776,24.166666666666668,1
07601443,7.0,0.7430441898527005,0.0360065466448445,0.0285563194077207,0.6574074074074074,0.0015864621893178,0.0745637228979376,0.1570597567424643,0.2108108108108108,-0.0015761401012493,0.0052033431229696,0.0042104480162015,0.0009093980166363,0.0016275124501696,0.0011110154775145,0.0036101386824781,0.0271659641584453,2.204315280548093e-05,-0.0005218543501446,0.0043596792229178,18.0,1
07601544,6.0,0.7453279589593258,0.0304140710883107,0.0554378531073446,0.3694267515923566,0.0,0.0847457627118644,0.1292372881355932,-0.2664092664092664,0.0122628590925329,-0.0038692053627626,-0.004893005529926,-0.0004595824383122,0.0108828870444796,0.0014344282814122,-0.0018967796343209,0.022944815884908,0.0,-0.0008810715270983,0.0020416033908478,26.166666666666668,1
07601545,5.0,0.832039911308204,0.0144124168514412,0.0098039215686274,0.7222222222222222,0.0065359477124183,0.1078431372549019,0.15359477124183,-0.1451737451737451,0.0031004141242739,0.0187972799165465,-0.0002441643502437,0.0001698202906141,0.0102420743354417,-0.0012670081550009,-0.0049183923851641,-0.0024710424710425,-7.360110890257305e-05,-0.0016941630451608,0.0003841280089904,3.0,0
07601546,8.0,0.7674777906527617,0.0185399768250289,0.0263255469039673,0.647887323943662,0.0044493882091212,0.0578420467185761,0.1446051167964405,-0.1675675675675675,0.0045266226810912,0.004640052011609,-0.0026476154561079,-0.0037318055469521,0.0038232934086305,-0.0002713783901136,-0.0011134913121431,0.0530289787432644,-4.408777711134189e-05,0.0001994123086863,0.0036411603819578,11.833333333333334,1
07601547,8.0,0.7284552845528456,0.0292682926829268,0.0141176470588235,0.3333333333333333,0.0,0.0611764705882353,0.1552941176470588,-0.2061776061776061,-0.0060109341892314,0.0022993616669091,-1.0071865786039343e-05,-0.003850725733605,-0.0038145977645983,-0.0022313264784823,-0.0008671962446135,-0.0329472329472329,0.0,-0.0003992853486283,0.0040383812868048,3.0,0
07601548,8.0,0.7735159817351598,0.021917808219178,0.018970189701897,0.5714285714285714,0.005420054200542,0.043360433604336,0.1409214092140921,-0.3498069498069498,0.0120673590329665,0.0009170828140235,-0.0078489304105032,-0.0036990974939089,0.001063831089908,0.0045717407766273,0.0006609055869908,-0.1604890604890605,2.635990270073058e-05,-0.0020921361640055,0.0035097139171707,3.5,0
08100101,5.0,0.7884167636786962,0.0285215366705471,0.0541700187717886,0.2326732673267326,0.0002681684097613,0.080450522928399,0.1013676588897827,0.02007722007722,-0.0102384309684585,0.0045046822205143,-0.0001228732653425,-0.0005341450785425,0.004081782220227,0.0011759252972522,-0.0064195149080731,-0.0037396058379359,8.64864864864865e-05,-0.0032492342592317,0.0011689076334278,33.666666666666664,1
08100102,6.0,0.8276515151515151,0.0192837465564738,0.0850378482847479,0.4109848484848485,0.0028990175551618,0.0744081172491544,0.1903688194556289,0.1853281853281853,-0.0003306704785816,0.0027025433579995,0.0001985293395022,-0.0001375025667467,0.006262621256861,0.0021150487349844,-0.0013356876927081,-0.0099727178424326,3.705474268057019e-05,-2.9505574393761853e-05,0.0038039656166156,88.0,1
08100103,6.0,0.851542741527567,0.0050581689428426,0.0576787807737397,0.3699186991869919,0.0028135990621336,0.0759671746776084,0.2011723329425556,0.2594594594594595,0.0082943783599282,0.003205580899327,0.0013897366646491,3.523826988417732e-05,0.0011959593167025,-0.0001853344414869,0.0046183804486387,-0.0065875795470268,0.0006383229412571,0.0001996702883092,0.0062465901787784,41.0,1
08100104,6.0,0.8510071090047393,0.0124407582938388,0.0456570155902004,0.3719512195121951,0.0016703786191536,0.0835189309576837,0.1804008908685969,0.2903474903474903,0.0043032162626793,0.0024829349923354,3.140866225508969e-05,-0.0006574086916682,0.0027401883457744,0.0013099601356759,0.0039573662566727,0.0040909751845712,2.197920302415928e-06,0.0004954508083749,0.0046100189411757,27.333333333333332,1
08100105,3.0,0.847518895826487,0.0184028918830101,0.0594900849858356,0.3227513227513227,0.0012590494176896,0.0849858356940509,0.1680830972615675,0.2223938223938223,-0.0219999809898155,0.00021653205085,0.0010224889365906,-0.0009452135296461,0.001667936202578,0.0007728274048153,0.0023907623904823,-0.0060923212242137,-7.0256012537618506e-06,-0.0016413892574843,0.0023537313036649,31.5,1
08100206,6.0,0.7715749730312838,0.0373516720604099,0.0731828949008851,0.3475298126064736,0.00448821842663,0.0673232763994514,0.1720483730208203,0.277992277992278,0.000307895235255,0.0064205279665032,0.0007282078278737,0.0003614437565012,0.0057441789742811,0.0007811048042762,-0.0005806722612235,0.0065415888947766,1.7038259531902224e-05,-0.0001707832176328,0.0043900301862794,97.83333333333331,1
08100207,5.0,0.7869225764476252,0.0136629798308392,0.0512029611351017,0.3433734939759036,0.0030845157310302,0.0851326341764343,0.1573103022825416,0.1621621621621622,-0.000585604341348,0.0073721903502238,0.0028122632409463,2.094953706065394e-05,0.0099641674824363,-0.0017588194074218,0.001428270297873,-0.0029637895457059,-0.0001843989538433,0.0009355443329751,0.0047591154892675,27.666666666666668,1
08100208,5.0,0.8459996916910745,0.0157237552027131,0.0928756850302855,0.3571428571428571,0.0018748197288722,0.0865301413325641,0.1903663109316411,0.2054054054054054,-0.0099163011451535,0.0058217685151338,-1.9998671586541425e-05,6.347057559645112e-05,0.001798588805892,0.0004958686210112,0.0052597068039354,-0.0151506435970528,-0.0003199811353629,0.0005323517278561,0.0048025726627391,107.33333333333331,1
08100209,5.0,0.729869666131048,0.0403499375111587,0.0835290171083529,0.251004016064257,0.0090573633009057,0.0855417645085541,0.1439114391143911,0.115057915057915,0.0012681059940685,0.000296231208963,0.0033066703609318,0.0011181492025035,-0.0013251858811225,-0.0003750645128579,0.0027680499974841,0.0065613331904014,0.0004104026380679,-1.2075262112887885e-05,0.0025858930949188,83.0,1
08100310,6.0,0.7680140597539543,0.0249560632688927,0.0805945499587118,0.5081967213114754,0.0021469859620148,0.0822460776218001,0.1347646573080099,0.2131274131274131,-0.0009609513938063,0.0088667147413303,0.0007510149130466,-0.000422088332826,0.0018088675233493,-0.0027775814970817,0.0005884743963398,-0.0065654251127906,0.0002991570730665,0.0012974227308497,0.0019652382115135,81.33333333333333,1
08100311,6.0,0.8199246833276276,0.014892160219103,0.1023584148884967,0.4435736677115987,0.0003208727739451,0.0693085191721482,0.142467511631638,-0.0957528957528957,0.0144029154140107,0.0054152649431367,-2.7371584245691217e-05,-0.0001619669197371,0.0078593096343743,-0.0009641021124723,-0.0011715371022379,-0.0021152045876425,-0.0002112091482683,-0.0004309342078083,0.0031201328424463,106.33333333333331,1
08100312,7.0,0.8284600389863548,0.0193432298695456,0.0731809311402286,0.3885714285714285,0.0016727069974909,0.0802899358795651,0.1965430722051853,0.3428571428571428,-0.0016204266535637,0.0074389167214761,0.0006938230348422,-3.928224667216334e-05,-0.0033547251003167,0.0008232580925286,0.0014783405108219,-0.0118086324552287,2.8753897766652662e-05,0.0013431006978529,0.0057603178466762,87.5,1
08100313,6.0,0.8773204196933011,0.0048426150121065,0.0045558086560364,0.0,0.0,0.0865603644646924,0.1685649202733485,-0.0362934362934362,0.0175302705786673,-0.0029777928956802,-0.0042605589619144,-0.0018616386646745,-0.0049881256163109,-3.7279419134813255e-05,-6.517709728926703e-05,0.0,0.0,-0.001118105419534,0.0040510598401549,1.0,0
08100314,6.0,0.7889787163834351,0.0183138096023758,0.1151792524790236,0.304635761589404,0.0004576659038901,0.0860411899313501,0.1638443935926773,0.0386100386100386,0.0196285621069322,0.0030716314448162,0.0020420455660861,-0.0001300145228718,0.0027103649044872,-0.0003333589035594,0.0019736304515291,0.0128801911792862,-0.0004181152277717,-0.000737177349219,0.0029035550282895,125.83333333333331,1
08100415,4.0,0.8467413441955194,0.0218940936863543,0.0630844824853384,0.4497487437185929,0.0009510223490252,0.1616737993342843,0.2006657156443176,0.2548262548262548,-0.0165315076684271,0.0049469041455956,0.0001980884133105,-0.0002121938625265,-0.0078179320611356,0.0047035466947593,0.0065798224534787,0.0084491668761168,-1.7133309906229043e-05,0.000625214984175,0.0005442781189557,66.33333333333333,1
08100416,6.0,0.7638792904860631,0.0216539967749366,0.0793752674368848,0.3638814016172507,0.0012836970474967,0.0757381258023106,0.1604621309370988,-0.1405405405405405,-0.0006486032513796,0.005887836942633,-0.0009627231583855,0.0003939801886302,-0.0012446750878118,-0.0006985679638382,0.0026180613025072,-0.0274805769403675,0.0005940201554171,0.0001402764476509,0.0035798891210462,61.833333333333336,1
08100417,6.0,0.849473056273613,0.0210777490554782,0.0633841631453242,0.2695652173913043,0.0018372221201543,0.0727539959581113,0.2215689876906118,0.1065637065637065,0.0077860655564652,0.0015146388398986,-0.0008076237395238,-0.0012664918136131,-0.0007024110330786,0.0003124001510657,0.0025832702666447,-0.0334273685973674,-0.0007513864110727,-0.0007066163104287,0.0065519376581059,57.5,1
08100418,6.0,0.8060422960725075,0.0473313192346425,0.046077684691546,0.3553719008264462,0.0001904036557501,0.0913937547600913,0.177075399847677,0.3521235521235521,-0.0023814522337922,0.0055062842042981,0.0009622876309211,0.0008992650013976,0.0022057064057805,0.0076347190540969,0.001945945930992,-0.0040840841707709,6.149494204101623e-05,0.0014994356223405,0.0041299768848155,40.333333333333336,1
08100419,6.0,0.8403159340659341,0.0398351648351648,0.0401164671627305,0.5080645161290323,0.0,0.0951148495632481,0.1921708185053381,0.1428571428571428,-0.0109579183180592,0.0051599407025814,0.0017547355031505,0.0002070975533512,0.0024866151215415,0.0033918993084407,0.0027068362456525,0.0326297711448568,0.0,0.0014910915937514,0.0049439775072267,20.666666666666668,1
08100520,5.0,0.6943483275663207,0.0893886966551326,0.0324851109907958,0.6,0.0129940443963183,0.1234434217650243,0.149431510557661,-0.3235521235521236,0.0266726257400455,0.0090630892313722,-2.992520836499139e-05,-0.0004260925042717,0.0044034053147116,-0.0018508254198547,-0.0002879290879564,-0.0318801918801918,-0.0005681233390289,0.0001083884506835,0.0017199819419579,10.0,1
08100521,6.0,0.5520042380363764,0.1181352639943492,0.0218892069371948,0.4230769230769231,0.0020205421788179,0.0949654824044451,0.117191446371443,0.0,-0.0106089054333863,0.0015340300520849,-0.0005497625759346,0.0009222824660862,0.0100178743540246,-0.0047773568571802,-0.000336333888839,0.0326153106146568,-6.0305808051333134e-05,9.053325896089068e-05,0.0009840652172158,21.666666666666668,1
08200622,6.0,0.6954962136309286,0.0569948186528497,0.035941594908274,0.40625,0.017970797454137,0.0831149382253837,0.1190565331336578,-0.0401544401544401,0.0008173923601432,0.0064479588364649,-0.0014802707192675,-0.0008118027217478,0.0173397560087878,-0.0015272348131681,0.0070041597875084,-0.0296254593313416,-0.0003402227936034,-0.0005590475600696,0.001923522734427,16.0,1
08200623,6.0,0.7061649319455564,0.0616493194555644,0.0430188679245283,0.2368421052631578,0.0079245283018867,0.1041509433962264,0.1086792452830188,-0.0795366795366795,0.0111306214570005,0.0065740657968371,-0.001227238398703,0.0003525672358701,-0.0010594238033985,-0.0009294772664453,-0.0006301019033534,-0.0311963571583208,0.0001493906078265,-0.0015372103176041,0.0011856427089896,19.0,1
08200624,6.0,0.6811594202898551,0.0875603864734299,0.0447934845840605,0.3896103896103896,0.0017452006980802,0.0907504363001745,0.1535776614310645,0.0177606177606177,-0.0031083810685993,0.0031322730859246,0.000640589620629,0.0010379042426899,0.0032038210401937,-5.760716131594642e-05,-0.0012278861443592,0.0080746454243991,8.481699378288803e-06,0.0002536991901698,0.0024253236400974,25.666666666666668,1
08200725,7.0,0.6632978723404256,0.077127659574468,0.0391459074733096,0.5064935064935064,0.0030503304524656,0.0823589222165734,0.1281138790035587,-0.2401544401544401,0.0122228932629858,0.0027837969330465,4.821184156763661e-05,0.001112316961771,0.0065940639519355,-0.0004407324617692,0.0024840988203188,0.0115851115851115,-0.0001434154393292,6.327818925894772e-05,0.0026907015639143,12.833333333333334,1
08200726,7.0,0.7757575757575758,0.0267676767676767,0.0584823586273562,0.4214876033057851,0.0,0.0898985016916384,0.1275978733687772,0.5351351351351352,-0.0090123904256566,0.0228238796704965,0.0055968661020306,3.2115042176547065e-05,-0.0025864327968064,0.0035056118542081,-0.0043540671562486,-0.0367672504318467,0.0,-0.0002266349121216,0.0022597617830193,20.166666666666668,1
08200727,5.0,0.8942361499720202,0.0167879127028539,0.0483432916892992,0.5393258426966292,0.0,0.091254752851711,0.2020640956002173,-0.1683397683397683,0.0006039984662409,-0.0071306517759011,-0.0033697465836599,0.0015234933565292,0.0001824439824253,0.0028848763348832,7.410468543018817e-05,-0.0056076484647913,0.0,-0.0002071371004584,0.0064117177523195,14.833333333333334,1
08200728,7.0,0.748792270531401,0.0942028985507246,0.1080459770114942,0.6808510638297872,0.0,0.1379310344827586,0.193103448275862,-0.0926640926640926,0.0367150356842263,-0.0350536805596652,-0.0223879092134625,-0.0014780913972916,0.0261027349620157,0.005140077449049,0.00294504623478,0.0151774223202794,0.0,0.0057941460650195,0.0030119674895805,7.833333333333333,1
08200729,6.0,0.62,0.0838461538461538,0.1316752011704462,0.4277777777777777,0.0087783467446964,0.0570592538405267,0.1536210680321872,0.1567567567567567,0.0006137179909232,0.0085431563412839,-0.000117942919073,-0.0001037228795361,0.0155963887919629,-0.0004322730989419,0.0183099489147211,-0.0091571984313656,0.0008400890797311,-0.0020375292886176,0.0064997016777077,30.0,1
08200730,7.0,0.8197343453510436,0.0056925996204933,0.0547445255474452,0.5,0.0,0.0711678832116788,0.1094890510948905,-1.1243243243243244,0.0268725938984073,-0.010163263872301,-0.0027068383545402,-0.0021870987385091,0.0220398156461567,-0.0043800861956653,-0.0056850421761924,0.0246168246168246,0.0,0.0015183909518322,0.000959586990128,10.0,1
08200831,6.0,0.7320410490307868,0.0319270239452679,0.0387192851824274,0.2884615384615384,0.0,0.1027550260610573,0.1608339538346984,-0.3204633204633205,0.008892808773663,0.0086924416618329,0.002940024425962,0.0010855887161958,0.001999669083907,-0.0031967394473123,0.0003675541903659,-0.0166376460494107,0.0,-0.0008341494500843,0.0033920776016609,17.333333333333332,1
08200832,5.0,0.7513892244503503,0.0372070548441652,0.0306217858812529,0.3816793893129771,0.0,0.1037868162692847,0.1711079943899018,-0.2393822393822393,0.0212058192966158,0.0099926489005888,0.0011487984388934,-0.0005388196727274,0.0122287861740813,0.0005995343821567,-0.001508560654562,0.0191022748165605,0.0,-0.0011190906514856,0.003414090888675,21.833333333333332,1
08200833,5.0,0.8363636363636363,0.0272727272727272,0.0147569444444444,0.6470588235294118,0.0030381944444444,0.1041666666666666,0.1692708333333333,-0.027027027027027,-0.0037800459836296,0.0057389165809169,-0.0001773105312386,0.0026709197562454,-0.0020389245684052,-7.79688075956983e-05,-0.0017908608033092,0.0884133112704541,-0.0009495861919217,-0.0015023831919912,0.0042234939626147,5.666666666666667,1
08300934,4.0,0.7092221857564818,0.0662947161142107,0.0543547361729179,0.4736842105263157,0.0,0.091544818817546,0.1411315956770502,-0.2169884169884169,-0.0007772474096556,0.0048521677678763,0.0002915684040846,-0.0008915045804893,-0.002693011807118,0.0044332610710328,-0.0014832859394877,-0.0041191137790533,0.0,-0.0006128035516206,0.0024913656477691,28.5,1
08300935,4.0,0.8982558139534884,0.0087209302325581,0.0252986647926914,0.3333333333333333,0.0,0.1391426563598032,0.1728742094167252,0.1374517374517374,-0.0368118437260594,0.0004814001835484,-0.0003350203093912,-0.0001116734364637,-0.0001234273497896,0.0011553591289885,-0.001122759931272,-0.0920683949255377,0.0,-0.0027070096725665,0.004173491375377,6.0,1
08301036,3.0,0.8993089832181639,0.0118460019743336,0.0170454545454545,0.1666666666666666,0.0,0.1420454545454545,0.1875,-0.437065637065637,0.0244331088144974,-0.0002468147694837,-5.384682230700766e-05,-1.7948940768996215e-05,0.0081402842284569,4.788677030205087e-05,-0.0063262456958719,-0.0742048170619599,0.0,-0.0008363057063164,0.003326392059667,3.0,0
08301037,4.0,0.8516570226196739,0.0215675960021041,0.0259938837920489,0.392156862745098,0.0,0.1162079510703364,0.1620795107033639,0.1729729729729729,-0.0093290608715386,0.0120223004382104,0.0022503894648073,-0.0007377108903054,-0.00099437305529,0.001554579304982,-0.0037313636058614,-0.0484882084882084,0.0,-0.0009801665125959,-7.666999948594199e-05,8.5,1
08401138,4.0,0.755591054313099,0.047923322683706,0.0850393700787401,0.3333333333333333,0.0,0.1322834645669291,0.0755905511811023,-0.4602316602316601,0.0017223154105195,-0.0105319956490187,0.0059498280958042,-0.0003906709034267,-0.0006513313757045,0.0074241325453785,-0.0071744174684602,-0.0304049104049104,0.0,0.0019750311699362,0.0021606057697074,9.0,1
08401139,7.0,0.6913875598086124,0.0370813397129186,0.0913763563677898,0.49375,0.0137064534551684,0.1096516276413478,0.1541976013706453,0.1335907335907336,0.0095359158067008,0.0079630951619007,0.005687522121259,0.0008099404896084,0.0049905462952779,-0.0019846764364592,-0.000986492529321,-0.0341174582319505,-0.0032836143668837,0.0009549527367482,0.0038175476243749,26.666666666666668,1
08401140,7.0,0.7712418300653595,0.0287581699346405,0.0148698884758364,0.5,0.0074349442379182,0.0743494423791821,0.0892193308550185,-0.1274131274131274,0.0263764396901097,0.0048171227355941,-0.0060506089320435,-0.0012945012987501,0.022295416042968,-0.0040185010793856,-0.0105773363430354,0.0552123552123552,-0.0004520042686175,-0.0005750671746467,-0.0006841274554546,2.0,0
08401241,7.0,0.6736602628918099,0.0346309403437816,0.0393982808022922,0.3818181818181818,0.0090735434574976,0.0630372492836676,0.0974212034383954,-0.227027027027027,0.0079574952233144,0.0081894190306806,0.0003560720440849,-0.0006230006523238,0.01536582911227,-0.0005627032778548,0.0006453937609551,-0.0427844055730112,-0.0019058482503629,-0.0005289611377105,0.0007117786648737,27.5,1
08401242,7.0,0.7488083889418494,0.0247855100095328,0.0110599078341013,0.5,0.0027649769585253,0.0525345622119815,0.1078341013824884,0.0,0.0008774101739249,-0.0008218995576789,0.0053536700478202,-0.0020865605354552,0.0046597271900417,-0.0019203448131249,-0.0012665911651442,-0.0352123552123552,-0.0005613922749451,-0.0019072664738419,0.0013781212262113,4.0,0
08401243,7.0,0.6978293043907252,0.0545140601874691,0.0715466351829988,0.504950495049505,0.0028335301062573,0.0949232585596221,0.150177095631641,-0.2393822393822393,0.0104817047014194,0.007570428157823,0.0003702762785404,-0.0017009741162727,0.0049425244916666,-0.0014848227237851,0.007203766364601,0.0549673082923511,-3.5338021861646126e-05,0.0015792887849083,0.0029349013163141,50.5,1
08401244,7.0,0.7939418094858509,0.0143483459545635,0.0318199456732634,0.4146341463414634,0.0,0.0628637951105937,0.1722933643771827,0.1482625482625482,-0.010049974035148,0.0027534975548873,-0.0026888067806582,-0.0031339260355505,0.0092278954493745,0.0024650535254911,0.0004761089319279,-0.01720437863295,0.0,-0.0003322803281989,0.0054454823954818,13.666666666666666,1
08401245,5.0,0.7489878542510121,0.0242914979757085,0.0353982300884955,0.5,0.0039331366764995,0.0943952802359882,0.135693215339233,-0.4015444015444015,0.012843606914221,0.0113917219267738,-0.0002836040306786,0.0,0.0008862746700186,-0.003947144624024,-0.0008045820621518,-0.0037506894649751,0.0018610726080316,-0.0010330272061274,0.0033088842056859,6.0,1
08401246,7.0,0.816358839050132,0.0189973614775725,0.01956745623069,0.3157894736842105,0.0030895983522142,0.0895983522142121,0.1730175077239958,0.1081081081081081,-0.0115495704208519,0.0071057835078554,0.001412708093892,0.0012559929079947,0.0087834093652169,0.0023311591321228,0.0001813463496176,0.0443096157381871,9.202380156191936e-05,0.0009681223845557,0.004538509063249,6.333333333333333,1
09100101,6.0,0.6799788695192815,0.0656101426307448,0.0447026388341866,0.5594713656387665,0.001181567546278,0.0744387554155179,0.1234738085860575,0.4447876447876447,-0.0170248453319452,0.0113319195510325,0.0049780797738237,0.0001575767358302,0.0104202721177083,0.0004482838339261,0.0021773161799767,0.0023203331525191,-2.149799941632772e-05,0.0001279463435621,4.057741832209218e-05,75.66666666666667,1
09100202,8.0,0.6740331491712708,0.0538674033149171,0.0186470078057242,0.4418604651162791,0.002601908065915,0.0624457935819601,0.1561144839549002,0.2972972972972973,0.0057674295572575,0.0145614801448349,0.0051928380905472,-5.892843364277798e-06,0.0014995615167694,0.0035686545754563,-0.0029377989401517,-0.0527154055725484,0.0012039135145689,-0.0012591568731241,0.0035566994757406,7.166666666666667,1
09100203,6.0,0.8769230769230769,0.0205128205128205,0.0257675438596491,0.6382978723404256,0.0032894736842105,0.0953947368421052,0.1842105263157894,-0.0169884169884169,-0.0050335537376427,0.0079317435567078,0.0035172060461971,0.0,0.0029398495033906,0.0015840063866683,0.0009968950412602,0.0534013605442177,7.187965015294315e-05,-0.0015968253168454,0.0040777292131216,7.833333333333333,1
09100304,6.0,0.782967032967033,0.0299700299700299,0.0467334287076776,0.4795918367346938,0.0014306151645207,0.0886981402002861,0.1487839771101573,0.0046332046332046,0.0091949441127198,0.0045760790502438,0.0019183836892893,0.0006528636211412,0.0079351694475926,0.0002734503094508,-0.0002082988888734,0.0424327944047333,0.0005578094414668,0.0003083138739377,0.0034600046215098,32.666666666666664,1
09100305,5.0,0.8694424841213833,0.0070571630204657,0.0327759197324414,0.6122448979591837,0.0,0.0882943143812709,0.2207357859531772,-0.2393822393822393,-0.0007466034106582,0.0113199040558673,0.0026942110693203,0.0,0.0054048022005038,-0.0003608870461376,-0.0019828029874637,0.0052123552123552,-0.0007075225242009,-0.0011486662570234,0.0056430880268762,8.166666666666666,1
09100306,6.0,0.6881382560879812,0.03770620581304,0.0229533282325937,0.7,0.0045906656465187,0.1009946442234124,0.1514919663351185,-0.2347490347490347,-0.0074830151396718,0.0035910073553943,0.0085672576042867,0.0013598363076691,-0.0089330481131187,0.0004362226616255,-0.0045393112014025,0.0176282404853833,-0.000173161773423,0.0024289254498985,0.0042894757697392,5.0,1
09100407,5.0,0.8409931325937665,0.0063391442155309,0.0192600101368474,0.6578947368421053,0.0,0.0912316269640142,0.1581348200709579,-0.2795366795366796,0.0140113906588902,0.0171315217916288,0.0042875419179159,-0.0001640297500015,0.0183820210782076,-0.0032046467512528,-0.002846245705707,0.0877244591530305,0.0,0.0007165721952763,0.0036130049290197,6.333333333333333,1
09100408,5.0,0.7492447129909365,0.0459885867740852,0.0530376084860173,0.6363636363636364,0.0038572806171648,0.0964320154291224,0.1350048216007714,-0.3714285714285714,0.0122999973049483,0.0116846967086212,0.0031045822191689,0.0,0.0070819513278397,-0.0012818856576592,0.0031832755390357,-0.0231582516332998,0.0008009879084909,-0.0004333330669832,0.0022572768196156,27.5,1
09100409,8.0,0.5018813314037627,0.1250361794500723,0.0082417582417582,0.6,0.0065934065934065,0.0873626373626373,0.1021978021978022,0.0,-0.0250218102468855,0.0070305276170029,0.0048816035024384,0.000694424809492,0.0077169105525136,-0.0031740164526659,-0.0004640993426294,0.0526126126126126,0.0007698086282777,0.0013131144259549,0.0021349042588678,5.0,1
09200510,5.0,0.6671203577678397,0.058331713007972,0.0319911748483177,0.3045977011494253,0.0033094318808604,0.0761169332597904,0.1257584114726971,0.0509652509652509,-0.016244026191387,0.0056635235154867,0.0035723533645351,-0.0001356930989795,0.0041835966396303,-0.0009370370326966,-6.388502317893871e-05,0.0058577713750127,-0.0006397708919906,-0.0011166660616327,0.0021319636324323,29.0,1
09200511,5.0,0.7860435875943,0.0266135792120704,0.0593441963387648,0.2813559322033898,0.0024140012070006,0.1086300543150271,0.1689800844900422,-0.0231660231660231,-0.0044511427138848,0.0081762401200749,6.651663217644493e-05,0.0001228845989041,0.0062487457657751,0.000209580579024,0.0008011500401679,-0.012878200773307,0.0001228760567287,0.0014146947469784,0.0032955920540835,49.166666666666664,1
09200512,7.0,0.6052376333656644,0.0935984481086324,0.0627576729271644,0.5109489051094891,0.0027485112230874,0.1099404489234997,0.1126889601465872,0.2918918918918919,0.0011645230398456,0.004620399902208,0.004909268477808,-4.4409835343913075e-05,0.0135196379843146,0.0016948562438538,0.0073673986662745,0.0237610187043873,-2.2204917671956012e-05,0.0022456611226023,0.0019980846761818,22.833333333333332,1
09200613,4.0,0.7421800947867299,0.0500473933649289,0.0496905715325809,0.5201465201465202,0.0045504186385147,0.127775755369494,0.113578449217328,-0.1714285714285714,-0.0057467966690948,0.0098735537164873,0.0025145590253468,-0.0003308858168864,0.0114193714701386,0.0004255153039336,0.0005979209985179,-0.0627783944247959,-0.0005139033123037,0.0015098412265642,-0.0005487612786116,45.5,1
09200614,6.0,0.7798053527980535,0.0401459854014598,0.0093240093240093,0.0,0.0069930069930069,0.1048951048951049,0.1678321678321678,-0.7644787644787645,0.0449832531659315,0.0106566082828032,0.025544751212755,-0.0001208674293022,0.0108893940357487,0.0024653517426059,0.0003423165155606,-0.4837310924369747,-0.0001208674293022,0.0027375492339237,0.0043225303444549,1.3333333333333333,0
09200715,8.0,0.3578611143972554,0.2148349698331953,0.0239883421141127,0.5654205607476636,0.001345140679296,0.0605313305683219,0.0538056271718417,0.2996138996138996,-0.0052629109725984,0.0074714778524618,0.0048582631583796,0.0016491574053551,0.0194063723655628,-0.0019765671933135,0.0020840830952918,-0.0457509404515206,-3.811259585584203e-05,-0.0010576599947439,-0.0001627703179429,35.666666666666664,1
09200716,7.0,0.7022900763358778,0.0516175936023264,0.045777146912704,0.5116279069767442,0.0,0.1213626685592618,0.1256210078069553,-0.1528957528957529,-0.0092237522402766,0.0127550091466093,0.0011132202374017,0.0003477996049099,0.0140359976200895,-0.0002267382313907,-0.0036571313316875,-0.0018350137356348,0.0,0.0032083357138955,0.0032790741202881,21.5,1
09200717,6.0,0.7663464518128292,0.0520607375271149,0.0197782439316751,0.6363636363636364,0.0002996703626011,0.0899011087803416,0.1060833083608031,-0.3266409266409266,0.0104332408818136,0.0050716548187008,0.0001932103603613,0.0,0.0083889676630236,0.0026783380557102,0.0002277708347596,0.0273967473967474,-1.0128422666340551e-05,0.0006419372577035,0.0024417709924705,11.0,1
09200818,3.0,0.8318703578663066,0.0121539500337609,0.0149642160052049,0.3478260869565217,0.0,0.1483409238776838,0.128822381262199,-1.0,0.0126997186906802,-0.0027787256493841,-0.0019327288093197,-0.0004606828890389,0.0139381193885911,-0.0030670558200281,-0.0003384646528225,-0.1424967824967825,0.0,-0.0013142042800176,0.0018161076217287,3.8333333333333335,0
09200819,6.0,0.6994889267461669,0.0555366269165247,0.0327439423706614,0.33,0.0078585461689587,0.1218074656188605,0.1198428290766208,0.1065637065637065,-0.0068039879772935,0.0079429486006775,0.0040183617160639,8.003943350768679e-05,0.0214516790990118,0.0018802334525851,0.0020199890417852,-0.0999761540097674,-1.423765241451152e-05,0.0020928580168804,0.000706317229182,16.666666666666668,1
09300920,7.0,0.7289514178940426,0.0360518795339635,0.0282013787340714,0.6888888888888889,0.002924587424274,0.0739502820137873,0.1278462502611238,0.0,-0.006631692437348,0.0078727748835042,0.0058632619713434,0.0,0.0092171071528101,-0.0001026175402717,0.0008705782482009,-0.0227754576574452,-0.000227458507624,-0.0015415911028454,0.0027590925891593,22.5,1
09300921,6.0,0.7632432432432432,0.0194594594594594,0.0,,0.0,0.0920245398773006,0.1104294478527607,-0.3451737451737451,-0.0178338363211835,0.0062173314198155,-0.0009766546841134,0.0,0.0056050634827077,0.0030016807450608,0.0,,0.0,0.0002138922795237,0.0019219158851242,0.0,0
09300922,4.0,0.8544378698224852,0.0213017751479289,0.0669745958429561,0.6206896551724138,0.0,0.138568129330254,0.277136258660508,-0.2972972972972973,0.0021130892183604,0.0002239212049667,0.008450316751203,0.0001159811467331,0.0180277770757734,0.0004486966799272,0.002707540563729,0.0192426192426192,0.0,0.0010797346198499,0.0078434470168074,9.666666666666666,1
09300923,5.0,0.8261546445251686,0.0041515308770108,0.0284715284715284,0.5789473684210527,0.0,0.1258741258741258,0.1588411588411588,-0.5822393822393823,0.0229965023937528,-0.0029738993720049,0.0039261531986464,0.0,0.0050949899978689,-0.0012411195054959,0.0009638649176578,0.0327241527241527,0.0,0.0019043012474112,0.0027127462483566,9.5,1
09301024,6.0,0.6496034607065609,0.099495313626532,0.0403496973772696,0.3,0.0040349697377269,0.0766644250168123,0.0484196368527236,-0.0339768339768339,0.0106745943512189,-0.0018579862159504,0.0009334754404616,-0.0007981089320408,0.021769421035586,-0.0046682876146129,-0.0036388637637882,-0.0666120666120666,-0.0003992615220767,-0.0041480539177121,-0.0007608438314441,10.0,1
09301025,7.0,0.6564275194613928,0.0814222596254996,0.0141843971631205,0.5714285714285714,0.019047619047619,0.0729483282674772,0.1252279635258358,0.0,-0.0048269889794323,0.0061844540799441,0.0043454824573213,0.000212313073808,0.0069371797238678,0.0041063722072164,0.0013176849199982,-0.0762887562887562,0.0021213176765946,0.0003986804341961,0.0025042669432503,11.666666666666666,1
09301126,6.0,0.6921159239638517,0.0560922405733873,0.0407307577118897,0.5073529411764706,0.0071877807726864,0.1078167115902965,0.0934411500449236,0.0,0.0126115865042368,0.0109017932346568,0.0051432736954355,0.0004551251327774,0.0020107929226363,-0.0021476480276919,0.0001905063886833,0.0061030035191526,-0.0002964812436705,0.0011425135097824,0.0012451005841029,22.666666666666668,1
09301227,10.0,0.8292682926829268,0.021680216802168,0.0151706700379266,0.5,0.0126422250316055,0.0530973451327433,0.13653603034134,0.3057915057915058,-0.0201129857981785,0.0049835754505447,0.0100947841627484,0.0,0.0083923088006006,0.0021512975220965,-0.0008556317213265,-0.0254826254826254,0.0016304825703155,0.0014095708275421,0.0026360828392448,2.0,0
09301228,9.0,0.7755644090305445,0.0278884462151394,0.0493273542600896,0.4675324675324675,0.0044843049327354,0.0807174887892376,0.1114670083279948,-0.071042471042471,0.0061101881088656,0.0133484087903258,0.0009921782016926,0.0,0.0116145605250699,0.0030637262445317,0.0003620933365059,0.0203470917756632,-0.0018786827098841,0.0002378383460266,0.0013725597316395,12.833333333333334,1
09401329,9.0,0.7287096774193549,0.0370967741935483,0.0263901979264844,0.7738095238095238,0.0059692114357524,0.0999057492931197,0.1168708765315739,-0.0787644787644787,0.0257433462354062,0.0130303168382892,0.0016343237275202,-1.7110912221599814e-06,0.0057205078242133,-9.755562507996656e-05,-0.0011327970583296,0.0406344367268737,0.0004748828797607,0.0016188460242055,0.0027848310222791,14.0,1
09401330,11.0,0.6518518518518519,0.0328042328042328,0.0123076923076923,1.0,0.0,0.043076923076923,0.0923076923076923,0.416988416988417,-0.0134082113663485,0.0221479328294376,0.0164637500440006,0.0,0.0079246123153796,-0.0008458890943973,-0.002403035387306,0.1585585585585586,0.0,-0.0023064409987034,0.0007523289287144,2.0,0
09401431,6.0,0.7392497712717292,0.0457456541628545,0.0876288659793814,0.4117647058823529,0.0,0.0773195876288659,0.1082474226804123,-0.5637065637065637,0.0334770426180184,0.0006618376623825,-0.001730145244924,0.0,0.009911142483164,-0.0020970864534971,-0.0077617185716108,-0.0240274772782512,0.0,-0.0019206308163782,0.0002400940515194,17.0,1
09401432,9.0,0.7830423940149626,0.0149625935162094,0.0141176470588235,1.0,0.0,0.1411764705882353,0.1129411764705882,0.5498069498069498,-0.0134683489368511,0.0189326644396135,0.0108377857035315,0.0078497095643451,-0.0192106218359303,0.0041598137998489,-0.000238216730603,0.0,0.0,0.0017014185538136,0.0016349782706325,1.0,0
09401433,5.0,0.8245341614906833,0.0527950310559006,0.0563798219584569,0.1578947368421052,0.0,0.1691394658753709,0.2047477744807121,-1.5899613899613898,0.0208787056915576,0.0120920349334377,-0.000198646109942,0.0,0.0055813190071375,-0.0006594547622802,-0.0034625455814834,-0.1076668505239933,0.0,0.0058798755012427,0.0035985206030575,6.333333333333333,1
09401534,7.0,0.676249144421629,0.0400410677618069,0.0948304247612775,0.6840277777777778,0.0039512676983865,0.0612446493249917,0.1461969048403029,0.1235521235521235,0.0087873826000729,0.0118409994470785,0.0037595881919496,-2.5370316002194097e-05,0.0037592855958255,0.0052815749020321,0.0012396586826383,-0.031047111408557,-0.0005794994945414,-0.0012370868965678,0.0029759996147079,48.0,1
09401635,10.0,0.7547703180212014,0.019434628975265,0.0361158432708688,0.490566037735849,0.0020442930153321,0.0654173764906303,0.145144804088586,-0.2007722007722007,0.0099435579160443,0.0099335917433028,0.0032013451396638,-0.0003127483720304,-0.0092597346980581,0.0017365808573678,0.0023643620764766,-0.0106396695892494,-0.0015193565734548,0.0008216335477589,0.0043137325742605,17.666666666666668,1
09501736,8.0,0.7050067658998647,0.0223274695534506,0.0356679636835278,0.4363636363636363,0.0084306095979247,0.0622568093385214,0.1050583657587548,-0.2084942084942085,0.0015904424986898,0.0023525933804223,0.0188363817500925,-6.18770426014078e-05,0.0204005012687493,0.0014675523950136,0.0013865828422107,0.0152724152724152,0.0001075551264854,-0.0006705655248853,0.0026408444832211,9.166666666666666,1
09501737,8.0,0.6471592673082893,0.0349270412915243,0.0415416916616676,0.6498194945848376,0.0031493701259748,0.0566886622675464,0.1115776844631073,-0.2393822393822393,0.0077072350764325,0.0090377881878735,0.000819368936803,-2.6452888344639376e-05,0.0067431800671605,0.0008300161220214,0.0002024754244563,0.029811263261772,-0.000441382754706,0.0001119903328566,0.0017224122445449,46.166666666666664,1
09501838,9.0,0.7340545413567726,0.015551048005409,0.0253631042705397,0.5726495726495726,0.0119228267938434,0.085844352915673,0.1456752655538695,-0.6301158301158302,0.0045050977612865,0.0038864205641013,0.0016166984965131,0.0006242545823576,0.0022343239187227,0.0019094775708497,-0.0010721288521288,0.016385224204773,-0.0007980408391453,0.0011058812389709,0.0035911676184157,19.5,1
09501939,8.0,0.6521870286576169,0.0506787330316742,0.060614934114202,0.3188405797101449,0.0,0.0755490483162518,0.1352855051244509,0.2555984555984556,0.0034290655342973,0.0190960076145156,0.0034537294133427,6.050486487597089e-07,-0.0022060270107142,0.0018481829524774,-0.0036864227271662,0.0182439021492537,-0.0008562331161395,0.0003798757057917,0.0035250884862995,34.5,1
09501940,7.0,0.7325038880248833,0.0513219284603421,0.0268056589724497,0.3333333333333333,0.0081906180193596,0.0714817572598659,0.1250930752047654,-0.2687258687258687,-0.0172186903057281,0.0136742716168115,0.0044951542179034,0.0,0.005540700012035,0.0012303713920566,0.0034953686962679,0.0174774774774774,0.0010636760623242,0.0011433544335767,0.0023931378154141,6.0,1
09501941,7.0,0.7243589743589743,0.0439560439560439,0.0327433628318584,0.081081081081081,0.0,0.1061946902654867,0.1008849557522123,0.0563706563706563,0.0075900225447217,0.0025251514973735,0.0029115778309968,0.0,0.008559296873276,-0.004641786154977,0.0018288055255792,-0.1202684316970031,0.0,0.0033940962036231,0.0006297473048705,6.166666666666667,1
09502042,7.0,0.6790766939687267,0.0193596425912137,0.0111888111888111,0.125,0.0083916083916083,0.1048951048951049,0.1888111888111888,-0.0386100386100386,0.0125306972131411,0.0006684096115813,0.0116381152390392,0.0,0.0015347205703473,-0.0002086672187817,0.003839482493829,-0.2346203346203346,-3.834090457492553e-05,0.0033687185387362,0.00572937226805,2.6666666666666665,0
09502043,9.0,0.6367771280051981,0.0679012345679012,0.0187852222917971,0.7,0.0018785222291797,0.0695053224796493,0.1296180338134001,0.2563706563706563,0.001553171751307,0.0147320259904941,0.0036672168540394,0.0007563439621844,0.0097425385161054,-0.0019960413451627,-0.0009995980300712,0.0169057369057369,1.2350583584107486e-05,0.0005478507353973,0.0029537393560601,10.0,1
10100101,4.0,0.8456591639871383,0.0128617363344051,0.0288957688338493,0.0714285714285714,0.0,0.1486068111455108,0.1857585139318885,-0.6980694980694981,0.0387150201804381,-0.0108951129014054,-0.0003143703497578,0.0,0.0310474597685499,-0.0035417761305361,-0.0011263957464745,0.021003861003861,0.0,0.0036664968866741,0.0040631882538458,4.666666666666667,0
10100102,4.0,0.8170542635658915,0.0093023255813953,0.0539730134932533,0.3333333333333333,0.0,0.1349325337331334,0.1799100449775112,-0.2926640926640926,-0.0077723746860832,0.0104172206410302,-0.0050006997883436,0.0,0.0010209332885632,0.0002316425430877,-0.0254314782419986,-0.0460291831720403,0.0,-0.0022400774377947,0.0040554814505966,6.0,1
10100103,4.0,0.7955128205128205,0.0403846153846153,0.1007462686567164,0.2962962962962963,0.0,0.1305970149253731,0.1865671641791045,-0.7359073359073359,0.0279335827614646,0.0005505570756872,0.0056998317753272,0.0,0.0066498976947629,0.0021670310979901,0.0035783923151568,-0.0338147551962073,0.0,0.0009222350167219,0.0051829578446797,27.0,1
10100104,4.0,0.8899572649572649,0.0192307692307692,0.0233297985153764,0.5909090909090909,0.0,0.1399787910922587,0.2545068928950159,-0.3644787644787645,0.013590963513774,0.0097888003912058,0.0033300181514497,0.0,-0.0007246686731387,5.230326547167493e-05,-0.0095963727799197,0.0482460011031439,0.0,0.0018023734532362,0.0059568488815982,3.6666666666666665,0
10100205,10.0,0.3579412529243566,0.2089940213153106,0.0097087378640776,0.4615384615384615,0.0014936519790888,0.0776699029126213,0.0642270351008215,0.4756756756756756,0.0023007790465566,0.0084821896647702,0.0081306775420502,0.0009994701141181,0.0101298464001066,0.0023874974264251,0.0005514207179256,-0.0888398602684317,-8.578606092231312e-08,-0.000411320759504,3.472437457323735e-05,6.5,1
10100206,4.0,0.8746518105849582,0.0066852367688022,0.0272873194221508,0.2352941176470588,0.0,0.1348314606741573,0.2022471910112359,-0.4046332046332046,0.0353410813911119,-0.0063422670584447,-0.0064375894740086,-0.0002702501968682,0.0170792072441187,-0.0019613376869695,-0.0017084447519906,0.0307593307593307,0.0,0.0007704626961216,0.004230441385117,8.5,1
10100207,4.0,0.9366479550922212,0.0144346431435445,0.009441384736428,0.5,0.0,0.1510621557828481,0.2029897718332022,-0.8054054054054054,0.0633122052892361,-0.0013930637649711,-0.0010081218379651,0.0022251243787627,0.0163883392317902,-0.0003097497685473,-0.0016463206171332,0.0819819819819819,0.0,0.0027438234326435,0.0040205148575025,2.0,0
10100208,5.0,0.8233830845771144,0.0388059701492537,0.0319612590799031,0.6363636363636364,0.0,0.1336561743341404,0.1336561743341404,-0.0795366795366795,0.0083994578621301,-0.0021924392083752,0.0007169508680105,-0.0022609150632837,0.0108753659745309,-0.0019547618193221,-0.0012061818856125,-0.0196214596214596,0.0,0.0010752669351969,0.0020060083093646,11.0,1
10100209,4.0,0.8796296296296297,0.0111111111111111,0.0219584569732937,0.3783783783783784,0.0,0.1068249258160237,0.1637982195845697,0.0,0.0079093068425771,0.0039409770927545,0.0065409354652977,-0.0001411741869868,0.000845588621716,-0.0022817583735337,-0.0057168547882825,0.0001100358243215,0.0,-0.0033122585569283,0.0037074082418053,6.166666666666667,1
10100210,7.0,0.7227987947773686,0.0207566119852695,0.0634551495016611,0.3507853403141361,0.0,0.0897009966777408,0.1275747508305647,-0.1768339768339768,0.0181921784980817,0.0212564199451331,0.003098280910509,0.0,0.0019447997348679,0.0002913191014113,-0.0007428292910736,-0.0086595405380983,0.0,0.0011079772848059,0.0012078588823276,31.833333333333332,1
10100311,8.0,0.4512333965844402,0.1348513598987982,0.0145985401459854,0.5491803278688525,0.0072992700729927,0.0710781380878305,0.0840014359219815,0.1528957528957529,-0.0095709757122159,0.006913946169566,0.0066471517548529,0.0004638813268155,0.0169195896238033,0.0009797247371992,0.0011934594256825,-0.0639785030334613,-0.0005208104830457,-7.308429728019106e-05,0.0005725349294239,20.333333333333332,1
10100312,4.0,0.8541602701872889,0.0242554498004298,0.0230953809238152,0.3636363636363636,0.0,0.1151769646070785,0.1349730053989202,-0.6841698841698841,0.0155552504343668,-0.002812510289964,-0.0004530725044053,0.0,0.0116771105245251,-0.0014663006592673,-0.0025558147639273,0.0013916585345156,0.0,-0.0001544553010104,0.001226702222665,12.833333333333334,1
10100313,6.0,0.7987465181058496,0.0564066852367688,0.0205198358413132,0.7,0.0123119015047879,0.1108071135430916,0.1395348837209302,-0.2193050193050193,0.0005338508639819,-0.0081104509679777,0.001701488693956,0.0,0.0050669037897751,0.0062652607396473,-0.0040355465450118,-0.0049862107004964,-0.0001305256418178,0.0016356634784178,0.002540881928255,5.0,1
10100314,5.0,0.8280961182994455,0.0304990757855822,0.0332434860736747,0.3243243243243243,0.0,0.1185983827493261,0.1725067385444744,-0.3945945945945945,0.0142203919285971,0.0009082422721968,-0.0046408090535065,0.0,0.0144780783155268,-0.0003223878607996,-0.0108856763143308,-0.0517639631925345,0.0,0.0018332668268199,0.0056396801193323,6.166666666666667,1
10100315,3.5,0.8412822517591869,0.0234558248631743,0.0220364741641337,0.2068965517241379,0.0045592705167173,0.1185410334346504,0.155015197568389,-0.5173745173745175,0.0160052029643172,0.0093014787377324,0.0012264687152078,0.0,0.0131800810258638,-0.0116968083178732,-0.00043004947894,0.0153925353925353,-0.0001370194069378,-0.0032662485415169,0.0037920931401386,4.833333333333333,0
10100316,4.0,0.7170462387853692,0.0234644582470669,0.041875,0.4477611940298507,0.0,0.2024999999999999,0.1012499999999999,-0.4030888030888031,0.0273644972111584,-0.0006710936297845,-0.0014212489782077,-0.0017760237547486,0.0206834628620334,-0.0128132551651791,-0.0076445095071129,0.0776918062632348,-0.0011455534981102,0.0078297630686857,0.0020844030544906,11.166666666666666,1
10200417,3.0,0.85500340367597,0.0068073519400953,0.0428380187416332,0.453125,0.0,0.180722891566265,0.1646586345381526,-0.1575289575289575,0.0021751943343682,0.0074085343713313,0.0042405493541544,0.0,0.0132326477435159,-0.001448300356398,0.0011165489788563,0.0118388518388518,0.0,-0.0002703707753121,0.0026153651270191,10.666666666666666,1
10200418,2.0,0.9156223893065998,0.0100250626566416,0.0097959183673469,1.0,0.0,0.1763265306122449,0.1665306122448979,-0.1683397683397683,0.0181777674644588,-0.0105427856089585,-0.0066522326532554,0.0,-0.0015302798371809,-0.0012593098316561,-0.001272533794883,-0.0082368082368082,0.0,-0.0040648790089086,0.0034000508587484,2.0,0
10200419,4.0,0.916243654822335,0.0,0.052896725440806,0.5714285714285714,0.0,0.1738035264483627,0.1889168765743072,0.3652509652509653,-0.0118194985788723,0.0156177438628875,0.0028862859391627,0.0,0.00479537971436,0.0,0.000108285924098,0.1179775694061408,0.0,0.0002157544348835,0.0051996368656743,7.0,1
10200420,4.0,0.8552915766738661,0.0151187904967602,0.0533807829181494,0.48,0.0,0.1793594306049822,0.2177935943060498,-0.8486486486486486,0.0380436598128943,-3.828615508712438e-05,0.0041621374720787,0.0,0.0050961429697415,6.647114098629822e-05,-0.0021219731963479,0.0442927728642014,0.0,0.0066604664288577,0.0076658610773644,12.5,1
10200421,2.0,0.8348010932280595,0.0300637716368053,0.0749851807943094,0.3122529644268774,0.0053349140486069,0.1227030231179608,0.1973918197984588,0.4324324324324324,0.0016332235304791,-0.0054860925357633,-0.0013570233923423,0.0,0.0301373065414916,-0.0047480899924408,1.0384329195738156e-05,0.016492086356446,0.0003115997058064,-0.0078000550326812,0.0039315970530919,42.166666666666664,1
10200422,4.0,0.8492586490939045,0.028830313014827,0.0380258899676375,0.5106382978723404,0.0,0.1553398058252427,0.233009708737864,-0.2926640926640926,0.0211363360547259,0.0125385922027996,0.0051174314955536,0.0,0.0056702818826236,0.0012669032552042,-0.0105228687098886,0.0620227948799377,0.0,0.0018173696685133,0.0030663105350899,7.833333333333333,1
10200423,4.0,0.8646341463414634,0.0146341463414634,0.0306674684305472,0.3333333333333333,0.0,0.137101623571858,0.2814191220685508,0.437065637065637,-0.0015791709137242,0.0141377661949678,0.0067795679510438,-5.617790501927246e-05,-0.030887886971251,0.0038742216657933,0.0089759726750121,0.0775289575289575,-0.0005802334924859,0.0050155340685102,-0.0015756950925546,8.5,1
10200524,4.0,0.87908337396392,0.0175524134568503,0.0255560814008518,0.3518518518518518,0.0,0.1448177946048272,0.1504969238050165,0.071042471042471,-0.0157199678510074,0.0028878282426218,0.0012233942734691,-0.0001344371665659,0.0047854015554709,-0.0032529353123758,-0.0045959248086393,0.0309408609408609,0.0,0.000720002743112,0.0036494376590112,9.0,1
10200525,6.0,0.7330097087378641,0.0461165048543689,0.0258823529411764,0.2727272727272727,0.0,0.1035294117647058,0.2070588235294117,-0.6486486486486487,0.0414926418333702,0.0019415313461716,0.0001137922710588,0.0,0.0056667449753542,0.0034317311552554,0.0017283943435474,-0.0776833976833976,0.0,0.0010664099477074,0.0051698891574325,5.5,1
10200526,4.0,0.8655394524959742,0.0,0.0747081712062256,0.1875,0.0,0.1260700389105058,0.1494163424124513,-0.2301158301158301,0.009726489873882,-0.0012172382441661,-0.002174244807521,0.0,0.0060987294018901,-0.0014378287323776,0.0047893226398665,0.0157960443674729,0.0,0.0020221102732793,0.0013842364405633,16.0,1
10200627,4.0,0.9142857142857144,0.0214285714285714,0.0209790209790209,0.0,0.0,0.0944055944055944,0.1678321678321678,-0.2725868725868726,0.0511967566270842,-0.0035920568442908,0.0066442095141296,0.0,0.006302524193667,-0.0002338115528566,0.0050199600400892,0.0,0.0,-0.0030054515238152,-2.373698152130501e-05,2.0,0
10200628,4.0,0.8550873586844809,0.0308324768756423,0.0613254203758654,0.4838709677419355,0.0,0.1602373887240356,0.2433234421364985,-0.3915057915057915,0.0081090206814082,0.0007851065847644,-0.0002256146974078,-0.0009517264487915,0.0053554473446025,0.0058718017280034,0.0012253777711181,-0.0397363597363597,0.0,0.0052077824629757,0.0071067747702285,10.333333333333334,1
10200629,6.0,0.8033333333333333,0.0155555555555555,0.0480611687602403,0.2727272727272727,0.0,0.111414527580557,0.1736755871108683,-0.1436293436293436,0.0031370880458233,0.000467376606957,-0.0001152425000995,-0.0002804727381319,0.0103797471527616,-0.0035566695520757,0.0013326946856172,-0.0156120327548899,0.0,0.0009176918808156,0.0046734526645028,14.666666666666666,1
10200630,7.0,0.8471121177802945,0.0135900339750849,0.0577136514983351,0.5,0.0,0.0932297447280799,0.246392896781354,-0.7081081081081081,0.0299598112557177,0.0058118697668156,-0.002031500617395,0.0,-0.0010046295508087,-0.0003245126950463,-0.0048699276878993,0.0024570024570024,0.0,0.0015292821910828,0.0083338486533792,8.666666666666666,1
10300731,11.0,0.7410788381742739,0.0390041493775933,0.0305466237942122,0.8421052631578947,0.0096463022508038,0.0795819935691318,0.1519292604501607,-0.2640926640926641,0.0120110308570408,0.003322279483761,0.0032062323879984,0.0,-0.0006120697807239,0.0021777956447983,0.0009862593831284,-0.0364723564723564,0.0021370151891399,0.0005293879092947,0.005265037769578,12.666666666666666,1
10300732,8.0,0.7273163706192991,0.0595295247239558,0.0223985067662155,0.625,0.0027998133457769,0.0671955202986467,0.1007932804479701,0.0,0.001002642852738,0.0144709911660356,0.0095274684335749,0.0013132426439558,-0.0006246265633317,0.0008102515753408,-0.0017141639558413,0.0443310657596371,0.0012297614793936,-0.0021351181245536,0.002041959635345,8.0,1
10300733,8.0,0.6066886481394254,0.0824305228450306,0.0372866127583108,0.4698795180722891,0.0026954177897574,0.1078167115902965,0.0700808625336927,-0.054054054054054,0.0082753170682428,0.0115666491035428,0.0042451393605419,0.0,0.0114652330283377,0.0009531382314842,0.0008671608458257,0.0048193248193248,0.0013235626501322,0.0019282270947503,-0.0020355019418904,13.833333333333334,1
10300734,8.0,0.7438875305623472,0.0192542787286063,0.0236772873428821,0.5185185185185185,0.002046185325928,0.0771704180064308,0.1192633732826659,-0.1420849420849421,0.006639536994606,0.0064279716568235,0.0128638319293064,-2.990436153464124e-05,0.0083663700120356,-0.0019516745697994,0.000151946155272,-0.0439798296941154,-0.0004536661378158,0.0007757621556371,0.0032500026558768,13.5,1
10400835,9.0,0.7662090007627765,0.0221205186880244,0.0256692335900256,0.4571428571428571,0.0044004400440044,0.1012101210121012,0.1936193619361936,-0.4980694980694981,0.0157141521455119,0.0023646284331116,0.0108093878436594,0.0008515372504343,0.0012080101105938,-0.0002396677986739,-0.0004650794590269,-0.0176526176526176,0.0001292069294636,0.0036334476687224,0.0054583860473864,11.666666666666666,1
10400836,9.0,0.6724941724941725,0.0518648018648018,0.0254284134881149,0.2608695652173913,0.0199004975124378,0.0696517412935323,0.1094527363184079,-0.1536679536679536,0.0084172842012067,0.0052554283057488,0.0050941175786553,-9.48371159875039e-05,0.0053406307226955,0.0029619605388053,-0.0010714960624651,-0.0400073542930685,-0.000569022695925,0.000762794485116,0.0004626463577059,7.666666666666667,1
10400837,10.0,0.6606425702811245,0.0289730349971313,0.0205441421432537,0.5675675675675675,0.0102720710716268,0.064963908939478,0.121599111604664,0.2594594594594595,-0.0032006759559275,0.0086035150864482,0.0043922383581634,0.0003334805372451,0.0019385438449865,0.0004386093923057,9.302605733348384e-05,-0.023084123084123,9.47586082933476e-05,-0.0008453437035785,0.0019013732882805,12.333333333333334,1
10400938,8.0,0.7526211391328989,0.0257863417398696,0.0333152762730227,0.4878048780487805,0.0100216684723726,0.0747562296858071,0.1170097508125677,-0.1181467181467181,-0.0033284155194777,0.0117997278832583,0.0070776659816645,0.0007846228209232,-0.0034853769516525,-0.0002377106860112,0.0014340285280958,-0.060033082934454,-0.0003673119182992,-0.000799179250711,0.002636240968908,20.5,1
10400939,9.0,0.5340261481729802,0.1407978545088836,0.0134162303664921,0.8536585365853658,0.0107984293193717,0.0765706806282722,0.1374345549738219,0.0,0.0131220552763167,0.0052726179922637,0.0005788843029339,0.0008438262478034,0.0111824543321784,0.0052984306456386,-0.0001316758710191,0.0818073175216032,0.0019352863071871,7.937968483715845e-05,0.0026543580848595,6.833333333333333,1
10400940,10.0,0.7353888633225955,0.0266912103083294,0.0079610791685095,1.0,0.0106147722246793,0.0583812472357364,0.1804511278195489,-0.4864864864864865,0.0162329765165899,0.0086916129893865,-0.0004047296883809,2.3707083282084952e-05,0.0030857558629931,-0.0015590898423309,7.455116851794253e-05,0.1662805662805663,0.0009761585694486,-0.0007998678313833,0.0059794494668979,3.0,0
10400941,9.0,0.7459387483355526,0.0338215712383488,0.0197385285824147,0.7012987012987013,0.0061522686490643,0.0738272237887721,0.1015124327095616,-0.4247104247104248,0.0066600267548762,0.0035764919633339,0.0021874025371433,-0.0001978977933222,9.072474030787106e-05,0.0008197374199871,-0.0001499693573582,0.0061903347617633,0.0004935802555538,0.0003239924972978,0.0023147678257206,12.833333333333334,1
11100101,8.0,0.7076271186440678,0.0415254237288135,0.0244897959183673,0.6,0.0,0.0587755102040816,0.0832653061224489,-0.5459459459459459,-0.0061641391149856,0.0014031368981499,0.0035892953674192,-0.0002748544037363,0.0034987947530852,-0.004393872813892,0.0037667832201393,0.113101673101673,0.0,0.0018690639849616,0.0008040707876426,5.0,1
11100102,5.0,0.7819650067294751,0.0080753701211305,0.0249671484888304,0.3157894736842105,0.0078843626806833,0.102496714848883,0.1498028909329829,-0.7737451737451737,-0.0028436604532114,0.0081275946928912,0.0081142761954844,0.0,-0.005620141945941,-0.0003201078080645,-0.0032761859783324,0.0199485199485199,0.0018071395309452,-0.0024553059016271,0.0049620223354865,3.1666666666666665,0
11100203,5.0,0.9280397022332506,0.0124069478908188,0.0194647201946472,0.0,0.0,0.0924574209245742,0.1313868613138686,-0.2949806949806949,0.0064825377816576,0.0098606718887382,0.0024355644896867,0.0,0.0126301900620479,-0.0036815129664077,-0.0023836437384657,-0.0895752895752895,0.0,-0.0013012021079701,0.0031945146641806,4.0,0
11100204,5.0,0.8566176470588235,0.0220588235294117,0.0161870503597122,0.3333333333333333,0.0,0.0971223021582733,0.1942446043165467,0.1166023166023166,-0.0240087090823323,0.0276901207242367,0.0098374845147358,0.0001996505997372,-0.0029281060054128,-0.0033824099250316,0.0005989517992118,0.0,0.0,0.0024237273230477,0.0045743297667403,3.0,0
11100205,7.0,0.8034398034398035,0.0294840294840294,0.0430194805194805,0.5660377358490566,0.0,0.0876623376623376,0.1801948051948051,-0.1428571428571428,0.0082645717357776,0.0075361057923659,0.0084186813147571,-8.93517589912234e-05,0.0043452476063415,0.0019448906094121,0.0008433930437145,0.0454495311638168,0.0,0.0009922637159354,0.0068734961317097,8.833333333333334,1
11100206,5.0,0.8583247156153051,0.0062047569803516,0.0657229524772497,0.0769230769230769,0.0,0.0424671385237613,0.2062689585439838,-0.2247104247104247,-0.0013037181731896,0.0076829157620972,0.0013846867582336,0.0,-9.924148367564117e-06,0.0001911030816457,0.0035220063869748,0.0292032292032292,0.0,-0.000317229597493,0.004083393701634,10.833333333333334,1
11100307,5.0,0.7535041082648622,0.042532624456259,0.0508555133079847,0.4485981308411215,0.0,0.0998098859315589,0.1653992395437262,-0.1976833976833976,-0.006115047259021,0.0128506109955597,0.0065770209621805,0.0,-0.0151748292561077,0.0013947995097575,0.0014902422204344,-0.0123352932924688,0.0,-0.0002927589417046,0.004216507137244,17.833333333333332,1
11100308,5.0,0.8425396825396826,0.0076190476190476,0.0453134698944754,0.4383561643835616,0.0,0.1191806331471136,0.2197392923649906,-0.0277992277992278,-0.0021404229534351,0.0110229611302963,0.0055945953794023,0.0,-0.0015889570405205,-0.0026345017203549,-0.0016684994152349,0.0132716704145275,-0.0017441356432443,0.0012139975951806,0.0049594877640997,12.166666666666666,1
11100309,4.0,0.8910329171396141,0.0068104426787741,0.0541436464088397,0.6530612244897959,0.0,0.1259668508287292,0.1790055248618784,-0.3922779922779923,-0.0040375845464469,0.0003523985600517,0.0008170518821004,0.0,0.0030651905227473,-0.0003680491850761,-1.180742583498025e-05,0.0132193417907703,0.0,0.0012582381534185,0.0046600868077439,8.166666666666666,1
11200410,6.0,0.7460910944935418,0.0387491502379333,0.0253576072821846,0.4615384615384615,0.0032509752925877,0.0975292587776333,0.1287386215864759,-0.1691119691119691,-0.0055647074564994,-0.0035443310552836,-0.0054026822145604,-0.0009245379453431,0.0050554456483337,0.000885882523347,-0.0020413640892025,0.0026881022679341,-0.0001714995438619,0.0004591282450453,0.0016769647807625,13.0,1
11200411,8.0,0.5323577906018137,0.1257213520197856,0.0246159905474596,0.336,0.0023631350925561,0.0602599448601811,0.0803465931469082,0.2393822393822393,-0.0153585708637318,0.0070655080698463,0.0049532741694689,0.0005290350476566,0.0125694830037964,0.0037149505788885,-0.0004845298154965,-0.0273040530118006,-1.7187582598387817e-05,-0.0013050602789116,-0.0004274607002263,20.833333333333332,1
11200512,11.0,0.6211734693877551,0.0650510204081632,0.0474189675870348,0.7721518987341772,0.010204081632653,0.0756302521008403,0.0936374549819927,0.1845559845559845,0.002974895596746,0.0230216360546427,0.0116718865209908,-9.5850461466764e-05,0.0115082918497814,0.0064591146446794,0.0002599950962657,0.0141400427114713,0.000595957055252,0.0016061516164537,0.0012085952618738,13.166666666666666,1
11200513,6.0,0.8042492917847025,0.0359773371104815,0.0363833831115938,0.5373134328358209,0.0048873201194678,0.0749389084985066,0.1401031767580776,0.4903474903474903,-0.0030019108629923,0.0054441848261744,-0.0009786270105811,-2.85965650226468e-05,0.0164487978589368,-0.0002239131429222,-0.000635705126251,0.0217151987665227,-4.0797427637256995e-05,-0.000178384033823,0.0026176106200998,22.333333333333332,1
11200514,6.0,0.7914187284685249,0.0404008769182586,0.0551724137931034,0.5380434782608695,0.0017991004497751,0.097151424287856,0.1457271364317841,-0.1899613899613899,0.0002826107122077,0.0057322946287015,0.0003891377342604,0.0,0.000913189161778,0.0001392892360844,0.0048335366726935,0.0177382861847968,-3.1988843239077216e-05,0.0003402133439881,0.00278651148299,30.666666666666668,1
11200515,6.0,0.6859876195835678,0.0495216657287563,0.01628664495114,0.8,0.006514657980456,0.0879478827361563,0.1270358306188925,-0.132046332046332,-0.0037123168068024,0.010322361305735,-0.0006239190618382,0.0,0.0156061425511928,7.304853991758695e-05,0.0014980800101445,0.0315057915057915,-0.0017108290102024,-0.0005191707788828,0.0020140224027542,5.0,1
11300616,5.0,0.7624633431085044,0.0733137829912023,0.0498960498960499,0.3333333333333333,0.0,0.079002079002079,0.1871101871101871,0.1791505791505791,0.0060879046131328,-0.0002367964391733,-0.0022037949842294,-0.0033176378935714,0.009385037780018,0.0032324169212375,0.0062365170365456,0.0557896672182386,0.0,0.0010399526966814,0.003228440206795,12.0,1
11300617,6.0,0.7571545380212592,0.0294358135731807,0.0718799368088467,0.4615384615384615,0.0,0.0900473933649289,0.1469194312796208,0.2332046332046332,-0.010536292609384,-0.0035568324125466,0.0083141984452111,6.470238788081661e-05,-0.0027393162609573,-0.0003747274823292,0.0022249350747601,-0.0087516087516087,0.0,0.0015847120960605,0.0019388059370715,15.166666666666666,1
11300618,6.0,0.6272845953002611,0.097911227154047,0.0321212121212121,0.5283018867924528,0.0072727272727272,0.0981818181818181,0.1272727272727272,0.1868725868725869,0.019541966706061,0.0117342566150522,0.0050669246348988,0.0017991422029996,-0.0038786122494584,-0.0033922245957956,0.0028084346890094,-0.0136716308144879,-0.0001077033540313,1.7646807161850443e-05,0.0026217604566978,8.833333333333334,1
11300619,3.0,0.923024983119514,0.0162052667116812,0.0116204002582311,0.3333333333333333,0.0,0.0813428018076178,0.1743060038734667,-0.7382239382239383,0.0482234074696427,0.0005283402475341,0.0046057538202013,-0.0002131738252262,0.008446900280065,0.0011608912313732,-0.0024934878128101,0.1415701415701415,0.0,-0.001874991979456,0.0033255780291556,3.0,0
11300620,5.0,0.8127534095097678,0.0482860302248433,0.0128116343490304,0.3243243243243243,0.0,0.0934903047091412,0.1516620498614958,0.0,0.0146382700335385,0.0050724341714018,0.0018833626879403,-0.0005452521526245,0.0174904090476784,-0.0027730410552842,-0.0019579307102956,-0.0976282404853833,0.0,-0.0006267616974943,0.0026386799817667,6.166666666666667,1
11300721,7.0,0.5676484674329502,0.0869252873563218,0.0286940804338002,0.4094488188976378,0.0027112516945323,0.07049254405784,0.0921825576140985,0.4988416988416988,-0.007551548784877,0.0079411996528566,0.0030752249767349,0.0002405540909677,0.0139079083773003,-0.002317444425347,0.0033401397848208,-0.0148555975306947,-0.000233979127494,-0.0012111274728022,0.0008017152916283,42.333333333333336,1
11300722,6.0,0.7555115184542978,0.0584592519197423,0.0321589028139039,0.6470588235294118,0.0073303381414045,0.0822889572002837,0.1049893591865689,0.0054054054054054,-0.0063679986884915,0.0080226791639264,0.0012257168984795,0.0,0.0034349815634013,0.002068325438917,0.0037125962013967,0.0405736734446616,-0.0003782111780243,-0.0003094414904847,0.0020922356072505,22.666666666666668,1
11300723,9.0,0.5229357798165137,0.1437308868501529,0.0191570881226053,0.7,0.0009578544061302,0.1091954022988505,0.1436781609195402,0.7544401544401544,-0.0048161916198714,0.0037020996839921,-0.0015304570728552,0.0,-0.0133934597767653,0.0039273685000343,0.0001067127091084,0.0066924066924066,0.0003036744609778,-0.0012604195269493,0.0048733540003325,3.3333333333333335,0
11300724,7.0,0.7735507246376812,0.0416666666666666,0.0352112676056338,0.5,0.0,0.0528169014084507,0.1619718309859155,-0.2594594594594595,-0.0089495382061953,0.0127291704796209,0.0023304271042646,0.0,0.0039026554080518,-0.0002147334157119,0.0020962805176112,-0.0123240123240123,0.0,-0.000918475576732,0.0043857063320942,10.0,1
11300725,6.0,0.8006449721489299,0.0281442392260334,0.0540084388185654,0.3958333333333333,0.0,0.0624472573839662,0.170464135021097,0.3281853281853282,0.0013042107478512,0.00718540779706,0.0039998431719339,0.0,0.0001658162343659,2.827315284668355e-05,6.944255955511748e-05,0.0506673779918561,-8.934554389099459e-05,-0.000202952229796,0.0029113536490471,32.0,1
11300826,6.0,0.7863501483679525,0.0474777448071216,0.0194267515923566,0.2950819672131147,0.0,0.0955414012738853,0.1471337579617834,-0.1343629343629343,0.0163571909845372,0.0025084368888303,0.0048196951885647,-0.0009548197207041,-7.216370687258731e-06,-2.4309833218616547e-05,0.0014420393916472,0.0843882286739429,0.0,0.0010478321572573,0.0020059558803844,10.166666666666666,1
11400927,8.0,0.7730860299921073,0.032359905288082,0.0492775101889588,0.6842105263157895,0.0022230455724342,0.0689144127454612,0.1556131900703964,0.43011583011583,-0.0036512729977964,0.0093984740148398,0.0009167329164772,0.0,0.010008582170311,-0.0059044805423097,-0.0007899366557152,0.0139938129542575,3.923199788358701e-05,-0.000332462495512,0.0041311194851122,22.166666666666668,1
11400928,6.0,0.8035563082133785,0.0270956816257408,0.0197005516154452,0.52,0.0,0.0756501182033096,0.1607565011820331,-0.0239382239382239,-0.0088494713170682,-0.001156574196025,0.001133077227694,0.0,0.0068285043636314,0.0004932585641416,-0.001312303146525,-0.0321235521235521,0.0,-0.0002447641214006,0.0037243360713228,4.166666666666667,0
11400929,5.0,0.855036855036855,0.0170454545454545,0.0439657716140454,0.3624161073825503,0.0050162289760991,0.0752434346414871,0.2151077013868397,-0.2393822393822393,-0.0032467468068084,0.0046764271092326,0.0014104663836152,0.0,0.0001573344775027,0.0002184913156024,0.0013835861316852,0.021896395320886,0.0002971228231333,-0.0005887774968739,0.0057584072304975,49.666666666666664,1
11400930,5.0,0.8805970149253731,0.015803336259877,0.0050718512256973,0.0,0.0,0.0760777683854607,0.1521555367709214,0.0679536679536679,0.0011515839619765,0.0083980923124479,0.00403735831983,0.0,-0.0040264190948864,0.0004528745545938,-0.0015058492732833,0.0,0.0,-0.0014746489731168,0.0056003884777821,1.0,0
11400931,6.0,0.7470881863560732,0.0299500831946755,0.0253096392030156,0.1063829787234042,0.0032310177705977,0.0872374798061389,0.1809369951534733,0.1521235521235521,-0.007128016600822,0.0133189448793008,0.0044984104205918,0.0,0.0004963057371839,-4.851701122567361e-05,-0.0023455768297262,-0.0398032726604155,-0.0004850090258199,0.0012389502916158,0.0067408789899161,7.833333333333333,1
11401032,4.0,0.8231089934484812,0.0178677784395473,0.0326460481099656,0.5263157894736842,0.0022909507445589,0.0927835051546391,0.140893470790378,0.0185328185328185,-0.0095162534201211,0.0083310897963795,0.0046211695565717,0.0009166698165822,0.0073810756376512,-0.0009071310841485,-0.0056418450853222,0.0173481173481173,0.0008182008632745,0.0004820156089225,0.0018413328628476,9.5,1
11401033,5.0,0.8140703517587939,0.0184254606365159,0.0242849433351322,0.5555555555555556,0.0075553157042633,0.0679978413383702,0.1716135995682677,0.3884169884169884,-0.0184089447483821,-0.0015698883379188,0.0065426252517607,0.0002513992792884,0.0042239403798776,0.0002796090913644,0.0009392618486585,-0.0103818103818103,0.0015825761034267,-0.0006320301545769,0.0039628379335483,7.5,1
11401034,5.0,0.8353808353808354,0.0294840294840294,0.0776470588235294,0.3636363636363636,0.0,0.0705882352941176,0.1129411764705882,0.1837837837837838,0.0135875790962742,-0.0047329208411156,-0.002099414678695,0.0,0.0035178647515426,0.006204281491978,0.0050213308664408,0.0183222183222183,0.0,0.0017642555798629,0.0008742761216526,11.0,1
11401135,4.0,0.8691218130311614,0.0169971671388102,0.0376141859215475,0.6285714285714286,0.0,0.0902740462117141,0.1289629231595916,0.2764478764478765,-0.0147663666371362,0.0007585909941953,0.003292121444943,0.0,0.0197937242509031,-0.0003203345990782,8.478871844568873e-05,-0.0128407628407628,0.0,-0.0021259960573757,0.0019103901125359,11.666666666666666,1
11401136,5.0,0.8467688207861426,0.0299800133244503,0.0089916506101477,0.0,0.0038535645472061,0.1001926782273603,0.1926782273603083,-0.3081081081081082,0.0046409958841896,0.0164588836582783,0.0026799412631456,5.854908494973698e-05,0.0027956891153874,0.0015111938442051,-0.0005996654070809,0.0,0.0017773790722707,0.0003451201779793,0.0054493786382007,2.3333333333333335,0
11401137,5.0,0.7939866369710468,0.0206013363028953,0.0506192784060312,0.2765957446808511,0.0043080236941303,0.0969305331179321,0.1809369951534733,-0.2563706563706563,0.014755806141801,4.138435375081066e-05,-0.002191367681008,0.0,-0.0023495654345873,0.0029534932676504,-0.0008461947933848,0.0012428214529054,0.0002660748992418,0.0023348133597703,0.0044609501087,15.666666666666666,1
11501238,6.0,0.6713695801789401,0.0867171369580178,0.0176817288801571,0.7777777777777778,0.0111329404060248,0.0609037328094302,0.1001964636542239,-0.0355212355212355,-0.008766660090437,0.0025622956957036,-0.0009645991983418,-0.0001233318365887,0.0144894033659804,-0.0017326075984331,0.0002352143073322,0.0116044616044616,-0.000942640605312,-0.001566006109523,0.00086429781402,9.0,1
11501339,6.0,0.7722122838401908,0.0322003577817531,0.0215269804822043,0.6,0.0028702640642939,0.0723306544202066,0.1412169919632606,-0.3027027027027027,-0.0001764415237853,0.0058509639901075,-0.0026294277967609,-1.7312003942042777e-05,0.0164175938581093,-0.0022191097759113,0.0006241489273561,-0.0565891765891766,-0.0007097794090423,-0.00017145270334,0.0026217742244576,12.5,1
11501340,7.0,0.7456599614218793,0.0330669605952052,0.019921363040629,0.631578947368421,0.0094364351245085,0.0754914809960681,0.1368283093053735,-0.2393822393822393,0.0027904687209654,0.0067944225360569,-0.0004554647042723,-3.0089155030021497e-05,0.0039156785355187,-0.0026199728617646,-0.0003277157133388,-0.0015613729899444,-0.0005720592661117,0.0001120473689744,0.002905349653217,12.666666666666666,1
11501341,6.0,0.7302100161550888,0.0387722132471728,0.0207887496178538,0.6470588235294118,0.0036686028737389,0.0935493732803424,0.1063894833384286,-0.7343629343629343,0.029069518976178,0.0052217138605536,0.0009283575163572,-0.0002000740672982,0.0092707730308196,0.0011869389723149,-0.0006582273673929,-0.030564776279062,-0.0002000740672982,0.0007912522642898,0.0009421743794344,11.333333333333334,1
12100101,5.0,0.7594871794871795,0.0238461538461538,0.0757575757575757,0.3612903225806451,0.0,0.1158357771260997,0.1510263929618768,0.0,-0.0050295862332065,0.0025460612828013,-0.001496367616592,-0.0005533993969192,0.0145398658406526,-0.0006006043841867,0.0041756322105248,-0.0248361176788685,0.0,0.0008296085264507,0.0034807538555753,51.666666666666664,1
12100102,4.0,0.75007004763239,0.0369851499019333,0.0469780944840327,0.3314606741573033,0.004750593824228,0.1203483768804433,0.1488519398258115,-0.2316602316602316,0.0107922880040165,-0.0030395403090219,-0.0020728607050934,-0.0020003162313256,0.0159839717996125,-0.0039892898500605,0.0051471899495315,0.0222001053069309,0.0003402348783879,-0.0017290268119474,0.0030139126602003,29.666666666666668,1
12100103,5.0,0.7687224669603524,0.0145374449339207,0.0532594801874733,0.504,0.0025564550489987,0.1457179377929271,0.1891776736259054,-0.1891891891891891,-0.0155477291771553,0.0104901578871466,0.0006220050448557,-0.0007304796731396,0.0098769689168949,0.0005046008588355,-0.0006651139707851,0.0094387777094544,0.0010735521461837,0.0025402899279221,0.0036854012633378,20.833333333333332,1
12100204,6.0,0.6690042075736325,0.0611500701262272,0.0513506285102968,0.3645833333333333,0.0080235357047338,0.1171436212891147,0.1572612998127841,-0.2193050193050193,0.0008672921480703,0.0062971721452946,0.0001904121053499,0.0002733494634499,0.0238327105518918,-0.004573603803842,0.0011926555933297,0.0296267655993915,-0.0003785951984065,0.0002570796690532,0.0043705378709087,32.0,1
12100205,6.0,0.6242219215155616,0.0882273342354533,0.0274575832146095,0.5424528301886793,0.0028493718430255,0.0854811552907654,0.1282217329361481,0.4864864864864865,-0.0252858270548098,0.0019843840044568,-0.0006826168795028,-0.0013125687467873,0.0209013215654678,-0.0033152420269806,0.0011169824242185,0.0105559692478985,8.784859953605714e-05,-0.0010386477503264,0.0025529853025856,35.333333333333336,1
12100206,6.0,0.7923728813559322,0.0211864406779661,0.0212591986917416,0.9230769230769232,0.0,0.1618969746524938,0.1717089125102207,0.2386100386100386,-0.0030468311008274,0.009875061822375,0.0035734923412239,-8.127603222051522e-06,0.0200502851192456,0.0019432009768411,-0.0028725052151457,0.1485714285714285,0.0,0.0029778469410766,0.0064983658767283,4.333333333333333,0
12200307,8.0,0.5200678349349915,0.1351045788581119,0.0005408328826392,1.0,0.0005408328826392,0.0616549486208761,0.1135749053542455,-0.5351351351351352,0.0002840507511729,0.0006969929215839,0.0014906823256244,0.0017559609408164,0.0124363767886387,-0.0065267928850165,-0.0021654909588853,0.1306451612903225,-0.0008704757187921,-0.000318084964396,0.0013639912647926,0.1666666666666666,0
12200308,5.0,0.759344262295082,0.0472131147540983,0.0484076433121019,0.3947368421052631,0.0076433121019108,0.1375796178343949,0.1643312101910828,0.4138996138996139,-0.0334092347434511,0.0031056605602249,0.0012404713658378,0.0001890718381088,0.0128439045738525,-0.0033294015267748,0.0051461518666032,-0.0196236196236196,7.562873524352741e-05,0.0015462495642291,0.0028521665694215,12.666666666666666,1
12200309,5.0,0.6940919037199125,0.0463894967177242,0.1052520118593816,0.3118712273641851,0.0038119440914866,0.1003811944091486,0.1664548919949174,-0.054054054054054,-0.0160878738342826,-0.0013037009923853,-0.0015269825578334,-0.000890166559308,7.938377469513807e-05,1.7866146674337255e-05,0.0059349567532537,-0.0120622617424984,-0.0001701473713607,-0.0017537642791254,0.0019119676151351,82.83333333333333,1
12200310,4.0,0.7562962962962962,0.0374074074074074,0.0493562231759656,0.4347826086956521,0.0042918454935622,0.1008583690987124,0.1502145922746781,0.027027027027027,-0.0050807101532593,0.0031890773819555,0.0004337671885528,0.0006888158812834,0.0153657678358143,0.0031799589301693,0.0020757660484946,-0.0512972590494656,-8.500752799887552e-05,-0.0026900788070101,0.0026872239352308,23.0,1
12200411,7.0,0.4970414201183432,0.1065088757396449,0.0456273764258555,1.0,0.0,0.0798479087452471,0.0798479087452471,0.5513513513513514,0.0124082025006836,0.0274113816757522,0.0061136298886568,0.0004981852147044,0.039793031164465,0.0013473564701581,-1.886523442094786e-05,0.0,0.0,-0.0015457669221787,0.0054433735095212,4.0,0
12200412,9.0,0.4180250572544793,0.0713997036238717,0.0189311010946555,0.5170068027210885,0.0055376690276883,0.0525434642627173,0.0618158403090792,0.5227799227799228,-0.0114617136450703,0.0066768319609261,0.0017054347181686,-0.0015966628219596,0.0043015018249749,-0.0015795400291028,0.0010628017280351,-0.0179792931594173,-0.0002846077809776,0.0009065757185679,0.0008050791938977,24.5,1
12200413,5.0,0.8164305949008499,0.0169971671388102,0.0261723009814612,0.5,0.0,0.1243184296619411,0.1603053435114503,-0.2571428571428571,0.0034901581581709,0.0032242243641076,0.0003027880582269,-0.0016677809269813,0.0207973675923983,-0.0039260125048403,0.0009397634195038,-0.0039713182570325,0.0,0.0015915213808196,0.0042162735472316,8.0,1
12200414,5.0,0.6574225122349103,0.0685154975530179,0.083076923076923,0.4444444444444444,0.0,0.1384615384615384,0.083076923076923,-0.4108108108108108,0.0128843477939271,-0.0051260404259443,-0.0034002440872856,-0.0013339083411117,-0.0021851645729946,0.0118039465740469,-0.0119055133229241,-0.0471900471900472,0.0,-0.0028084371081534,0.0022838479616168,9.0,1
12200515,7.5,0.5311599244607892,0.0959149189941357,0.0728564661297963,0.5123537061118335,0.001989578398863,0.0778777830412126,0.0869729985788725,0.1065637065637065,-0.0203545291547201,0.0085529837818406,0.0041166453015051,0.0007839251631815,0.012357134888372,0.0032138841905845,0.0018957756041559,-0.022853952394601,-0.000426005555807,0.0004937726547602,0.0015338071412279,128.16666666666666,1
12400616,9.0,0.7219730941704036,0.0122299225438238,0.0224458204334365,0.6724137931034483,0.0023219814241486,0.0859133126934984,0.1393188854489164,-0.0911196911196911,0.0067955394151877,0.0065471531101783,0.0032741773201052,0.0011774435478798,0.0126546534030381,-0.0035127750650083,-0.0016673598200635,0.0425552825552825,-0.0004680533222441,0.0003280356404226,0.0031462206687598,9.666666666666666,1
12400617,9.0,0.7039764359351989,0.0088365243004418,0.0354735721887194,0.6,0.0021284143313231,0.0659808442710181,0.1191912025540972,0.5498069498069498,-0.033237138061239,0.0017105126663727,-0.0014805162920916,-0.0019788521026846,-0.0043182249539278,0.0009765951919319,0.00368948081252,0.0362936858735178,5.316026834192167e-05,0.00060537480047,0.0018828919562319,16.666666666666668,1
12400618,8.0,0.7367588932806324,0.0426877470355731,0.0191277735271614,0.96,0.0045906656465187,0.0964039785768936,0.1560826319816373,0.044015444015444,-0.0078002916887711,0.0073470053127549,0.0064145125439952,0.002159539926793,0.0129114380918459,0.0007817824907707,-0.002224505890844,-0.0089575289575289,-0.0045158340933422,0.0015087317434223,0.0039573462252782,4.166666666666667,0
12400619,6.0,0.8205128205128205,0.0168598524762908,0.0281642348150661,0.6385542168674698,0.006107906345436,0.0895826263997285,0.1486257210722769,-0.2154440154440154,-0.0046306174017568,0.0043517190014144,0.004045536572639,-0.0018817146236631,0.0057452423654792,0.0008623598824664,0.0038298467425908,0.0358250501107643,3.960725084038147e-05,0.0002009072888988,0.0040591524146526,13.833333333333334,1
12400720,9.0,0.6222450025627884,0.0258841619682214,0.0155248891079349,0.5396825396825397,0.0017249876786594,0.0502710694923607,0.1094135041892557,-0.0911196911196911,0.0029194018913324,0.0182844037543378,0.0020605998688309,-0.0024130607787662,0.0157360914882499,0.0012571634864564,9.513776643268262e-06,-0.018067938067938,0.0004922329259169,-0.0019137862377496,0.0027101851616365,10.5,1
12400721,8.0,0.6355114419630549,0.0330851943755169,0.0214155131888221,0.8536585365853658,0.0062679550796552,0.059545573256725,0.101854270044398,0.2463320463320463,-0.0043409500191505,0.0153723529358468,0.0032082276908276,0.0007243212061006,0.0119106655615686,-0.0005428246978438,0.0008186106377569,-0.0182027753456325,0.0006491368939794,-0.0018557876218668,0.0023399933288347,13.666666666666666,1
12400722,8.0,0.7052777777777778,0.0116666666666666,0.0489882854100106,0.5597826086956522,0.0047923322683706,0.0990415335463258,0.121405750798722,-0.2393822393822393,-0.0047805853757375,0.0106479084922424,0.0060957902062595,0.0003509639120399,0.0128868808516018,0.0001419283296459,0.0038795115787306,-0.0177662319303618,-4.918778129590709e-05,0.0009150079050021,0.0035047006408132,30.666666666666668,1
12400723,9.0,0.695457930007446,0.0163812360387192,0.0375058602906704,0.4875,0.0070323488045007,0.060478199718706,0.0914205344585091,0.0725868725868726,-0.0006708236340886,0.0093732636271532,0.0041700336257281,-0.0007006195925011,0.0140246558065632,-0.0016519726794965,0.0030106079769969,-0.0342194342821999,6.0557989166834904e-05,-0.0026589231912264,0.0023743535188922,26.666666666666668,1
12500824,6.0,0.7955776173285198,0.0216606498194945,0.0298889837745516,0.6,0.0025619128949615,0.1101622544833475,0.1332194705380017,-0.1521235521235521,0.0020951540754961,0.0132800051997768,-0.0001369925931288,-0.000895244796818,0.0053450931224005,0.0019323600856544,-0.0076307916277802,0.0376415847004082,-5.2029349557848026e-05,0.0006783824173166,0.0032178969191715,11.666666666666666,1
12500825,9.0,0.4777148921117792,0.1322957198443579,0.0151924375422012,0.5888888888888889,0.0062457798784605,0.0860904794058068,0.0860904794058068,0.4540540540540539,-0.0053119728546222,0.005814028132392,0.0012213256760392,0.0003817124489425,0.0254358167879548,-0.0041813600901075,-0.0006080218565915,0.0286315843038532,0.0005414900574438,-0.0001833636700278,0.0004003496292568,15.0,1
12500926,5.0,0.7322128851540616,0.0492997198879551,0.0998389694041868,0.4623655913978494,0.003220611916264,0.0869565217391304,0.1288244766505636,0.0162162162162162,-0.0024007601506346,0.0029433056644475,-0.0018168473395757,-0.0032359341148918,0.0233946341971233,-0.0049828947517897,0.0012866791001851,0.0118247001172473,-2.4357074469919195e-05,-0.001462025003998,0.003604507694915,31.0,1
12500927,5.0,0.72850790513834,0.037796442687747,0.0357227348000946,0.6357615894039735,0.0042583392476933,0.1050390347764372,0.1263307310149042,0.0,-0.0013884200267796,0.007400006324546,0.0049990133251657,0.0011506564898137,0.0087500584176929,-0.0029017495203738,0.0024482546756881,0.0017965528772982,0.0013716915944528,-0.0005031434220557,0.000369079240706,25.166666666666668,1
12500928,8.0,0.6322674418604651,0.0313953488372093,0.0452400777130169,0.558282208588957,0.0099916736053288,0.1132389675270607,0.1165695253955037,0.0,0.0122749542857634,-0.0030828726637344,0.005198357381916,0.0011670775463887,0.0099885038415953,-0.0006402351825043,0.0014272986903709,0.021458448706502,-0.0003884591925925,0.0025519221317825,0.0032026315762333,27.166666666666668,1
12500929,8.0,0.7412302999491611,0.0183019827147941,0.0235872235872235,0.625,0.0073710073710073,0.0766584766584766,0.112039312039312,0.2594594594594595,-0.0128461119307292,0.0056316074151861,-0.00064201996641,0.0024819555814853,0.0106121477748166,0.0009129687097715,-0.0025031136525787,0.0364650364650364,0.000350907105651,-0.0012464538984127,0.0026647274891363,8.0,1
12500930,5.0,0.7958115183246073,0.0209424083769633,0.0263996358670914,0.3275862068965517,0.0,0.1338188438780154,0.1747837960855712,0.0972972972972973,-0.011798142613096,-0.0015749634093507,0.0023397061423438,-0.0001131972126812,0.0152285983099494,-0.0001163089953289,0.0041858972930357,-0.0781981981981981,0.0,0.0013070394292358,0.00590931100299,9.666666666666666,1
12601031,7.0,0.580718508412915,0.1036834924965893,0.0362381363244176,0.5,0.0030198446937014,0.1035375323554788,0.1061259706643658,0.1065637065637065,-0.0132690838053219,0.0007734451864564,0.0078382893958616,0.0017446166379981,0.0140608349256985,0.0030221592480668,0.0017866464078879,0.0646794646794647,-0.0008085172204962,0.0011256883942529,0.0027114833756106,14.0,1
12601032,6.0,0.6866173503698723,0.0289172831203765,0.066142763588736,0.4158415841584158,0.0,0.0903732809430255,0.1532416502946954,-0.5768339768339769,0.0180145983684096,0.0132708673251023,0.0033706422720928,-7.590845142183153e-05,0.0233010359765077,-0.0024380545052895,0.0034991891789607,0.0166486955142417,0.0,-0.001833126417124,0.0018620184353965,16.833333333333332,1
12601133,4.0,0.7574906367041199,0.0636704119850187,0.0217884702678166,0.75,0.0,0.1225601452564684,0.1770313209260099,0.1845559845559845,-0.0177597438771874,0.0070013000354476,-0.0004958688699015,-0.0001945974766428,-0.0065334167107386,-0.0031246301120378,0.0058301374601115,0.0905938591652877,0.0,0.0009239727380859,0.0039254701683481,8.0,1
12601134,4.0,0.8180236604036186,0.0167014613778705,0.0486740516951997,0.4482758620689655,0.0003356831151393,0.1289023162134944,0.1832829808660624,-0.0756756756756756,0.0084093541974724,0.0056394706662213,-0.0031234654201755,-0.0014830579391393,0.0118266732018886,-1.2924275330436e-05,0.0008222582790809,0.0051665013404144,-0.0009277355867122,0.0005735380616723,0.0045686395707371,24.166666666666668,1
12601235,4.0,0.923406862745098,0.0073529411764705,0.0151780502043199,0.5769230769230769,0.0035026269702276,0.1436077057793345,0.1646234676007005,0.2625482625482625,-0.01580440883454,0.0035151898344523,0.0021396731225816,-0.0002420809708485,0.0067722425834766,-0.0009664682504311,0.001719824422856,-0.0601287001287001,-0.0001210404854242,-0.0002164355180709,0.004366038191037,4.333333333333333,0
12601236,7.0,0.7344521224086871,0.0296150049358341,0.0541549953314659,0.5862068965517241,0.0,0.0504201680672268,0.1288515406162464,0.4540540540540542,-0.0276411262972178,0.0116373483969954,0.009476468151495,0.0027791804205388,-0.0030420219671128,0.0032341448191461,-0.0015176517575747,-0.0025880425880425,0.0,-0.0006699373264728,0.0036699810468048,9.666666666666666,1
