plr_id,com_median_age_r2,com_share_max_2y_r2,com_share_min_20y_r2,com_share_min_30y_r2,com_share_min_40y_r2,com_share_solo_r2,com_share_10plus_r2,com_gastro_share_r2,com_upscale_share_r2,com_tourism_share_r2,com_entry_rate_r2,com_exit_rate_r2
01100101,0.2813061785261942,0.0327560837506594,0.4691648246496871,0.3028406213029208,0.1440914833602454,0.8211384483830113,0.6194092114534612,0.8511799230687824,0.5080429512224298,0.4944539422573244,0.1573096817208854,0.0148369148321998
01100102,0.4169884169884171,0.7404504039121416,0.7877664340960779,0.7072928084225241,0.540884137377295,0.8749665291062464,0.2967021825419542,0.9042623233000058,0.7408184786017944,0.0142052899188553,0.0127638872004657,0.0101570526303641
01100103,0.2016560450295389,0.9028744354137476,0.8213453047542674,0.7460562894647891,0.4687889956399439,0.8199389530112662,0.2575931297086028,0.0397428277476418,0.0763150089766968,0.1655512752570949,0.0089125456350771,0.0001246266098706
01100104,0.0211100386100387,0.245753705899706,0.3834889099076032,0.0934033708858059,0.7385416090431289,0.5266248457828304,4.1032667614349094e-05,0.2380244388865372,0.72036428606767,0.0022100798654638,0.0083663269141515,0.0310676372564169
01100205,0.7377182774375177,0.9320419525308246,0.8175316225646804,0.7683635392127512,0.6426090219635159,0.8754884572601264,0.4484698868775226,0.5998946841638875,0.6503008522384448,0.6693400640810917,0.0482898588489387,0.04597900883935
01100206,,0.7106653972056092,0.9548372029748852,0.8210621936062017,0.4082821832241609,0.9350894798961747,0.6104784517343319,0.7463623884745703,0.4803197689842448,0.3772339419182366,0.0462024521549861,0.0470065399978602
01100207,0.7482625482625482,0.7367014009308688,0.8956364276369739,0.9061895059081078,0.815646786605223,0.8999644832329291,0.9360008639480932,0.932724213356944,0.0466687025701079,0.1653691974698147,1.0605770867089248e-05,0.0513481181049816
01100308,0.6926640926640927,0.3649417463794927,0.9523752393813424,0.9122988607924988,0.7010654564705132,0.7846247216184168,0.001290047872192,0.3444449033328567,0.2755951284161692,0.5350082826691636,0.0063061195946008,0.026547357579763
01100309,,0.9259417113197226,0.9458093951408688,0.7828368239686581,0.1075230412952931,0.6809695913183836,0.4333261688934994,0.0127501798206122,0.4903372267371525,0.7536577616592046,0.0316462429198955,0.0285403703487107
01100310,0.6671814671814671,0.6533210987699184,0.9468464416977768,0.9184539225846778,0.7761610138519415,0.1459514758260435,0.9134703905192236,0.8154838983678621,0.0562986983647937,0.1912561936826708,0.0166178727908844,0.0060571556055875
01100311,0.3699795033128367,0.1143970241875439,0.1246610754069658,0.9355831912318264,0.1816136269152211,0.0422695917873813,0.6273352274371515,0.1655327114407326,0.7290872562464501,0.6279986596514069,0.0568828400814848,0.0416459103787985
01100312,,0.6546025303490619,0.9095301219756192,0.1894891743706052,0.0717819527111716,0.7838439122487108,0.1940971172883513,0.0001976498161277,0.7397494313189188,0.0078517215065967,0.0647747431217371,0.0031255815398117
01100313,0.0368874368874369,0.0907079960552484,0.8507336199579969,0.6465611380840668,0.2334563760618446,0.7414032547372518,0.7649566639783283,0.6727963174579553,4.333380898424721e-05,0.0043110506866574,0.0024714190036436,0.0231781072452488
01100414,0.048251516822945,0.602881742156832,0.4571954646632301,0.5863212608509119,0.4718787031545423,0.7940652084905896,0.8778912383867867,0.1642675014085033,0.1379462615209392,9.590833173667156e-05,0.0461025436612928,0.0319576621895082
01100415,,0.7969956015805852,0.9134154726170916,0.7440898667848446,0.3490936686023329,0.7773814705342411,0.5803768759906892,0.5431399305182976,0.0005336830427465,0.422010644691511,0.0144459869383771,0.022411106699099
01100416,,0.4797122402580356,0.885926156100838,0.6516385018758113,0.6563552572203046,0.8567451806583624,0.0648005231874874,0.4903570074546083,0.0720996649787242,0.0795290665466682,0.0256054226716945,0.0321348855559854
01200517,0.4671196911196911,0.0944224655577695,0.8466414216924101,0.0393861553058307,0.381780316349312,0.9289685293613148,0.3919032885781368,0.0475088804182295,0.2859519220747943,0.1299489330332016,0.0045873434084033,0.0596764925832981
01200518,0.146483995516254,0.3546593536863476,0.4794051907154688,0.4176123872628239,0.348046954118662,0.7990799756457235,0.2590312153934079,0.6676022510786936,0.633291874773463,0.0438386103726432,0.0072941548238072,0.0444185226006647
01200519,,0.2610940189581375,0.9422267835753054,0.6987299892416532,0.0215975672343151,0.1846134284216865,0.1480666258822376,0.824745877747642,0.0007466532225545,0.071280288506181,0.0003093332592758,0.0219925733937822
01200520,,0.0100027507584917,0.2585719918845433,0.1293451052290786,0.2564995328709309,0.6349958748728148,0.5852555835669131,0.0085486363475238,0.3986272385899556,0.3058445405371467,0.0405909044939466,0.0094168466951194
01200521,0.3590733590733592,0.4250320903028328,0.868206754573545,0.4266007358021499,0.5549491668928608,0.1218462109248579,0.4375918915725487,0.756497524117576,0.6559812685048465,0.0001070610087827,0.0042407374817482,0.0403741919333903
01200522,,0.0204818476773537,0.685036062901703,0.0668088894253844,0.0462107170548894,0.4234823220553579,0.0411802608852058,0.910914761107432,0.6950415742510622,0.2207035730276159,0.0046063132144893,0.0087905585784107
01200623,0.0286650286650285,0.2689625287624611,0.6305038857109204,0.6051470630764739,0.2244703385520788,0.0634119454206443,0.0420425883991633,0.7611089221368184,0.5187409481802742,0.679390800306265,0.0216503169791404,0.0070279049467346
01200624,0.1674946216643633,0.076952356416829,0.0062553863005966,0.1351982396138733,0.4579072544316808,0.4402497210746087,0.1206152154830709,0.1018863469285878,0.3707753785126052,0.009042002111089,0.0479391724520248,0.0144232677178298
01200625,0.7320752895752896,0.4324757963173493,0.8029065622213822,0.8081738802903593,0.4531479053884044,0.0329492903060646,0.3157323383109396,0.835230705499352,0.5655640548426546,0.2362248468782215,0.0006717268910377,0.0086480629266104
01200626,3.008574437124434e-05,0.0074163490657969,0.3822336980656843,0.8170853780611748,0.7291554435103654,0.6981589679201452,0.7517331911577347,0.1747518101830552,0.4603328694216514,0.4221483746136596,0.0509348031319893,0.0229072787545394
01200627,0.0303317426019437,0.0108150785794715,0.6198956582175357,0.67108929041443,0.6058012186126966,0.5031435928481933,0.1043452076626576,0.343802320216424,0.0614528004001686,,0.0720779618023307,0.0133712647557815
01200628,0.3132046332046326,0.6046116933847299,0.907644319051348,0.8085859422787101,0.299825755704073,0.3924910225632666,0.3459584356235986,0.3187591072142033,0.0663515528879937,0.7663777861395512,0.0515383339700209,0.0228660268717082
01200629,,0.3842648289322501,0.725933272636899,0.2940541002434198,0.0037206569570332,0.257149947186413,0.0553984497712868,0.6740850975015554,0.0716045651667243,0.0005239571190768,0.001009619112679,0.0445652048484891
01300730,0.5189189189189191,0.0027019851836215,0.9070441715080406,0.4128976459624964,0.2071993078127122,0.0048162055296849,0.3138174832285779,0.0823592080734149,0.1367270056152181,0.7072963985068016,0.0102105929410694,0.0032293795180896
01300731,0.3590733590733592,0.0246293588834179,0.6848312003578245,0.209714100893544,0.2835105702002445,0.1619963344076237,0.3541272789878207,0.588654558391387,0.0140287872557695,,0.0057126302368403,0.0080530040917132
01300732,0.1073088125719702,0.0102079386929639,0.9697813879361632,0.6179967150905845,0.7192053971753459,0.0033139289200757,0.0205323660573031,0.0570641527799768,0.0012577300706303,,0.0108365780837076,0.0247430510076419
01300733,0.3590733590733592,0.6081194006524464,0.7103079189508379,0.7028323321449035,0.1396047786019769,0.399854063911524,0.601163283774012,0.3173818142786854,0.0267826564508945,0.2073500022823475,0.0393924702967423,0.0095768277433824
01300834,0.0352747153637029,0.2915792987798378,0.5669868805825085,0.6843132754218693,0.364875301222445,0.4883563883258988,0.1201484423060683,0.1972432307316854,0.0210150522359096,0.0033926787984202,0.0005819014042325,0.0212810560868907
01300835,0.0208112000962599,0.6968404676873401,0.8862984063797024,0.7249817858753995,0.4168110389709856,0.6645699491699268,0.5339327689217309,0.4841138139743398,0.2822141307757136,0.0067118134646608,0.01248186255884,0.0296202887049716
01300836,0.1531853281853283,0.8013530215717801,0.9192755146045932,0.6014478166463505,0.600406331786195,0.1499706851471486,0.6654795956310631,0.8424101603378142,0.8637910425579757,0.3828648433428435,0.0147239869318918,0.0016967898519141
01400937,0.228253463547581,0.0077807762455121,0.8924244737811141,0.7006730292780285,0.2963304162757196,0.0011695742437137,0.0660308096731095,0.0671794495147114,0.0039658363943964,0.7976253626961941,0.0002106253251263,0.0290772823105305
01400938,0.197434950478429,0.0586719169709967,0.8493061254692492,7.233321560495831e-06,0.0089881583069949,0.14650543019307,0.4223869124893016,0.8351174198865877,0.2931292784818383,,0.0259687209086555,0.0173975054183562
01400939,,0.0006934788299143,0.6850316476713898,0.6434062004472246,0.359766075687324,0.0694594708697282,0.2984083534310181,0.7228017518544143,0.5500344990738572,0.0564038351279682,6.159126941795989e-08,0.0411675524335261
01400940,0.0362421646632172,0.4306484223684419,0.2743967225249545,0.8190506741668679,0.6865222798762797,0.4449050187601762,0.5009696975749144,0.7820757786224205,0.4171766445888244,0.6611338926146457,0.00785622818986,0.0405084674609399
01400941,0.1024899135123931,0.5352435479624791,0.9182145743668538,0.2578721164312035,0.4208871358508138,0.9170689743950042,0.2013324760789878,0.67637286761028,0.519719556964306,0.6714970729729047,0.0435260408387457,0.0216516272996815
01400942,0.0636072807501375,1.2506663036204737e-05,0.9128197197884436,0.5331450660958759,0.5397606178386506,0.4920677175933524,0.1767631310309302,0.2338493580188486,0.0204029236309591,,0.0366491362332561,0.0277209495895462
01401043,,0.0023861970659879,0.9157827573708291,0.5384057307572379,0.6697311271617865,0.8602662780145975,0.1604131147501878,0.2996683456468524,0.0063930465071011,0.0810810810810809,0.1173901447513796,0.0214879905092673
01401044,,0.2321046404380582,0.427887223722878,0.0025737232115902,0.7511147915746758,0.433711720315269,0.6600308246846855,0.3735651020831125,0.0169915655105709,0.0283763275146399,0.0031839233678702,0.0233497432781207
01401045,0.0128916266320849,0.3027006285277602,0.9266403241040624,0.8472515132113696,0.3984235549715698,0.1771873802174448,0.1959162246218292,0.5682659928001723,0.0001509193814585,0.4958839663937242,0.0211419713752107,0.032887059503052
01401046,0.0170205920205921,0.4138203696673453,0.8629869201362574,0.6504735900901659,0.0685161230233923,0.3046041553857826,0.0677857609650225,0.0517838898630038,0.0746657723570244,0.0606949370361862,0.0337634925128577,0.0289799432351738
01401047,0.0185328185328187,0.6512268517496134,0.068631631181309,0.0382030393200171,0.6239931419966703,0.0416192455275055,0.4922696981948954,0.6518603865426025,0.0084351756211409,0.3552580922312754,0.0061662759229437,1.2660685182463991e-06
01401048,0.1142942267351716,0.0058472315607568,0.7398683870380186,0.770295882551914,1.912438120710291e-05,0.3398872801777262,0.652134603957599,0.5845480133166977,0.7091463028361462,0.4771641136085561,0.0258862944132115,0.0084698443137277
01401049,0.2693774131274131,0.446590903994195,0.8818120287815,0.6896744039100168,0.0266956018801163,0.006798087919395,0.0891507336907448,0.0587857890009058,0.4857052095287459,,0.009360097078364,0.0079755848607045
02100101,,0.8328901168083584,0.7635411633199629,0.6371192582687218,0.0344261774929874,0.8599294633565142,0.0537652357777526,0.6293433175109975,0.3712302970451492,0.291100451499779,0.0069665396910687,0.020990912495532
02100102,0.830516592541909,0.9261601393730856,0.0442574960807483,0.1955122574269714,0.5006567577926709,0.0767418048414825,0.0013847074682949,0.6257818661252172,0.1272372679093287,0.6377823359577948,0.0265403451329138,0.0166284030678243
02100103,0.0972605258319542,0.0006039902507567,0.7785595729528895,0.0773236863707538,0.62192364853683,0.6954779915414124,0.1320135577176856,0.2723958568794234,0.2622775559919509,0.8161032720906458,0.0507924677254543,0.0627474031519786
02100104,0.760869605473922,0.9621119679674988,0.6947542395916051,0.7246636993535885,0.8632574892160976,0.6551955505293703,0.8553742336691272,0.9103767642134593,0.4936868172485465,0.1980739065537754,0.0505810924076819,0.0188118499124435
02100105,0.0222467365324504,0.6504783482830401,0.8737243628357636,0.1756494962249015,0.6799486683226739,0.8651404698728368,0.7377496666592318,0.372146474958812,0.0309048160102684,0.3758559089536997,0.1019284713405538,0.0110833159991775
02100106,0.7482625482625482,0.1709848396654484,0.5740040196898861,0.3257410166322785,0.314649003607604,0.3148208631548342,0.3859650231443908,0.7844760843785243,0.0166246797843474,,0.0040339720213354,0.0741827071711122
02200207,0.5629343629343633,0.9235679229638362,0.6037450766125856,0.1056528811930213,0.0626735341328852,0.9180726748544286,0.8498642057200384,0.2119643305344644,0.5702217329923883,0.8260055624721678,0.0766361897256627,0.0061982698055096
02200208,0.6358659280398409,0.5761502103548912,0.560515015751437,0.4603316056919213,0.7326246336674571,0.7531752461944504,0.0047401738866184,0.1403248720889655,0.1294550694157604,0.2528577369060477,0.0072116054233184,0.0729701654841216
02200209,0.2293436293436289,0.0052665850267311,0.9264877745483584,0.6497833176907587,0.0761267297512695,0.857419855213736,0.000852065514606,0.8401995064651311,0.2001549342206408,0.606199018968197,0.0135130100265844,0.0023293122361032
02200210,0.4912662040068088,0.8571451939035113,0.954990679917694,0.2059766441572552,0.3641069049938209,0.6166757571146482,0.0197318383029033,0.8700503185999354,0.6566787072106043,0.2977019598043993,0.00283259858805,0.0216092288103557
02200211,,0.0896999082936065,0.9621589865525794,0.8290634797179272,0.8853087877078395,0.4740717378077869,0.1804593600130222,0.6387917673512795,0.1204981556283718,0.6382391000064679,0.0322316062162333,0.0324491415853923
02200212,0.1535275535275534,0.9125361227686544,0.6627522505127589,0.0112058783423629,0.137040220667301,0.5920147758712007,0.1943106197078328,0.6499721926825992,0.7102746748679463,0.8651631229908265,0.0162871868702433,0.0230410067147012
02200213,0.7321122851371962,0.450995930713346,0.8304897752554912,0.7906206666686832,3.768570750861677e-05,0.7679754533259309,0.234598704649953,0.4241556040304768,0.2910257713709806,0.1159362837211746,0.015904395864362,0.0154416619287205
02300314,0.5681988464812576,0.1686107967127295,0.9073272346093132,0.0431104422052898,0.0122896157977671,0.6550710325364371,0.5171458799538262,0.3895138490815911,0.1155227155045859,0.0032651885224733,0.010868361736284,0.0095965907077014
02300315,0.1589752136514731,0.0010626258394629,0.9112728768681636,0.2831511797354887,0.8934370099951239,0.8839388176031437,0.0080414434858411,0.3776388146838774,0.4718246767435388,0.4811668008203015,0.001909889455386,0.0025358286213037
02300316,,0.3757421889060689,0.7397995326902554,0.7078881076523302,0.2521057062271794,0.6533216369880894,0.0762724986387275,0.7252627465149304,0.2577879353408032,0.3399023991075951,0.0267372660531582,0.0104999148438009
02300417,,0.11375227799594,0.9036911570897924,0.6717332844851074,0.135153021693677,0.5275223867556458,0.4362786268119444,0.5118970731631527,0.4998568093558206,0.1471255409543372,0.0054020795310262,0.0231077579364885
02300418,,0.3622593850072694,0.6191597338718733,0.0774005829611452,0.4186856605178954,0.7211410117730646,0.0746358229675194,0.7871273049218681,0.3769419971445523,0.0695196384473594,0.0354480670973894,0.0068138084441468
02300419,0.1042471042471048,0.0087951104201339,0.941586639433964,0.3728927011785575,0.8193700437740865,0.1114722984234999,0.0569332984039137,0.2775623935050318,0.5149129986039667,0.933595652898862,0.0037575054606822,0.0175753454892222
02400520,0.2448426616365546,0.0147239469106946,0.524355410924568,0.5429830785610932,0.6685249499154718,0.7070607503382769,0.1137928010429799,0.2344703718801651,0.5392274101878936,0.1900272865797666,0.0086074354357987,0.0222674691795713
02400521,0.3349369166692,0.0198739982849602,0.932682015777524,0.6895020464194082,0.7554356809399866,0.1771865473863751,0.5116687425791073,0.2094535459674608,0.1448602021262269,0.0066878325996234,0.0200605800430002,0.0155714090841866
02400522,0.135584000608631,0.0069919067212439,0.6245152228913562,0.0293303342980839,0.1575876642548642,0.1985419843016653,0.1692555994704736,0.245119627373303,0.3877651328970007,0.0025853110296546,0.1301999630497292,0.0127194177961363
02400623,0.0191285162713731,0.0346660217077711,0.818279327808303,0.9539113873192634,,0.2130286505807669,0.3368403447534446,0.6650981936722269,0.0188939224659792,0.5100872134214753,0.00173667187287,0.0117612784959507
02400624,0.1843634939287115,0.0672950079693147,0.9347145143227577,0.6817849126391793,0.1429778008897693,0.2677230366197559,0.1517495870502075,0.3944193877583638,0.8794336248090733,0.0808401918887803,0.0232363888107624,0.0245481543652038
02400625,0.8389375164244274,0.1193245919858924,0.0033882429874829,0.6714224195411982,0.626441846171137,0.0143961713369107,0.8656474301624281,0.321637865369207,0.7356214533010084,0.0020344249030531,0.0007316996655765,0.0142925900207169
02500726,0.0368874368874369,0.3263620803730646,0.9253500353692388,0.7345108105570481,,0.792385953270571,0.7420211027895132,0.6248682528737062,0.3494227194780424,0.6760323748026191,0.0378397772774559,0.0212123686971402
02500727,0.0052650052650051,0.6696550246155015,0.7909831925835082,0.8758865097607386,,0.7980683642861661,0.6214994783436358,0.4769637121977276,0.4176932357802853,0.7342110494835064,0.0943695393630498,0.0131734656413319
02500728,0.006933318677091,0.1449166112251418,0.961120884551591,0.6743133327135429,0.263954016978364,0.708809457365358,0.4677020894231891,0.000510283930807,0.0193306830288345,0.5737131745771948,0.0151977583293742,0.021987438765226
02500729,0.0031829739146811,5.630973630710301e-07,0.8573366715591759,0.8571749537865997,0.5379171246435377,0.7308831049116422,0.7022733036035496,0.6098218303422944,0.004771800889776,0.4437617292435076,0.0245376729297038,0.0356733749276785
02500830,0.1487773487773485,0.0294501230524445,0.8347446882952825,5.9130488727632275e-08,0.3605296920901411,0.6147017321831836,0.1031881949232736,0.362534915711948,0.5135459294517731,0.7254480460678758,0.0025574011675341,0.0291437542887424
02500831,0.3498667330925396,0.0125953512325601,0.6602589425057799,0.0910524769796512,0.0214612996201162,0.4991662213773431,0.0975845671001426,0.1406588703490453,0.0110477446007924,0.5298442335595166,0.0094117121152761,0.0070621058492931
02500832,,0.4236177213049736,0.8217738497385085,0.3959578286747907,,0.0181112497404917,0.845816947731235,0.0137059709420419,0.719440415303344,0.3290992513247979,0.0420294993226284,0.0185646277181699
02500833,0.157528957528957,0.3282192507705898,0.9671232718656048,0.275806846855907,0.026825105150283,0.3528751173953068,0.7851243273341975,0.5765357916500778,0.5540944412895632,0.4084516455559063,0.0065966612157992,0.0232106180231838
02500834,,0.3098610501193979,0.9606415873616972,0.0606617298549124,0.7766090701573345,0.5787202091752701,0.4876740886902221,0.0146843447450482,0.054279966929105,0.4937464123797367,0.0083588802684224,0.0384473393823605
02500835,0.0324324324324325,0.2577677587507451,0.4440612821642573,0.4223590181779206,0.5474684868702131,0.6238673939088177,0.0188156277103532,0.8102934814451058,0.7872502546725223,0.413945324145204,0.011122622215458,0.0090001117817349
02500836,0.0290238290238293,0.1569956221112894,0.4802761791296757,1.5043063313124884e-05,,0.7981653089046526,0.0664257570335329,0.1733925697638617,0.5236250205713151,0.5092691620785996,0.0190655432249218,0.0382031679846124
03100101,0.1649883226257972,0.1905514378616382,0.8957719591043587,0.0878612900726611,,0.9197592606867946,0.9032633155435504,0.6215208175316131,0.0155697225464666,,0.0094749673596523,0.0041261787675977
03100102,0.0728662353235739,0.041250683361758,0.7694313967226923,0.7688394849894946,0.0020467136441284,0.46976214544059,0.2599454295397106,0.7296704132156648,0.696830422561797,0.0020467136441284,0.0068202364674602,0.0027230472619028
03100103,0.3855148342059337,0.013364346782053,0.4250839003672385,0.7523235370742188,,0.4664387744866445,0.0070593586918181,0.0443402281784715,0.0561745589600746,0.4540046596848859,0.0924593385609028,0.0702389262505972
03200204,0.0142956142956152,0.7522912797824154,0.6794997375848745,0.3751043224483723,0.6325941303241477,0.8780202634336582,0.1479822373495714,0.8247616309480781,0.0,,0.0155306683239199,0.0001332050520641
03200205,0.0368874368874369,0.7808194359175437,0.5207581577453557,0.5673299067021258,0.7843168415681525,0.6126696731951106,0.0222974261753925,0.0591164752278966,0.425718783971211,0.5069491019202007,0.0051385409656099,0.0359670802064544
03200206,0.0321957517003955,0.1416725654516014,0.7599908456565807,0.6087821441441243,0.4793526582685808,0.9312527014978008,0.4140079591733426,0.4812911563280549,0.3701846779931882,0.0342620754470267,0.0033398631442607,0.0221058408256886
03200207,0.6521092521092522,0.919614559323658,0.1834797888387255,0.5751259358532996,0.0768233243956644,0.6359968499686115,0.0039481814849852,0.5239668637990084,0.3932246110720373,0.059299497617872,0.0173120202054253,0.0360428608286205
03200308,0.0413678985107548,0.098062694130577,0.7967802247045342,0.359224816873771,,0.8389169555109696,0.0085496966752833,0.0125399803848396,0.1743587603047061,,0.000226754179857,0.0190568470294378
03200309,0.0546529036324954,0.4243932933799857,0.8287768947025576,0.8097891221764372,0.6225300511879861,0.780825273597437,0.3891975680414822,0.5645017052481003,0.6638273408634074,,0.0269656186568537,0.0059024564539253
03200310,0.0153945240863591,0.1039778657213706,0.8923956024915388,0.5370780146582349,,0.0231405660538889,0.1244452988868624,0.2280554798466467,0.1609118997852048,0.8768568750598652,0.0134769310591227,0.0092815950662957
03300411,,0.0238644795399965,0.9191121004548476,0.6191946349461602,0.0934060072573166,0.2621871105984265,0.6977153573557355,0.0228500107366541,0.5690363194226549,0.0006485318001716,0.0909976675128733,0.0641644239504097
03300412,0.4829263705976039,0.8454088909448142,0.9068570654953192,0.4595546545845541,,0.8853540549142035,0.4476412949143594,0.6199574193366835,0.4032115851153249,0.0969924305266081,0.0269344892185005,0.0534035045152813
03300413,0.0412882065055972,0.6545733299897782,0.0379410187163524,0.3186498498981679,0.4179184514704188,0.0123150154938758,0.0802929056264457,0.0784225776552751,,0.6881262953505694,0.0028522495099948,0.0285252498622452
03300514,0.3288338268920789,0.7682647452597805,0.613867815937124,0.9234157858707632,0.2964703181136675,0.654119935746474,0.2167046971474852,0.1721601522997237,0.4476629297776812,0.2478715618458772,3.626791291733156e-07,0.0281077641452958
03300515,0.5269020458223846,0.5618044346606108,0.1462479134766378,0.246014321104351,,0.4110841848795192,,,,,0.0130099928752691,0.0540142304708133
03300516,0.3335991575991575,0.5066957620394468,0.8986567339669946,0.9267633298131188,0.7775200231706098,0.0240846502141195,0.4120157873467037,0.1498168665444195,0.834470036282522,0.0282738143220626,0.0135871727275963,0.003763866389244
03300517,0.2757510123363785,0.4327241712434719,0.5885358865663133,0.0628211518663123,,0.5523338879700079,0.3472766706487618,0.4500867653130651,0.7664777516748695,0.269403511947431,0.0496161080610269,0.0017220509041968
03400618,0.0690470743675101,0.4765765630606244,0.7027629098037391,0.0001568022983767,0.325504392536499,0.6122305029149615,0.4769017589165606,0.3470754453776952,4.8703825499485376e-05,0.2965604497331684,0.0125683555278038,0.0314984424493215
03400619,0.0810810810810812,0.899592924659197,0.824247684587512,0.5722666908446987,0.6012864155247117,0.5649903091767634,0.0840892542246509,0.0024892601102965,0.0869272234924615,0.4669686054632741,0.031244316562132,0.0227192260986579
03400620,0.0554225345592254,0.6202458492686025,0.1133376736750473,0.027817540272884,0.296497204751852,0.6082045081142261,0.1420698623139543,0.231093656506107,0.0590655808898675,0.2310367582301409,0.0698185131659774,0.0520910617743652
03400721,0.2889434889434887,0.080610451332816,0.8294111466929255,0.1819825650178141,0.3397600678242217,0.1915998679285659,0.5991388986159444,0.8112989084301381,0.7878566499557446,0.6902176459290391,0.002545056067047,0.0222011610056213
03400722,0.0412111359479774,0.8764409858713845,0.957602251148728,0.501486887539481,0.2424787362262819,0.5296069088055835,0.0264183839933607,0.2983439689954297,0.0032155774045344,,0.0011375114150077,0.0101746092314544
03400723,,0.0745233485141841,0.0032164375222816,0.8660907215096199,0.7249651723420817,0.2014522489747409,0.0124410576134006,0.5308068171323248,0.0037114527957696,0.7249651723420817,0.0009099276628093,0.0227276823944634
03400724,0.0033628098144228,0.1474463051255593,0.823522886222539,0.2162320600242677,0.4217504313319337,0.3005090825412496,0.5077397896018689,0.4333090646404304,0.0215074105592595,,0.0529001002503717,0.0217422809820651
03400725,0.3432526603258309,0.0815635576691905,0.5915200426902976,0.1275070297260216,,0.646101567445301,0.3021331200524579,0.0001141095196546,0.1575289575289573,0.574595100877175,0.018049086285247,0.0259014598037905
03400826,0.0018954018954017,0.1932738014079793,0.8954293991909417,0.9561962767751492,,0.3775350156522514,0.5984033081704473,5.062747340733864e-05,0.5799067007601967,0.5120860122664729,0.0291845662030939,0.0433790336046234
03400827,0.3590733590733592,0.0889882173145957,0.4680259461791802,0.5125596748852612,0.0164632216717824,0.4888588178938339,0.4209103424023025,0.1788236379987146,0.1171187044539178,0.0558411392199228,0.0065735972592303,0.0320795318956818
03400828,0.1274673169410011,0.3701153625523539,0.6623727038657226,0.1917192942640023,0.0365436514328745,0.9098928407529432,0.7083329088429393,0.1578537253247509,0.6608404004148993,,0.0056603613619687,0.0168962489237435
03400829,0.495281587005725,0.8098639851809097,0.9344329815071308,0.8986677243334199,,0.6064685396577862,0.4930727121597343,0.0001079413682325,0.0042025057658846,,0.0381051610717749,0.0489090703512662
03400830,0.3735793924130856,0.703650847352989,0.5784889315099517,0.2460636546918516,,0.4659227448173783,0.6610879857751841,0.489721585759695,0.7074945547136238,,0.0521313421133206,0.0293712379815904
03400831,0.0413678985107556,0.822500431349203,0.004315657235545,0.6866061397943883,,0.4566967564876977,0.8813468745336649,0.462105196531426,,,0.0648788927335636,0.0067401238463082
03500932,0.4435267093494941,0.3142689208064128,0.6352762415253653,0.7548238998822394,0.636147015606056,0.9562397446912764,0.9260578841696852,0.6953984515800521,0.0200047551625799,0.6639946832471548,0.003976754994627,0.0394820435927265
03500933,0.3590733590733592,0.3145939950871282,0.6000597317174519,0.1785068951656879,,0.6191531665921007,0.562450001318106,0.0333907034668033,0.923137130644775,0.2254695784613917,0.0240408693923445,0.0179096580746092
03500934,0.0067707459011808,0.0426501046845934,0.9310439060382484,0.9552370609582128,0.522799422742053,0.7130971291220236,0.4496428495102673,0.3987513710136093,0.0181794691201044,0.1974789354260687,0.005330959511371,0.0355571079468772
03500935,0.0743886743886744,0.4205657147797266,0.8127745949762691,0.4695001690561854,0.1575224467311436,0.3724768387791782,0.5136520643781914,0.2331418411854747,0.3916599626657419,0.6592153094593949,0.0953909084683491,0.0271366756510591
03500936,0.068301887463564,0.1503001582363961,0.8416609742046568,0.5240068211428857,0.7064310702755978,0.7182874011022515,0.9503256131292672,0.1458793245588974,0.1212358039699933,0.7457855272648788,0.0308301516928078,0.0156520230730298
03501037,0.0810810810810811,0.7436707845324149,0.9123766898688438,0.9198278780652426,0.7315562821107833,0.4023269372773044,0.2326760843648994,0.3569663643663631,0.6737427941494687,0.5831634959294952,0.0152551981131521,0.0328767792585792
03501038,0.4342496751614927,0.3813097324387571,0.432043982010184,0.1084065385537956,,0.8092188088901326,0.7624928647749228,0.3152333831205184,0.3378806955325915,,0.015187921733359,0.0119221350481145
03601139,0.1851886783184491,0.0367460385800053,0.7660249417099569,0.0212818493335148,0.1127202681386257,0.8893794097873422,0.6891052922080992,0.0082370890229074,0.0265470136965341,0.0362367103932804,0.0566525543935949,0.0144866420150331
03601140,0.0083397683397674,0.0473171583736663,0.8878191888912974,0.0245499338181444,,0.6455488548275949,0.3478452499055858,0.002216314172969,0.5266248013727999,0.191418257579321,0.0008087339345885,0.0192916008769133
03601141,0.0001490427225135,0.1822102431325595,0.9167923531570146,0.3961389884191243,0.2020322270695614,0.670584931038605,0.0235244085875436,0.0083689462304051,0.187659017197444,0.0252046874866093,0.0080370585568949,0.0142119207068788
03601142,0.2270270270270271,0.0232999497180764,0.9710916376255022,0.8529437098843161,0.733808728538106,0.448242084607365,0.0020786460870735,0.1001831035197449,0.7746067040007075,0.5819365237730895,0.0140740197830788,0.0175276824012421
03601243,0.0661886376172089,0.7183774628071979,0.9464905767439732,0.8857740755197093,0.3757440770662483,0.7327357076064572,0.1546419079391666,3.0171309617466054e-05,0.1654945253102913,0.056925036063479,0.0257312581820355,0.0286281031562548
03601244,0.2677453089399537,0.0380960107272551,0.8624363056274176,0.1587904503768429,0.0064537717765833,0.6614513071174275,0.7664334327545137,0.4376433746442086,0.6042252237488912,0.7058696576402392,0.0074889252375394,0.0183783593276231
03601245,0.0389911247054101,0.1280063426142091,0.9674857843955644,0.9207480702582476,0.094709289415036,0.3482560553263913,0.3699156522807617,0.7362184354787509,0.5305502335563237,0.0947151188181749,0.0064627152843657,0.0181537017193184
03601346,0.0810810810810812,0.0006053022613637,0.6033159483689472,0.6952215025772585,0.9172053776407614,0.7439631234763475,0.8739043343603518,0.1154800527769658,0.3261002025906206,0.3494778910960555,0.009787452633108,0.0067635188886081
03601347,0.0870714870714867,0.0618528227428776,0.9747272310388456,0.546957670150052,,0.3364469414605362,0.0989106547795199,0.0127369426571338,0.8610929159306135,0.4360317378681074,0.0008698078029302,0.0304846278027181
03601348,0.0863761720904573,0.0260422858572798,0.930302513756965,0.1340121464581151,0.104599448035671,0.7000318281026805,0.0933933285616742,0.018960673409875,0.783951055426397,0.5110750960132786,0.0062681571521083,0.0195793715218679
03601449,0.3610201639037893,0.2714638200163899,0.2223912726412941,0.7520621458228938,0.3922132497193615,0.5490551199697524,0.0131855394914224,0.0421552660414276,0.0512343451906975,0.7638881315249754,0.0028630696734895,0.0248529099453045
03601450,0.2006293024086609,0.5103937616550035,0.7124412356819572,0.7758528366469285,0.0194095177661872,0.8746507661419196,0.3822854740140724,0.4327084087753078,0.0713095906726108,0.3033373784654163,0.0974158882094564,0.0367281235234662
03601451,0.2512269057723604,0.0013632329018204,0.7153240823254206,0.0054718387525386,0.8680767808607737,0.139017469281855,0.0445872092046389,0.2220783665466732,0.8328962120308834,0.0722455459076985,0.0035869136323095,0.0188684402983698
03601452,0.0821458941841979,0.07338647624827,0.1385771309540893,0.0795606814744213,,0.3499927601422052,0.0602420800042845,0.5111876782601282,0.0024706489262679,0.0775216163757692,0.0359232821161142,0.0014734433664606
03601453,0.0,0.6091363345311354,0.5055858436691936,0.0304795474046174,0.4731123167526452,0.1784129601089062,0.6009332760399008,0.5367730075820671,0.2074683695070038,,0.0197969904307069,0.1551522672529012
03701554,0.0032432432432429,0.2369591689990426,0.8803438228729741,0.8086671573571811,0.3461977273823695,0.8666468069252022,7.801783916661087e-05,0.8447359213961607,0.5661939639527926,0.3499879264235811,0.0003339515060428,0.0527481011724708
03701555,0.2146190607729068,0.2374874235024253,0.3045504105946183,0.4364675243832961,0.8804497965207204,0.8089670244328111,0.1675179489082467,0.0489674566183504,0.928902092623628,0.140417712996473,0.3144285205511596,0.0116510026261353
03701556,0.0267090620031804,0.0036397531634573,0.7582142537187264,0.581726666969827,0.77372630327943,0.7106179024600563,0.8786034464304474,0.0828076956617861,0.8159707987252567,0.0085236427403369,0.0002450401168496,0.0080932576049361
03701657,0.7297297297297298,0.8047821561659927,0.2964383099522454,0.1846393664036495,,0.63270060223268,0.0090475004205267,0.038181101813342,0.3617079793005491,,0.0132470744865793,0.0041404177875735
03701658,0.5189189189189191,0.041681600219864,0.9664535665241054,0.5067112257562649,0.7702147205626066,0.7915233667625274,0.4706348477611534,0.2062620790466046,0.8979511229236505,0.3295788677856751,0.0001497318532492,0.0368217606495132
03701659,0.0191285162713735,0.1437099810464479,0.6152367373681036,0.9420804504446916,,0.0783678060536692,0.0208391622876367,0.2068482302663695,0.8290487462224949,0.9036395233351188,0.0004524972351992,0.012994715690017
03701660,0.2268786731840919,0.4384888885069458,0.8832650735720703,0.4926642529540934,0.0001435971411722,0.47149690243595,0.0234425406273706,0.7950694917264177,0.4108920665335396,0.7003663841673669,0.0123670706520884,0.0366679147257058
04100101,,0.0008417148602455,0.008506510635137,0.6762377918274629,0.8782444682361439,0.9241280592157466,0.3969695634595866,0.1275281312157989,0.1726656469035267,0.2043585749951547,0.0236477714952612,0.0204161855284302
04100102,0.5272805272805272,0.3864946636516896,0.8330391522234439,0.1987386816202908,,0.273083637607651,0.7287947041469071,0.3941044095730672,0.0121603573629158,,0.0736271106072116,0.0124692420266107
04200203,0.1759265000140905,0.93128992719312,0.8659226624838775,0.8277412922607837,0.4894627657776055,0.5713200467166315,0.132150005453888,0.6402709267275839,0.0,,0.0692900878834783,0.000241330987806
04200204,0.4094184172924329,0.8463361394167344,0.505398726498437,0.2250293184464362,0.4353845963129427,0.8552277036429456,0.0549181018402421,0.3393651857480372,0.0032432432432433,0.079884480767712,0.0126652837729337,0.0145480115941419
04200205,0.6635143982531704,0.3470328913648388,0.9433026186827282,0.2591367742660122,0.8940505584943238,0.0250597483474113,0.1262905517495743,0.7522552095892394,,0.7645915236757271,0.005273191310847,0.0033787884514777
04200206,0.0005956977385546,0.0001670498058331,0.7975817008403345,0.8255600743516633,0.689441113976013,0.6976001697251591,0.0683790405521548,0.4652767172319124,0.5914545775010892,0.1354253011679449,0.0157857386531603,0.0354274751830646
04200207,0.6671814671814672,0.5919888459817843,0.5217576532988228,0.6977662553520189,0.0126746462484865,0.3628429221672459,0.2766142981614305,0.1199830714420506,0.194477351642787,0.6123278531022709,0.4031722759776572,0.0033605633291907
04200308,0.0362750066807346,0.584311081584716,0.8179447656969807,0.4802223371081794,0.069014668812685,0.7393087376290345,0.7173158457389801,0.3697454080649455,0.4413436776334122,0.7964320593631966,0.1487803436267227,0.0574725595300632
04200309,0.0980595341885659,0.2824590915785445,0.5167741833488806,0.4096287119334645,0.3617171774383195,0.1445501066383037,0.1566525422573559,0.2405954491956318,0.1386401808551732,,0.0072452314782515,0.02432714932741
04200310,0.0620149440293323,0.6746936360846474,0.8749124669331076,0.4875185369760358,0.3150014267812043,0.6338914262979851,0.2317327168299064,0.5935324982221071,0.3519963302576452,0.7767633063497297,0.0872162225134312,0.012134673680364
04200311,0.0167258687258684,0.3439112753631664,0.7819541780890937,0.3865219195199429,0.2468807248283014,0.318216236595975,0.0332216517783913,0.1599418596392767,0.2392110259511305,0.186997848242401,0.0081137030580036,0.0155718760881662
04300412,0.1839405659119222,0.1199109096423146,0.6653916861751097,0.0249733638539562,0.3041176464382603,0.9164924688058248,0.3210449739725483,0.0032117388400824,0.6608972434163358,0.1003083549819132,0.1074020471683034,0.0103161708734695
04300413,0.0018532818532819,0.2471852418047407,0.9012380035177806,0.6071067782051882,0.7586359185906905,0.4947987759099151,0.3028696412219386,0.8795080398063643,0.3302664541964699,0.7529289994859261,0.0717961278063518,0.0221565707999633
04300414,0.028957528957529,0.1954067354631905,0.8771499789613754,0.9098300318035136,0.622591050676691,0.6496944130912163,0.0095770716872817,0.6998636453114007,0.1465748842020108,0.8004359234297688,0.0853713381964526,0.0091116025836495
04300415,,0.3472821945191727,0.9101804038495396,0.3441444394498621,0.5918039657993142,0.5575996245671786,0.5628034582315925,0.6613924625123502,0.072469122349325,0.0028029966928391,0.0414861307413387,0.0146013491083026
04300416,0.1632998642574569,0.1005984412218952,0.8079391349265727,0.0433837039926888,0.5035585840791316,0.1286893150659863,0.648157347010419,0.9555734270504233,0.1528444820984918,0.6923762666331719,0.1768351109627739,0.036516234022035
04300517,0.2606177606177604,0.0027968273870526,0.7526333688713217,0.450546793026953,0.7167699064188484,0.6988888089496268,0.29735077267994,0.4762817048772834,0.7851869284308725,0.6781558340648632,0.0489637357038527,0.0141356553922634
04300518,0.0482149989539147,0.0107235306342913,0.4672000935289445,0.4956036481957877,0.1826370946711806,0.718053847083735,0.7374613052401218,0.2757117217651367,0.2633820007028266,0.0131326226023418,0.0050538335109374,0.0153842315773211
04300619,0.2781577495863216,0.3459560995998103,0.6535530837877205,0.7145187415695413,0.8342927020776436,0.0114907413201692,0.1333853041460782,0.1301065050762633,0.7486349916049482,0.2506239334092321,0.0549324124489571,0.0212010485959925
04300620,0.1628923291785449,0.3896264565006234,0.8731174542100679,0.861806827434499,0.0596205602695061,0.7829193398856955,0.22308441867548,0.3513757385262068,0.6147653095539467,0.6570805287854606,0.0179802605951603,0.0010710810524942
04300621,0.015530634623713,0.5541050348920986,0.8030795223320067,0.0933320097543085,0.6474021058132133,0.5575725676840215,0.1105371672180882,0.7609367717841622,0.1858069473878423,0.526164386665199,0.1235577947996071,0.0246109298244773
04300622,0.7297297297297297,0.5944889036243937,0.940028297238661,0.1653376967417343,0.6522755727575833,0.572483333254144,0.1406001101998872,0.2008639285378752,0.1462966195964384,0.23096098892605,0.0777178335848286,0.0101603597140574
04300623,,0.9253691634944448,0.9423223405615198,0.9048268392104132,0.7772563247026335,0.0050526131623789,0.5205575402202482,0.1671644782031178,0.0010294877100089,0.60521756982446,0.056754477127464,0.0202602834880621
04300624,0.7482625482625482,0.3809501122414426,0.9252252023131348,0.6625145834037525,0.0973434392022186,0.7426940022731507,0.0030424719197585,0.1834505712420552,0.1871394327026566,0.5156911141240021,0.0874788479058115,0.04086981981646
04400725,0.9497311608007196,0.6918807368842078,0.753671269860476,,,0.2634887252261468,0.0280885807127353,0.9191171524710466,,,0.0105211903290445,0.0008099706625303
04400726,0.3395510240894001,0.5250596715290815,0.6702168519607143,0.7951694794904411,0.6725733875083244,0.6887102170202105,0.6134348192162983,0.2500049484236049,0.1606555702287678,0.7481563633211057,0.0508894872957048,0.0296739796673939
04400727,0.0784919373154671,0.6598877592879118,0.8531153684096474,0.8637207026339968,0.7906274863690621,0.6147495042272935,0.6993299844442236,0.3624973253330379,0.0267485478779545,0.0673863944904878,0.0383693720314755,0.0007594331171685
04400728,0.0227731490889384,0.4495371192764055,0.6800590862901785,0.3760493613041743,0.0626175703785857,0.9110630086140792,0.5047504922900806,0.0620923801783654,,0.9558274951577111,0.0067371560417761,0.0030028536072006
04400729,0.3633461305314198,0.8859556692955115,0.7521704306325417,0.9126903892125712,0.4427065532784402,0.1480506042760093,0.6266610834923079,0.2864433168712641,0.243281435760959,0.4781573055057638,0.0837460157989826,0.0100100656370559
04400830,,0.899768709486435,0.6259683392456523,0.3115105638776769,0.5213527084505618,0.8167681762482033,0.9097110435026676,0.000905717631275,0.5200569208421615,0.3803026225691365,0.0645932444497534,0.0142699680705968
04400831,0.8668370931024829,0.3313500671983345,0.963549238321878,0.7799850591788496,0.9080186972595048,0.7524657876816989,0.5964530216854625,0.2322003132344815,0.060329544836587,0.0329724804082836,0.016091342995866,0.005313350001132
04400832,0.3590733590733591,0.2838637716959871,0.8908475735758885,0.3147179871971621,0.6943287773937543,0.0278285494176924,0.000345241330681,0.5607643248612073,0.0204899159348961,,0.0738822042382143,0.0351334032308168
04400833,0.9004612703727751,0.1162733679489541,0.7574301836899466,0.9004058551494192,0.5550299794768085,0.2215909320832948,0.7604456399578854,0.8256520287746815,0.1722625482625476,0.1426368695133842,0.0027270759984759,0.0147094356512947
04400834,0.5408796577752184,0.0003447723082932,0.864385138424584,0.5717954569921309,0.9481113029262416,0.0420809247747747,0.0853966764045589,0.6256818983295787,0.2385381684205214,0.6678077997504801,0.0194651486471632,0.0436886542499194
04400835,0.7482625482625482,0.5352936261245083,0.9494184394887734,0.6302375569322239,0.500375826774966,0.1228020392605609,0.7768512601240776,0.5643422631543529,0.4617085327230036,0.0654818709415318,0.1681664540748436,0.0463114616055256
04500936,0.3590733590733591,0.154546822646394,0.94501456814218,0.4866314317080805,0.8108057178170498,0.4166032334361315,0.0348964458477448,0.1441151012870315,0.2748378562496492,0.0955665588883731,0.0308977298122368,0.0211837197536182
04500937,0.405446773303916,0.6517741716541494,0.8447002193392341,0.8326745507343437,0.796071161094192,0.7493515236513071,0.4482818899239861,0.4780388591087985,0.303107096325828,0.0002126756445575,0.0272515648596148,0.0284951425552469
04500938,0.2296900371666727,0.388968228191382,0.9209916071631998,0.2797324310339497,0.2008782966430049,0.6410437725391476,0.3613555360021951,0.7233158102977052,0.4801655886750695,0.5689572149210584,0.153155477098249,0.000260192534797
04500939,0.7505791505791506,0.8402248934334898,0.4602469785218775,0.0090248961929148,0.3619505300314573,0.379431708932553,0.3899730980243505,0.0243426548263253,0.4962897016885461,0.0766385056612017,0.0212169217306043,0.0141906339385112
04501040,0.2965250965250966,0.6044012687708857,0.5525051200471356,0.7878953929797727,0.5217643834966995,0.8692459629635608,0.050607530491245,0.3115186809118292,0.3014361270950968,0.4383075015500907,0.0014715831416012,0.0184840594789496
04501041,,0.8254294276996588,0.7283209717600272,0.230799050200415,0.6645056211505682,0.88407558423536,0.374355757041335,0.6387063155567154,0.013847700687073,0.8144613620426648,0.0013424159887457,0.0338874481371714
04501042,0.6742552394726309,0.9356826419899004,0.8822283280786082,0.2306270895094332,0.0388485319064257,0.90821442014508,0.3453905331493643,0.0180009954467307,0.7761283716170961,0.2980550482086818,0.0018338034050494,0.02303658961526
04501043,0.5189189189189191,0.859493429857566,0.917088550243246,0.8544454942533546,0.7684645783697288,0.7195867628969452,0.4992921831812604,0.7321816507267465,0.4349555380953676,0.498472867552596,0.0588214782493855,1.1739543596456237e-05
04501044,0.1766583592670549,0.1059942187032441,0.7378060526807945,0.3950368025357437,0.1773445065139628,0.421764376197523,0.579948555528099,0.918329944754112,0.7958834977085699,2.2791388833987014e-06,0.0753737292038351,0.1036758377150748
04501045,0.6671814671814671,0.9097265264716414,0.7898633693796852,0.9225666290528128,0.8947247437118386,0.7549077268027093,0.0102462470783273,0.713770872690461,0.1939811689175486,0.0840993433117195,0.1331853417496322,0.0048649060959669
04501146,0.4839977171934232,0.0032466777429163,0.7626983684893414,0.8352769090647384,0.5252664028901539,0.6013635624289799,0.1258716473696266,0.0807281797094374,0.3726002533835267,0.0348791164977243,0.0466761657199995,0.0160003314876376
04501147,0.1922623922623925,0.5910092372115514,0.5722490523947261,0.9089577394530596,0.0009442616608219,0.4168605095289053,0.0340167692447193,0.049037419219246,0.3484187377163101,0.0787021898124095,0.014534696691553,0.0700488640665198
04501148,0.0499459459459457,0.0616648397448699,0.3834677783651135,0.4536287302127058,0.4961409673591472,0.6004344408210278,0.5216723374683627,0.5007795305653334,0.4972846300330699,0.8060111197148939,0.0418507781193402,0.0294275087183991
04501149,0.051227723148905,0.3725393215874967,0.8171846446327956,0.4246252671241526,0.5181290817340766,0.4182768807826532,0.6574236382501198,0.0386214653402053,0.0079625747773,0.0660706072789281,0.1610930214017883,0.0253064340318899
04501150,0.2431925004797794,0.6868943958036378,0.0058703755374673,0.4989621547001638,0.2688379732374164,0.5261756700410325,0.5952619780347268,0.4093148498929477,0.1844446914470501,0.1763110189547231,0.0079494727289727,0.0009661182359259
04501151,0.72972972972973,0.2933437226946684,0.8807634965660662,0.8502824385723023,0.7496012440980127,0.5450100269441748,0.2585485436921779,0.7466722583526396,0.0431237386050582,0.6180029468964787,0.0132471102433922,0.0339282871448292
04501152,0.1437241753031229,0.450060331678075,0.922465958620198,0.4574305926012533,0.3999189237003986,0.1055974648282964,0.9540298725450728,0.129402937132428,0.7410165321023969,0.7394909325441513,0.0205247763258163,0.0130382933984265
04501153,0.0413678985107547,0.4151825646238789,0.8070983610877773,0.1635016585028009,0.0023741736161571,0.248633414048404,0.001147032695097,0.0319634105372059,0.6119286894332934,0.8983099931256943,0.0682636634320691,4.155915486647732e-05
05100101,0.3168809720419963,0.3182840350668469,0.8353164729530633,0.5631159509480763,0.6249405247685849,0.0094011841963366,0.7222809274600583,0.4954275159246198,0.0275505474319786,0.7439388402362951,0.000389157365175,0.0253730086158898
05100102,0.2772863605481632,1.0047746695773796e-05,0.0009316718336892,0.231486968189135,0.6969306730282363,0.2212538859464692,,0.339673111953148,0.5259498807269507,0.2960288338725814,0.087540810597042,0.0665865277417497
05100103,0.1401544401544403,0.7252990143181728,0.6810045988217543,0.6368739051566755,0.8700514205791728,0.4521423112200915,0.2366343223967494,0.0229537815186084,0.3391840745616487,0.6589585987684996,0.0216418303550748,8.635801490508577e-05
05100104,0.296525096525097,0.1688421306547718,0.4764501667274429,0.732640213785932,0.6130254648732445,0.6920929242817511,0.6833707250995,0.475847227579841,0.1900896992868332,,0.0847579056034503,0.0349123854468373
05100105,0.1011433859546239,0.7095951929471529,0.0003405764500551,0.7414137041036879,0.5842683530132257,0.1155833865822683,0.0703032001700414,0.1182449682318033,0.6031966868286485,0.6276810672791047,0.0010343602946759,0.0283198378311565
05100206,0.0841934628194169,0.1228211125738885,0.7702144601813843,0.5961504821188973,0.7223456641511949,0.333523027826781,0.3169464214407259,0.395067397640465,,,0.0082652430675811,2.66247858186075e-05
05100207,0.0035632658932481,0.1003070102588995,0.5200366142062225,0.3437268092823464,,0.2683984280796641,0.3780750515789168,0.4143444677168091,,,0.1448024225496185,0.1122506701657026
05100208,0.2477300076948891,0.1995013466981513,0.3105937964162005,0.0905463711127934,0.1690956615589951,0.1228471381990353,0.2861175425473207,0.5021773627802029,0.7854695156126228,0.8462102981051285,0.0149289012360644,0.0101135155709235
05100209,0.711834905952553,0.4557808227619345,0.5544799222152815,0.6507659766416893,0.8694219768344931,0.9486302495491434,0.0283254012294587,0.4904956557875806,0.1764334085176767,,0.0020897896759539,0.0019857174273376
05100210,0.7505791505791505,0.7806101829775756,0.9001495525008096,0.3173011120435328,0.5964675007280297,0.873983172700707,0.7756685217215449,0.4767273828413144,0.7343267926460673,,0.0259777851122312,0.0088721229382164
05100211,0.3945885142735534,0.3664140561550942,0.1834047197186176,0.5543454641686227,0.5590272679276883,0.6831916885580944,0.5449366944431782,0.3292112703656868,0.7618941511273509,0.5278371503692756,0.0232871215622951,0.0234950195211989
05100312,0.1395412218941635,0.3143541029247144,0.8802142570453176,0.2490320053018569,0.6532297761093018,0.460805207387331,0.6114221059901102,0.0002836845520463,0.2269010193696384,0.0366568729485,0.0013330696515649,0.0695690241202721
05100313,0.0104247104247103,0.0668010931356549,0.0160905904018844,0.8621777743634951,0.8612319248586973,0.620172190237888,0.5668431398948856,0.1071376957048878,0.9290946468327476,0.4162693295602149,0.0148487815926346,0.0155397679381429
05100314,0.0523248306854867,0.5766763567764052,0.7846836724410585,0.0184398433735504,0.001933877362752,0.2358638978636952,0.0846914764409869,0.0875356321083032,0.306441075083722,0.7732644853232243,0.0049728217647644,0.039945937521986
05100315,0.3577909542195258,0.877356505713858,0.1204169594784336,0.0114054677768976,0.0698833400581103,0.4207193889594983,0.3878446861878882,0.3322783984765465,0.5537059846164395,0.0254533172433742,0.0543374866937172,0.0161567080676873
05100316,0.1617792526883434,0.4153079514724644,0.93333675685743,0.51636745795878,0.3768181158183823,0.0002327413019348,0.2098908685175369,0.0006580583492835,0.4637862327788838,0.133500126857269,0.0043325591486749,0.0021695447778754
05100317,0.7643594368283535,0.9459797164321356,0.3361641307831471,0.6789808844539094,0.1498554653111451,0.8746002071958778,0.7879221383851012,0.5521105798641196,0.7349650638515062,0.7029509218853034,0.0010247290760806,0.0294977866854666
05200418,0.3255582326078409,0.2600219411277472,0.4302112514785596,0.6774486204675217,0.2968717725175782,0.8720909668639647,0.8474288644800902,0.7978463539686118,0.6810872533609317,0.0234808984429415,0.0303429778675942,0.0448702979313746
05200419,0.8547810611176948,0.8779576683579708,0.1468105467683294,0.0459522133166648,,0.0076195825793403,0.4089526941763994,0.7568791561291409,,,0.0214220695452593,0.0152444230132949
05200420,,0.015462217185576,0.4373376917529959,0.1207924745103057,0.6127311534370219,0.0181259220093265,0.1061667411573772,0.395469420838396,0.0169583690157055,0.5597072276436825,0.0639266172293051,0.0068253027709025
05200421,0.562934362934363,0.0128354969498469,0.4943658975607941,0.0891227999797256,0.8067841970706339,0.8461464059385846,0.1809703499243627,0.7303000355422857,0.5615505586269705,,0.0003162144161846,0.0426664490001731
05200422,0.001495785683194,0.0382018481505201,0.8657178102555338,0.640468956425019,,0.0063677780480807,0.4157538488287308,0.8094603020564286,0.7413127413127413,,0.0862369017281,0.1201989971029651
05200423,0.0240290710878946,0.8281812796327824,0.3125924835883805,0.0548489290064907,0.0548489290064907,0.4756615855351438,0.0021023101441777,0.0404654446549499,0.0517000711148414,,6.808779419853472e-05,0.0071606834610792
05200524,0.0586433542955279,0.5763234074968253,0.7521384479318108,0.4088659012781216,0.410849461994322,0.0123456675945308,0.64448292591748,0.6098313641437018,0.0595511002452747,,3.873385757691139e-06,0.0611124894886995
05200525,0.3486969111969111,0.6926775237022537,0.3704881966661728,0.7040612907951161,0.0617741021398977,0.8765595931263134,0.7060971022123677,0.3216369433336775,,0.1251595347550889,0.006764898139888,0.0227671207545332
05200526,0.619599406696181,0.6920902292195092,0.6937935384764211,0.6631035947843984,0.0112462856500882,0.5197574826081877,0.6776413372985557,0.2108656899493427,,,0.0228991898104995,0.1312803884688352
05200527,0.1916922315517573,0.8191677621745587,0.9472126890079268,0.4860774046942903,0.7598565141082946,0.8436781633889677,0.3993856225769212,0.091394470058566,1.7248162749505802e-05,0.5512048409879753,0.0180816528204313,0.0246282934582241
05200528,0.2720629169329579,0.1944408126248903,0.0005388513760395,0.4532158780036438,0.6940643705313312,0.8551270641422476,0.1291629508420154,0.6800224887358499,0.8238024427560902,0.4123283470685059,0.0064677821428728,0.0364561550541046
05200629,0.3590733590733592,0.0497676367385147,0.8416680560543577,0.5631160140115863,0.7850024975953065,0.0001068294856314,0.4689664248335122,0.3226558352058751,0.0464316889124496,0.3784968438276421,0.0293847528975718,0.0048849903751387
05200630,,0.4179229499990347,0.846933518014019,0.1110169749854149,0.7171911685424706,0.2875217718939252,0.0426122660225478,0.1392824512650365,0.1552184124013141,0.4426638864216184,0.0092614112964179,0.0318908944889644
05200631,0.3590733590733592,0.3065209081685078,0.8553543644290849,0.6998622163705541,0.0955458632613566,0.5063410691605954,0.190300942983248,0.118874296298278,0.0523697814551837,0.3768243646068864,0.001410238825822,0.0099818090404759
05200632,0.3836756756756754,0.8831607998040001,0.1143976655129711,0.0879953954611405,0.8356288018111281,0.4425113916488166,0.476321181064481,0.6619534225968643,,,0.0069338498305699,0.0374669448770743
05200633,0.6486507096827381,0.5043949292176779,0.0310278064088025,0.5098307610881225,0.3132831342818158,0.1428740438657013,0.2769990585147137,0.3683280372440611,0.7800998771614054,,0.0243634465299493,4.7118194091644305e-05
05200634,0.0186025490373314,0.55267997714018,0.2207238288502396,0.7017241632699316,0.7566054822373217,0.4926521738935661,0.6486333144366365,0.3977476205885744,0.1736188087803694,0.6388482932817909,0.0278948439136138,0.027739836554061
05300735,,0.0015459279834797,0.736101240044089,0.9492958734008168,0.9492958734008182,0.7825700214999387,0.8153901338973081,0.1710714240961205,0.0016547159404304,0.6292066965834078,0.0496968466024813,0.0186928855270451
05300736,0.2293436293436294,0.4449738489444143,0.8939570041179675,0.0422243990351907,0.1439328011497015,0.8339176653416457,0.1444978499035443,0.0353290207536829,0.0626990338737284,0.0007332278757365,0.0001407066980144,0.0012844122191417
05300737,0.6370656370656371,0.5959127301245435,0.7603889892964553,0.7620632539844769,0.4147726235102333,0.4798352026707231,0.4152138025052813,0.4605324915708729,0.0411919836229824,,0.023001724501142,0.013594774191364
05300838,0.3022081032207614,0.7615711450895051,0.4337132839520187,0.3310334699946037,0.8580271231392645,0.8144867485714602,0.2578829199435015,,,,0.2181072423480129,0.3587311145680326
05300839,0.3590733590733592,0.0553678039091261,0.8493005435829885,0.7194256146855036,0.6056796170000454,0.01094309101735,0.8534934039059362,0.2035231171649965,0.0933556801998881,0.9099841502360894,0.0119670095841258,0.0161242995456574
05300840,0.0559780994563601,0.3995991979094863,0.8808129458160581,0.6537868412610648,0.0937009527793205,0.8330800156692306,0.0171752222988791,0.2341523418039752,0.1561950844594064,,0.0579089963349065,0.0026121480310881
05300841,0.2839789620891981,0.5017727837602795,1.6985362507049295e-05,0.3184989598423059,0.0002640091609914,0.5761234494146298,0.011059813241618,0.0942008914439301,0.0746953243336974,0.8747949913247534,0.0010064365024382,0.006604425953224
05400942,0.3136297184840881,0.0570104255366955,0.7822897828983402,0.198038360322192,0.7889316076359023,0.7880070281091469,0.1763055145768163,0.1030959143542393,0.3560635426521915,0.3398829766896046,0.0157834854948211,0.0229669923032336
05400943,0.1586443586443586,0.6581243801252554,0.5348141433443941,0.1500872256350633,0.6102102009091424,0.7914771998884975,0.1020772768362829,0.3904079930297727,0.2319293537871376,0.6345047468230063,2.867166347675365e-07,0.0008067628154085
05400944,0.145801801801802,0.1358487091199589,0.1508135763006726,0.1312710815102175,0.5876636105107222,0.9572206859186816,0.0687583054772374,0.2396330770671586,0.1582440220031403,0.0846731667405906,0.0034849808779569,0.0518215084175396
05400945,0.0698450002797826,0.4939003694053145,0.8041401315732108,0.5033423591586872,0.7723520991206705,0.0139925981848992,0.1983364291904293,0.3233089168416291,0.6671814671814671,0.0611478565506345,0.0757142085298654,0.0307563098258136
06100101,0.1186100386100384,0.8471536241732146,0.9451126057010194,0.8859719178561449,0.9422998349606548,0.5679742721054777,0.4012328716557956,0.4780230151903158,0.3334974236107338,0.3322672016412885,0.0014528841567688,0.0069119664485614
06100102,0.2023868023868026,0.7593721473681851,0.923720455147033,0.8374194251230849,0.0522333815857433,0.3968271237449081,0.4601591120863606,0.7614311295253787,0.0937609361361012,0.6727439495866252,0.0004253947242741,0.0224934202220373
06100103,,0.1634319371344121,0.8799175291201953,0.880860929759108,0.089352947261114,0.2339747042139353,0.4334120400573661,0.1921880850001222,0.5474716093236425,,0.0021343608585675,0.0156726077213759
06100204,0.404544431946007,0.0618341468262669,0.379068454255908,0.1514255167027532,0.2342469074702324,0.0472328469112858,0.2797492343053224,0.335751466704942,0.07919111998278,0.2350601997308991,0.0032271316252251,0.0159510631938925
06100205,0.0418481215617253,0.5216235451218441,0.8183636361904945,0.0113026604800163,0.7912415417197449,0.5668210203264235,0.3355988556548788,0.7809820368144745,0.8898308889276187,,0.0084853227529788,0.0474663268374184
06100206,0.0038416122721057,0.34217632535754,0.773858608179702,0.2560934792426347,0.6123280667685433,0.2354082081116599,0.3248877578090293,0.0815932678936929,0.2456195646375839,0.0381573254448307,0.0069754645295143,0.0230195778080939
06100207,,0.1093775781754853,0.8933249956982261,0.4135432110484197,0.7404539527978063,0.7927149781873399,0.2450489764770929,0.0063208390090756,0.5172919973468756,0.0109638509900853,0.0009258854312441,0.0270923141934988
06100208,0.0636072807501375,0.1671099941064983,0.4784492131139022,0.0732879529890456,0.2861972311470123,0.0701558841104998,0.5818849426836125,0.3840797503637887,0.5731322486857062,,0.0505011944247594,0.0459135491245219
06100209,0.0759365194147804,0.5280968706369713,0.0314037042051772,0.3551432170786213,0.0002130667327231,0.0367560047750239,0.8982711109118993,0.718055545467216,0.4940449160205639,0.0676501465972845,0.0180639362424837,0.0276844466699466
06100210,0.5287226389887985,0.0069604136531942,0.1015385051459408,0.0453192469849265,0.0725491248284011,0.2572959923228377,0.8528012254534136,0.0005822758073537,,,3.5944927591069487e-06,0.0192940603499307
06200311,0.0945400732144251,0.0694550070262792,0.8807864354504694,0.4105964014167825,0.7051648757280846,0.0672028155421948,0.7683081804423455,0.4221698195682751,0.0160900838506655,,0.0027974661800151,0.0310388760348541
06200312,0.5379225915811282,0.4117635989544753,0.8832208078940509,0.7811820540084136,0.6220673701135937,0.0376597904458345,0.0692935022799015,0.0150970590201829,0.7883263488902092,,0.0708574835809181,0.012087918515936
06200313,0.5173543213543212,0.499321313516995,0.1295868069811153,0.7798991032340318,0.0562925605424858,0.0347778578340319,0.0207540841100799,0.5501267797515439,0.0066166762830692,,0.0399217092647272,0.0328065944459435
06200314,0.230548411286774,0.4237753863136364,0.4979832053987399,0.066382853721494,0.538565893494499,0.7519610775503824,0.6445265733340165,0.0818217103042543,0.3392495182768353,0.7306644531623133,0.0438150380983161,0.0601776681368207
06200315,0.5739889652276359,0.4513677382616018,0.0641244657575488,0.7826650872269687,0.8771172758467944,0.8159307733809122,0.1477438166482925,0.8086887029235468,0.6148466214490373,,0.0007234229256206,0.0500982374627255
06200316,0.2950885442505553,0.4642444057114627,0.7566855556115535,0.573342357130793,0.2102628345019865,0.2684407474817557,0.0214433337652144,0.0182643406957713,0.0420298930041744,0.4126177740926587,0.1320414745197443,0.0393084721365524
06200317,0.0093312093312095,0.2152386019748143,0.7317309673289174,0.7051455081907358,9.830659481535609e-05,0.4466188091164232,0.1235800769496094,0.8215381992613788,0.8061792751994482,0.0008144313968501,0.0323365679318538,0.0518744169551822
06200418,0.9098757666690698,0.7559063063063064,0.3500402401731566,0.3212870012870015,0.3212870012870015,0.4806279745881338,,,,,0.0011534025374853,0.0291146761734996
06200419,0.3327074460110741,0.317442910142558,0.0766970584205257,0.0045993258990842,0.3683013332059227,0.7883110432647015,0.0184366493943085,0.3861476950303911,0.4540657540657541,0.0204800898085151,1.136336048968012e-05,0.0253941286223085
06200420,0.0554220256207009,0.8719020295503667,0.1792186205259701,0.3607155049315659,0.9002263228560876,0.2567314487280837,0.153307093231714,0.626050127583862,0.106511605058343,,0.0049285052260951,0.0085456316599705
06200421,0.1981304612883564,0.5787863412120664,0.732756254898166,0.7473649395011672,0.0811317857611577,0.0456108282513572,0.2124643553750225,0.2019415477916889,0.0619025721860078,0.0989685075778814,0.0226265675857894,0.0211901670210878
06200422,0.4292873944738954,0.0637293211688421,0.9009309253297028,0.9152074735215626,0.5492937707344805,0.0037157924702866,0.7984387238555698,0.5205859942671267,0.4083530252995615,0.3125905965646209,0.0068213286117826,0.010220418155295
06200423,0.360519039392279,0.4507125798323317,0.8236811555489705,0.7703401014111928,0.3272633165538864,0.0002719858476157,0.043079750549403,0.0612953555930193,0.0155112695963708,0.0763700074904359,0.0024107753034577,0.0618113092623203
06300524,0.1811414275754194,0.7744784798501443,0.9460236081448226,0.3510872800651745,0.3492210468748826,0.5314952394935207,0.0920679628224698,0.0123254873977826,0.0810810810810809,0.0282389138394187,0.0051880616805545,0.060063962353822
06300525,0.1628861003861006,0.6236763696721055,0.8476550047012085,0.5884431031081818,0.1168907481618332,0.43007108734041,0.0052525106059653,0.1680708104802807,0.4050468274500859,0.0473578746991281,0.0558859804577583,0.0092828868125589
06300526,0.7297297297297298,0.8863773905009099,0.4848720640370855,0.7407133310646592,0.6703256214172254,0.7503387623881392,0.8233718111064449,0.0755240662569586,0.8504766591941623,0.0030586496619232,0.1448085472376183,0.0042682206238114
06300527,0.0238908496577208,0.195987739404625,0.659874729591641,0.4332759254000983,0.3577192179897236,0.3955314526702671,0.8176077661098082,0.1105129767870869,0.0166795366795365,0.0065422279162214,0.0505370196907258,0.0291690413030683
06300528,0.0242093784078518,0.9254585425679422,0.8852503073404623,0.9327603882769726,0.2279395227493625,0.6358937218064948,0.4442489765647806,0.113797450793081,0.2257780879543159,0.3774077430778964,0.0157947645482956,0.0174703971044607
06300629,0.0784919373154671,0.1888496105153916,0.2728484200029496,0.7684097881086727,0.1765112588345277,0.3589581196435167,0.3120208787813875,0.6082794966535275,0.0085160411962147,0.1027127980828028,0.0118683719144886,0.0508917795549886
06300630,0.6648697214734952,0.9105341471874716,0.746468489880759,0.7073565234003139,0.5104218403646152,0.4945137275326782,0.459236595178618,0.3395699243794471,0.5641728463798072,,0.0004515781694284,0.0385870605903179
06300631,0.2667016531094204,0.7079367907977108,0.6375023866767062,0.657726197015634,4.242514090202487e-05,0.1328586353610408,0.039688231358227,0.1055602125928459,0.9228406829260308,,0.0059321925546287,0.0536833601591221
06300632,0.0346357786357784,0.1670734616886899,0.9162790538319752,0.9744044830465496,0.3655720812390888,0.483976193769423,0.2367088605439259,0.6686403698007416,0.0663602025941441,0.6628149547609374,0.0079177874727253,0.0405628652949986
06300633,0.1697851697851686,0.5672382786653705,0.9272658242815112,0.8790731520719421,0.3256153859700377,0.6591888062766978,0.0781621412681343,0.2673430967424813,0.7788174055668144,0.2298061383056096,0.0087165764894522,0.0274857274306865
06300634,,0.618124658041043,0.6397298900162895,0.5053050913319148,0.4881430054452934,0.742420201981834,0.7368332491688001,0.049576857530682,0.0858693605941244,,0.0213140127449761,0.0379602018421746
06400735,0.015186615186615,0.0070906130966779,0.9384606729939402,0.6051219971770109,0.0027950917194506,0.6867756782906045,0.0676449657546385,0.8203063379257363,0.4135641602518822,0.3021038694334977,0.0006513557946918,0.017650893639147
06400736,2.328243534288621e-05,0.1112967388542159,0.9564540128342758,0.6979907768271304,0.0644813548357942,0.7712827085648114,0.2510287224240001,0.0485265395118718,0.1180073166828132,0.1849414382650374,0.0133408071476821,0.0493627365473579
06400737,0.2965250965250952,0.198936224212292,0.5971489222185019,0.7165832517449403,0.4669000600084679,0.364662314896339,0.2766585977483117,0.0986158655912888,0.4976960266182969,0.7573694950028221,0.1348095478967589,0.0238537184887427
06400838,,0.028306311717512,0.9271644029521248,0.341484853735279,0.3043662450460432,0.6197319791159696,0.3831687586039408,0.1653673646336841,0.5910661500064274,0.7194197233338969,0.0195607104555385,0.0366202064414041
06400839,0.2965250965250967,0.0499308419280373,0.8729125133906247,0.4174313442740081,0.0548919061365515,0.1099029947420011,0.0169480767448088,0.0034431875725829,0.0185977717767188,0.5114117855920964,0.0654199158225483,0.0241755616219496
06400840,0.3590733590733591,0.5012925061935007,0.9432755086948086,0.7494063977163848,0.1364379852158174,0.2598477075998686,0.8396271893497148,0.749301320532207,0.5098478078087119,0.0005360828070758,0.000658321986246,0.0262178531122257
06400841,0.0157803153250808,0.1920001610697023,0.874365643896738,0.9162802038733602,0.8790821762104081,0.289259124974679,0.2461048984110448,0.0005841674364561,0.0223079020757284,0.0519919922817987,0.0036029980070596,0.0087374816470207
06400842,0.7329741207528159,0.7039771820038568,0.8859118598184348,0.9075662897484902,0.730034760554274,0.4117676466705772,0.6377479133852939,0.830534063502882,0.0099566088739017,0.7289287458458493,0.0749026260330911,0.0131141503651546
06400843,0.0594805867035693,0.1415750917495909,0.9353526372388608,0.0367144888153376,0.012184755494774,0.8166661663212598,0.000129512898417,0.5809088616054753,0.4894517804945917,0.1462307794125421,0.2265155405592835,0.0898074900116665
06400844,,0.5339534542399784,0.8799984400275347,0.6508840109977863,0.3717247748290441,0.790309784135402,0.6981645015620572,0.0369962563725811,0.2996102159224049,0.4820541689698278,0.0051743427949371,0.0326510827627555
07100101,0.1328314335474241,0.0824675414094646,0.4170039875177647,0.3996775415005814,0.256368245819797,0.6547928842588459,0.7271004829100077,0.3841182243662514,0.0026536368435642,0.0910989654542733,0.0212309254791805,0.0063403626522769
07100102,0.1391616105901816,0.2813886647044124,0.4720202471986275,0.3051241714376209,2.3747429000353648e-05,0.1804012660202738,0.2870866890033055,0.3738143642637785,0.693624203020351,0.9439407203399752,0.062105664346357,0.0489466088872364
07100103,0.0258665445106117,0.3847011821981845,0.8409420622609991,0.8576197732569102,0.1668663273394652,0.8315812988731675,0.0298933775406073,0.2906132164496922,0.0589815585369088,0.02476989847082,0.0575277845248982,0.0111172923836618
07100204,0.0006136554257549,0.904815132088067,0.0382045143093632,0.7873066389261955,0.7731818393013568,0.7616024607108229,0.7014982244605008,0.7191287222640341,0.0265076405227875,0.6704187743022383,0.0014747818633773,0.0002786660548871
07100205,0.3590733590733591,0.8975089180025198,0.8714011736733445,0.9298997329914088,0.019641058941624,0.5689184552801008,0.9166159661659689,0.7542939895127603,0.2444286259035278,0.0306300292032305,0.0049629825100163,0.0267366402587068
07100206,0.0069498069498071,0.4275528315434118,0.1169324667806455,0.0550890440015366,0.3056294172893341,0.0733465731860175,0.7457188443605842,0.7262788167702152,0.328368932234018,0.0010904980290563,0.0215362158121453,0.0152632385811212
07200307,0.0389911247054101,0.0732604912472569,0.9194492894804,0.1657338547279478,0.002124532933704,0.062197074280024,0.1161893860083387,0.7034389159043549,0.6857282556149897,0.0980200106159167,0.0161796468949073,0.0244739226179975
07200308,0.3590733590733592,0.4585328566262674,0.7592584086509175,0.002537024306495,0.2423100622607676,0.5553189338774294,0.5115615282020081,0.2496258716879176,0.4832562829614548,0.0293271357537319,0.0033673164633052,0.0116017335451161
07200409,0.5189189189189191,0.501588799703271,0.8777430288325004,0.699017524687999,0.6631518229689917,0.5416594940537511,0.4427706391591467,0.373822057739013,7.90709678866186e-06,1.0503192202193644e-05,0.2166727305255102,0.0359309721587609
07200410,0.8375103856116515,0.9761431185114616,0.9748981433149542,0.8917682583326371,0.8977165176018891,0.9052486669248434,0.9087113905976666,0.8619071811574972,0.3688938232311616,0.4741977780816045,0.0001905012916419,0.0033548389465383
07200411,0.3925579230286083,0.3409350528456556,0.6912918098759124,0.6890998498479246,0.2654503671588712,0.6451034512228501,0.7091010167361507,0.8954805577496855,0.5454257858536198,0.7578134286158718,0.1842573592372498,0.0665145811378145
07200412,0.6080774402566663,0.8996690681292778,0.1263276442968478,0.2914530272387843,0.3806412466187433,0.0227731083938799,0.3356434636919964,0.7402427821697504,0.8175898608331041,0.1574737845972516,0.1044844871855089,0.0037286757119041
07200413,0.1781813759766511,0.1315762568192421,0.8607247580227785,0.9025264022262393,0.0043664302477334,0.4962041691066214,0.3692270474601604,0.3845904693209814,0.265799002858476,0.6457164287733819,0.0092902709759327,0.0093519685372469
07200414,0.5148729086229086,0.0225859198758409,0.8308198334046674,0.1264751919820292,0.076841433659797,0.3639956003882167,0.0714678221171873,0.0658398565972863,0.9217862112248568,0.6798787549921537,0.0050469697337129,0.0206811880352848
07300515,0.0036690443470107,0.0959050163025679,0.6595688451153561,0.022841085712997,0.6180212984632873,0.7336007414630459,0.8392040311902577,0.8502671570548263,0.0592195318279334,0.1351711314903595,0.004288309009928,0.0303539393779204
07300516,0.2371033762011206,0.4379559961533711,0.7837325669483645,0.2850404932385574,0.0492614743286917,0.1047353191929875,0.2708708543602756,0.5696904184246341,0.0017120251713984,0.0009651317309358,0.0006840228216277,0.0149960906112047
07300517,0.5392123552123551,0.0359006120435134,0.4378682503323241,0.608323827250328,0.3496813153380579,0.9267630156151676,0.6962019454719759,0.4078669105474648,0.4577483273445591,0.855696958013181,0.0063383695885741,0.0101500058857527
07300618,0.4579683131407267,0.8787679419267782,0.0465239430056219,0.6988839157996425,0.4061240174559758,0.0057876115221353,0.7943181297166734,0.4059694679873494,0.7613676285800643,0.8270670290022155,0.0211265651537946,0.0239312225666477
07300619,0.2161549809335597,0.0062592610214713,0.7946501505728116,0.8787656241182369,0.0001846926169205,0.7547539792526149,0.4003742510555715,0.0349917919807767,0.1508428953071325,0.2816850453840488,0.0090367397198432,0.0251928407535135
07400720,0.2160793378184677,0.1444008818153199,0.9314349321607728,0.3743244022508079,0.6029569222275797,0.4208406424475222,0.3345479734578059,0.7855797364415941,0.0443890510326037,0.1943529095483394,0.0080563982771921,0.0386598321227634
07400721,0.1853281853281855,0.013678594814232,0.7461996747089654,0.0060715103753261,0.6457809126909335,0.8034475612246281,0.2023052473422886,0.2024535290830857,0.6638620879903587,0.0406774059699233,0.0117981705726446,0.0183456241763873
07400822,0.7892230944031635,0.9869881989844042,0.9132561150714116,0.6011112351384627,0.3829817159133275,0.4299021986752114,0.2594637938647599,0.2094550708609773,0.0290417154345417,0.2021925352441729,0.1622630983210298,0.008941772237312
07400823,0.0759365194147803,0.215991619629467,0.9711131061042308,0.2082582307645919,0.2150125832711416,0.3139238735429713,0.6555818375834019,0.7315085387423111,0.0762740302813401,0.0375298521164982,0.0010735054779276,0.0304913102923025
07400824,0.4610495083401488,0.2696063467129939,0.2695051326817089,0.027091491801397,0.7093585992637137,0.0514491918995341,0.4128923266195773,0.3100137266128169,0.0433466034630574,0.7527810571192803,0.0076683657287875,0.02794426169046
07400825,0.3590733590733592,0.409383324507609,0.8899329560720113,0.0070583969077506,0.1140997057765914,0.0001793008581311,0.2156524591205239,0.3566731020289636,0.0539454043231142,0.0478221588243819,0.0039788829355461,0.0210683515814017
07400826,0.1487370330743825,0.4994494341036019,0.8194684104325649,0.5163786788713074,0.6124023015057094,0.3152503970252001,0.7099559007117522,0.3673698025433374,,,0.0191197394466976,0.0385007239069301
07400927,0.2023868023868026,0.145213489608931,0.9344869859819964,0.401371724924108,0.7472544187732791,0.7343680661378613,0.4118013048012139,0.05447254824942,0.0060499948856106,0.2254166453940134,0.004323138109131,0.0068390552954182
07400928,0.518918918918919,0.3445011583490138,0.9388332165645744,0.1880637587709468,0.6585694464637208,0.3510159350358468,0.0102850631854251,0.6616014846612461,0.417332626731689,0.5584925605513742,0.0062388262756887,0.0327976935625095
07501029,0.7708892134153009,0.9098173568757816,0.9153168799460067,0.8843599476926903,0.8463307601339077,0.926570475277666,0.9323263895722494,0.8787172285804367,0.5195679855109282,0.9276475034643982,0.0806954619670123,0.0039105382706308
07501030,0.0642574002574,0.5301250852362054,0.0027741380907752,0.675840199010176,0.0301679390092239,0.6941426000462123,0.8182344036790745,0.0776081614954763,0.0786428334833277,0.001756899631949,0.009020576324821,0.0322066217424765
07501031,0.0853421102601428,0.3018522081857401,0.9333144672465112,0.0012721202404389,0.3787928181858843,0.00215555799123,0.610785264936242,0.7528166929198318,0.0680880087274862,,0.0770546301417391,0.0243590829984816
07501032,0.3590733590733592,0.8948004501650149,0.0435469345077946,0.0723363705332655,0.8275250078015914,0.3890586271223859,0.4086074047751405,0.0115247944265211,,,0.0247682710683412,0.0373999274825868
07501133,9.455519659662404e-05,0.0329092200967674,0.1682963957130281,0.1173710200267914,0.4399290920182106,0.4451924117783925,0.418093473043776,0.0563289727317999,0.751905830750752,0.8399844789149122,0.2011298246407044,0.111363853793828
07501134,0.2270270270270271,0.2235450021905151,0.2570786133354901,0.0163436049631346,0.0250165925631909,0.6695620840564909,0.0929010601144899,0.8068992471051633,0.8035600454166144,0.0410303259505904,0.0458398385967439,0.0257826545681688
07501135,0.0101376101376099,0.0913863004182592,0.867216931148786,0.2517925236063142,0.5457917639380105,0.5413823171705384,0.0706629025026202,0.0002535886336464,0.0010193050193035,0.0067502076873674,0.0150439916054272,0.0140229981690765
07601236,0.2949987215828095,0.9228427464501366,0.1565631345545316,0.789660770982338,0.637218499239947,0.5669720576062856,0.4533288877227839,0.8652574644886535,0.0003152440309903,0.7566623029840573,0.0092401709288311,0.0178659526821625
07601237,0.4974628396964728,0.0032683904098866,0.0249686521821654,0.7893557948751908,0.2477350859266089,0.5289760497355318,0.2172355406494192,0.0105785946441371,0.0103027400334873,0.6990089567085731,0.0141468947221135,0.0091382561066524
07601238,0.7095924018878743,0.0562125849074414,0.0599783090136529,0.0204173641800144,0.6856209602006439,0.8239899759145246,0.2479440581550591,0.5662812189617801,0.1315115892668892,0.3888170436112423,0.0002004247078424,0.0299948476575209
07601339,0.8932385016595543,0.7902469960287326,0.6278109033118047,0.0879839655871166,0.0879839655871166,0.3741962110446941,,0.3182781358072803,0.8215005045177514,,0.0625172572844577,0.0020623773075065
07601340,0.7100082172968469,0.2152886238733764,0.371620086215023,0.4984704885339125,0.4210051716233717,0.7100760695296156,0.0727061971847304,0.0006479486412616,0.5726739806555614,,0.0231556152668925,0.0052396559369763
07601341,0.241061153319218,0.739127739569744,0.4306644910513899,0.00374654917072,0.2316236886113754,0.9034521618297314,0.3009774185924175,0.116822727989765,0.3509270745225454,0.3638037305336472,0.0018522679989777,0.0823383172556502
07601442,0.7864812134918355,0.5390286087228457,0.7496810293861413,0.0303020238663678,0.1440514125811287,0.0030597829330205,0.491690868707341,0.3727408921195463,0.2016028568631254,0.7919578011273254,0.0062096028892788,0.0254567687189358
07601443,0.210810810810811,0.0325792476666013,0.7775098458141986,0.6786840562173404,0.6423799501257981,0.0998273139655767,0.3079954414515807,0.746640765783519,0.354715330943958,0.1520748859846082,0.0058265404621938,0.0515173460450482
07601544,0.3094653094653092,0.7176248174586075,0.4293718257427558,0.8462912502612681,0.0932057359153688,0.8453485519738299,0.2427634760729135,0.2656973341568358,0.5883988982786197,,0.0101100711702426,0.0217463323218893
07601545,0.0778307911387763,0.0328512181611061,0.9126602054274112,0.0063370468430578,0.008802464646785,0.8085098558499818,0.3680390298683924,0.7665773355577865,0.0003168003168004,0.1353590168767827,0.0212275473599949,0.0003908318768424
07601546,0.0957739126308049,0.3761973610670828,0.5721624947630948,0.6491549008351206,0.9034070036614316,0.153798116383992,0.0229317850706344,0.1801632356464113,0.6924563301295399,0.0978219678112064,0.0010102832833418,0.0364941338894437
07601547,0.2016462302176581,0.0607149925850685,0.0788330407951013,5.919192066938805e-06,0.829862105341031,0.1643491867512492,0.6225157970973864,0.23185332869433,0.2965250965250963,,0.002535773126519,0.0269337816169629
07601548,0.359325506264282,0.3552802735584476,0.0054565461172922,0.7224469520297261,0.8054203927641881,0.0227140802538641,0.8972839130145175,0.0824998771928292,0.6165218982949601,0.0155372281664646,0.0685124911926077,0.0320799399275624
08100101,0.0111858797573086,0.4182261375582177,0.74961160443869,0.0160579765890149,0.81842835012054,0.3916042167563153,0.6102229568831508,0.8372511095710186,0.0117715910853395,0.081081081081081,0.0973583908417008,0.0071349891411421
08100102,0.1853281853281851,0.0008446039472321,0.7672269955501413,0.0481817471577398,0.6182300513294763,0.4434459724807906,0.7872920028337995,0.0817751228652279,0.4466886674643329,0.12060342408678,2.3254907462688656e-05,0.0206090749391789
08100103,0.2270270270270271,0.3674693408033834,0.8552433040354566,0.8335070075141989,0.0339046253494829,0.0353028761464054,0.2881808978200957,0.7337109549199166,0.2114546392373932,0.7558033186116484,0.0008885978492123,0.0452593541117677
08100104,0.363902187902188,0.2078971188962213,0.7218952843569391,0.0019352918595516,0.3335288407186001,0.1983873326609513,0.6094569638928036,0.6695346767505868,0.0223106559605272,0.0012134643718989,0.0041789080780478,0.0282548213194543
08100105,0.1482625482625484,0.694727343650801,0.019848600895768,0.6161659850415181,0.7392691062608179,0.034092708935576,0.2961597697577219,0.5241817063842721,0.0471796849814655,5.761259841619015e-05,0.0210270224017606,0.0115187137866691
08100206,0.4169884169884168,0.0006883486755553,0.9298366406873316,0.207405469299553,0.6991494097118054,0.3070840944487695,0.266942144831935,0.0317406812957423,0.0971440732717853,0.0061731030789129,0.0006189522665239,0.0342350492390589
08100207,0.0810810810810811,0.000498190571963,0.7017544775249099,0.7617643298756726,0.0095864613511467,0.586489444822587,0.500169458287014,0.3306744490737534,0.0250082994356605,0.1571846434385462,0.0088461760488812,0.0438042950507475
08100208,0.1268680445151031,0.3081929262717282,0.9853364438839808,0.0009706059218931,0.0185692402052479,0.072336093860854,0.3133967696327092,0.6773098064823442,0.5602824095982568,0.3098979195331299,0.0063610566246931,0.0326301656731259
08100209,0.0968566629583581,0.0166457170881462,0.013909012916757,0.880749890666831,0.6970131422994545,0.016469445545507,0.0225479263479067,0.4941454828257362,0.0769017946952836,0.1851516972308832,2.791981204786076e-06,0.0156781750218643
08100310,0.1696822096822097,0.0065739595936994,0.92698488853031,0.185100107313472,0.4868448529975469,0.0835724423566789,0.8452836858642071,0.042075784401469,0.0580059840834753,0.3350169034822642,0.0324817118273,0.009660393189831
08100311,0.1309561662502844,0.6670852855478455,0.9339552834921389,0.0005954136435769,0.2150110155413962,0.6546306637507211,0.3823643123795802,0.1132403490549112,0.0159718388971289,0.280325537604475,0.0028663298371546,0.0299669250687479
08100312,0.370686456400742,0.0116866218962118,0.8828463204934791,0.3631261303742453,0.0052435151202964,0.1725503957774397,0.3964223396258468,0.1779250090283531,0.5059824968524669,0.1758047928002275,0.0585931392615951,0.0410738139727543
08100313,0.0285886844546057,0.6560343819919364,0.2890162294506654,0.6308348988816108,0.6465466586717482,0.2768000345147889,0.0359862258589033,0.1303152796151621,,,0.0115579219139466,0.0249385892459761
08100314,0.0071323962949579,0.7977646286738169,0.6200446215805272,0.7069191480975595,0.075135866982393,0.0840663798207596,0.0530877310010713,0.2570604429574198,0.2649531978559749,0.4073665620442949,0.0125419719143049,0.0149102779131611
08100415,0.2002206287920571,0.4510558393581988,0.9439316734557928,0.0640320378253367,0.3549402845817888,0.5933025608020894,0.8427577596296433,0.8096089137818191,0.0610313118050647,0.0011231392340806,0.0028103708600513,0.0005058748853443
08100416,0.1937755937755935,0.0068798743452987,0.8232365252491123,0.4389898669686418,0.4313119675593527,0.0257069981084906,0.0978568935552607,0.427927806844912,0.8952990370148753,0.5085954678884375,0.0003701162674905,0.0311154464009528
08100417,0.0368874368874369,0.2151606840929817,0.3132461621714919,0.4659022444179809,0.7989542244849247,0.0159495318451465,0.0491948569127584,0.3709665494576927,0.6901534082676564,0.4889181465777354,0.0110475461979847,0.04296380447155
08100418,0.4427435839200545,0.023177502496793,0.7113006598214711,0.3831248380907126,0.8586089355110882,0.0886436573520256,0.9580838275712036,0.5777105210459832,0.019249883265783,0.0810810810810811,0.0469222369658053,0.0237740783779618
08100419,0.0512512697386648,0.2730179797338721,0.8148509336262729,0.5439574353168135,0.252716274541929,0.1073230636464139,0.7121513246688197,0.4438059354029999,0.4428640734120551,,0.040444990337472,0.0268808393024446
08100520,0.1637958192932015,0.767522133446373,0.7070092547072031,0.0005593507842809,0.7572391319306494,0.2853898951801467,0.2147736917948101,0.0145530138415058,0.5207055283365425,0.757239131930646,0.0001036224210054,0.0080731496393752
08100521,,0.7072221975466005,0.2495639715992249,0.0320276392805427,0.1868375134758605,0.4045421874034295,0.5136928878516351,0.0337258832669524,0.4077160123807025,0.761155593015948,0.0001000994591959,0.0089764695405452
08200622,0.0060934753541753,0.0102367056975416,0.713274525268746,0.2161446695697888,0.0504660998271599,0.8957489223056251,0.2474436190558278,0.8399950248300426,0.2699170720807746,0.5797803029267685,0.0037268952877067,0.0258711319707158
08200623,0.1437241753031229,0.4607537151522197,0.7458288335428631,0.1504416356742158,0.0938262138180906,0.0144910307841694,0.1120902740195397,0.055688630601595,0.3243548033878317,0.0431315102404182,0.0177970916637598,0.0062376011195037
08200624,0.0071665650613012,0.0558287338728967,0.4377892044444326,0.1700019936919115,0.3187014940450419,0.0703813114348929,0.0005206885402454,0.2298057128938841,0.0802253283962046,0.0464733024171849,0.0008086223866364,0.0192155329726031
08200725,0.1900458801222156,0.5477910728886296,0.3284120071636891,0.0002356593916794,0.2215597086992929,0.4483827075992466,0.0209964673548642,0.4747885115032821,0.0893256383226577,0.814950099464315,4.293647660025268e-05,0.0435238763078886
08200726,0.6579219077149296,0.4098478774090905,0.937761521453919,0.8900577843111159,0.0001757570065386,0.0778357555167996,0.6398407122379355,0.8005913345230689,0.5722841507977854,,0.0008465035254316,0.0249849734518867
08200727,0.1336094763279227,0.0022487497863242,0.7117016106220473,0.8860339744686598,0.508718776363837,0.0011799987586174,0.5200539921215344,0.0011280030978447,0.0475611459820415,,0.0004396120873417,0.0718836624092688
08200728,0.0221214014317461,0.6031136249699798,0.7987375278060824,0.8037280793943806,0.1131878890121064,0.6996677197151002,0.2082734878950484,0.0561680857404707,0.0761721722963717,,0.1283878965445876,0.0111754415445576
08200729,0.1771147771147772,0.0018835027647134,0.5244950028171398,0.0007426825721572,0.000921705691511,0.6364486729877781,0.0079440463481976,0.7736033982554025,0.1561063263578024,0.3246751534737694,0.0249320859188654,0.1285583466190617
08200730,0.7668720563161538,0.6279799417151332,0.5677127290775483,0.2182533081092705,0.6833928236611797,0.8053624066152062,0.6087891153538102,0.6418410508286876,0.3419809321160996,,0.0185585732268325,0.0033676897959166
08200831,0.487151201436916,0.4014859878444843,0.8311964369326018,0.7578940899929758,0.5365125341853314,0.0439216840072952,0.8140445005809228,0.0186732971845174,0.3496887239721148,,0.0076683202467092,0.0241950042160709
08200832,0.3590733590733592,0.7895107025123362,0.8100562416239667,0.280635773915009,0.2812119386050788,0.7107392336587901,0.1858864745327223,0.3449820285535968,0.4492890203176051,,0.0085430674237897,0.0358948959905942
08200833,0.0810810810810812,0.1050859656758319,0.4625174379347427,0.0076184511645299,0.7611700590512421,0.0288110950032136,0.0012254290321273,0.3461776629968496,0.7045921796617264,0.5454152113861962,0.0194615736998782,0.0426908231399997
08300934,0.3444844360098599,0.006435456905583,0.8966948062634007,0.0540826100367076,0.6023122743929281,0.1317428120091831,0.787153455527529,0.3134244600386827,0.0487571113012462,,0.0045610904632422,0.0233338913544923
08300935,0.0755136088469421,0.8037399655242371,0.0217851192701586,0.3138971666996868,0.3138971666996888,0.0005491407090227,0.3463724610780156,0.1506795859699315,0.6209100716096148,,0.0362266779683901,0.0700590382980045
08301036,0.5744097923664486,0.7247248228275571,0.0043230049766246,0.0082377220714369,0.0082377220714316,0.5872831449359743,0.0125372258920897,0.688190882430441,0.4272934276195381,,0.0034154845065431,0.0198490492427502
08301037,0.1793793793793791,0.3148716676159249,0.7980163895157779,0.5923990180321419,0.4327306664178578,0.057573566204763,0.7173117990479274,0.5412242028306693,0.5025432633520072,,0.0089831439561756,1.3798580619006628e-05
08401138,0.4215646559908854,0.010236689576879,0.5634516450700702,0.5621160954169323,0.554628620641386,0.0050168273104336,0.7582374178179552,0.2730958003580953,0.5486693402082272,,0.0172487706234604,0.0121231201327807
08401139,0.0635504956311555,0.3191935498325126,0.7159245042869873,0.814382588283022,0.2602874135932536,0.2182858385764574,0.2544087214019797,0.035210688741941,0.3489838219023524,0.8052272329439548,0.0086925102937006,0.0426469056503747
08401140,0.1074437786533186,0.7108881949053198,0.137313533206378,0.6353754609563865,0.0453911960675492,0.7791608621293786,0.4219244463599332,0.6366829111563308,0.1764839005504623,0.8079939054700991,0.0012321390701603,0.0018574621221661
08401241,0.1589189189189188,0.2492639902496306,0.6232317034862827,0.0287745927168248,0.3606537299164966,0.6568288200513812,0.07190465703966,0.1202401422197639,0.6546961737455175,0.7713452655130049,0.0048625714799105,0.0033340781117562
08401242,,0.0068765724402556,0.0411221942069613,0.812251030628242,0.5686210956480503,0.2919269419614396,0.6713186397142683,0.5410755037449528,0.3881935148410792,0.2942887326441744,0.0544322180815778,0.0091144865178233
08401243,0.3590733590733591,0.6225014002738645,0.7720996915713934,0.0247767800013459,0.799772622151375,0.1908903807084058,0.2511189494027566,0.9265396125204884,0.787681587279336,0.1848197854103328,0.0297495303918254,0.0223544364772242
08401244,0.0693175550318403,0.5619152466508188,0.1983284948621406,0.3713526748318003,0.8312606125058752,0.5750798394506217,0.7947606597580212,0.0467069727247774,0.3274130989375997,,0.0020181289249636,0.0638228451417327
08401245,0.6023166023166022,0.4789060061935665,0.8474796722365162,0.1777498959229029,,0.0055866924444748,0.745519466961065,0.1396307794839704,0.0371943371943377,0.4107200511386163,0.0078922745403985,0.0360555560009178
08401246,0.0289575289575289,0.2584432329780939,0.5251534613297443,0.3260381089326497,0.6663232841220246,0.8494283631470921,0.5116403507241574,0.0128403158288886,0.3024152188046819,0.5301927294623555,0.0136868618449333,0.0464266764329124
09100101,0.6671814671814671,0.5423856258972624,0.9742461407607436,0.97137891388626,0.1681868326512525,0.5683284995115687,0.0358162056569524,0.7598801437984307,0.0191396593991094,0.0247098363581707,0.0004082607230554,6.52986968796565e-06
09100202,0.2835494453991566,0.2871951937488164,0.8973337490087424,0.7870219934057211,0.0045249869708213,0.0216094588453307,0.6469726768352424,0.5083308794648562,0.3375847744502955,0.7285210011417032,0.0256703000599982,0.0309443120605091
09100203,0.0009665823458923,0.1233519449235578,0.8687102718152594,0.8943967584143059,,0.393769883726091,0.716680800216606,0.0916816142449438,0.4497353158005908,0.2806490336434432,0.0167999415750939,0.0272222208816439
09100304,0.0005956977385541,0.4686790106606378,0.709487619903602,0.6871849491173552,0.7363364603717646,0.3845109275130449,0.0216126156959131,0.0030550059318569,0.4567577083794439,0.5794920298063493,0.0010949009689488,0.0322433840592102
09100305,0.3590733590733592,0.001610855230583,0.9358030109902188,0.8250993096619694,,0.4209456719777729,0.1323557799241989,0.6050347753658935,0.0246465082687203,0.1546652473378357,0.0174914466322529,0.0345693930385089
09100306,0.2676138996138998,0.2415078711192572,0.2048340447859392,0.6039703980315543,0.3981802428753423,0.7266769858256925,0.0252465446055607,0.6527192122126527,0.0233599019988269,0.7087750887005457,0.0500052950858058,0.0549877392427039
09100407,0.2617041672214083,0.3351271076896381,0.8952494609987964,0.7566885560392996,0.4918316451420155,0.9504614966524112,0.8786903582168635,0.7975888734801588,0.538288058481486,,0.0041038946628366,0.0354120589532364
09100408,0.4051182377712991,0.4945304658681106,0.8718322594446443,0.8179331027004821,,0.5535048296056686,0.2991355409877561,0.6724087310641026,0.4414999036002467,0.6568638095175197,0.002158384185769,0.0182772149196334
09100409,,0.8185058911098779,0.7239896438529154,0.7883882133507162,0.6555270069268545,0.635636143827122,0.5412202030664008,0.2068344890670014,0.5083306836248012,0.4858319597435721,0.0406263102325182,0.0535216449228452
09200510,0.0720794263651398,0.8345833932228816,0.8293291643301549,0.7434134794830625,0.0785322937108032,0.3602260945187602,0.086191260364156,0.0014383054788975,0.0583242313985394,0.7753687392446226,0.0167813843091657,0.0222339840040884
09200511,0.0018954018954017,0.0839824488107546,0.9576741361216417,0.0028937441227695,0.1419047974658982,0.4204303172217331,0.0304654765300055,0.107612478482626,0.1036255971892465,0.0413215963501522,0.0353578415616967,0.0208297642446514
09200512,0.3405405405405401,0.0084634373139875,0.4724599064228787,0.7059173585378711,0.2826188055563049,0.7607385232760676,0.2898294954297282,0.6420886630545937,0.1368744129549725,0.2826188055562595,0.0523790691488676,0.0251473402822386
09200613,0.1406052076002811,0.2535911367640192,0.8296706681269617,0.8695368240280178,0.4168923649054687,0.7597704041215969,0.0296339658508414,0.0731671319820532,0.9295772600990656,0.6228923783276248,0.0301143604683796,0.0011863078338071
09200614,0.5231571268437628,0.8057418006664447,0.62373192908561,0.8975952869924759,0.2010822428714634,0.4715437306479293,0.3491367558043138,0.0095778398093921,0.8263739495798319,0.2010822428714634,0.0360903117403769,0.0319275152762178
09200715,0.3892305570876996,0.4481588613939519,0.7869864240588287,0.9525614614531404,0.8951876233564083,0.8910977080807136,0.256909988206403,0.7045660353999437,0.7048146275613811,0.91973588147867,0.0331062737115293,0.0010320000302738
09200716,0.2293436293436294,0.2687960112771441,0.8588507610780522,0.1525266121937983,0.2520049078196964,0.6890234506040874,0.0187326118482855,0.4440386529586987,0.0012104724534894,,0.1344444545166628,0.043584678424713
09200717,0.363922156196081,0.3909971630725685,0.7561011444739225,0.0339105428855426,,0.8312024975734232,0.7713768133600799,0.0432586528597578,0.3994620458323686,0.0004123384497987,0.0078943116442407,0.0373882912403552
09200818,0.8920780711825488,0.2578478733600904,0.2883104526651907,0.4307890194766642,0.9610820859753936,0.7474845642839791,0.7279665575313177,0.0088927403563896,0.6001284564443883,,0.0122740475363848,0.0166267686506019
09200819,0.0368874368874369,0.2404235448938566,0.8250462407909993,0.863417556570235,0.0443768168222358,0.8713828756566049,0.620203252968681,0.3755029435538689,0.6129384928471411,0.0011684824201846,0.043849197636562,0.0021401226007683
09300920,,0.3184052846786471,0.8698627851758122,0.9022154558747432,,0.6290471680554115,0.0096124072587973,0.2427179090335229,0.4187822014240545,0.3250788199577313,0.0554039659286779,0.0312102524029181
09300921,0.4542472936977353,0.3279240064548765,0.632987748249571,0.0501658551632686,,0.5641944976352163,0.6848968001800246,,,,0.0005636286233572,0.0129863809909966
09300922,0.149881439711208,0.0060565140699926,0.0022169465545163,0.8916756973483589,0.0991484527032174,0.7361351100963713,0.1423542103809868,0.1599682170252754,0.0495844886588319,,0.0060386488244073,0.069893279078125
09300923,0.7173341408635525,0.7167442909921188,0.423820281405036,0.7891871184099668,,0.4416249736824844,0.507488463602981,0.2734764997661223,0.5498054883553809,,0.0330188273328511,0.021568772398687
09301024,0.0060607325472186,0.4189150078035691,0.092552185871363,0.1499556387088505,0.9452786018563196,0.7075522353821189,0.6481498195035937,0.6569870169383563,0.7967142269949061,0.9453970106660748,0.0884231129150563,0.0083414769603437
09301025,,0.1903919129692493,0.8792479164785345,0.8197378951140297,0.1995368231408288,0.6159952577556838,0.8644929518659819,0.6784065484198136,0.684756607361775,0.7335276149485774,0.0029639628202615,0.027613761077704
09301126,,0.7901108149424535,0.900873666213614,0.7638744744428893,0.3397237178156777,0.1267022502934512,0.6031883774551678,0.0054235290535501,0.0236118219447006,0.8796685683479962,0.0257842979628212,0.0109339576883467
09301227,0.3164462620908613,0.5760462852696961,0.5919097741079351,0.8445446605079819,,0.5435930347832447,0.3676056793477849,0.1604273937252603,0.229343629343629,0.3167819001199897,0.0151943111913719,0.0194153913814416
09301228,0.0170798972192702,0.1953678813279221,0.9100952134035902,0.276006508788686,,0.6906659257191592,0.6902522042251824,0.013701250945889,0.2867648585208062,0.6465426822822187,0.0007340677652456,0.0072809569942183
09401329,0.013883600519545,0.924900456853964,0.852730227828976,0.6589728746889465,0.0031552510358978,0.5317735301312918,0.0079784861953485,0.3443416558246114,0.6006931540699634,0.1616321767891946,0.0440314684757821,0.0312521045148549
09401330,0.5592063207957247,0.3553027582226185,0.936846805013069,0.756438901380337,,0.3618123736515202,0.0858814627562626,0.6883609156923494,0.7135135135135138,,0.0592486241971554,0.0027194791195531
09401431,0.6524933269119315,0.9000472110380461,0.0162398657647463,0.8530144776985762,,0.5820826491228772,0.3875142517894503,0.8837932513322353,0.6237405313953138,,0.0280590367909938,0.0002679602063171
09401432,0.4601832463901432,0.2738519974298308,0.7003421493207095,0.6224246228085967,0.4168249488699627,0.716359272780811,0.4168087826663819,0.1529913467396303,,,0.0053985215094871,0.0084493813236482
09401433,0.4633730363666669,0.2255666679743332,0.2254309633431724,0.0012138476865061,,0.2042418037477551,0.016168893500718,0.0614493525737025,0.4619548349451886,,0.1028199131996847,0.0149437007911269
09401534,0.0661886376172092,0.5562424914643227,0.8863192160928846,0.8867168961644891,0.1729258111793576,0.2051184969523239,0.8310107962030222,0.2117991801842329,0.6470628301207266,0.2783878177207201,0.0157648196475133,0.0315301895255356
09401635,0.1957528957528951,0.526351858415939,0.4808036795525959,0.7612999964259841,0.2177938752704169,0.5645456381543283,0.4802217912429526,0.5259709042490871,0.1177968386449923,0.6623555471935256,0.011285182000296,0.0474659329474838
09501736,0.2358663531847885,0.0104350324917762,0.1084617563118247,0.9343004258746636,0.2682583252337719,0.8265945877683495,0.368211504673798,0.2100059723928747,0.1005124653190384,0.0068402751655756,0.0046396622240321,0.0682036087965813
09501737,0.3590733590733591,0.7305306810558634,0.8617148683006733,0.1059053231322804,0.1997418390321699,0.5635746789477667,0.5442826732442447,0.0205071206717054,0.783784548152094,0.4691644311013341,0.000446223890971,0.0147236208762676
09501838,0.6342613289981709,0.1445094080986603,0.4997448378670064,0.6202139427342203,0.7527553692261626,0.0864148665406399,0.6799548776043032,0.596584648588161,0.1146397605192185,0.7222142715088948,0.0310376861430958,0.0358705699915231
09501939,0.2452263443567792,0.2715738544508427,0.9331453919645616,0.8312589987044773,0.0001630985013677,0.0849348866336582,0.4443472246491736,0.7018057265197983,0.7190507435260716,0.7575671115203064,0.0039489987619111,0.0335843726357416
09501940,0.3217314299883108,0.6907966710304447,0.8493727879251316,0.7064862547150667,,0.3618264629673425,0.1394595758445455,0.7115390125395438,0.1217704536140289,0.3325605420268316,0.0126581803987584,0.0209360614276361
09501941,0.0721939985097882,0.0976817125146116,0.1083892028773411,0.455451303099563,,0.6207081818490368,0.7716669344436132,0.1622814444479574,0.5324872770315383,,0.0839630459911319,0.0017770319347374
09502042,0.0030227065717669,0.3964978360737045,0.0121673880296228,0.949434520773808,,0.0528304386406026,0.0085876647044053,0.5352755262496338,0.2670701654779083,0.0206174287571239,0.1454271764694352,0.0456306955759829
09502043,0.2072606929749774,0.0583854551799717,0.9662159543192926,0.9140248651829294,0.3314670790593651,0.5604521620213774,0.3715974417430046,0.1785353245542343,0.0346358917773086,0.0709464500604177,0.0064959384138332,0.0288164106164988
10100101,0.4686050690011085,0.6290536328891968,0.3841478383692444,0.0033733296564926,,0.8888685806110822,0.7875769389327756,0.3011272572386717,0.1575289575289576,,0.077041191520626,0.0298186396636284
10100102,0.0921515018994943,0.077264704718037,0.6120838016520171,0.7681583496921854,,0.0025361948859581,0.1273272626728957,0.4274132348139714,0.1683804156978181,,0.0080552938428051,0.0102517618692961
10100103,0.7936473305767912,0.7912110019056608,0.0059000177594825,0.7828064003543869,,0.25768090350088,0.3822554815907024,0.6056865201833608,0.7224681916004032,,0.0057154477225355,0.0757688913394957
10100104,0.3193700064987194,0.2584857896837612,0.7372211411238598,0.5918585979397,,0.0101372255292699,0.0043333785851805,0.642144054657618,0.1225617337648204,,0.0170406682042775,0.0252814790105924
10100205,0.7135135135135136,0.1603843864921598,0.8163123952091116,0.93468573032479,0.629818967030821,0.4631077407897007,0.3338006008067935,0.1620476734363229,0.639211580178944,3.3433711683183986e-05,0.0037039788369398,2.8121286037574578e-05
10100206,0.4789784621109922,0.6955788981800026,0.73011410357476,0.8919596863239557,0.7661309704031019,0.834013818723127,0.5944292742269723,0.4989980943598494,0.4059099414927637,,0.0021513993795501,0.0371410081475468
10100207,0.4249053302164075,0.8706297796713484,0.0601903979761218,0.1314259292170913,0.7239555036744627,0.952299082510135,0.3077481840958174,0.499678140311271,0.4601103305949119,,0.0443368141216971,0.0194305813329574
10100208,0.1437241753031229,0.2233678212813434,0.1796861497418326,0.050359534579035,0.753442465995004,0.8346769530939038,0.398032125478909,0.2302272513116354,0.1825256477678047,,0.0115513339715355,0.0176243030715402
10100209,,0.2919411373718987,0.435506453685341,0.8994247439567233,0.4504997391488167,0.0481185319339334,0.7558199694982044,0.8383060937889427,1.299516910413523e-06,,0.0602737721788586,0.0337902354856144
10100210,0.1173767556376255,0.6047310657180629,0.6783704063529403,0.699567958867146,,0.0787605669963573,0.0488883594580512,0.0975705062533104,0.3257720317475285,,0.0217356252112271,0.0064069807881803
10100311,0.2293436293436294,0.4075777581931122,0.844726516289991,0.9744031915952276,0.7712026995911803,0.6950052171875294,0.1221758464389505,0.4563268798991693,0.6533011177734038,0.5629678505833816,0.0001390343821277,0.0036955094559711
10100312,0.8075148988115242,0.7422326172114082,0.718009324723915,0.0404726357848098,,0.9161735557109224,0.7943872503609178,0.676756965206954,0.0005740495292732,,0.0001414137546722,0.0090572758805084
10100313,0.2335598455598456,0.0008670842752283,0.7105667834747742,0.1514367660375816,,0.1746251801792051,0.5955587523641335,0.5230915985112787,0.0168143782752286,0.2026785810030624,0.0381638778287712,0.0156828169522407
10100314,0.3792561213250869,0.2522484219487408,0.0061258636552236,0.5568797939320396,,0.8095857807817217,0.0508248379673441,0.7523865456573239,0.2731763659353183,,0.0155930788827742,0.0537814034831916
10100315,0.6581789746346707,0.3391355245156582,0.583240491441533,0.1202616149186285,,0.6051148879422061,0.8887573016422715,0.029643129646837,0.0447797975581757,0.2666336288000924,0.0657114664070922,0.0324234967117011
10100316,0.4931539575289576,0.6050357690742678,0.011706443045246,0.168439874709192,0.5659741960975481,0.7487463752851027,0.7936480579496594,0.5510506854693582,0.4499120002865074,0.3596384596506073,0.2207256068981946,0.0161326334320218
10200417,0.0831101051790702,0.0087738242305188,0.7567857050584601,0.8432499817246722,,0.6265542076204383,0.3648565279733793,0.0551687579825078,0.0238623427195464,,0.0002650793554478,0.0196603120975262
10200418,0.0911375898130865,0.3146819038930856,0.9239641175045544,0.9473706387600048,,0.0419243795558961,0.815217874085192,0.2466020131684845,0.0046332046332046,,0.0494187517289416,0.0295016185350489
10200419,0.4196689228268175,0.2123002951028504,0.6241549338169385,0.3898420878899989,,0.3702100132997663,,0.0008712653497706,0.7599722013234493,,0.0001073173469227,0.0589197188306471
10200420,0.5786958830598954,0.6848710854041523,2.42571742334885e-05,0.750551271025926,,0.4140884052989032,0.0015053466931602,0.2183647677747628,0.3026227558487961,,0.2307646265055948,0.1215600554694721
10200421,0.5675675675675677,0.0016215075672105,0.611066969146143,0.7907161711914292,,0.8051513695709536,0.9262106536635092,3.495410511145103e-06,0.2814445527033585,0.1622583037580323,0.1764146852246572,0.0752855183718212
10200422,0.1789989636143484,0.618847752984323,0.8448534374288242,0.7329411990124245,,0.2606561540065443,0.0925280364160339,0.6747968506049247,0.2982966891821225,,0.0187288867364989,0.010809660935347
10200423,0.3972898563904987,0.0021220793557207,0.9319100608841042,0.920522181261136,0.0019763538559669,0.8830609237054389,0.9240108669343876,0.8374739482201792,0.2692910384776511,0.1675568935992377,0.1423983184332352,0.000511738836648
10200524,0.0980386100386105,0.3718145249863979,0.2521764474961606,0.3670072317608397,0.8183912587563759,0.6290291647953303,0.8940858459618171,0.7110317790416988,0.3991240991280975,,0.004587419209125,0.0461025333902024
10200525,0.4995704751205972,0.8793135792602782,0.1186391882377072,0.0010301849619471,,0.3160607202963511,0.3595011655885332,0.4530030497923605,0.3194121174502646,,0.0082550881636157,0.0693187543985134
10200526,0.2024838111452285,0.4605714498309461,0.0195531180164331,0.3337447312304141,,0.3832161186358815,0.4169323514043452,0.5809809298891557,0.2766690228031693,,0.0272058867875367,0.004371535529401
10200627,0.3127513521879719,0.913061355580557,0.2443799033439497,0.7435264319129574,,0.3534515286734927,0.0894029766686177,0.5302228818047154,,,0.0385879771671008,7.500437063656662e-07
10200628,0.3869267764004606,0.1283414256723736,0.0069690409103345,0.0020007235169333,0.1305635778120065,0.2272355643362971,0.9217319882456771,0.0440912241727555,0.6650821447377852,,0.1326317368045479,0.0649255767086555
10200629,0.1119346002027563,0.0569199507160034,0.0157333720273928,0.0011097091311096,0.1140793699208871,0.6386197812923573,0.8768583360120993,0.1740000259567724,0.0671431634710957,,0.0084525716544224,0.0609617779555474
10200630,0.6871271271271271,0.6950111434565867,0.2387357273036099,0.1284475646522559,,0.0099979927590856,0.1640484580663974,0.7794344839460332,0.0810810810810808,,0.0117118467204395,0.0906370085325749
10300731,0.1835766079668518,0.4565360227901835,0.3646968557537792,0.5011353782035196,,0.0029232919954822,0.4988194349166411,0.1214633964620974,0.608400980247106,0.8266460099309483,0.0072802324866536,0.0834107549268157
10300732,,0.0121927231802513,0.9062039462964048,0.8491188960714535,0.7367569485021426,0.0037303025989577,0.0558469699857032,0.6561812453862996,0.6366393656187623,0.6913877595999383,0.0507474772238611,0.0215910307575342
10300733,0.0810810810810812,0.1900697980330314,0.7849667342642124,0.9237583793406294,,0.8406725749169051,0.2069068687370078,0.1587879954986487,0.0224868510146034,0.719477784591866,0.0472412301692862,0.0346794381863372
10300734,0.0875344732487588,0.4399395604845014,0.459059653077119,0.9722362659633582,0.1500884491019255,0.6015867676669939,0.6201823070390451,0.0143996066376669,0.7856449323014363,0.4517304051044181,0.0157015288936001,0.0441721735157901
10400835,0.3581436190131849,0.4795941595497588,0.1197235063885755,0.906603041933739,0.3859281182338843,0.0339269009845639,0.0250626034602166,0.0626257464986191,0.2347234604352809,0.0367714965681256,0.1327019609709427,0.0701837488209115
10400836,0.1392105741119396,0.2067330720950765,0.3749650554264319,0.5909697180765843,0.5524813590983185,0.3839574681815489,0.4382053040331609,0.2211534433138773,0.597964259194089,0.5524813590982571,0.0073376798805838,0.0008672961387988
10400837,0.2514760914760914,0.0696900117392118,0.781798837647858,0.7569626953305033,0.2964624740022782,0.0451729278017782,0.045031143694401,0.0045587801576818,0.2508571131780126,0.0171876455435157,0.0151713199009564,0.0132117345930812
10400938,0.1813690422386072,0.0672541879753968,0.8874018970576143,0.8553574075464124,0.731733366214167,0.2732346123003868,0.0450442909583044,0.2846850079854794,0.6063621125399128,0.2887414549412338,0.0113126329250698,0.0438194322143379
10400939,,0.7049368768585607,0.6404229292239298,0.0393266764377006,0.6590671046035965,0.6800112841535513,0.8100805700724296,0.0122875910173242,0.5093603768583153,0.6458003536971201,9.1466554510089e-05,0.0318407554980242
10400940,0.4082857280015363,0.8268792296659125,0.7477775025113429,0.0313238313296652,0.0613447696295211,0.0823035156689032,0.4733602869264698,0.0170638998475831,0.7482625482625482,0.4617550675635984,0.015253311961791,0.0852821795955257
10400941,0.6370656370656368,0.2696453564034654,0.4933287569880258,0.5654209838528692,0.0399620518884205,0.0002625917687261,0.4923508635304769,0.0226869668429029,0.1136795992509578,0.5360875016445605,0.002665484183277,0.0296861698878704
11100101,0.6310361587745786,0.1756030321721072,0.0297940719349046,0.27190476470833,0.6183733039526085,0.2363613308787197,0.876395467775986,0.8530167692788867,0.8541591101670546,,0.0306887069419916,0.0049112151900723
11100102,0.4754452151017974,0.0108847640302869,0.3030815391077739,0.7766345936836964,,0.4368999736146512,0.3992805267077188,0.6984415551136904,0.3590733590733593,0.3265308609184776,0.0295844144208617,0.0760447551573519
11100203,0.3007543384767583,0.1156480001168983,0.6520995241540022,0.7978682056622861,,0.937754301453216,0.5460020055739081,0.4500580835779969,0.293204513763855,,0.0098491572251643,0.0208115225651162
11100204,0.0543984031110706,0.5420371897567682,0.9349115614446046,0.8980911525021102,0.6961347650454311,0.2538121706050209,0.7706381459620792,0.6961347650454311,0.0,,0.0694774091562009,0.04857551000866
11100205,0.1892260484145919,0.2249547680443011,0.4266644584139905,0.8486086514933812,0.1816116095099765,0.2370679613115042,0.4922276600515979,0.0751922912365329,0.5895601531480552,,0.0079707209079596,0.1003339329710458
11100206,0.1055256593718129,0.0084077102221864,0.7982376547932399,0.1850608674798651,,4.504055434173537e-06,0.3068500183724455,0.4809715409880657,0.4474351902923331,,0.0008136686261565,0.0215886378066568
11100307,0.296525096525097,0.1779348356665963,0.9146450396984604,0.6314607694982741,,0.9073583611398168,0.1639023139520506,0.0616169104936689,0.0778093187209317,,0.0007086983122495,0.0369081298201322
11100308,0.0014003342361554,0.0163066877127809,0.874959908675869,0.8315118652745401,,0.0304440267081852,0.6059259568913393,0.1745020175701049,0.103215777201745,0.7345432298735121,0.0089274728307714,0.0284246543967858
11100309,0.4612898612898614,0.0081449467193998,0.0065159090943383,0.1167426658588925,,0.262489857161892,0.7104679693006004,1.1579863411048665e-05,0.0255772679637723,,0.0083613910893027,0.0409992432493813
11200410,0.0523346979305527,0.171079164539852,0.4034574747015189,0.7005913188747006,0.7344467197582654,0.5719859102347331,0.1763888173870363,0.5292582155189798,0.005330086397166,0.1215869940714498,0.0032887721905765,0.0125636794386025
11200411,0.3590733590733592,0.8716470018133732,0.8130569119347046,0.926906550052046,0.7474332596168748,0.7741642783968704,0.7444572876035014,0.0413194435955269,0.3542782023174875,0.2824475868290468,0.0283841867109223,0.0021208929170198
11200512,0.0976580375842371,0.1017889733701957,0.8204007693159706,0.7677520471059314,0.7272896422688474,0.6570210583340121,0.9120580625465508,0.0281721662566403,0.1172256640852366,0.1431350061784096,0.0307513511733081,0.0079120551249641
11200513,0.7563659668922827,0.0476120858050377,0.7229480402123872,0.2960935256869721,0.0880734856918207,0.921718799782725,0.0199352704030988,0.0758852485786825,0.3217151841134781,0.0802793826539437,0.0004495837321982,0.0204436274366381
11200514,0.144229944229944,0.000392810185914,0.7102188320347707,0.0359791967076866,,0.0324045524423007,0.0036303450006561,0.7346976520361412,0.3799078632460254,0.4319631972791398,0.0019480125939594,0.0280977340882661
11200515,0.0559370506521621,0.0868879013628837,0.8365068925164185,0.0796803663037917,,0.6762415139940174,0.0013395695842819,0.5906499546884418,0.6342613289981709,0.7694519679774074,0.0026185739082273,0.0163470339859197
11300616,0.1385431145431144,0.0573233260317568,0.0029162193505377,0.1814910123369869,0.555963155422736,0.6180018490237805,0.337871249375429,0.7540506429610792,0.3664044603829403,,0.01112622703102,0.0172764350739696
11300617,0.2173697507030839,0.2408692072726848,0.0901831177449061,0.831407504244667,0.2986650008597963,0.0785823870327581,0.0247110014792932,0.4173858681758651,0.2050137629085,,0.0318087671028409,0.0086067836488726
11300618,0.1401544401544401,0.6556303893715846,0.8112423154952412,0.8858997405040251,0.7469726797406856,0.2170157460457669,0.6374546508282357,0.4915830425699101,0.1111884495160189,0.3112349376240251,2.32986726644846e-06,0.0225995121198093
11300619,0.7923750953691073,0.9594857154733644,0.0186917002314159,0.8981622786676395,0.712433176167232,0.767358326303587,0.4445394341946493,0.3500246897858243,0.637065637065637,,0.023634046181076,0.0193436592374109
11300620,,0.75121153121486,0.6514779880523148,0.5725913276395636,0.4746870735067798,0.8885994371366412,0.6974130249592937,0.6542390881079875,0.511248478281445,,0.0035368833298481,0.0139020505449076
11300721,0.7482625482625482,0.5106828593437878,0.9050390329960664,0.9512930588379612,0.7102882327252662,0.8804400844961126,0.5177234708513635,0.8475517349836166,0.1992934869817746,0.4654769741622607,0.0339272546960407,0.0074620263403235
11300722,0.0032432432432433,0.2672135556742908,0.7125723682183612,0.3115236055363766,,0.2466137251482508,0.2618478880756756,0.8035224370092405,0.4831402580726426,0.2454706180254701,0.0012613614784575,0.0242323693847377
11300723,0.7228715569349764,0.1172200771364556,0.174021169668355,0.0636950653194421,,0.5151528779503487,0.443303261313502,0.0034165458736277,0.0921190097660685,0.0810810810810808,0.0092470026817907,0.0825595454321179
11300724,0.1424483306836247,0.3939696075554288,0.8402943662364362,0.6837077375206624,,0.1568815911529317,0.0075345570051483,0.3922530123862439,0.2035466008435171,,0.0099105423022535,0.0413322027393253
11300725,0.5109112251969398,0.0160926873560411,0.843060345905787,0.7572669615702272,,0.0005315572544341,0.0002592378971254,0.000633637651648,0.5873541038470784,0.0810810810810807,0.0006786208934207,0.0162346497512363
11300826,0.0863761720904573,0.7198564178019797,0.242996559204259,0.7977379279364578,0.74470825679206,1.5900312919647774e-06,0.0001331599489081,0.4914223560502422,0.7540219278723904,,0.014118301215066,0.00992926619541
11400927,0.581962390383443,0.2320107167068014,0.8688340649818391,0.2312892272259635,,0.6404273098390386,0.8998188735275605,0.033705801303047,0.1137551251544545,0.2207710767590565,0.0020960354187175,0.0435181192337162
11400928,0.0636072807501394,0.2259056576257173,0.0605008963847406,0.2928970736883217,,0.3312378424264591,0.0695666303173546,0.3550952517007519,0.2716137740527983,,0.0004611354105363,0.0316878738418711
11400929,0.3590733590733592,0.073890030357559,0.881000617691396,0.719216388006789,,0.0010213625750147,0.0263434036568247,0.3795850681437848,0.5014285254640137,0.2832651147982667,0.0101920760245669,0.0334631364432718
11400930,0.0659550306609133,0.0113286947641662,0.8648857234665328,0.6990237412240518,,0.2152887247322559,0.2307937891230703,0.4361946401069556,,,0.0166347302167727,0.0563419242360827
11400931,0.0757413810488785,0.1871783447151102,0.8502971337634604,0.8068302124718892,,0.0033386656389928,0.0009387433101372,0.5126469542623036,0.6117383432833265,0.1203207119145292,0.0249570137317887,0.098875694930437
11401032,0.001158301158301,0.2920368933684196,0.8258862526955588,0.7408164685911055,0.3979306540709367,0.7006648048087231,0.1091570391039089,0.4949464497517736,0.1097589639413789,0.3155415602639357,0.0024055709355277,0.0092768660367468
11401033,0.6036264011547223,0.6042486476597593,0.1237726197424191,0.8672933340070323,0.0844338541515974,0.1513278786822846,0.029880806781904,0.2020803528953844,0.0336304858827013,0.2613524762297735,0.006216698346086,0.0433602866155048
11401034,0.2430030030030027,0.2385894253408207,0.9092146832957853,0.491400359708538,,0.1614618363740201,0.8075398504982153,0.5694466863340635,0.6510402637027621,,0.0205912246799571,0.0014242510467333
11401135,0.3585809411896368,0.4418750853176758,0.0447794510446641,0.7476131461927473,,0.9173003634167802,0.0765779752640835,0.0009026507541936,0.0214958009595431,,0.0226372737057612,0.0138193199822557
11401136,0.3171155678464361,0.0556325637076756,0.771826360182758,0.4780767917401382,0.154081079477965,0.2802678484022523,0.4970703121599171,0.2927070662733634,,0.743741269004911,0.0014612336126901,0.0405888245998218
11401137,0.1412307376909144,0.5297491051981151,0.0001033042562488,0.4531071269010509,,0.0542136463546988,0.861821737504048,0.07925635132175,0.0018226148054648,0.0872122064052514,0.0810910760704421,0.0333021140522281
11501238,0.0111407511407511,0.5064327806138893,0.2709866860488193,0.2306120830789441,0.0902098989086397,0.6837761344446333,0.0766601580926639,0.1001212099805021,0.2116845090931883,0.416677222824765,0.025350217706008,0.0036580855623356
11501339,0.2996450996450998,0.0001922631147691,0.6813164312857676,0.8674860936062563,0.045541619923116,0.616116075758231,0.5437416658775714,0.1098055846290585,0.668025566581991,0.3965801362690794,0.0003858512314388,0.0197853450959643
11501340,0.3590733590733591,0.0873284233442976,0.7907274545141721,0.0265998817080828,0.1186329300135787,0.1496111062319995,0.5734562142633346,0.1086301204141099,0.003977315199114,0.3432173754486253,0.0002817261966917,0.0209506640895732
11501341,0.7903196724773489,0.9294123692973496,0.59473378555712,0.1378899967298944,0.9008433538541324,0.6525632357737392,0.401705011876548,0.0372164790977539,0.3073386595508459,0.9008433538541324,0.0064444005011957,0.0060396834639883
12100101,,0.1737981759197575,0.4494377345589709,0.458173277749454,0.7192915132141304,0.9446476010215904,0.4138790073617643,0.72453192986423,0.5952562906772829,,0.0084734408298174,0.0476964241751652
12100102,0.2895752895752894,0.3999273430289546,0.4550160366808421,0.669103712360813,0.9124696144357408,0.7197338473927384,0.7180249513960107,0.844249784592797,0.5220110167794674,0.2357496255049063,0.023464726074211,0.0260455103393635
12100103,0.1902244241505529,0.3896871244779329,0.852692215637904,0.1355388161125271,0.5338552629722908,0.5765016147694563,0.2250806402413889,0.0465883021808132,0.0633527303546774,0.6501390395990427,0.0698666753878534,0.021935904193621
12100204,0.2335598455598456,0.0040260023615656,0.4550651344407185,0.0031399087282283,0.0167569362599842,0.8919242061981599,0.8684666429063479,0.3015081780514327,0.6254187916657344,0.1965012178740384,0.0005970168638446,0.0680008188516846
12100205,0.7297297297297298,0.8027191254710202,0.2132811772575279,0.0841882963041213,0.3884592647685142,0.7926224648400935,0.6411918831017831,0.4492816263592866,0.216230873602625,0.0675337535408374,0.0225978510757089,0.0545618517068738
12100206,0.1876094196704884,0.0343649308263629,0.6216887201198364,0.548438572697096,0.0005328723834485,0.6599306321513309,0.3014173584298987,0.4299520076032777,0.5591448773783305,,0.0586678411589561,0.1241740647136951
12200307,0.5690772102025295,0.0006085565400757,0.024808080010253,0.0776374328497075,0.444050944069407,0.5226050497648513,0.7443478616296919,0.6186871610858189,0.3375000000000002,0.4411223524272751,0.0007103244587073,0.0139621078442633
12200308,0.5797478912461491,0.7976009831516894,0.4281795278991376,0.3245196559877297,0.271473100542534,0.7657219923533548,0.6723943747279062,0.5864165250566324,0.2346952097868934,0.2714731005425422,0.0202285703204967,0.0277212324520429
12200309,0.0094910964476182,0.8828772514004276,0.1893272820297621,0.5922700650065222,0.2918945875543299,6.357112691501854e-05,5.503994889377584e-05,0.7552535204394174,0.2431779613955467,0.6686838407685824,0.0310764258185786,0.0159623209907193
12200310,0.0022684555058655,0.2953868460353467,0.7247699865274415,0.2320141272496554,0.5113939854024641,0.8208876619542353,0.6534878642011891,0.4390856124261041,0.736525793343617,0.2002456809809457,0.0707018852291082,0.0255005510161747
12200411,0.76291640477687,0.2149014626794214,0.7180018452146025,0.482676275451199,0.2635282326305735,0.8957057970881451,0.0105333737528119,1.2224542589089891e-05,,,0.0111067330349455,0.0289986060892735
12200412,0.723766886957071,0.4916323304212842,0.9103496963645494,0.6340887117513152,0.8391292688446342,0.3104895067503439,0.3872605664193138,0.5286057161744839,0.2455269396051885,0.4785195185003169,0.0070849372033023,0.0083596894692958
12200413,0.3438898450946646,0.0284398174388821,0.1840110608748555,0.0109345066770515,0.6334638386526861,0.8749562540179314,0.7225152204189861,0.1431249815736651,0.0056408015074052,,0.0219704431574314,0.0519299956714087
12200414,0.3182786670165308,0.2760014450689968,0.5043199412981646,0.4609880878477128,0.8102630407492168,0.0453560723132494,0.7883040304199025,0.548500681625405,0.8848133848133848,,0.0134769146248179,0.0221153544696869
12200515,0.0368874368874369,0.9218701736499466,0.9767713258608238,0.7753458882481885,0.5468511703551194,0.8225911111055697,0.6740659862628712,0.5969487394124617,0.6702662173611006,0.8132272002533621,0.0067903710247568,0.0369261826514145
12400616,0.0321278592194926,0.1743082525023304,0.576214445882229,0.5819327323952077,0.2986144649984688,0.6450962207705175,0.7048467278822568,0.3907570125336216,0.3348258442039417,0.2962045500059922,0.0018329761325345,0.0242303658643519
12400617,0.7489717122370183,0.881690732920778,0.2329191216007221,0.4765001770976192,0.6755484194830746,0.3180325169141217,0.3725466016932327,0.895602043834228,0.4619051592980743,0.6613487744886528,0.0113477898499181,0.0202515605093748
12400618,0.0045150815396755,0.3509995199350285,0.6403684894058119,0.9018614886352304,0.2845790753382652,0.8080404029128628,0.0718066063540118,0.6176994795073845,0.055664644236072,0.8128004470276693,0.0248498665171403,0.04143442934888
12400619,0.2839789620891981,0.2160585464893386,0.4629953890542989,0.7085538629327008,0.815895366060976,0.4227837648622369,0.5784653509558717,0.8296387572198083,0.5127855445096816,0.0102093291839939,0.0010025831695867,0.0293660609612694
12400720,0.0264396480789916,0.1953643770346438,0.8252444077202176,0.2588655341427289,0.7017196998564068,0.7468383410601485,0.596919261724185,0.0001127494857263,0.3102812354459846,0.389564179146407,0.0870309597803783,0.0391249922212014
12400721,0.2160767812463506,0.1759296672644061,0.9387980102148202,0.5592341972405845,0.2420086768455929,0.5985633516158921,0.2902072050603154,0.298706340278342,0.3951216340388455,0.6056202724408395,0.0884049850055056,0.0271385079153477
12400722,0.3590733590733591,0.0949329732953104,0.8600150065681385,0.7162062733338193,0.0288907177207236,0.682029966865577,0.0074437466177791,0.7593943969218866,0.3616569851073445,0.2097443972884036,0.0124671600812287,0.0655606843822543
12400723,0.0252087414648992,0.0013715197341183,0.8955648820619518,0.752463763678901,0.1866626605181126,0.5828947176575814,0.3395152246360996,0.8423006705583365,0.3614716310901028,0.0251305882748545,0.1057289192864185,0.0720127591112939
12500824,0.1000055832091427,0.035392992757005,0.8409875260470829,0.0110038865550531,0.6589071904416927,0.1966349407762117,0.8017824793615346,0.8373469416441623,0.5509425873706614,0.5185590698297436,0.0065244086278952,0.037828982264165
12500825,0.65012285012285,0.4667589276235728,0.8866720443633729,0.4076083574201351,0.1386883687430016,0.8115140754789973,0.7415258417787784,0.2176968011189671,0.201644476647344,0.73588214905987,0.0007916410249499,0.0024610953971554
12500926,0.0291891891891891,0.0328219612959173,0.3452574143082861,0.4777132129683649,0.7988963696971726,0.8910423468165345,0.7079512061160105,0.1909827527885367,0.2785193978783628,0.0674367624260509,0.0219700838568173,0.081990484226453
12500927,,0.0153206863410759,0.8717913035096901,0.9109779245837268,0.6932030953687636,0.5305274962006068,0.7308494774088714,0.5436562246178656,0.0052345773388055,0.7412773910463517,0.00343946444016,0.000334504378275
12500928,,0.5016971590680197,0.5182631773725892,0.847436836641803,0.2096195161941348,0.583854566747855,0.1996434419012913,0.1720382474799002,0.4651010880820325,0.845290666810704,0.0634111181569764,0.0555910617479324
12500929,0.2270270270270266,0.4307033170383902,0.3472226718367336,0.0169174768052574,0.5145134622348075,0.5838754273652342,0.4860601461295384,0.3792371796076393,0.4247006276947913,0.1247952472751687,0.0228051209462883,0.0363820155685796
12500930,0.0317054986020506,0.274968318486701,0.3044790988096328,0.5762221307848506,0.0133758324883433,0.8651035868390629,0.009672677556036,0.7575800675443686,0.6546280051845832,,0.0142016156200959,0.0795299473178904
12601031,0.1114075114075113,0.4596998157808054,0.0276393106544178,0.8869417148954,0.5366911993663499,0.7565501968477548,0.4586931598355681,0.5613934945808636,0.8540869491137654,0.524705194439032,0.0183166911001949,0.0827061404030468
12601032,0.4508841793111066,0.5539459662309667,0.738129603761245,0.7796820074964922,0.2427017193887103,0.7749053069141765,0.3883619515929204,0.617644529162335,0.1493732617275592,,0.0211455059988452,0.0071058398837691
12601133,0.1298593139613754,0.703823261856328,0.5686734047839845,0.0250745808337625,0.0277690761094091,0.2677021661707447,0.4292154422182157,0.8381842854514837,0.1657553990213321,,0.0013281530442376,0.0350515622259813
12601134,0.0176576576576574,0.2125377789266381,0.6694035253737061,0.6709266151672248,0.5946248246851094,0.8301686018510953,0.0001618805475102,0.1355307743598761,0.0217035485491495,0.6029009585789327,0.0034560364570477,0.0568754032852369
12601235,0.3249990628631405,0.4318515845731864,0.3354985974095457,0.4362762642947517,0.4862346447162828,0.51875912429309,0.3349155227896252,0.530732797739743,0.4596225245439906,0.4862346447162919,0.0002823974235444,0.0514618587829805
12601236,0.7361685214626392,0.8626417849358301,0.7678242660867596,0.807604746902907,0.7583627133454603,0.1209253067208028,0.8154363344430203,0.1224837515926764,0.0039788875738736,,0.00909590636772,0.0463136068221194
