plr_key;plr_name;res_count;single_pers_hh_count;pers_multi_pers_hh_count;pers_two_pers_hh_count;pers_three_pers_hh_count;pers_four_or_more_pers_hh_count;avg_hh_size;households_total;multi_pers_hh_tot_count;two_pers_hh_count;three_pers_hh_count;four_or_more_pers_hh_count;pers_married_couple_hh_tot_count;pers_married_couple_hh_wo_child_count;pers_married_couple_hh_with_child_count;pers_unmarried_couple_hh_tot_count;pers_unmarried_couple_hh_wo_child_count;pers_unmarried_couple_hh_with_child_count;pers_single_parent_hh_count;pers_other_multi_pers_hh_wo_child_count;married_couple_hh_tot_count;married_couple_hh_wo_child_count;married_couple_hh_with_child_count;unmarried_couple_hh_tot_count;unmarried_couple_hh_wo_child_count;unmarried_couple_hh_with_child_count;single_parent_hh_count;other_multi_pers_hh_wo_child_count;single_pers_hh_under_30_count;single_pers_hh_30_to_under_65_count;single_pers_hh_65_and_over_count;single_pers_hh_female_count;hh_wo_child_count;hh_with_child_total_count;hh_with_one_child_count;hh_with_two_child_count;hh_with_three_or_more_child_count;single_parent_hh_share_perc;date
01100101;Stülerstraße; 3 792; 1 483; 2 309; 1 152;  546;  611;1,60; 2 375;  892;  576;  182;  134; 1 171;  480;  691;  493;  400;  93;  173;  472;  415;  240;  175;  226;  200;  26;  65;  186;  283;  762;  438;  645; 2 109;  266;  159;  81;  26;24,4;31.12.2024
01100102;Großer Tiergarten; 2 200;  665; 1 535;  714;  339;  482;1,77; 1 242;  577;  357;  113;  107;  859;  396;  463;  210;  156;  54;  75;  391;  316;  198;  118;  91;  78;  13;  31;  139;  117;  410;  138;  237; 1 080;  162;  96;  53;  13;19,1;31.12.2024
01100103;Lützowstraße; 5 799; 2 060; 3 739; 1 610;  744; 1 385;1,70; 3 418; 1 358;  805;  248;  305; 1 949;  802; 1 147;  644;  402;  242;  329;  817;  675;  401;  274;  265;  201;  64;  121;  297;  412; 1 152;  496;  865; 2 959;  459;  238;  163;  58;26,4;31.12.2024
01100104;Körnerstraße; 5 001; 1 621; 3 380; 1 208;  759; 1 413;1,80; 2 776; 1 155;  604;  253;  298; 1 625;  484; 1 141;  695;  418;  277;  260;  800;  504;  242;  262;  283;  209;  74;  95;  273;  436;  979;  206;  659; 2 345;  431;  227;  145;  59;22,0;31.12.2024
01100205;Wilhelmstraße; 3 043;  967; 2 076; 1 014;  486;  576;1,73; 1 764;  797;  507;  162;  128; 1 115;  530;  585;  293;  242;  51;  103;  565;  415;  265;  150;  133;  121;  12;  40;  209;  272;  494;  201;  397; 1 562;  202;  114;  63;  25;19,8;31.12.2024
01100206;Unter den Linden; 2 111;  919; 1 192;  590;  267;  335;1,53; 1 377;  458;  295;  89;  74;  673;  306;  367;  183;  116;  67;  106;  230;  245;  153;  92;  76;  58;  18;  42;  95;  136;  578;  205;  371; 1 225;  152;  92;  46;  14;27,6;31.12.2024
01100207;Leipziger Straße; 9 466; 3 253; 6 213; 2 764; 1 524; 1 925;1,70; 5 561; 2 308; 1 382;  508;  418; 3 404; 1 502; 1 902; 1 025;  646;  379;  455; 1 329; 1 226;  751;  475;  429;  323;  106;  166;  487;  520; 1 833;  900; 1 493; 4 814;  747;  436;  228;  83;22,2;31.12.2024
01100308;Charitéviertel; 7 926; 3 109; 4 817; 2 126; 1 179; 1 512;1,61; 4 914; 1 805; 1 063;  393;  349; 2 562; 1 010; 1 552;  953;  604;  349;  368;  934;  914;  505;  409;  400;  302;  98;  146;  345;  611; 2 012;  486; 1 367; 4 261;  653;  384;  232;  37;22,4;31.12.2024
01100309;Oranienburger Straße; 13 204; 5 276; 7 928; 3 204; 1 962; 2 762;1,62; 8 166; 2 890; 1 602;  654;  634; 3 943; 1 412; 2 531; 1 446;  686;  760;  925; 1 614; 1 358;  706;  652;  556;  343;  213;  357;  619;  923; 3 691;  662; 2 377; 6 944; 1 222;  734;  400;  88;29,2;31.12.2024
01100310;Alexanderplatz-viertel; 10 547; 4 404; 6 143; 2 800; 1 419; 1 924;1,57; 6 704; 2 300; 1 400;  473;  427; 2 867; 1 138; 1 729; 1 363;  858;  505;  587; 1 326;  998;  569;  429;  569;  429;  140;  223;  510;  843; 2 730;  831; 1 870; 5 912;  792;  458;  252;  82;28,2;31.12.2024
01100311;Karl-Marx-Allee; 10 023; 3 100; 6 923; 3 316; 1 461; 2 146;1,75; 5 713; 2 613; 1 658;  487;  468; 3 174; 1 472; 1 702; 1 597; 1 036;  561;  794; 1 358; 1 154;  736;  418;  668;  518;  150;  288;  503;  509; 1 468; 1 123; 1 596; 4 857;  856;  467;  266;  123;33,6;31.12.2024
01100312;Heine-Viertel West; 11 216; 3 811; 7 405; 3 260; 1 659; 2 486;1,71; 6 548; 2 737; 1 630;  553;  554; 3 956; 1 658; 2 298; 1 504;  890;  614;  478; 1 467; 1 411;  829;  582;  611;  445;  166;  179;  536;  641; 2 196;  974; 1 762; 5 621;  927;  518;  324;  85;19,3;31.12.2024
01100313;Heine-Viertel Ost; 11 801; 4 191; 7 610; 3 646; 1 647; 2 317;1,67; 7 085; 2 894; 1 823;  549;  522; 3 869; 1 630; 2 239; 1 891; 1 274;  617;  569; 1 281; 1 385;  815;  570;  810;  637;  173;  222;  477; 1 013; 2 381;  797; 1 969; 6 120;  965;  553;  330;  82;23,0;31.12.2024
01100414;Nordbahnhof; 5 673; 1 639; 4 034; 1 506; 1 008; 1 520;1,86; 3 056; 1 417;  753;  336;  328; 2 203;  606; 1 597; 1 037;  566;  471;  208;  586;  709;  303;  406;  400;  283;  117;  85;  223;  349; 1 161;  129;  735; 2 448;  608;  335;  208;  65;14,0;31.12.2024
01100415;Invalidenstraße; 14 003; 5 332; 8 671; 3 384; 2 226; 3 061;1,66; 8 458; 3 126; 1 692;  742;  692; 4 388; 1 422; 2 966; 1 899;  936;  963;  801; 1 583; 1 478;  711;  767;  734;  468;  266;  313;  601; 1 064; 3 708;  560; 2 522; 7 112; 1 346;  807;  429;  110;23,3;31.12.2024
01100416;Arkonaplatz; 14 049; 5 514; 8 535; 3 238; 2 226; 3 071;1,64; 8 584; 3 070; 1 619;  742;  709; 4 508; 1 410; 3 098; 1 890;  824; 1 066;  918; 1 219; 1 504;  705;  799;  713;  412;  301;  375;  478; 1 007; 3 934;  573; 2 631; 7 109; 1 475;  877;  488;  110;25,4;31.12.2024
01200517;Huttenkiez; 4 067; 1 759; 2 308;  978;  465;  865;1,58; 2 580;  821;  489;  155;  177; 1 018;  338;  680;  559;  338;  221;  222;  509;  322;  169;  153;  225;  169;  56;  78;  196;  472; 1 024;  263;  653; 2 293;  287;  139;  93;  55;27,2;31.12.2024
01200518;Beusselkiez; 7 209; 2 933; 4 276; 1 758;  888; 1 630;1,62; 4 455; 1 522;  879;  296;  347; 1 841;  554; 1 287; 1 004;  656;  348;  414; 1 017;  578;  277;  301;  419;  328;  91;  146;  379;  804; 1 712;  417; 1 164; 3 917;  538;  277;  178;  83;27,1;31.12.2024
01200519;Emdener Straße; 9 910; 4 278; 5 632; 2 274; 1 143; 2 215;1,58; 6 267; 1 989; 1 137;  381;  471; 2 682;  920; 1 762; 1 127;  672;  455;  585; 1 238;  862;  460;  402;  461;  336;  125;  201;  465; 1 114; 2 437;  727; 1 798; 5 539;  728;  382;  228;  118;27,6;31.12.2024
01200520;Bremer Straße; 9 861; 4 221; 5 640; 2 366; 1 326; 1 948;1,57; 6 269; 2 048; 1 183;  442;  423; 2 627;  970; 1 657; 1 167;  642;  525;  457; 1 389;  879;  485;  394;  467;  321;  146;  172;  530; 1 002; 2 421;  798; 1 827; 5 557;  712;  388;  226;  98;24,2;31.12.2024
01200521;Zwinglistraße; 5 408; 2 061; 3 347; 1 292;  753; 1 302;1,67; 3 229; 1 168;  646;  251;  271; 1 501;  528;  973;  653;  322;  331;  364;  829;  487;  264;  223;  246;  161;  85;  132;  303;  533; 1 160;  368;  821; 2 789;  440;  233;  129;  78;30,0;31.12.2024
01200522;Elberfelder Straße; 11 996; 4 689; 7 307; 3 128; 1 812; 2 367;1,62; 7 404; 2 715; 1 564;  604;  547; 3 753; 1 612; 2 141; 1 308;  702;  606;  532; 1 714; 1 354;  806;  548;  521;  351;  170;  205;  635;  942; 2 492; 1 255; 2 307; 6 481;  923;  510;  349;  64;22,2;31.12.2024
01200623;Stephankiez; 11 443; 4 722; 6 721; 2 594; 1 521; 2 606;1,61; 7 104; 2 382; 1 297;  507;  578; 3 176; 1 022; 2 154; 1 419;  742;  677;  621; 1 505; 1 037;  511;  526;  558;  371;  187;  226;  561; 1 133; 2 867;  722; 2 050; 6 165;  939;  509;  325;  105;24,1;31.12.2024
01200624;Heidestraße; 7 074; 1 595; 5 479; 2 184; 1 413; 1 882;1,98; 3 574; 1 979; 1 092;  471;  416; 3 137;  940; 2 197; 1 180;  874;  306;  298;  864; 1 039;  470;  569;  525;  437;  88;  106;  309;  494;  971;  130;  584; 2 811;  763;  468;  231;  64;13,9;31.12.2024
01200625;Lübecker Straße; 6 982; 2 477; 4 505; 1 478;  987; 2 040;1,76; 3 972; 1 495;  739;  329;  427; 2 204;  660; 1 544;  742;  302;  440;  454; 1 105;  681;  330;  351;  259;  151;  108;  165;  390;  575; 1 361;  541; 1 134; 3 348;  624;  313;  195;  116;26,4;31.12.2024
01200626;Thomasiusstraße; 6 359; 2 657; 3 702; 1 608;  888; 1 206;1,58; 4 035; 1 378;  804;  296;  278; 1 963;  846; 1 117;  619;  340;  279;  289;  831;  711;  423;  288;  247;  170;  77;  111;  309;  488; 1 516;  653; 1 256; 3 559;  476;  264;  177;  35;23,3;31.12.2024
01200627;Zillesiedlung; 3 253;  793; 2 460;  796;  432; 1 232;2,04; 1 594;  801;  398;  144;  259; 1 265;  412;  853;  226;  104;  122;  390;  579;  392;  206;  186;  81;  52;  29;  129;  199;  192;  392;  209;  372; 1 250;  344;  146;  120;  78;37,5;31.12.2024
01200628;Lüneburger Straße; 3 637; 1 512; 2 125;  868;  531;  726;1,59; 2 291;  779;  434;  177;  168; 1 116;  420;  696;  296;  154;  142;  156;  557;  390;  210;  180;  117;  77;  40;  61;  211;  244;  934;  334;  643; 2 010;  281;  158;  101;  22;21,7;31.12.2024
01200629;Hansaviertel; 6 358; 2 530; 3 828; 2 136;  768;  924;1,56; 4 065; 1 535; 1 068;  256;  211; 1 680;  850;  830; 1 056;  846;  210;  218;  874;  639;  425;  214;  480;  423;  57;  89;  327;  565; 1 246;  719; 1 163; 3 705;  360;  219;  113;  28;24,7;31.12.2024
01300730;Drontheimer Straße; 7 987; 2 538; 5 449; 1 764; 1 092; 2 593;1,85; 4 311; 1 773;  882;  364;  527; 2 451;  622; 1 829;  917;  432;  485;  773; 1 308;  704;  311;  393;  333;  216;  117;  258;  478;  703; 1 467;  368;  977; 3 543;  768;  345;  227;  196;33,6;31.12.2024
01300731;Koloniestraße; 9 075; 3 245; 5 830; 2 068; 1 260; 2 502;1,74; 5 223; 1 978; 1 034;  420;  524; 2 671;  790; 1 881; 1 180;  596;  584;  709; 1 270;  826;  395;  431;  441;  298;  143;  244;  467;  831; 1 850;  564; 1 384; 4 405;  818;  400;  242;  176;29,8;31.12.2024
01300732;Soldiner Straße; 10 198; 3 444; 6 754; 2 268; 1 515; 2 971;1,79; 5 710; 2 266; 1 134;  505;  627; 3 383;  900; 2 483; 1 121;  542;  579;  875; 1 375; 1 026;  450;  576;  421;  271;  150;  310;  509;  811; 2 077;  556; 1 505; 4 674; 1 036;  513;  318;  205;29,9;31.12.2024
01300733;Gesundbrunnen; 11 929; 3 953; 7 976; 2 722; 1 728; 3 526;1,80; 6 632; 2 679; 1 361;  576;  742; 3 949; 1 118; 2 831; 1 260;  716;  544;  883; 1 884; 1 201;  559;  642;  500;  358;  142;  298;  680;  891; 2 421;  641; 1 777; 5 550; 1 082;  532;  323;  227;27,5;31.12.2024
01300834;Brunnenstraße; 14 455; 3 505; 10 950; 3 154; 2 346; 5 450;2,06; 7 006; 3 501; 1 577;  782; 1 142; 6 061; 1 406; 4 655; 1 307;  598;  709; 1 133; 2 449; 1 738;  703; 1 035;  485;  299;  186;  408;  870;  658; 2 061;  786; 1 640; 5 377; 1 629;  759;  510;  360;25,0;31.12.2024
01300835;Humboldthain Süd; 10 661; 3 092; 7 569; 3 058; 1 452; 3 059;1,85; 5 757; 2 665; 1 529;  484;  652; 3 658; 1 116; 2 542; 1 489; 1 062;  427;  753; 1 669; 1 137;  558;  579;  643;  531;  112;  274;  611;  651; 1 666;  775; 1 521; 4 792;  965;  436;  325;  204;28,4;31.12.2024
01300836;Humboldthain Nordwest; 15 091; 5 270; 9 821; 3 214; 1 998; 4 609;1,78; 8 489; 3 219; 1 607;  666;  946; 4 639; 1 214; 3 425; 1 911;  962;  949; 1 015; 2 256; 1 372;  607;  765;  708;  481;  227;  332;  807; 1 359; 3 123;  788; 2 210; 7 165; 1 324;  624;  395;  305;25,1;31.12.2024
01400937;Afrikanische Straße; 11 020; 4 642; 6 378; 2 818; 1 536; 2 024;1,57; 7 009; 2 367; 1 409;  512;  446; 3 219; 1 352; 1 867;  892;  462;  430;  816; 1 451; 1 141;  676;  465;  347;  231;  116;  305;  574;  976; 2 684;  982; 2 096; 6 123;  886;  495;  266;  125;34,4;31.12.2024
01400938;Kameruner Straße; 9 883; 3 851; 6 032; 2 440; 1 287; 2 305;1,64; 6 011; 2 160; 1 220;  429;  511; 2 749;  998; 1 751; 1 271;  726;  545;  566; 1 446;  919;  499;  420;  508;  363;  145;  201;  532;  863; 2 272;  716; 1 704; 5 245;  766;  407;  247;  112;26,2;31.12.2024
01400939;Glasgower Straße; 5 895; 2 399; 3 496; 1 502;  786; 1 208;1,60; 3 674; 1 275;  751;  262;  262; 1 691;  596; 1 095;  652;  390;  262;  420;  733;  562;  298;  264;  265;  195;  70;  150;  298;  556; 1 426;  417; 1 045; 3 190;  484;  256;  152;  76;31,0;31.12.2024
01400940;Schillerpark; 7 093; 2 335; 4 758; 1 986; 1 086; 1 686;1,74; 4 072; 1 737;  993;  362;  382; 2 555; 1 018; 1 537;  667;  282;  385;  653;  883;  888;  509;  379;  247;  141;  106;  248;  354;  291; 1 164;  880; 1 230; 3 339;  733;  377;  265;  91;33,8;31.12.2024
01400941;Londoner Straße; 3 822; 1 446; 2 376; 1 070;  567;  739;1,64; 2 333;  887;  535;  189;  163; 1 338;  652;  686;  264;  126;  138;  260;  514;  495;  326;  169;  101;  63;  38;  92;  199;  255;  638;  553;  786; 2 034;  299;  155;  101;  43;30,8;31.12.2024
01400942;Westliche Müllerstraße; 9 025; 3 880; 5 145; 2 188; 1 059; 1 898;1,57; 5 732; 1 852; 1 094;  353;  405; 2 264;  852; 1 412; 1 269;  722;  547;  495; 1 117;  754;  426;  328;  502;  361;  141;  179;  417; 1 003; 2 314;  563; 1 718; 5 084;  648;  328;  223;  97;27,6;31.12.2024
01401043;Antonstraße; 7 601; 2 402; 5 199; 1 690; 1 143; 2 366;1,84; 4 128; 1 726;  845;  381;  500; 2 581;  774; 1 807;  752;  366;  386;  508; 1 358;  795;  387;  408;  286;  183;  103;  169;  476;  635; 1 349;  418; 1 039; 3 448;  680;  330;  225;  125;24,9;31.12.2024
01401044;Uferstraße; 10 374; 3 852; 6 522; 2 152; 1 434; 2 936;1,72; 6 017; 2 165; 1 076;  478;  611; 3 009;  818; 2 191; 1 213;  590;  623;  789; 1 511;  904;  409;  495;  449;  295;  154;  255;  557;  918; 2 390;  544; 1 585; 5 113;  904;  431;  242;  231;28,2;31.12.2024
01401045;Schweden-straße; 5 626; 1 804; 3 822; 1 194;  711; 1 917;1,85; 3 034; 1 230;  597;  237;  396; 1 953;  504; 1 449;  546;  282;  264;  405;  918;  566;  252;  314;  209;  141;  68;  131;  324;  477; 1 095;  232;  746; 2 521;  513;  214;  161;  138;25,5;31.12.2024
01401046;Nordufer; 9 096; 4 101; 4 995; 2 094; 1 089; 1 812;1,54; 5 905; 1 804; 1 047;  363;  394; 2 093;  682; 1 411; 1 287;  718;  569;  496; 1 119;  681;  341;  340;  510;  359;  151;  190;  423; 1 067; 2 469;  565; 1 748; 5 224;  681;  402;  200;  79;27,9;31.12.2024
01401047;Sparrplatz; 8 400; 3 021; 5 379; 2 310; 1 017; 2 052;1,70; 4 940; 1 919; 1 155;  339;  425; 2 145;  572; 1 573; 1 502; 1 104;  398;  437; 1 295;  636;  286;  350;  655;  552;  103;  150;  478;  879; 1 821;  321; 1 198; 4 337;  603;  295;  194;  114;24,9;31.12.2024
01401048;Leopoldplatz; 9 671; 3 908; 5 763; 2 392; 1 152; 2 219;1,62; 5 959; 2 051; 1 196;  384;  471; 2 459;  748; 1 711; 1 537;  976;  561;  490; 1 277;  763;  374;  389;  639;  488;  151;  178;  471;  954; 2 384;  570; 1 614; 5 241;  718;  370;  250;  98;24,8;31.12.2024
01401049;Schulstraße; 6 712; 2 611; 4 101; 1 624;  846; 1 631;1,66; 4 054; 1 443;  812;  282;  349; 1 751;  628; 1 123;  747;  438;  309;  527; 1 076;  568;  314;  254;  298;  219;  79;  185;  392;  484; 1 394;  733; 1 227; 3 536;  518;  261;  167;  90;35,7;31.12.2024
02100101;Askanischer Platz; 7 371; 2 260; 5 111; 1 838; 1 062; 2 211;1,84; 4 003; 1 743;  919;  354;  470; 2 248;  600; 1 648; 1 118;  680;  438;  428; 1 317;  682;  300;  382;  448;  340;  108;  154;  459;  519; 1 326;  415;  856; 3 359;  644;  326;  214;  104;23,9;31.12.2024
02100102;Mehringplatz; 8 822; 2 428; 6 394; 1 942; 1 335; 3 117;1,96; 4 495; 2 067;  971;  445;  651; 3 291;  842; 2 449;  834;  464;  370;  669; 1 600;  966;  421;  545;  323;  232;  91;  227;  551;  528; 1 340;  560; 1 081; 3 632;  863;  401;  292;  170;26,3;31.12.2024
02100103;Am Berlin Museum; 5 328; 1 612; 3 716; 1 148;  795; 1 773;1,89; 2 826; 1 214;  574;  265;  375; 1 909;  482; 1 427;  557;  262;  295;  329;  921;  566;  241;  325;  203;  131;  72;  120;  325;  292;  973;  347;  770; 2 309;  517;  232;  181;  104;23,2;31.12.2024
02100104;Moritzplatz; 5 226; 1 652; 3 574; 1 042;  819; 1 713;1,85; 2 820; 1 168;  521;  273;  374; 1 909;  454; 1 455;  339;  168;  171;  329;  997;  562;  227;  335;  133;  84;  49;  119;  354;  274; 1 019;  359;  740; 2 317;  503;  257;  172;  74;23,7;31.12.2024
02100105;Prinzenstraße; 9 347; 2 775; 6 572; 2 026; 1 383; 3 163;1,90; 4 921; 2 146; 1 013;  461;  672; 3 352;  974; 2 378;  773;  358;  415;  733; 1 714; 1 027;  487;  540;  280;  179;  101;  252;  587;  471; 1 645;  659; 1 297; 4 028;  893;  424;  294;  175;28,2;31.12.2024
02100106;Wassertorplatz; 4 890; 1 464; 3 426;  936;  687; 1 803;1,93; 2 535; 1 071;  468;  229;  374; 1 656;  394; 1 262;  431;  166;  265;  342;  997;  471;  197;  274;  149;  83;  66;  115;  336;  243;  843;  378;  684; 2 080;  455;  218;  150;  87;25,3;31.12.2024
02200207;Gleisdreieck; 2 727;  514; 2 213;  828;  462;  923;2,12; 1 284;  770;  414;  154;  202; 1 268;  392;  876;  538;  322;  216;  119;  288;  409;  196;  213;  218;  161;  57;  45;  98;  115;  297;  102;  248;  969;  315;  152;  124;  39;14,3;31.12.2024
02200208;Rathaus Yorckstraße; 6 003; 2 321; 3 682; 1 442;  783; 1 457;1,65; 3 631; 1 310;  721;  261;  328; 1 785;  660; 1 125;  675;  268;  407;  352;  870;  601;  330;  271;  244;  134;  110;  139;  326;  506; 1 302;  513; 1 062; 3 111;  520;  262;  193;  65;26,7;31.12.2024
02200209;Viktoriapark; 11 380; 4 363; 7 017; 2 672; 1 680; 2 665;1,66; 6 862; 2 499; 1 336;  560;  603; 3 646; 1 276; 2 370; 1 429;  666;  763;  574; 1 368; 1 225;  638;  587;  547;  333;  214;  225;  502;  768; 2 720;  875; 2 037; 5 836; 1 026;  551;  373;  102;21,9;31.12.2024
02200210;Urbanstraße; 12 763; 5 365; 7 398; 2 964; 1 800; 2 634;1,59; 8 030; 2 665; 1 482;  600;  583; 3 486; 1 264; 2 222; 1 576;  758;  818;  686; 1 650; 1 177;  632;  545;  608;  379;  229;  267;  613; 1 068; 3 378;  919; 2 452; 6 989; 1 041;  589;  356;  96;25,6;31.12.2024
02200211;Chamissokiez; 15 019; 6 123; 8 896; 3 592; 2 331; 2 973;1,60; 9 379; 3 256; 1 796;  777;  683; 3 855; 1 448; 2 407; 2 025;  968; 1 057;  837; 2 179; 1 339;  724;  615;  784;  484;  300;  337;  796; 1 026; 3 814; 1 283; 2 887; 8 127; 1 252;  743;  429;  80;26,9;31.12.2024
02200212;Graefekiez Süd; 8 602; 3 091; 5 511; 1 832; 1 233; 2 446;1,74; 4 954; 1 863;  916;  411;  536; 2 725;  758; 1 967;  991;  410;  581;  588; 1 207;  843;  379;  464;  358;  205;  153;  218;  444;  473; 2 021;  597; 1 461; 4 119;  835;  420;  305;  110;26,1;31.12.2024
02200213;Graefekiez Nord; 10 290; 4 334; 5 956; 2 294; 1 473; 2 189;1,59; 6 466; 2 132; 1 147;  491;  494; 2 628;  900; 1 728; 1 461;  624;  837;  603; 1 264;  887;  450;  437;  543;  312;  231;  236;  466;  780; 2 811;  743; 2 039; 5 562;  904;  540;  291;  73;26,1;31.12.2024
02300314;Oranienplatz; 7 214; 2 753; 4 461; 1 540; 1 170; 1 751;1,68; 4 296; 1 543;  770;  390;  383; 1 936;  668; 1 268;  563;  226;  337;  499; 1 463;  628;  334;  294;  211;  113;  98;  194;  510;  404; 1 838;  511; 1 154; 3 710;  586;  338;  179;  69;33,1;31.12.2024
02300315;Lausitzer Platz; 8 333; 3 218; 5 115; 1 740; 1 314; 2 061;1,67; 4 981; 1 763;  870;  438;  455; 2 293;  742; 1 551;  736;  300;  436;  604; 1 482;  746;  371;  375;  267;  150;  117;  231;  519;  450; 2 165;  603; 1 376; 4 258;  723;  400;  243;  80;32,0;31.12.2024
02300316;Köpenicker Straße; 4 312; 1 788; 2 524;  984;  657;  883;1,60; 2 695;  907;  492;  219;  196; 1 148;  404;  744;  454;  208;  246;  322;  600;  386;  202;  184;  172;  104;  68;  124;  225;  273; 1 157;  358;  814; 2 319;  376;  227;  107;  42;33,0;31.12.2024
02300417;Reichenberger Straße West; 8 503; 3 295; 5 208; 1 928; 1 170; 2 110;1,66; 5 112; 1 817;  964;  390;  463; 2 288;  700; 1 588; 1 128;  532;  596;  576; 1 216;  721;  350;  371;  429;  266;  163;  218;  449;  518; 2 243;  534; 1 450; 4 360;  752;  418;  252;  82;29,0;31.12.2024
02300418;Reichenberger Straße Ost; 7 860; 3 455; 4 405; 1 746; 1 074; 1 585;1,56; 5 032; 1 577;  873;  358;  346; 1 944;  684; 1 260;  914;  428;  486;  520; 1 027;  644;  342;  302;  347;  214;  133;  201;  385;  537; 2 378;  540; 1 562; 4 396;  636;  367;  197;  72;31,6;31.12.2024
02300419;Wrangelkiez; 10 782; 4 716; 6 066; 2 438; 1 482; 2 146;1,56; 6 907; 2 191; 1 219;  494;  478; 2 593;  980; 1 613; 1 357;  588;  769;  546; 1 570;  880;  490;  390;  508;  294;  214;  218;  585;  801; 3 244;  671; 2 071; 6 085;  822;  469;  270;  83;26,5;31.12.2024
02400520;Barnimkiez; 5 725; 1 753; 3 972; 1 734;  912; 1 326;1,78; 3 221; 1 468;  867;  304;  297; 2 057;  958; 1 099;  600;  260;  340;  539;  776;  753;  479;  274;  218;  130;  88;  197;  300;  247;  907;  599;  897; 2 662;  559;  307;  188;  64;35,2;31.12.2024
02400521;Friedenstraße; 8 908; 3 149; 5 759; 2 490; 1 404; 1 865;1,69; 5 286; 2 137; 1 245;  468;  424; 2 819; 1 142; 1 677; 1 330;  660;  670;  694;  916; 1 008;  571;  437;  515;  330;  185;  256;  358;  618; 1 918;  613; 1 519; 4 408;  878;  514;  295;  69;29,2;31.12.2024
02400522;Richard-Sorge-Viertel; 11 364; 4 472; 6 892; 2 920; 1 794; 2 178;1,62; 7 033; 2 561; 1 460;  598;  503; 3 322; 1 280; 2 042; 1 883;  836; 1 047;  745;  942; 1 181;  640;  541;  709;  418;  291;  296;  375;  860; 3 034;  578; 2 139; 5 905; 1 128;  672;  370;  86;26,2;31.12.2024
02400623;Andreasviertel; 14 391; 4 762; 9 629; 4 440; 2 016; 3 173;1,72; 8 351; 3 589; 2 220;  672;  697; 4 317; 1 744; 2 573; 2 466; 1 594;  872; 1 069; 1 777; 1 509;  872;  637; 1 018;  797;  221;  393;  669;  872; 2 645; 1 245; 2 293; 7 100; 1 251;  659;  422;  170;31,4;31.12.2024
02400624;Weberwiese; 11 803; 4 897; 6 906; 3 436; 1 527; 1 943;1,56; 7 572; 2 675; 1 718;  509;  448; 3 103; 1 330; 1 773; 2 035; 1 234;  801;  582; 1 186; 1 129;  665;  464;  838;  617;  221;  238;  470; 1 033; 3 205;  659; 2 181; 6 649;  923;  554;  307;  62;25,8;31.12.2024
02400625;Wriezener Bahnhof; 1 358;  410;  948;  452;  174;  322;1,78;  763;  353;  226;  58;  69;  445;  192;  253;  272;  192;  80;  60;  171;  156;  96;  60;  116;  96;  20;  21;  60;  102;  294;  14;  163;  662;  101;  63;  27;  11;20,8;31.12.2024
02500726;Hausburgviertel; 9 416; 4 365; 5 051; 2 200; 1 266; 1 585;1,51; 6 252; 1 887; 1 100;  422;  365; 2 195;  806; 1 389; 1 541;  762;  779;  573;  742;  765;  403;  362;  596;  381;  215;  223;  303;  882; 3 131;  352; 1 871; 5 452;  800;  456;  284;  60;27,9;31.12.2024
02500727;Forckenbeckplatz; 6 509; 2 715; 3 794; 1 560; 1 005; 1 229;1,58; 4 112; 1 397;  780;  335;  282; 1 722;  572; 1 150; 1 059;  530;  529;  444;  569;  588;  286;  302;  414;  265;  149;  169;  226;  513; 1 961;  241; 1 193; 3 492;  620;  369;  204;  47;27,3;31.12.2024
02500728;Samariterviertel; 10 283; 4 113; 6 170; 2 566; 1 512; 2 092;1,61; 6 385; 2 272; 1 283;  504;  485; 2 692;  812; 1 880; 1 735;  906;  829;  753;  990;  893;  406;  487;  685;  453;  232;  302;  392;  882; 2 986;  245; 1 842; 5 364; 1 021;  606;  370;  45;29,6;31.12.2024
02500729;Pettenkofer Straße; 5 514; 2 007; 3 507; 1 354;  894; 1 259;1,68; 3 273; 1 266;  677;  298;  291; 1 725;  498; 1 227;  915;  434;  481;  304;  563;  565;  249;  316;  352;  217;  135;  127;  222;  382; 1 433;  192;  881; 2 695;  578;  328;  220;  30;22,0;31.12.2024
02500830;Niederbarnim-straße; 4 161; 1 777; 2 384; 1 062;  555;  767;1,56; 2 664;  887;  531;  185;  171; 1 030;  374;  656;  670;  382;  288;  272;  412;  350;  187;  163;  273;  191;  82;  100;  164;  343; 1 291;  143;  756; 2 319;  345;  198;  111;  36;29,0;31.12.2024
02500831;Wismarplatz; 8 035; 3 572; 4 463; 1 904; 1 113; 1 446;1,54; 5 220; 1 648;  952;  371;  325; 2 001;  678; 1 323; 1 183;  640;  543;  536;  743;  673;  339;  334;  473;  320;  153;  198;  304;  679; 2 597;  296; 1 610; 4 535;  685;  392;  228;  65;28,9;31.12.2024
02500832;Traveplatz; 9 722; 3 647; 6 075; 2 562; 1 491; 2 022;1,65; 5 881; 2 234; 1 281;  497;  456; 2 711;  786; 1 925; 1 836; 1 064;  772;  644;  884;  884;  393;  491;  748;  532;  216;  247;  355;  763; 2 637;  247; 1 550; 4 927;  954;  547;  326;  81;25,9;31.12.2024
02500833;Boxhagener Platz; 10 345; 5 052; 5 293; 2 484; 1 269; 1 540;1,46; 7 071; 2 019; 1 242;  423;  354; 2 176;  842; 1 334; 1 703;  958;  745;  581;  833;  766;  421;  345;  689;  479;  210;  237;  327; 1 015; 3 772;  265; 2 232; 6 279;  792;  482;  251;  59;29,9;31.12.2024
02500834;Revaler Straße; 11 656; 4 745; 6 911; 2 860; 1 644; 2 407;1,60; 7 274; 2 529; 1 430;  548;  551; 3 028;  946; 2 082; 1 979; 1 034;  945;  735; 1 169; 1 008;  473;  535;  777;  517;  260;  290;  454; 1 048; 3 414;  283; 2 069; 6 189; 1 085;  620;  397;  68;26,7;31.12.2024
02500835;Stralauer Kiez; 8 597; 3 468; 5 129; 2 250; 1 293; 1 586;1,60; 5 383; 1 915; 1 125;  431;  359; 2 299;  830; 1 469; 1 442;  778;  664;  589;  799;  801;  415;  386;  578;  389;  189;  225;  311;  818; 2 317;  333; 1 509; 4 583;  800;  494;  255;  51;28,1;31.12.2024
02500836;Stralauer Halbinsel; 5 002; 1 020; 3 982; 1 256; 1 101; 1 625;2,09; 2 391; 1 371;  628;  367;  376; 2 268;  660; 1 608;  920;  328;  592;  358;  436;  742;  330;  412;  332;  164;  168;  134;  163;  116;  719;  185;  476; 1 677;  714;  360;  300;  54;18,8;31.12.2024
03100101;Bucher Forst; 4 818; 1 192; 3 626; 1 282;  936; 1 408;1,96; 2 464; 1 272;  641;  312;  319; 1 804;  662; 1 142;  765;  272;  493;  403;  654;  616;  331;  285;  267;  136;  131;  150;  239;  165;  751;  276;  466; 1 898;  566;  290;  218;  58;26,5;31.12.2024
03100102;Klinikum Buch; 2 675;  860; 1 815;  700;  420;  695;1,78; 1 506;  646;  350;  140;  156;  970;  408;  562;  215;  72;  143;  216;  414;  342;  204;  138;  74;  36;  38;  76;  154;  112;  519;  229;  457; 1 254;  252;  131;  91;  30;30,2;31.12.2024
03100103;Karower Chaussee; 8 393; 2 675; 5 718; 2 444; 1 389; 1 885;1,76; 4 777; 2 102; 1 222;  463;  417; 2 656; 1 376; 1 280;  829;  154;  675; 1 219; 1 014; 1 002;  688;  314;  254;  77;  177;  430;  416;  297; 1 420;  958; 1 358; 3 856;  921;  499;  292;  130;46,7;31.12.2024
03200204;Blankenfelde; 2 084;  434; 1 650;  730;  432;  488;1,97; 1 057;  623;  365;  144;  114;  955;  546;  409;  191;  34;  157;  139;  365;  376;  273;  103;  62;  17;  45;  53;  132;  45;  212;  177;  200;  856;  201;  102;  86;  13;26,4;31.12.2024
03200205;Uhlandstraße; 9 109; 2 223; 6 886; 2 744; 1 599; 2 543;1,94; 4 707; 2 484; 1 372;  533;  579; 3 887; 1 610; 2 277; 1 182;  448;  734;  598; 1 219; 1 371;  805;  566;  424;  224;  200;  241;  448;  427; 1 209;  587; 1 189; 3 700; 1 007;  520;  400;  87;23,9;31.12.2024
03200206;Pastor-Niemöller-Platz; 6 910; 1 731; 5 179; 1 844; 1 344; 1 991;1,94; 3 559; 1 828;  922;  448;  458; 2 882; 1 002; 1 880;  866;  346;  520;  544;  887;  980;  501;  479;  314;  173;  141;  205;  329;  314;  972;  445;  914; 2 734;  825;  413;  329;  83;24,8;31.12.2024
03200207;Herthaplatz; 11 928; 2 784; 9 144; 3 484; 2 454; 3 206;1,96; 6 089; 3 305; 1 742;  818;  745; 5 178; 2 070; 3 108; 1 388;  458;  930;  925; 1 653; 1 844; 1 035;  809;  487;  229;  258;  363;  611;  395; 1 629;  760; 1 414; 4 659; 1 430;  796;  522;  112;25,4;31.12.2024
03200308;Nisbléstraße; 5 315;  915; 4 400; 1 650; 1 224; 1 526;2,12; 2 504; 1 589;  825;  408;  356; 2 613; 1 150; 1 463;  657;  160;  497;  308;  822;  952;  575;  377;  218;  80;  138;  118;  301;  91;  493;  331;  479; 1 871;  633;  339;  238;  56;18,6;31.12.2024
03200309;Eddastraße; 5 520;  986; 4 534; 1 716; 1 170; 1 648;2,11; 2 610; 1 624;  858;  390;  376; 2 775; 1 190; 1 585;  573;  154;  419;  340;  846;  996;  595;  401;  190;  77;  113;  127;  311;  126;  525;  335;  466; 1 969;  641;  303;  264;  74;19,8;31.12.2024
03200310;Krugpfuhl; 8 120; 1 493; 6 627; 2 556; 1 827; 2 244;2,08; 3 900; 2 407; 1 278;  609;  520; 3 937; 1 696; 2 241;  995;  272;  723;  591; 1 104; 1 434;  848;  586;  340;  136;  204;  230;  403;  168;  772;  553;  824; 2 880; 1 020;  582;  356;  82;22,5;31.12.2024
03300411;Karow Nord; 11 455; 2 524; 8 931; 3 210; 2 436; 3 285;2,01; 5 687; 3 163; 1 605;  812;  746; 4 424; 1 768; 2 656; 1 501;  334; 1 167; 1 603; 1 403; 1 562;  884;  678;  484;  167;  317;  572;  545;  337; 1 383;  804; 1 300; 4 120; 1 567;  826;  525;  216;36,5;31.12.2024
03300412;Karow Bahnhof; 5 304;  914; 4 390; 1 872; 1 089; 1 429;2,08; 2 547; 1 633;  936;  363;  334; 2 777; 1 458; 1 319;  444;  96;  348;  243;  926; 1 069;  729;  340;  142;  48;  94;  93;  329;  106;  413;  395;  468; 2 020;  527;  261;  218;  48;17,6;31.12.2024
03300413;Karow Ost; 3 176;  467; 2 709; 1 050;  603; 1 056;2,21; 1 440;  973;  525;  201;  247; 1 765;  830;  935;  301;  60;  241;  159;  484;  648;  415;  233;  95;  30;  65;  60;  170;  43;  217;  207;  245; 1 082;  358;  164;  156;  38;16,8;31.12.2024
03300514;Blankenburg; 6 649; 1 046; 5 603; 2 208; 1 398; 1 997;2,16; 3 077; 2 031; 1 104;  466;  461; 3 434; 1 672; 1 762;  636;  124;  512;  363; 1 170; 1 281;  836;  445;  201;  62;  139;  132;  417;  113;  502;  431;  532; 2 361;  716;  334;  303;  79;18,4;31.12.2024
03300515;Blankenburger Süden;  49;  8;  41;  16;  6;  19;2,23;  22;  14;  8;  2;  4;  14;  4;  10;–;–;–;  7;  20;  4;  2;  2;–;–;–;  3;  7;–;  3;  5;  3;  17;  5;  2;  2;  1;60,0;31.12.2024
03300516;Heinersdorf; 9 607; 1 840; 7 767; 3 010; 1 746; 3 011;2,09; 4 587; 2 747; 1 505;  582;  660; 4 298; 1 882; 2 416; 1 548;  570;  978;  484; 1 437; 1 540;  941;  599;  526;  285;  241;  173;  508;  392;  985;  463;  847; 3 574; 1 013;  478;  385;  150;17,1;31.12.2024
03300517;Märchenland; 1 099;  187;  912;  438;  237;  237;2,03;  542;  355;  219;  79;  57;  501;  340;  161;  119;  6;  113;  56;  236;  212;  170;  42;  33;  3;  30;  22;  88;  8;  85;  94;  88;  448;  94;  53;  34;  7;23,4;31.12.2024
03400618;Rosenthal; 4 810;  749; 4 061; 1 442; 1 038; 1 581;2,20; 2 182; 1 433;  721;  346;  366; 2 437; 1 038; 1 399;  481;  132;  349;  288;  855;  874;  519;  355;  159;  66;  93;  103;  297;  99;  405;  245;  388; 1 631;  551;  262;  237;  52;18,7;31.12.2024
03400619;Wilhelmsruh; 10 708; 2 740; 7 968; 3 430; 1 935; 2 603;1,88; 5 707; 2 967; 1 715;  645;  607; 4 651; 2 184; 2 467; 1 105;  404;  701;  664; 1 548; 1 726; 1 092;  634;  398;  202;  196;  261;  582;  412; 1 444;  884; 1 468; 4 616; 1 091;  608;  385;  98;23,9;31.12.2024
03400620;Schönholz; 3 364;  675; 2 689; 1 000;  684; 1 005;2,06; 1 634;  959;  500;  228;  231; 1 658;  684;  974;  271;  78;  193;  189;  571;  588;  342;  246;  92;  39;  53;  68;  211;  110;  309;  256;  401; 1 267;  367;  170;  161;  36;18,5;31.12.2024
03400721;Florakiez; 11 885; 3 196; 8 689; 2 802; 2 202; 3 685;1,92; 6 192; 2 996; 1 401;  734;  861; 4 662; 1 208; 3 454; 1 901;  654; 1 247;  908; 1 218; 1 490;  604;  886;  675;  327;  348;  350;  481;  572; 2 063;  561; 1 629; 4 608; 1 584;  836;  643;  105;22,1;31.12.2024
03400722;Parkstraße; 3 708;  951; 2 757;  982;  687; 1 088;1,93; 1 923;  972;  491;  229;  252; 1 477;  548;  929;  533;  192;  341;  246;  501;  510;  274;  236;  191;  96;  95;  91;  180;  147;  492;  312;  558; 1 501;  422;  216;  168;  38;21,6;31.12.2024
03400723;Garbátyplatz; 7 647; 2 308; 5 339; 1 784; 1 413; 2 142;1,84; 4 162; 1 854;  892;  471;  491; 2 651;  702; 1 949; 1 190;  412;  778;  731;  767;  849;  351;  498;  414;  206;  208;  287;  304;  433; 1 411;  464; 1 115; 3 169;  993;  522;  385;  86;28,9;31.12.2024
03400724;Wolfshagener Straße; 8 630; 2 780; 5 850; 2 416; 1 437; 1 997;1,75; 4 932; 2 152; 1 208;  479;  465; 2 901; 1 110; 1 791; 1 186;  456;  730;  899;  864; 1 018;  555;  463;  431;  228;  203;  357;  346;  447; 1 496;  837; 1 525; 3 909; 1 023;  590;  354;  79;34,9;31.12.2024
03400725;Schlosspark; 7 597; 2 394; 5 203; 2 228; 1 239; 1 736;1,76; 4 324; 1 930; 1 114;  413;  403; 2 824; 1 276; 1 548;  879;  188;  691;  747;  753; 1 033;  638;  395;  285;  94;  191;  299;  313;  290; 1 205;  899; 1 357; 3 439;  885;  482;  339;  64;33,8;31.12.2024
03400826;Tiroler Viertel; 7 326; 2 368; 4 958; 2 030; 1 245; 1 683;1,75; 4 180; 1 812; 1 015;  415;  382; 2 449;  992; 1 457; 1 082;  392;  690;  617;  810;  872;  496;  376;  384;  196;  188;  238;  318;  392; 1 351;  625; 1 225; 3 378;  802;  450;  280;  72;29,7;31.12.2024
03400827;Trelleborger Viertel; 9 671; 3 622; 6 049; 2 494; 1 626; 1 929;1,65; 5 864; 2 242; 1 247;  542;  453; 2 882; 1 090; 1 792; 1 406;  558;  848;  799;  962; 1 020;  545;  475;  517;  279;  238;  322;  383;  608; 2 363;  651; 1 812; 4 829; 1 035;  620;  360;  55;31,1;31.12.2024
03400828;Spiekermann Straße; 5 023; 1 715; 3 308; 1 546;  810;  952;1,69; 2 978; 1 263;  773;  270;  220; 1 777;  776; 1 001;  705;  354;  351;  323;  503;  651;  388;  263;  276;  177;  99;  134;  202;  286; 1 028;  401;  855; 2 482;  496;  309;  168;  19;27,0;31.12.2024
03400829;Arnold-Zweig-Straße; 6 026; 1 898; 4 128; 1 802; 1 101; 1 225;1,75; 3 448; 1 550;  901;  367;  282; 2 001;  832; 1 169;  900;  446;  454;  525;  702;  725;  416;  309;  349;  223;  126;  204;  272;  385; 1 002;  511; 1 002; 2 809;  639;  384;  208;  47;31,9;31.12.2024
03400830;Kissingenviertel; 9 441; 3 869; 5 572; 2 560; 1 491; 1 521;1,57; 6 006; 2 137; 1 280;  497;  360; 2 547; 1 126; 1 421; 1 124;  360;  764;  912;  989;  943;  563;  380;  397;  180;  217;  380;  417;  531; 2 462;  876; 2 004; 5 029;  977;  603;  316;  58;38,9;31.12.2024
03400831;Pankower Tor;–;–;–;–;–;–;–;–;–;–;–;–;–;–;–;–;–;–;–;–;–;–;–;–;–;–;–;–;–;–;–;–;–;–;–;–;–;–;31.12.2024
03500932;Bühringstraße; 5 881; 1 921; 3 960; 1 958; 1 002; 1 000;1,70; 3 467; 1 546;  979;  334;  233; 1 909;  892; 1 017;  841;  406;  435;  620;  590;  718;  446;  272;  327;  203;  124;  260;  241;  307; 1 096;  518;  969; 2 811;  656;  428;  195;  33;39,6;31.12.2024
03500933;Weißer See; 7 455; 2 445; 5 010; 1 994; 1 299; 1 717;1,74; 4 278; 1 833;  997;  433;  403; 2 761; 1 138; 1 623;  897;  306;  591;  577;  775;  990;  569;  421;  319;  153;  166;  230;  294;  429; 1 456;  560; 1 232; 3 461;  817;  466;  297;  54;28,2;31.12.2024
03500934;Weißenseer Spitze; 10 495; 3 652; 6 843; 2 622; 1 899; 2 322;1,71; 6 139; 2 487; 1 311;  633;  543; 3 637; 1 262; 2 375; 1 544;  588;  956;  724;  938; 1 264;  631;  633;  564;  294;  270;  288;  371;  693; 2 466;  493; 1 662; 4 948; 1 191;  710;  407;  74;24,2;31.12.2024
03500935;Behaimstraße; 6 881; 2 420; 4 461; 1 608; 1 188; 1 665;1,72; 4 008; 1 588;  804;  396;  388; 2 371;  710; 1 661;  923;  316;  607;  580;  587;  790;  355;  435;  327;  158;  169;  234;  237;  531; 1 563;  326; 1 148; 3 170;  838;  480;  299;  59;27,9;31.12.2024
03500936;Komponistenviertel Weißensee; 10 191; 3 219; 6 972; 2 534; 1 800; 2 638;1,79; 5 688; 2 469; 1 267;  600;  602; 3 399; 1 136; 2 263; 1 426;  464;  962;  981; 1 166; 1 145;  568;  577;  489;  232;  257;  386;  449;  547; 1 971;  701; 1 659; 4 468; 1 220;  656;  449;  115;31,6;31.12.2024
03501037;Rathaus Weißensee; 8 474; 3 251; 5 223; 2 484; 1 341; 1 398;1,61; 5 259; 2 008; 1 242;  447;  319; 2 498; 1 260; 1 238; 1 033;  396;  637;  742;  950;  954;  630;  324;  379;  198;  181;  293;  382;  493; 1 841;  917; 1 571; 4 461;  798;  488;  251;  59;36,7;31.12.2024
03501038;Hansastraße; 7 147; 2 093; 5 054; 2 490; 1 176; 1 388;1,76; 4 050; 1 957; 1 245;  392;  320; 2 793; 1 536; 1 257;  822;  288;  534;  688;  751; 1 093;  768;  325;  294;  144;  150;  270;  300;  276; 1 110;  707; 1 160; 3 305;  745;  428;  239;  78;36,2;31.12.2024
03601139;Norweger Viertel; 3 995; 1 592; 2 403; 1 004;  576;  823;1,61; 2 476;  884;  502;  192;  190; 1 127;  354;  773;  629;  338;  291;  218;  429;  376;  177;  199;  247;  169;  78;  88;  173;  345; 1 100;  147;  723; 2 111;  365;  197;  141;  27;24,1;31.12.2024
03601140;Malmöer Straße; 6 159; 2 504; 3 655; 1 468;  948; 1 239;1,60; 3 840; 1 336;  734;  316;  286; 1 744;  526; 1 218;  883;  424;  459;  394;  634;  578;  263;  315;  341;  212;  129;  161;  256;  500; 1 813;  191; 1 124; 3 235;  605;  368;  201;  36;26,6;31.12.2024
03601141;Arnimplatz; 7 234; 2 696; 4 538; 1 744; 1 242; 1 552;1,67; 4 335; 1 639;  872;  414;  353; 2 096;  628; 1 468; 1 240;  612;  628;  473;  729;  694;  314;  380;  482;  306;  176;  182;  281;  549; 1 854;  293; 1 296; 3 597;  738;  437;  247;  54;24,7;31.12.2024
03601142;Falkplatz; 11 251; 4 662; 6 589; 2 532; 1 635; 2 422;1,60; 7 027; 2 365; 1 266;  545;  554; 3 145;  904; 2 241; 1 607;  768;  839;  775; 1 062; 1 028;  452;  576;  613;  384;  229;  305;  419;  920; 3 338;  404; 2 178; 5 917; 1 110;  648;  373;  89;27,5;31.12.2024
03601243;Rodenbergstraße; 7 155; 3 097; 4 058; 1 720; 1 059; 1 279;1,55; 4 607; 1 510;  860;  353;  297; 1 953;  700; 1 253; 1 008;  446;  562;  418;  679;  675;  350;  325;  388;  223;  165;  175;  272;  591; 2 182;  324; 1 537; 3 942;  665;  403;  219;  43;26,3;31.12.2024
03601244;Humannplatz; 7 842; 3 534; 4 308; 1 984; 1 173; 1 151;1,51; 5 187; 1 653;  992;  391;  270; 2 101;  860; 1 241;  955;  426;  529;  547;  705;  765;  430;  335;  367;  213;  154;  232;  289;  671; 2 348;  515; 1 841; 4 466;  721;  479;  207;  35;32,2;31.12.2024
03601245;Ostseestraße; 13 651; 6 347; 7 304; 3 516; 2 016; 1 772;1,49; 9 188; 2 841; 1 758;  672;  411; 3 337; 1 496; 1 841; 1 701;  862;  839;  941; 1 325; 1 252;  748;  504;  672;  431;  241;  387;  530; 1 204; 4 169;  974; 3 163; 8 056; 1 132;  736;  339;  57;34,2;31.12.2024
03601346;Gethsemanekirche; 6 132; 2 375; 3 757; 1 402;  954; 1 401;1,65; 3 716; 1 341;  701;  318;  322; 1 768;  438; 1 330;  836;  412;  424;  457;  696;  558;  219;  339;  324;  206;  118;  186;  273;  462; 1 718;  195; 1 058; 3 073;  643;  391;  211;  41;28,9;31.12.2024
03601347;Helmholtzplatz; 9 887; 3 898; 5 989; 2 254; 1 485; 2 250;1,64; 6 036; 2 138; 1 127;  495;  516; 2 760;  746; 2 014; 1 410;  562;  848;  713; 1 106;  885;  373;  512;  510;  281;  229;  292;  451;  680; 2 885;  333; 1 770; 5 003; 1 033;  590;  358;  85;28,3;31.12.2024
03601348;Senefelderstraße; 7 778; 3 301; 4 477; 1 692; 1 164; 1 621;1,58; 4 910; 1 609;  846;  388;  375; 2 090;  578; 1 512; 1 003;  456;  547;  522;  862;  678;  289;  389;  379;  228;  151;  212;  340;  606; 2 425;  270; 1 608; 4 158;  752;  434;  256;  62;28,2;31.12.2024
03601449;Michelangelostraße; 9 536; 3 817; 5 719; 3 164; 1 194; 1 361;1,56; 6 102; 2 285; 1 582;  398;  305; 2 807; 1 836;  971;  934;  354;  580;  919; 1 059; 1 161;  918;  243;  333;  177;  156;  350;  441;  551; 1 825; 1 441; 2 026; 5 353;  749;  458;  217;  74;46,7;31.12.2024
03601450;Volkspark Prenzlauer Berg; 4 570; 1 240; 3 330; 1 152;  756; 1 422;1,94; 2 356; 1 116;  576;  252;  288; 1 217;  480;  737;  902;  236;  666;  700;  511;  410;  240;  170;  267;  118;  149;  237;  202;  211;  699;  330;  599; 1 800;  556;  241;  193;  122;42,6;31.12.2024
03601451;Anton-Saefkow-Park; 6 681; 2 749; 3 932; 1 720; 1 077; 1 135;1,58; 4 236; 1 487;  860;  359;  268; 1 955;  728; 1 227;  939;  422;  517;  422;  616;  697;  364;  333;  359;  211;  148;  178;  253;  484; 1 892;  373; 1 289; 3 577;  659;  405;  222;  32;27,0;31.12.2024
03601452;Velodrom; 4 766; 1 843; 2 923; 1 224;  693; 1 006;1,63; 2 916; 1 073;  612;  231;  230; 1 337;  448;  889;  714;  370;  344;  413;  459;  449;  224;  225;  280;  185;  95;  159;  185;  368; 1 224;  251;  861; 2 437;  479;  272;  181;  26;33,2;31.12.2024
03601453;Alter Schlachthof; 3 405;  569; 2 836;  792;  597; 1 447;2,27; 1 497;  928;  396;  199;  333; 1 768;  362; 1 406;  583;  294;  289;  125;  360;  532;  181;  351;  225;  147;  78;  47;  124;  158;  303;  108;  306; 1 021;  476;  208;  205;  63;9,9;31.12.2024
03701554;Teutoburger Platz; 11 867; 4 527; 7 340; 2 674; 1 950; 2 716;1,66; 7 141; 2 614; 1 337;  650;  627; 3 407;  970; 2 437; 1 760;  752; 1 008;  909; 1 264; 1 104;  485;  619;  660;  376;  284;  365;  485;  841; 3 294;  392; 2 024; 5 873; 1 268;  738;  450;  80;28,8;31.12.2024
03701555;Sredzkistraße; 7 594; 2 983; 4 611; 1 866; 1 215; 1 530;1,62; 4 676; 1 693;  933;  405;  355; 2 230;  738; 1 492; 1 011;  406;  605;  495;  875;  756;  369;  387;  376;  203;  173;  208;  353;  548; 2 088;  347; 1 435; 3 908;  768;  475;  247;  46;27,1;31.12.2024
03701556;Kollwitzplatz; 8 775; 3 032; 5 743; 2 218; 1 536; 1 989;1,71; 5 121; 2 089; 1 109;  512;  468; 3 133;  986; 2 147; 1 133;  534;  599;  529;  948; 1 061;  493;  568;  436;  267;  169;  211;  381;  519; 2 127;  386; 1 429; 4 173;  948;  540;  354;  54;22,3;31.12.2024
03701657;Thälmannpark; 3 257; 1 088; 2 169;  904;  516;  749;1,73; 1 880;  792;  452;  172;  168; 1 131;  488;  643;  369;  164;  205;  255;  414;  404;  244;  160;  136;  82;  54;  97;  155;  147;  614;  327;  542; 1 569;  311;  167;  109;  35;31,2;31.12.2024
03701658;Christburger Straße; 8 639; 3 332; 5 307; 2 022; 1 338; 1 947;1,65; 5 239; 1 907; 1 011;  446;  450; 2 532;  770; 1 762; 1 277;  596;  681;  620;  878;  831;  385;  446;  491;  298;  193;  245;  340;  665; 2 369;  298; 1 600; 4 355;  884;  490;  334;  60;27,7;31.12.2024
03701659;Immanuelkirchstraße; 9 822; 3 502; 6 320; 2 328; 1 572; 2 420;1,71; 5 748; 2 246; 1 164;  524;  558; 3 158; 1 006; 2 152; 1 390;  602;  788;  688; 1 084; 1 051;  503;  548;  516;  301;  215;  269;  410;  696; 2 367;  439; 1 706; 4 716; 1 032;  571;  389;  72;26,1;31.12.2024
03701660;Bötzowstraße; 12 973; 4 622; 8 351; 2 936; 2 286; 3 129;1,71; 7 587; 2 965; 1 468;  762;  735; 4 033; 1 194; 2 839; 1 771;  644; 1 127; 1 015; 1 532; 1 335;  597;  738;  635;  322;  313;  409;  586;  791; 3 244;  587; 2 240; 6 127; 1 460;  873;  511;  76;28,0;31.12.2024
04100101;Jungfernheide/ Plötzensee; 11 731; 4 351; 7 380; 3 102; 1 866; 2 412;1,66; 7 064; 2 713; 1 551;  622;  540; 3 873; 1 638; 2 235;  748;  346;  402; 1 023; 1 736; 1 380;  819;  561;  281;  173;  108;  376;  676;  712; 2 243; 1 396; 2 031; 6 019; 1 045;  572;  336;  137;36,0;31.12.2024
04100102;Paul-Hertz-Siedlung; 7 929; 2 120; 5 809; 2 126; 1 446; 2 237;1,90; 4 168; 2 048; 1 063;  482;  503; 2 910; 1 092; 1 818;  662;  192;  470; 1 010; 1 227;  989;  546;  443;  217;  96;  121;  365;  477;  233; 1 062;  825; 1 129; 3 239;  929;  457;  331;  141;39,3;31.12.2024
04200203;Olympiagelände; 1 510;  377; 1 133;  462;  237;  434;1,92;  788;  411;  231;  79;  101;  648;  298;  350;  98;  42;  56;  81;  306;  236;  149;  87;  36;  21;  15;  29;  110;  74;  158;  145;  194;  657;  131;  62;  53;  16;22,1;31.12.2024
04200204;Angerburger Allee; 3 097;  926; 2 171;  984;  483;  704;1,78; 1 739;  813;  492;  161;  160; 1 194;  546;  648;  313;  198;  115;  177;  487;  437;  273;  164;  130;  99;  31;  67;  179;  141;  287;  498;  516; 1 477;  262;  144;  103;  15;25,6;31.12.2024
04200205;Flatowallee; 2 535;  816; 1 719;  758;  393;  568;1,74; 1 454;  638;  379;  131;  128;  920;  434;  486;  184;  134;  50;  148;  467;  339;  217;  122;  79;  67;  12;  52;  168;  123;  368;  325;  417; 1 268;  186;  98;  67;  21;28,0;31.12.2024
04200206;Kranzallee; 2 912;  619; 2 293;  856;  552;  885;2,03; 1 432;  813;  428;  184;  201; 1 373;  582;  791;  187;  74;  113;  197;  536;  486;  291;  195;  69;  37;  32;  72;  186;  81;  248;  290;  347; 1 133;  299;  152;  111;  36;24,1;31.12.2024
04200207;Eichkamp; 3 148;  776; 2 372; 1 064;  435;  873;1,91; 1 650;  874;  532;  145;  197; 1 156;  472;  684;  478;  408;  70;  141;  597;  397;  236;  161;  221;  204;  17;  50;  206;  216;  287;  273;  381; 1 422;  228;  84;  102;  42;21,9;31.12.2024
04200308;Branitzer Platz; 6 195; 2 238; 3 957; 1 752;  900; 1 305;1,67; 3 713; 1 475;  876;  300;  299; 2 246; 1 044; 1 202;  602;  330;  272;  313;  796;  826;  522;  304;  239;  165;  74;  116;  294;  459;  914;  865; 1 165; 3 219;  494;  255;  181;  58;23,5;31.12.2024
04200309;Neu Westend; 7 096; 2 386; 4 710; 2 272; 1 095; 1 343;1,69; 4 199; 1 813; 1 136;  365;  312; 2 765; 1 420; 1 345;  632;  318;  314;  388;  925; 1 059;  710;  349;  247;  159;  88;  155;  352;  387; 1 039;  960; 1 349; 3 607;  592;  329;  217;  46;26,2;31.12.2024
04200310;Fürstenplatz; 7 839; 2 703; 5 136; 2 226; 1 158; 1 752;1,70; 4 602; 1 899; 1 113;  386;  400; 2 955; 1 328; 1 627;  573;  286;  287;  393; 1 215; 1 076;  664;  412;  220;  143;  77;  154;  449;  369; 1 118; 1 216; 1 511; 3 959;  643;  344;  227;  72;24,0;31.12.2024
04200311;Königin-Elisabeth-Straße; 7 384; 3 087; 4 297; 2 014;  990; 1 293;1,57; 4 716; 1 629; 1 007;  330;  292; 2 288; 1 080; 1 208;  775;  404;  371;  341;  893;  845;  540;  305;  307;  202;  105;  128;  349;  676; 1 457;  954; 1 595; 4 178;  538;  304;  180;  54;23,8;31.12.2024
04300412;Schlossgarten; 4 544; 1 513; 3 031; 1 330;  732;  969;1,72; 2 642; 1 129;  665;  244;  220; 1 586;  492; 1 094;  685;  504;  181;  216;  544;  531;  246;  285;  301;  252;  49;  85;  212;  372;  649;  492;  730; 2 223;  419;  248;  138;  33;20,3;31.12.2024
04300413;Klausenerplatz; 10 170; 3 546; 6 624; 2 594; 1 590; 2 440;1,72; 5 928; 2 382; 1 297;  530;  555; 3 241; 1 190; 2 051;  945;  432;  513;  820; 1 618; 1 102;  595;  507;  353;  216;  137;  309;  618;  655; 1 831; 1 060; 1 833; 4 975;  953;  504;  345;  104;32,4;31.12.2024
04300414;Schloßstraße; 10 993; 4 169; 6 824; 2 928; 1 713; 2 183;1,64; 6 702; 2 533; 1 464;  571;  498; 3 648; 1 494; 2 154; 1 083;  550;  533;  616; 1 477; 1 297;  747;  550;  426;  275;  151;  245;  565;  717; 2 118; 1 334; 2 164; 5 756;  946;  570;  309;  67;25,9;31.12.2024
04300415;Lietzensee; 6 482; 2 462; 4 020; 1 848;  936; 1 236;1,63; 3 986; 1 524;  924;  312;  288; 2 197; 1 078; 1 119;  508;  258;  250;  307; 1 008;  828;  539;  289;  198;  129;  69;  117;  381;  401; 1 111;  950; 1 389; 3 511;  475;  266;  166;  43;24,6;31.12.2024
04300416;Amtsgerichtsplatz; 12 211; 4 726; 7 485; 3 414; 1 779; 2 292;1,62; 7 556; 2 830; 1 707;  593;  530; 3 818; 1 670; 2 148; 1 221;  678;  543;  741; 1 705; 1 386;  835;  551;  494;  339;  155;  289;  661;  946; 2 395; 1 385; 2 355; 6 561;  995;  571;  338;  86;29,0;31.12.2024
04300517;Tegeler Weg; 9 784; 4 395; 5 389; 2 494; 1 302; 1 593;1,52; 6 431; 2 036; 1 247;  434;  355; 2 587; 1 142; 1 445;  948;  516;  432;  583; 1 271;  942;  571;  371;  376;  258;  118;  216;  502;  937; 2 428; 1 030; 2 158; 5 726;  705;  418;  222;  65;30,6;31.12.2024
04300518;Kaiserin-Augusta-Allee; 6 430; 2 297; 4 133; 1 692;  951; 1 490;1,70; 3 778; 1 481;  846;  317;  318; 1 968;  786; 1 182;  903;  398;  505;  393;  869;  683;  393;  290;  321;  199;  122;  145;  332;  485; 1 288;  524; 1 102; 3 221;  557;  294;  176;  87;26,0;31.12.2024
04300619;Alt-Lietzow; 9 214; 3 603; 5 611; 2 416; 1 326; 1 869;1,62; 5 672; 2 069; 1 208;  442;  419; 2 972; 1 250; 1 722;  785;  444;  341;  535; 1 319; 1 061;  625;  436;  314;  222;  92;  197;  497;  674; 1 831; 1 098; 1 838; 4 947;  725;  416;  240;  69;27,2;31.12.2024
04300620;Spreestadt; 4 268; 1 508; 2 760; 1 126;  696;  938;1,70; 2 513; 1 005;  563;  232;  210; 1 429;  502;  927;  548;  348;  200;  215;  568;  491;  251;  240;  227;  174;  53;  78;  209;  405;  877;  226;  648; 2 142;  371;  219;  113;  39;21,0;31.12.2024
04300621;Richard-Wagner-Straße; 11 359; 4 493; 6 866; 2 946; 1 668; 2 252;1,62; 7 032; 2 539; 1 473;  556;  510; 3 537; 1 464; 2 073; 1 032;  568;  464;  680; 1 617; 1 266;  732;  534;  409;  284;  125;  259;  605;  868; 2 243; 1 382; 2 227; 6 114;  918;  521;  308;  89;28,2;31.12.2024
04300622;Ernst-Reuter-Platz; 5 474; 1 941; 3 533; 1 484;  846; 1 203;1,69; 3 235; 1 294;  742;  282;  270; 1 845;  712; 1 133;  606;  346;  260;  323;  759;  640;  356;  284;  246;  173;  73;  124;  284;  408; 1 007;  526; 1 012; 2 754;  481;  283;  148;  50;25,8;31.12.2024
04300623;Karl-August-Platz; 12 767; 5 137; 7 630; 3 356; 1 896; 2 378;1,60; 7 988; 2 851; 1 678;  632;  541; 3 786; 1 478; 2 308; 1 275;  808;  467;  644; 1 925; 1 330;  739;  591;  539;  404;  135;  246;  736; 1 109; 2 607; 1 421; 2 350; 7 016;  972;  577;  320;  75;25,3;31.12.2024
04300624;Savignyplatz; 9 695; 4 195; 5 500; 2 652; 1 374; 1 474;1,53; 6 316; 2 121; 1 326;  458;  337; 2 690; 1 324; 1 366;  913;  560;  353;  506; 1 391; 1 016;  662;  354;  379;  280;  99;  193;  533;  764; 2 106; 1 325; 2 074; 5 670;  646;  373;  217;  56;29,9;31.12.2024
04400725;Güterbahnhof Grunewald;  67;  36;  31;  16;  15;–;1,37;  49;  13;  8;  5;–;  11;  8;  3;  7;  4;  3;  5;  8;  5;  4;  1;  3;  2;  1;  2;  3;–;  28;  8;  14;  45;  4;  3;  1;–;50,0;31.12.2024
04400726;Bismarckallee; 5 504; 1 668; 3 836; 1 466;  879; 1 491;1,82; 3 030; 1 362;  733;  293;  336; 2 252;  854; 1 398;  364;  180;  184;  420;  800;  771;  427;  344;  141;  90;  51;  153;  297;  201;  712;  755;  892; 2 482;  548;  282;  188;  78;27,9;31.12.2024
04400727;Flinsberger Platz; 8 637; 3 315; 5 322; 2 414; 1 344; 1 564;1,62; 5 336; 2 021; 1 207;  448;  366; 2 950; 1 390; 1 560;  648;  286;  362;  581; 1 143; 1 103;  695;  408;  245;  143;  102;  231;  442;  517; 1 571; 1 227; 1 789; 4 595;  741;  422;  270;  49;31,2;31.12.2024
04400728;Hagenplatz; 3 281; 1 009; 2 272;  890;  540;  842;1,79; 1 829;  820;  445;  180;  195; 1 340;  560;  780;  165;  82;  83;  215;  552;  476;  280;  196;  64;  41;  23;  78;  202;  110;  422;  477;  535; 1 532;  297;  134;  124;  39;26,3;31.12.2024
04400729;Hundekehle; 2 900;  790; 2 110;  854;  477;  779;1,87; 1 552;  762;  427;  159;  176; 1 348;  614;  734;  171;  64;  107;  173;  418;  493;  307;  186;  62;  32;  30;  64;  143;  75;  325;  390;  441; 1 272;  280;  152;  95;  33;22,9;31.12.2024
04400830;Forckenbeckstraße; 8 246; 2 052; 6 194; 2 264; 1 557; 2 373;1,94; 4 244; 2 192; 1 132;  519;  541; 3 816; 1 334; 2 482;  848;  394;  454;  471; 1 059; 1 300;  667;  633;  323;  197;  126;  178;  391;  285;  899;  868; 1 160; 3 307;  937;  520;  335;  82;19,0;31.12.2024
04400831;Messelpark; 1 627;  482; 1 145;  520;  276;  349;1,78;  914;  432;  260;  92;  80;  694;  348;  346;  83;  50;  33;  86;  282;  262;  174;  88;  34;  25;  9;  32;  104;  48;  179;  255;  275;  785;  129;  68;  46;  15;24,8;31.12.2024
04400832;Breite Straße; 7 190; 2 471; 4 719; 2 304; 1 038; 1 377;1,68; 4 291; 1 820; 1 152;  346;  322; 2 832; 1 402; 1 430;  625;  334;  291;  342;  920; 1 072;  701;  371;  249;  167;  82;  145;  354;  315;  967; 1 189; 1 470; 3 693;  598;  350;  202;  46;24,2;31.12.2024
04400833;Schlangenbader Straße; 3 975; 1 630; 2 345; 1 158;  546;  641;1,57; 2 537;  907;  579;  182;  146; 1 269;  694;  575;  255;  106;  149;  336;  485;  495;  347;  148;  93;  53;  40;  125;  194;  161;  683;  786;  919; 2 224;  313;  174;  110;  29;39,9;31.12.2024
04400834;Binger Straße; 3 517; 1 318; 2 199; 1 102;  438;  659;1,62; 2 168;  850;  551;  146;  153; 1 357;  688;  669;  256;  136;  120;  139;  447;  517;  344;  173;  100;  68;  32;  59;  174;  190;  565;  563;  722; 1 904;  264;  142;  96;  26;22,3;31.12.2024
04400835;Rüdesheimer Platz; 10 423; 3 816; 6 607; 3 112; 1 506; 1 989;1,64; 6 337; 2 521; 1 556;  502;  463; 3 684; 1 788; 1 896;  860;  378;  482;  676; 1 387; 1 387;  894;  493;  322;  189;  133;  272;  540;  561; 1 769; 1 486; 2 204; 5 439;  898;  540;  284;  74;30,3;31.12.2024
04500936;Droysenstraße; 5 778; 2 174; 3 604; 1 516;  804; 1 284;1,66; 3 481; 1 307;  758;  268;  281; 1 897;  800; 1 097;  552;  284;  268;  326;  829;  669;  400;  269;  209;  142;  67;  130;  299;  332; 1 084;  758; 1 120; 3 015;  466;  256;  147;  63;27,9;31.12.2024
04500937;Halensee; 7 900; 3 139; 4 761; 2 216; 1 203; 1 342;1,59; 4 960; 1 821; 1 108;  401;  312; 2 552; 1 244; 1 308;  668;  360;  308;  403; 1 138;  965;  622;  343;  266;  180;  86;  161;  429;  513; 1 564; 1 062; 1 596; 4 370;  590;  356;  198;  36;27,3;31.12.2024
04500938;Hochmeisterplatz; 8 701; 3 175; 5 526; 2 436; 1 359; 1 731;1,66; 5 242; 2 067; 1 218;  453;  396; 3 103; 1 352; 1 751;  761;  472;  289;  425; 1 237; 1 124;  676;  448;  317;  236;  81;  163;  463;  469; 1 608; 1 098; 1 602; 4 550;  692;  388;  243;  61;23,6;31.12.2024
04500939;Eisenzahnstraße; 6 843; 2 611; 4 232; 1 960;  984; 1 288;1,62; 4 214; 1 603;  980;  328;  295; 2 154;  968; 1 186;  610;  334;  276;  520;  948;  789;  484;  305;  243;  167;  76;  208;  363;  476; 1 308;  827; 1 330; 3 625;  589;  344;  186;  59;35,3;31.12.2024
04501040;Hindemithplatz; 6 252; 2 403; 3 849; 1 796;  897; 1 156;1,62; 3 866; 1 463;  898;  299;  266; 2 155;  984; 1 171;  492;  290;  202;  292;  910;  791;  492;  299;  204;  145;  59;  119;  349;  373; 1 147;  883; 1 225; 3 389;  477;  273;  168;  36;24,9;31.12.2024
04501041;George-Grosz-Platz; 5 883; 2 160; 3 723; 1 722;  927; 1 074;1,64; 3 580; 1 420;  861;  309;  250; 1 973;  952; 1 021;  565;  310;  255;  279;  906;  740;  476;  264;  228;  155;  73;  113;  339;  263; 1 015;  882; 1 093; 3 130;  450;  262;  159;  29;25,1;31.12.2024
04501042;Breitscheidplatz; 3 891; 1 567; 2 324; 1 022;  558;  744;1,60; 2 428;  861;  511;  186;  164; 1 134;  476;  658;  385;  210;  175;  298;  507;  409;  238;  171;  151;  105;  46;  102;  199;  264;  766;  537;  710; 2 109;  319;  189;  96;  34;32,0;31.12.2024
04501043;Preußenpark; 11 556; 4 348; 7 208; 3 202; 1 722; 2 284;1,64; 7 040; 2 692; 1 601;  574;  517; 3 941; 1 784; 2 157;  953;  538;  415;  646; 1 668; 1 434;  892;  542;  386;  269;  117;  241;  631;  657; 2 132; 1 559; 2 264; 6 140;  900;  492;  327;  81;26,8;31.12.2024
04501044;Ludwigkirchplatz; 5 527; 2 247; 3 280; 1 496;  744; 1 040;1,59; 3 476; 1 229;  748;  248;  233; 1 708;  796;  912;  450;  224;  226;  357;  765;  627;  398;  229;  174;  112;  62;  135;  293;  359; 1 059;  829; 1 143; 3 050;  426;  234;  148;  44;31,7;31.12.2024
04501045;Schaperstraße; 9 636; 3 928; 5 708; 2 782; 1 263; 1 663;1,57; 6 119; 2 191; 1 391;  421;  379; 3 104; 1 564; 1 540;  791;  418;  373;  522; 1 291; 1 178;  782;  396;  309;  209;  100;  204;  500;  588; 1 935; 1 405; 1 980; 5 419;  700;  419;  215;  66;29,1;31.12.2024
04501146;Barstraße; 4 678; 1 798; 2 880; 1 220;  624; 1 036;1,64; 2 848; 1 050;  610;  208;  232; 1 526;  602;  924;  437;  212;  225;  305;  612;  532;  301;  231;  163;  106;  57;  120;  235;  336;  949;  513;  890; 2 440;  408;  222;  135;  51;29,4;31.12.2024
04501147;Leon-Jessel-Platz; 5 728; 2 245; 3 483; 1 476;  840; 1 167;1,63; 3 524; 1 279;  738;  280;  261; 1 879;  790; 1 089;  475;  246;  229;  343;  786;  669;  395;  274;  186;  123;  63;  130;  294;  452; 1 148;  645; 1 154; 3 057;  467;  262;  157;  48;27,8;31.12.2024
04501148;Brabanter Platz; 4 532; 1 681; 2 851; 1 154;  702;  995;1,67; 2 711; 1 030;  577;  234;  219; 1 459;  558;  901;  382;  200;  182;  333;  677;  499;  279;  220;  150;  100;  50;  121;  260;  324;  837;  520;  863; 2 320;  391;  199;  148;  44;30,9;31.12.2024
04501149;Nikolsburger Platz; 10 388; 3 788; 6 600; 2 858; 1 545; 2 197;1,67; 6 226; 2 438; 1 429;  515;  494; 3 554; 1 586; 1 968;  959;  488;  471;  561; 1 526; 1 291;  793;  498;  370;  244;  126;  211;  566;  607; 1 796; 1 385; 1 999; 5 391;  835;  461;  275;  99;25,3;31.12.2024
04501150;Wilhelmsaue; 2 817; 1 167; 1 650;  762;  396;  492;1,57; 1 792;  625;  381;  132;  112;  951;  420;  531;  245;  128;  117;  115;  339;  346;  210;  136;  96;  64;  32;  45;  138;  177;  600;  390;  605; 1 579;  213;  117;  79;  17;21,1;31.12.2024
04501151;Hildegardstraße; 7 739; 2 799; 4 940; 2 152; 1 155; 1 633;1,67; 4 637; 1 838; 1 076;  385;  377; 2 707; 1 132; 1 575;  724;  366;  358;  466; 1 043;  971;  566;  405;  282;  183;  99;  182;  403;  511; 1 418;  870; 1 473; 3 951;  686;  374;  250;  62;26,5;31.12.2024
04501152;Prager Platz; 7 169; 2 833; 4 336; 2 086; 1 008; 1 242;1,59; 4 498; 1 665; 1 043;  336;  286; 2 480; 1 230; 1 250;  570;  304;  266;  297;  989;  937;  615;  322;  229;  152;  77;  118;  381;  480; 1 383;  970; 1 447; 3 981;  517;  295;  177;  45;22,8;31.12.2024
04501153;Babelsberger Straße; 7 825; 2 952; 4 873; 2 082; 1 203; 1 588;1,65; 4 753; 1 801; 1 041;  401;  359; 2 631; 1 020; 1 611;  745;  426;  319;  451; 1 046;  919;  510;  409;  302;  213;  89;  167;  413;  670; 1 441;  841; 1 419; 4 088;  665;  378;  212;  75;25,1;31.12.2024
05100101;Hakenfelde Nord; 3 416;  688; 2 728; 1 066;  618; 1 044;2,05; 1 666;  978;  533;  206;  239; 1 770;  708; 1 062;  351;  124;  227;  210;  397;  622;  354;  268;  126;  62;  64;  82;  148;  76;  333;  279;  371; 1 252;  414;  198;  172;  44;19,8;31.12.2024
05100102;Am Forstacker; 4 428; 1 474; 2 954; 1 530;  672;  752;1,68; 2 632; 1 158;  765;  224;  169; 1 641;  968;  673;  381;  154;  227;  407;  525;  658;  484;  174;  140;  77;  63;  152;  208;  187;  689;  598;  781; 2 243;  389;  229;  116;  44;39,1;31.12.2024
05100103;Mertensstraße; 5 968; 1 458; 4 510; 1 468; 1 143; 1 899;2,00; 2 989; 1 531;  734;  381;  416; 2 584;  724; 1 860;  753;  302;  451;  508;  665;  827;  362;  465;  265;  151;  114;  192;  247;  265;  796;  397;  619; 2 218;  771;  405;  260;  106;24,9;31.12.2024
05100104;Maselake; 6 451; 1 441; 5 010; 1 692; 1 248; 2 070;2,04; 3 157; 1 716;  846;  416;  454; 2 794;  864; 1 930;  950;  390;  560;  462;  804;  915;  432;  483;  341;  195;  146;  170;  290;  236;  719;  486;  728; 2 358;  799;  436;  257;  106;21,3;31.12.2024
05100105;Amorbacher Weg; 7 824; 2 420; 5 404; 2 570; 1 149; 1 685;1,75; 4 472; 2 052; 1 285;  383;  384; 3 122; 1 676; 1 446;  648;  294;  354;  492; 1 142; 1 198;  838;  360;  245;  147;  98;  184;  425;  340; 1 233;  847; 1 207; 3 830;  642;  335;  238;  69;28,7;31.12.2024
05100206;Griesingerstraße; 3 052;  678; 2 374;  770;  552; 1 052;2,07; 1 476;  798;  385;  184;  229; 1 195;  420;  775;  271;  96;  175;  314;  594;  387;  210;  177;  90;  48;  42;  106;  215;  88;  274;  316;  370; 1 151;  325;  144;  113;  68;32,6;31.12.2024
05100207;An der Tränke; 2 280;  413; 1 867;  764;  426;  677;2,09; 1 089;  676;  382;  142;  152; 1 084;  560;  524;  211;  84;  127;  124;  448;  407;  280;  127;  76;  42;  34;  48;  145;  85;  222;  106;  216;  880;  209;  116;  66;  27;23,0;31.12.2024
05100208;Im Spektefeld; 11 225; 2 747; 8 478; 2 914; 1 941; 3 623;1,99; 5 630; 2 883; 1 457;  647;  779; 4 548; 1 644; 2 904;  932;  270;  662; 1 220; 1 778; 1 497;  822;  675;  302;  135;  167;  421;  663;  371; 1 336; 1 040; 1 403; 4 367; 1 263;  594;  415;  254;33,3;31.12.2024
05100209;Westerwaldstraße; 12 024; 2 703; 9 321; 3 090; 2 238; 3 993;2,05; 5 875; 3 172; 1 545;  746;  881; 4 741; 1 666; 3 075; 1 027;  356;  671; 1 390; 2 163; 1 565;  833;  732;  348;  178;  170;  473;  786;  317; 1 323; 1 063; 1 393; 4 500; 1 375;  665;  472;  238;34,4;31.12.2024
05100210;Germersheimer Platz; 8 033; 3 182; 4 851; 2 040; 1 383; 1 428;1,61; 4 985; 1 803; 1 020;  461;  322; 2 373;  994; 1 379;  668;  282;  386;  858;  952;  858;  497;  361;  247;  141;  106;  314;  384;  514; 1 847;  821; 1 509; 4 204;  781;  448;  233;  100;40,2;31.12.2024
05100211;An der Kappe; 6 319; 1 716; 4 603; 1 804; 1 038; 1 761;1,89; 3 349; 1 633;  902;  346;  385; 2 684; 1 260; 1 424;  396;  112;  284;  369; 1 154;  966;  630;  336;  127;  56;  71;  135;  405;  246;  784;  686;  856; 2 807;  542;  250;  198;  94;24,9;31.12.2024
05100312;Eckschanze; 4 060; 1 527; 2 533; 1 040;  636;  857;1,66; 2 445;  918;  520;  212;  186; 1 375;  538;  837;  332;  130;  202;  342;  484;  472;  269;  203;  122;  65;  57;  134;  190;  313;  818;  396;  704; 2 051;  394;  234;  111;  49;34,0;31.12.2024
05100313;Eiswerder; 6 551; 1 224; 5 327; 1 602; 1 167; 2 558;2,22; 2 951; 1 727;  801;  389;  537; 2 787;  834; 1 953;  913;  348;  565;  578; 1 049;  879;  417;  462;  300;  174;  126;  188;  360;  207;  606;  411;  589; 2 175;  776;  360;  253;  163;24,2;31.12.2024
05100314;Kurstraße; 7 635; 2 499; 5 136; 1 722; 1 083; 2 331;1,82; 4 197; 1 698;  861;  361;  476; 2 627;  748; 1 879;  845;  352;  493;  579; 1 085;  801;  374;  427;  292;  176;  116;  200;  405;  616; 1 397;  486;  968; 3 454;  743;  354;  198;  191;26,9;31.12.2024
05100315;Ackerstraße; 7 403; 2 323; 5 080; 1 822; 1 245; 2 013;1,81; 4 095; 1 772;  911;  415;  446; 2 593;  898; 1 695;  740;  304;  436;  626; 1 121;  871;  449;  422;  261;  152;  109;  227;  413;  506; 1 322;  495;  959; 3 337;  758;  397;  251;  110;29,9;31.12.2024
05100316;Carl-Schurz-Straße; 10 676; 3 708; 6 968; 2 882; 1 734; 2 352;1,71; 6 246; 2 538; 1 441;  578;  519; 3 456; 1 412; 2 044;  949;  404;  545; 1 029; 1 534; 1 216;  706;  510;  346;  202;  144;  377;  599;  594; 2 146;  968; 1 766; 5 215; 1 031;  551;  344;  136;36,6;31.12.2024
05100317;Freiheit; 3 801; 1 156; 2 645;  928;  534; 1 183;1,88; 2 026;  870;  464;  178;  228; 1 180;  426;  754;  646;  180;  466;  300;  519;  386;  213;  173;  180;  90;  90;  102;  202;  230;  650;  276;  505; 1 661;  365;  169;  106;  90;27,9;31.12.2024
05200418;Isenburger Weg; 3 875;  486; 3 389; 1 286;  876; 1 227;2,28; 1 700; 1 214;  643;  292;  279; 2 064; 1 002; 1 062;  228;  68;  160;  152;  945;  757;  501;  256;  77;  34;  43;  58;  322;  63;  246;  177;  233; 1 343;  357;  164;  146;  47;16,2;31.12.2024
05200419;Am Heideberg; 1 666;  605; 1 061;  546;  273;  242;1,62; 1 027;  422;  273;  91;  58;  676;  404;  272;  68;  22;  46;  97;  220;  277;  202;  75;  24;  11;  13;  36;  85;  62;  293;  250;  318;  903;  124;  70;  48;  6;29,0;31.12.2024
05200420;Staakener Straße; 6 021; 1 348; 4 673; 1 834; 1 128; 1 711;1,99; 3 021; 1 673;  917;  376;  380; 2 815; 1 298; 1 517;  398;  122;  276;  261; 1 199; 1 017;  649;  368;  136;  61;  75;  93;  427;  202;  595;  551;  658; 2 485;  536;  274;  190;  72;17,4;31.12.2024
05200421;Spandauer Straße; 4 104; 1 168; 2 936; 1 144;  624; 1 168;1,87; 2 199; 1 031;  572;  208;  251; 1 560;  684;  876;  351;  122;  229;  455;  570;  549;  342;  207;  119;  61;  58;  152;  211;  192;  540;  436;  614; 1 782;  417;  193;  153;  71;36,5;31.12.2024
05200422;Werkstraße; 1 230;  216; 1 014;  358;  261;  395;2,17;  568;  352;  179;  87;  86;  564;  214;  350;  167;  54;  113;  101;  182;  194;  107;  87;  58;  27;  31;  36;  64;  49;  124;  43;  103;  414;  154;  85;  51;  18;23,4;31.12.2024
05200423;Magistratsweg; 6 873; 2 014; 4 859; 1 970; 1 101; 1 788;1,83; 3 759; 1 745;  985;  367;  393; 2 474; 1 048; 1 426;  577;  178;  399;  872;  936;  867;  524;  343;  192;  89;  103;  317;  369;  231;  950;  833; 1 110; 2 996;  763;  394;  253;  116;41,5;31.12.2024
05200524;Döberitzer Weg; 3 303;  511; 2 792;  902;  699; 1 191;2,26; 1 464;  953;  451;  233;  269; 1 644;  616; 1 028;  328;  88;  240;  198;  622;  559;  308;  251;  110;  44;  66;  76;  208;  70;  292;  149;  273; 1 071;  393;  197;  146;  50;19,3;31.12.2024
05200525;Pillnitzer Weg; 2 482;  549; 1 933;  770;  525;  638;1,98; 1 253;  704;  385;  175;  144; 1 218;  530;  688;  223;  90;  133;  116;  376;  441;  265;  176;  82;  45;  37;  46;  135;  45;  291;  213;  296;  994;  259;  140;  89;  30;17,8;31.12.2024
05200526;Rudolf-Wissell-Großsiedlung; 5 845; 1 438; 4 407; 1 306;  981; 2 120;2,04; 2 867; 1 429;  653;  327;  449; 2 001;  558; 1 443;  499;  144;  355;  890; 1 017;  609;  279;  330;  154;  72;  82;  287;  379;  201;  756;  481;  656; 2 168;  699;  306;  215;  178;41,1;31.12.2024
05200527;Maulbeerallee; 12 102; 2 101; 10 001; 2 728; 2 181; 5 092;2,30; 5 267; 3 166; 1 364;  727; 1 075; 4 958; 1 418; 3 540; 1 172;  240;  932; 1 864; 2 007; 1 508;  709;  799;  331;  120;  211;  601;  726;  339; 1 011;  751;  999; 3 656; 1 611;  644;  547;  420;37,3;31.12.2024
05200528;Weinmeisterhornweg; 7 441; 1 915; 5 526; 2 430; 1 140; 1 956;1,88; 3 953; 2 038; 1 215;  380;  443; 3 372; 1 644; 1 728;  516;  194;  322;  472; 1 166; 1 244;  822;  422;  184;  97;  87;  173;  437;  188;  857;  870; 1 057; 3 271;  682;  322;  267;  93;25,4;31.12.2024
05200629;Borkumer Straße; 8 438; 2 750; 5 688; 2 396; 1 383; 1 909;1,75; 4 826; 2 076; 1 198;  461;  417; 3 083; 1 332; 1 751;  922;  420;  502;  595; 1 088; 1 109;  666;  443;  339;  210;  129;  203;  425;  438; 1 366;  946; 1 347; 4 051;  775;  404;  257;  114;26,2;31.12.2024
05200630;Wilhelmstadt West; 10 153; 3 673; 6 480; 2 718; 1 569; 2 193;1,68; 6 040; 2 367; 1 359;  523;  485; 3 417; 1 386; 2 031;  914;  400;  514;  854; 1 295; 1 192;  693;  499;  340;  200;  140;  323;  512;  681; 2 042;  950; 1 687; 5 078;  962;  546;  295;  121;33,6;31.12.2024
05200631;Wilhelmstadt Ost; 8 842; 3 391; 5 451; 2 316; 1 317; 1 818;1,64; 5 391; 2 000; 1 158;  439;  403; 2 875; 1 196; 1 679;  797;  340;  457;  702; 1 077; 1 026;  598;  428;  290;  170;  120;  261;  423;  577; 1 947;  867; 1 614; 4 582;  809;  458;  243;  108;32,3;31.12.2024
05200632;Tiefwerder; 3 509; 1 073; 2 436;  892;  576;  968;1,83; 1 918;  845;  446;  192;  207; 1 311;  450;  861;  309;  132;  177;  289;  527;  427;  225;  202;  114;  66;  48;  101;  203;  117;  598;  358;  518; 1 567;  351;  180;  110;  61;28,8;31.12.2024
05200633;Graetschelsteig; 2 170;  567; 1 603;  728;  375;  500;1,86; 1 165;  598;  364;  125;  109;  849;  400;  449;  143;  64;  79;  258;  353;  310;  200;  110;  54;  32;  22;  96;  138;  59;  214;  294;  348;  937;  228;  126;  66;  36;42,1;31.12.2024
05200634;Börnicker Straße; 4 462; 1 294; 3 168; 1 642;  759;  767;1,75; 2 545; 1 251;  821;  253;  177; 1 859; 1 166;  693;  329;  150;  179;  186;  794;  760;  583;  177;  127;  75;  52;  74;  290;  105;  521;  668;  722; 2 242;  303;  177;  103;  23;24,4;31.12.2024
05300735;Haveleck; 4 535;  443; 4 092; 1 086;  942; 2 064;2,59; 1 754; 1 311;  543;  314;  454; 2 263;  438; 1 825;  866;  406;  460;  335;  628;  663;  219;  444;  320;  203;  117;  122;  206;  176;  230;  37;  190; 1 071;  683;  306;  273;  104;17,9;31.12.2024
05300736;Zitadellenweg; 3 463;  543; 2 920;  726;  753; 1 441;2,33; 1 485;  942;  363;  251;  328; 1 672;  430; 1 242;  290;  46;  244;  396;  562;  523;  215;  308;  87;  23;  64;  135;  197;  61;  301;  181;  257;  978;  507;  239;  183;  85;26,6;31.12.2024
05300737;Gartenfelder Straße; 12 066; 4 013; 8 053; 3 434; 1 947; 2 672;1,73; 6 981; 2 968; 1 717;  649;  602; 4 432; 1 878; 2 554;  943;  414;  529; 1 096; 1 582; 1 584;  939;  645;  350;  207;  143;  417;  617;  560; 2 163; 1 290; 2 084; 5 776; 1 205;  676;  378;  151;34,6;31.12.2024
05300838;Gartenfeld;  16;  9;  7;  4;  3;–;1,33;  12;  3;  2;  1;–;  7;  4;  3;–;–;–;–;–;  3;  2;  1;–;–;–;–;–;–;  7;  2;  2;  11;  1;  1;–;–;0,0;31.12.2024
05300839;Rohrdamm; 8 441; 2 362; 6 079; 2 308; 1 497; 2 274;1,87; 4 520; 2 158; 1 154;  499;  505; 3 205; 1 198; 2 007;  822;  444;  378;  773; 1 279; 1 099;  599;  500;  327;  222;  105;  267;  465;  418; 1 249;  695; 1 083; 3 648;  872;  472;  257;  143;30,6;31.12.2024
05300840;Nonnendammallee;  515;  146;  369;  154;  102;  113;1,83;  282;  136;  77;  34;  25;  186;  96;  90;  36;  16;  20;  55;  92;  71;  48;  23;  13;  8;  5;  18;  34;  26;  80;  40;  72;  236;  46;  20;  20;  6;39,1;31.12.2024
05300841;Siemensdamm; 4 716; 1 634; 3 082; 1 264;  723; 1 095;1,71; 2 751; 1 117;  632;  241;  244; 1 599;  650;  949;  513;  238;  275;  343;  627;  562;  325;  237;  193;  119;  74;  122;  240;  341;  893;  400;  714; 2 318;  433;  230;  150;  53;28,2;31.12.2024
05400942;Alt-Gatow; 3 760;  805; 2 955; 1 242;  600; 1 113;2,00; 1 884; 1 079;  621;  200;  258; 1 892;  954;  938;  257;  72;  185;  132;  674;  713;  477;  236;  84;  36;  48;  47;  235;  82;  354;  369;  410; 1 553;  331;  158;  136;  37;14,2;31.12.2024
05400943;Jägerallee; 10 722; 1 650; 9 072; 2 988; 2 166; 3 918;2,25; 4 769; 3 119; 1 494;  722;  903; 5 764; 2 134; 3 630;  856;  248;  608;  623; 1 829; 1 970; 1 067;  903;  286;  124;  162;  230;  633;  176;  703;  771;  864; 3 474; 1 295;  571;  546;  178;17,8;31.12.2024
05400944;Kladower Damm; 2 163;  482; 1 681;  754;  387;  540;1,95; 1 111;  629;  377;  129;  123; 1 078;  572;  506;  115;  32;  83;  107;  381;  415;  286;  129;  38;  16;  22;  41;  135;  47;  151;  284;  284;  919;  192;  97;  71;  24;21,4;31.12.2024
05400945;Kafkastraße; 3 702;  683; 3 019; 1 326;  630; 1 063;2,05; 1 804; 1 121;  663;  210;  248; 2 055; 1 030; 1 025;  250;  64;  186;  206;  508;  775;  515;  260;  84;  32;  52;  80;  182;  100;  270;  313;  345; 1 412;  392;  193;  153;  46;20,4;31.12.2024
06100101;Fichtenberg; 6 997; 2 184; 4 813; 2 122; 1 137; 1 554;1,75; 3 988; 1 804; 1 061;  379;  364; 2 711; 1 374; 1 337;  604;  274;  330;  327; 1 171; 1 035;  687;  348;  224;  137;  87;  126;  419;  367;  929;  888; 1 238; 3 427;  561;  295;  217;  49;22,5;31.12.2024
06100102;Schloßstraße; 9 404; 3 156; 6 248; 2 594; 1 437; 2 217;1,73; 5 437; 2 281; 1 297;  479;  505; 3 514; 1 412; 2 102;  977;  442;  535;  513; 1 244; 1 237;  706;  531;  369;  221;  148;  202;  473;  528; 1 639;  989; 1 664; 4 556;  881;  481;  329;  71;22,9;31.12.2024
06100103;Markelstraße; 6 379; 2 253; 4 126; 1 704;  996; 1 426;1,69; 3 766; 1 513;  852;  332;  329; 2 293;  938; 1 355;  649;  298;  351;  335;  849;  814;  469;  345;  248;  149;  99;  131;  320;  392; 1 172;  689; 1 256; 3 191;  575;  306;  225;  44;22,8;31.12.2024
06100204;Munsterdamm; 6 918; 2 386; 4 532; 2 020; 1 140; 1 372;1,69; 4 092; 1 706; 1 010;  380;  316; 2 426; 1 166; 1 260;  596;  248;  348;  444; 1 066;  909;  583;  326;  217;  124;  93;  180;  400;  412; 1 180;  794; 1 253; 3 493;  599;  349;  205;  45;30,1;31.12.2024
06100205;Südende; 10 249; 3 452; 6 797; 2 860; 1 710; 2 227;1,72; 5 966; 2 514; 1 430;  570;  514; 3 908; 1 624; 2 284;  946;  466;  480;  600; 1 343; 1 404;  812;  592;  366;  233;  133;  231;  513;  655; 1 735; 1 062; 1 884; 5 010;  956;  530;  344;  82;24,2;31.12.2024
06100206;Stadtpark; 7 831; 2 883; 4 948; 2 128; 1 242; 1 578;1,66; 4 723; 1 840; 1 064;  414;  362; 2 785; 1 226; 1 559;  709;  270;  439;  473;  981; 1 016;  613;  403;  257;  135;  122;  187;  380;  480; 1 403; 1 000; 1 607; 4 011;  712;  395;  255;  62;26,3;31.12.2024
06100207;Mittelstraße; 8 347; 3 088; 5 259; 2 332; 1 320; 1 607;1,65; 5 065; 1 977; 1 166;  440;  371; 2 953; 1 294; 1 659;  722;  380;  342;  497; 1 087; 1 079;  647;  432;  288;  190;  98;  193;  417;  640; 1 539;  909; 1 594; 4 342;  723;  402;  257;  64;26,7;31.12.2024
06100208;Bergstraße; 7 242; 2 660; 4 582; 1 964; 1 107; 1 511;1,66; 4 360; 1 700;  982;  369;  349; 2 569; 1 094; 1 475;  726;  346;  380;  354;  933;  928;  547;  381;  278;  173;  105;  140;  354;  518; 1 321;  821; 1 349; 3 734;  626;  338;  239;  49;22,4;31.12.2024
06100209;Feuerbachstraße; 9 482; 3 531; 5 951; 2 584; 1 539; 1 828;1,65; 5 756; 2 225; 1 292;  513;  420; 3 357; 1 404; 1 953;  884;  402;  482;  558; 1 152; 1 211;  702;  509;  339;  201;  138;  222;  453;  620; 1 835; 1 076; 1 909; 4 887;  869;  495;  307;  67;25,5;31.12.2024
06100210;Bismarckstraße; 5 001; 1 831; 3 170; 1 376;  789; 1 005;1,66; 3 015; 1 184;  688;  263;  233; 1 773;  788;  985;  455;  188;  267;  335;  607;  649;  394;  255;  169;  94;  75;  130;  236;  317;  978;  536;  995; 2 555;  460;  251;  163;  46;28,3;31.12.2024
06200311;Alt-Lankwitz; 4 881; 1 621; 3 260; 1 480;  789;  991;1,71; 2 853; 1 232;  740;  263;  229; 1 908;  996;  912;  366;  134;  232;  330;  656;  734;  498;  236;  129;  67;  62;  128;  241;  210;  738;  673;  922; 2 427;  426;  223;  161;  42;30,0;31.12.2024
06200312;Komponistenviertel Lankwitz; 5 505; 1 613; 3 892; 1 596;  930; 1 366;1,81; 3 035; 1 422;  798;  310;  314; 2 417; 1 120; 1 297;  376;  158;  218;  284;  815;  889;  560;  329;  141;  79;  62;  102;  290;  228;  706;  679;  917; 2 542;  493;  249;  194;  50;20,7;31.12.2024
06200313;Lankwitz Kirche; 7 559; 2 877; 4 682; 2 140; 1 266; 1 276;1,62; 4 663; 1 786; 1 070;  422;  294; 2 534; 1 120; 1 414;  641;  284;  357;  611;  896;  936;  560;  376;  245;  142;  103;  242;  363;  422; 1 479;  976; 1 573; 3 942;  721;  444;  217;  60;33,6;31.12.2024
06200314;Kaiser-Wilhelm-Straße; 7 361; 2 655; 4 706; 2 078; 1 161; 1 467;1,67; 4 415; 1 760; 1 039;  387;  334; 2 576; 1 138; 1 438;  696;  286;  410;  487;  947;  935;  569;  366;  256;  143;  113;  194;  375;  385; 1 436;  834; 1 358; 3 742;  673;  365;  242;  66;28,8;31.12.2024
06200315;Gallwitzallee; 6 834; 2 050; 4 784; 1 808; 1 092; 1 884;1,82; 3 747; 1 697;  904;  364;  429; 2 875; 1 004; 1 871;  617;  296;  321;  465;  827;  971;  502;  469;  233;  148;  85;  176;  317;  331; 1 032;  687; 1 111; 3 017;  730;  350;  294;  86;24,1;31.12.2024
06200316;Belßstraße; 5 804; 1 776; 4 028; 1 782;  885; 1 361;1,78; 3 264; 1 488;  891;  295;  302; 1 875;  792; 1 083;  760;  444;  316;  493;  900;  663;  396;  267;  306;  222;  84;  172;  347;  303;  785;  688; 1 005; 2 741;  523;  275;  172;  76;32,9;31.12.2024
06200317;Lankwitz Süd; 6 379; 1 706; 4 673; 1 962; 1 173; 1 538;1,86; 3 432; 1 726;  981;  391;  354; 2 804; 1 378; 1 426;  441;  164;  277;  380; 1 048; 1 046;  689;  357;  158;  82;  76;  139;  383;  176;  782;  748;  904; 2 860;  572;  257;  246;  69;24,3;31.12.2024
06200418;Landweg;–;–;–;–;–;–;–;–;–;–;–;–;–;–;–;–;–;–;–;–;–;–;–;–;–;–;–;–;–;–;–;–;–;–;–;–;–;–;31.12.2024
06200419;Thermometersiedlung; 4 633; 1 340; 3 293; 1 350;  699; 1 244;1,84; 2 521; 1 181;  675;  233;  273; 1 707;  748;  959;  447;  248;  199;  439;  700;  604;  374;  230;  174;  124;  50;  154;  249;  199;  624;  517;  700; 2 087;  434;  206;  154;  74;35,5;31.12.2024
06200420;Lichterfelde Süd; 7 242; 2 098; 5 144; 2 184; 1 158; 1 802;1,82; 3 983; 1 885; 1 092;  386;  407; 2 947; 1 392; 1 555;  634;  308;  326;  512; 1 051; 1 080;  696;  384;  241;  154;  87;  189;  375;  228;  953;  917; 1 165; 3 323;  660;  354;  231;  75;28,6;31.12.2024
06200421;Königsberger Straße; 8 465; 2 765; 5 700; 2 538; 1 218; 1 944;1,74; 4 878; 2 113; 1 269;  406;  438; 3 345; 1 666; 1 679;  641;  256;  385;  561; 1 153; 1 250;  833;  417;  231;  128;  103;  200;  432;  400; 1 264; 1 101; 1 496; 4 158;  720;  352;  279;  89;27,8;31.12.2024
06200422;Oberhofer Platz; 7 124; 1 910; 5 214; 2 252; 1 176; 1 786;1,86; 3 834; 1 924; 1 126;  392;  406; 3 176; 1 526; 1 650;  548;  250;  298;  364; 1 126; 1 173;  763;  410;  207;  125;  82;  137;  407;  307;  838;  765; 1 089; 3 205;  629;  315;  233;  81;21,8;31.12.2024
06200423;Schütte-Lanz-Straße; 8 697; 1 898; 6 799; 2 752; 1 566; 2 481;1,99; 4 360; 2 462; 1 376;  522;  564; 4 208; 1 942; 2 266;  555;  188;  367;  604; 1 432; 1 533;  971;  562;  191;  94;  97;  217;  521;  231;  769;  898; 1 099; 3 484;  876;  419;  341;  116;24,8;31.12.2024
06300524;Berlepschstraße; 5 502; 1 452; 4 050; 1 594; 1 035; 1 421;1,89; 2 916; 1 464;  797;  345;  322; 2 475; 1 176; 1 299;  318;  72;  246;  342;  915;  910;  588;  322;  104;  36;  68;  118;  332;  148;  582;  722;  834; 2 408;  508;  236;  207;  65;23,2;31.12.2024
06300525;Zehlendorf Süd; 5 908; 2 059; 3 849; 1 738;  906; 1 205;1,69; 3 506; 1 447;  869;  302;  276; 2 149;  956; 1 193;  504;  206;  298;  453;  743;  784;  478;  306;  185;  103;  82;  181;  297;  287;  979;  793; 1 154; 2 937;  569;  328;  186;  55;31,8;31.12.2024
06300526;Zehlendorf Mitte; 3 492; 1 025; 2 467;  944;  603;  920;1,83; 1 912;  887;  472;  201;  214; 1 419;  576;  843;  258;  78;  180;  235;  555;  499;  288;  211;  91;  39;  52;  91;  206;  201;  430;  394;  510; 1 558;  354;  180;  137;  37;25,7;31.12.2024
06300527;Sundgauer Straße; 8 725; 2 933; 5 792; 2 552; 1 479; 1 761;1,71; 5 110; 2 177; 1 276;  493;  408; 3 234; 1 490; 1 744;  747;  362;  385;  494; 1 317; 1 198;  745;  453;  289;  181;  108;  198;  492;  445; 1 369; 1 119; 1 692; 4 351;  759;  429;  265;  65;26,1;31.12.2024
06300528;Teltower Damm; 10 878; 2 736; 8 142; 3 210; 1 878; 3 054;1,92; 5 666; 2 930; 1 605;  626;  699; 4 989; 2 194; 2 795;  622;  234;  388;  568; 1 963; 1 784; 1 097;  687;  225;  117;  108;  216;  705;  337; 1 096; 1 303; 1 573; 4 655; 1 011;  479;  396;  136;21,4;31.12.2024
06300629;Botanischer Garten; 7 152; 2 451; 4 701; 2 088; 1 176; 1 437;1,69; 4 222; 1 771; 1 044;  392;  335; 2 813; 1 378; 1 435;  529;  246;  283;  307; 1 052; 1 064;  689;  375;  202;  123;  79;  118;  387;  441; 1 150;  860; 1 327; 3 650;  572;  315;  199;  58;20,6;31.12.2024
06300630;Hindenburgdamm; 5 693; 1 757; 3 936; 1 562;  942; 1 432;1,80; 3 162; 1 405;  781;  314;  310; 2 115;  880; 1 235;  642;  258;  384;  364;  815;  736;  440;  296;  230;  129;  101;  130;  309;  336;  880;  541;  903; 2 635;  527;  262;  185;  80;24,7;31.12.2024
06300631;Goerzwerke; 2 932;  808; 2 124;  890;  546;  688;1,84; 1 595;  787;  445;  182;  160; 1 170;  464;  706;  377;  248;  129;  162;  415;  417;  232;  185;  161;  124;  37;  61;  148;  189;  315;  304;  416; 1 312;  283;  158;  98;  27;21,6;31.12.2024
06300632;Schweizer Viertel; 13 579; 2 738; 10 841; 3 732; 2 574; 4 535;2,09; 6 501; 3 763; 1 866;  858; 1 039; 6 733; 2 634; 4 099; 1 129;  378;  751;  701; 2 278; 2 338; 1 317; 1 021;  386;  189;  197;  257;  782;  371; 1 260; 1 107; 1 465; 5 026; 1 475;  691;  596;  188;17,4;31.12.2024
06300633;Augustaplatz; 12 387; 3 864; 8 523; 3 644; 1 962; 2 917;1,77; 7 007; 3 143; 1 822;  654;  667; 5 058; 2 280; 2 778;  964;  422;  542;  638; 1 863; 1 835; 1 140;  695;  363;  211;  152;  243;  702;  604; 1 821; 1 439; 2 065; 5 917; 1 090;  554;  413;  123;22,3;31.12.2024
06300634;Lichterfelde West; 8 459; 2 222; 6 237; 2 454; 1 350; 2 433;1,90; 4 454; 2 232; 1 227;  450;  555; 3 982; 1 714; 2 268;  515;  202;  313;  413; 1 327; 1 418;  857;  561;  184;  101;  83;  157;  473;  338;  884; 1 000; 1 263; 3 653;  801;  373;  329;  99;19,6;31.12.2024
06400735;Wannsee; 10 087; 2 566; 7 521; 2 914; 1 785; 2 822;1,92; 5 258; 2 692; 1 457;  595;  640; 4 919; 2 092; 2 827;  550;  234;  316;  562; 1 490; 1 746; 1 046;  700;  204;  117;  87;  210;  532;  273; 1 065; 1 228; 1 403; 4 261;  997;  471;  397;  129;21,1;31.12.2024
06400736;Düppel; 5 204;  987; 4 217; 1 636;  957; 1 624;2,08; 2 499; 1 512;  818;  319;  375; 2 539; 1 136; 1 403;  372;  86;  286;  332;  974;  917;  568;  349;  117;  43;  74;  122;  356;  109;  381;  497;  581; 1 954;  545;  241;  236;  68;22,4;31.12.2024
06400737;Nikolassee; 11 119; 2 835; 8 284; 3 740; 1 740; 2 804;1,88; 5 920; 3 085; 1 870;  580;  635; 4 422; 1 932; 2 490; 1 485; 1 064;  421;  649; 1 728; 1 578;  966;  612;  647;  532;  115;  228;  632;  454; 1 124; 1 257; 1 517; 4 965;  955;  474;  344;  137;23,9;31.12.2024
06400838;Krumme Lanke; 7 627; 1 881; 5 746; 2 412; 1 248; 2 086;1,92; 3 980; 2 099; 1 206;  416;  477; 3 573; 1 692; 1 881;  444;  152;  292;  332; 1 397; 1 308;  846;  462;  156;  76;  80;  132;  503;  171;  737;  973; 1 099; 3 306;  674;  305;  273;  96;19,6;31.12.2024
06400839;Fischerhüttenstraße; 5 496; 1 541; 3 955; 1 560;  933; 1 462;1,85; 2 968; 1 427;  780;  311;  336; 2 350; 1 000; 1 350;  395;  146;  249;  277;  933;  837;  500;  337;  144;  73;  71;  109;  337;  177;  653;  711;  898; 2 451;  517;  269;  192;  56;21,1;31.12.2024
06400840;Fischtal; 7 369; 2 408; 4 961; 2 084; 1 083; 1 794;1,74; 4 228; 1 820; 1 042;  361;  417; 3 052; 1 388; 1 664;  332;  134;  198;  422; 1 155; 1 109;  694;  415;  119;  67;  52;  168;  424;  285; 1 033; 1 090; 1 471; 3 593;  635;  310;  247;  78;26,5;31.12.2024
06400841;Zehlendorf Eiche; 5 896; 1 713; 4 183; 1 598; 1 041; 1 544;1,84; 3 210; 1 497;  799;  347;  351; 2 416;  948; 1 468;  443;  208;  235;  389;  935;  839;  474;  365;  169;  104;  65;  150;  339;  249;  705;  759;  996; 2 630;  580;  308;  206;  66;25,9;31.12.2024
06400842;Hüttenweg; 4 849;  824; 4 025; 1 234; 1 110; 1 681;2,20; 2 205; 1 381;  617;  370;  394; 2 501;  756; 1 745;  317;  126;  191;  347;  860;  825;  378;  447;  118;  63;  55;  133;  305;  84;  411;  329;  469; 1 570;  635;  311;  268;  56;20,9;31.12.2024
06400843;Thielallee; 4 935; 1 236; 3 699; 1 350;  876; 1 473;1,95; 2 535; 1 299;  675;  292;  332; 2 310;  938; 1 372;  280;  108;  172;  217;  892;  803;  469;  334;  102;  54;  48;  79;  315;  190;  507;  539;  668; 2 074;  461;  223;  157;  81;17,1;31.12.2024
06400844;Dahlem; 7 551; 2 014; 5 537; 2 094; 1 290; 2 153;1,90; 3 982; 1 968; 1 047;  430;  491; 3 253; 1 304; 1 949;  477;  194;  283;  499; 1 308; 1 134;  652;  482;  176;  97;  79;  189;  469;  330;  795;  889; 1 125; 3 232;  750;  376;  283;  91;25,2;31.12.2024
07100101;Wittenbergplatz; 10 164; 4 084; 6 080; 2 902; 1 440; 1 738;1,59; 6 409; 2 325; 1 451;  480;  394; 3 119; 1 522; 1 597;  881;  494;  387;  479; 1 601; 1 166;  761;  405;  356;  247;  109;  186;  617;  559; 2 202; 1 323; 1 841; 5 709;  700;  407;  231;  62;26,6;31.12.2024
07100102;Kalckreuthstraße; 9 140; 3 655; 5 485; 2 250; 1 233; 2 002;1,63; 5 623; 1 968; 1 125;  411;  432; 2 640; 1 140; 1 500;  959;  492;  467;  559; 1 327;  928;  570;  358;  366;  246;  120;  189;  485;  587; 1 914; 1 154; 1 601; 4 956;  667;  340;  209;  118;28,3;31.12.2024
07100103;Frobenstraße; 8 079; 2 735; 5 344; 1 864; 1 143; 2 337;1,78; 4 545; 1 810;  932;  381;  497; 2 597;  852; 1 745;  751;  384;  367;  523; 1 473;  823;  426;  397;  286;  192;  94;  187;  514;  454; 1 565;  716; 1 172; 3 867;  678;  337;  223;  118;27,6;31.12.2024
07100204;Barbarossaplatz; 10 856; 4 248; 6 608; 2 756; 1 536; 2 316;1,63; 6 672; 2 424; 1 378;  512;  534; 3 497; 1 516; 1 981; 1 132;  522;  610;  478; 1 501; 1 262;  758;  504;  429;  261;  168;  181;  552;  824; 2 283; 1 141; 2 067; 5 819;  853;  449;  323;  81;21,2;31.12.2024
07100205;Alvenslebenstraße; 5 329; 1 861; 3 468; 1 260;  810; 1 398;1,74; 3 059; 1 198;  630;  270;  298; 1 669;  548; 1 121;  397;  204;  193;  385; 1 017;  533;  274;  259;  159;  102;  57;  145;  361;  269; 1 080;  512;  812; 2 598;  461;  256;  136;  69;31,5;31.12.2024
07100206;Großgörschenstraße; 8 718; 3 276; 5 442; 2 034; 1 341; 2 067;1,68; 5 198; 1 922; 1 017;  447;  458; 2 669;  974; 1 695;  961;  416;  545;  484; 1 328;  904;  487;  417;  356;  208;  148;  186;  476;  661; 1 921;  694; 1 482; 4 447;  751;  408;  250;  93;24,8;31.12.2024
07200307;Bayerischer Platz; 11 002; 4 471; 6 531; 2 876; 1 521; 2 134;1,59; 6 908; 2 437; 1 438;  507;  492; 3 699; 1 692; 2 007;  890;  404;  486;  498; 1 444; 1 356;  846;  510;  337;  202;  135;  198;  546;  778; 2 351; 1 342; 2 326; 6 065;  843;  463;  294;  86;23,5;31.12.2024
07200308;Volkspark (Rudolph-Wilde-Park); 11 083; 4 245; 6 838; 2 712; 1 602; 2 524;1,65; 6 697; 2 452; 1 356;  534;  562; 3 496; 1 338; 2 158; 1 317;  546;  771;  633; 1 392; 1 212;  669;  543;  470;  273;  197;  241;  529;  848; 2 367; 1 030; 1 993; 5 716;  981;  517;  356;  108;24,6;31.12.2024
07200409;Belziger Straße; 9 669; 3 840; 5 829; 2 398; 1 425; 2 006;1,62; 5 974; 2 134; 1 199;  475;  460; 2 854; 1 118; 1 736; 1 024;  502;  522;  489; 1 462;  994;  559;  435;  396;  251;  145;  195;  549;  646; 2 190; 1 004; 1 945; 5 199;  775;  424;  285;  66;25,2;31.12.2024
07200410;Feurigstraße; 5 630; 1 977; 3 653; 1 178;  810; 1 665;1,76; 3 194; 1 217;  589;  270;  358; 1 784;  486; 1 298;  568;  222;  346;  402;  899;  543;  243;  300;  208;  111;  97;  142;  324;  408; 1 119;  450;  935; 2 655;  539;  263;  187;  89;26,3;31.12.2024
07200411;Julius-Leber-Brücke; 2 854; 1 035; 1 819;  682;  498;  639;1,70; 1 682;  647;  341;  166;  140;  883;  322;  561;  314;  132;  182;  157;  465;  299;  161;  138;  118;  66;  52;  60;  170;  154;  624;  257;  460; 1 432;  250;  150;  76;  24;24,0;31.12.2024
07200412;Schöneberger Linse; 2 640;  502; 2 138;  774;  480;  884;2,12; 1 245;  743;  387;  160;  196; 1 131;  220;  911;  623;  424;  199;  130;  254;  343;  110;  233;  261;  212;  49;  47;  92;  207;  236;  59;  230;  916;  329;  172;  130;  27;14,3;31.12.2024
07200413;Cheruskerstraße; 8 015; 3 411; 4 604; 1 922; 1 161; 1 521;1,57; 5 108; 1 697;  961;  387;  349; 2 245;  878; 1 367; 1 017;  490;  527;  466;  876;  788;  439;  349;  394;  245;  149;  181;  334;  658; 2 072;  681; 1 647; 4 429;  679;  382;  250;  47;26,7;31.12.2024
07200414;Hohenfriedbergstraße; 3 943; 1 450; 2 493;  960;  657;  876;1,68; 2 350;  900;  480;  219;  201; 1 304;  452;  852;  473;  208;  265;  201;  515;  443;  226;  217;  177;  104;  73;  83;  197;  252;  874;  324;  713; 1 977;  373;  196;  143;  34;22,3;31.12.2024
07300515;Taunusstraße; 7 227; 2 499; 4 728; 1 972; 1 161; 1 595;1,70; 4 242; 1 743;  986;  387;  370; 2 622; 1 088; 1 534;  727;  308;  419;  336; 1 043;  940;  544;  396;  271;  154;  117;  131;  401;  365; 1 279;  855; 1 403; 3 598;  644;  345;  245;  54;20,3;31.12.2024
07300516;Odenwaldstraße; 9 232; 3 172; 6 060; 2 538; 1 566; 1 956;1,70; 5 419; 2 247; 1 269;  522;  456; 3 338; 1 432; 1 906;  898;  394;  504;  483; 1 341; 1 215;  716;  499;  335;  197;  138;  197;  500;  616; 1 522; 1 034; 1 729; 4 585;  834;  503;  277;  54;23,6;31.12.2024
07300517;Perelsplatz; 9 942; 2 788; 7 154; 2 850; 1 650; 2 654;1,85; 5 367; 2 579; 1 425;  550;  604; 3 917; 1 454; 2 463; 1 290;  718;  572;  467; 1 480; 1 348;  727;  621;  517;  359;  158;  181;  533;  469; 1 300; 1 019; 1 544; 4 407;  960;  498;  363;  99;18,9;31.12.2024
07300618;Ceciliengärten; 9 586; 3 259; 6 327; 2 592; 1 518; 2 217;1,72; 5 572; 2 313; 1 296;  506;  511; 3 645; 1 550; 2 095;  843;  360;  483;  480; 1 359; 1 305;  775;  530;  320;  180;  140;  183;  505;  648; 1 557; 1 054; 1 720; 4 719;  853;  455;  312;  86;21,5;31.12.2024
07300619;Grazer Platz; 12 536; 4 005; 8 531; 3 254; 2 169; 3 108;1,77; 7 063; 3 058; 1 627;  723;  708; 4 604; 1 720; 2 884; 1 093;  488;  605;  840; 1 994; 1 591;  860;  731;  411;  244;  167;  309;  747;  792; 2 149; 1 064; 2 062; 5 856; 1 207;  630;  443;  134;25,6;31.12.2024
07400720;Gontermannstraße; 11 930; 4 399; 7 531; 3 098; 1 842; 2 591;1,67; 7 153; 2 754; 1 549;  614;  591; 4 002; 1 664; 2 338;  977;  374;  603;  810; 1 742; 1 416;  832;  584;  353;  187;  166;  316;  669;  615; 2 477; 1 307; 2 238; 6 087; 1 066;  549;  403;  114;29,6;31.12.2024
07400721;Paradestraße; 5 478; 1 268; 4 210; 1 282;  873; 2 055;2,06; 2 665; 1 397;  641;  291;  465; 2 410;  798; 1 612;  465;  128;  337;  350;  985;  782;  399;  383;  150;  64;  86;  118;  347;  268;  570;  430;  661; 2 078;  587;  223;  268;  96;20,1;31.12.2024
07400822;Lindenhofsiedlung; 3 037; 1 028; 2 009;  750;  474;  785;1,75; 1 740;  712;  375;  158;  179; 1 218;  406;  812;  317;  166;  151;  168;  306;  409;  203;  206;  124;  83;  41;  62;  117;  133;  519;  376;  496; 1 431;  309;  164;  115;  30;20,1;31.12.2024
07400823;Wittekindstraße; 9 812; 3 983; 5 829; 2 622; 1 410; 1 797;1,59; 6 172; 2 189; 1 311;  470;  408; 3 151; 1 362; 1 789;  793;  342;  451;  778; 1 107; 1 140;  681;  459;  294;  171;  123;  305;  450;  613; 2 192; 1 178; 2 080; 5 285;  887;  497;  299;  91;34,4;31.12.2024
07400824;Bosepark; 7 591; 2 547; 5 044; 1 926; 1 167; 1 951;1,75; 4 335; 1 788;  963;  389;  436; 2 855; 1 052; 1 803;  823;  320;  503;  406;  960;  979;  526;  453;  294;  160;  134;  155;  360;  466; 1 360;  721; 1 265; 3 593;  742;  391;  255;  96;20,9;31.12.2024
07400825;Friedrich-Karl-Straße; 7 398; 2 754; 4 644; 1 828; 1 119; 1 697;1,67; 4 423; 1 669;  914;  373;  382; 2 330;  832; 1 498;  761;  396;  365;  529; 1 024;  790;  416;  374;  297;  198;  99;  195;  387;  527; 1 570;  657; 1 431; 3 755;  668;  351;  241;  76;29,2;31.12.2024
07400826;Marienhöhe; 5 172; 1 836; 3 336; 1 624;  729;  983;1,66; 3 114; 1 278;  812;  243;  223; 1 879;  984;  895;  440;  196;  244;  330;  687;  721;  492;  229;  162;  98;  64;  129;  266;  277;  883;  676;  980; 2 692;  422;  248;  131;  43;30,6;31.12.2024
07400927;Rathaus Tempelhof; 11 026; 4 096; 6 930; 2 780; 1 509; 2 641;1,68; 6 571; 2 475; 1 390;  503;  582; 3 693; 1 428; 2 265; 1 102;  554;  548;  721; 1 414; 1 263;  714;  549;  421;  277;  144;  258;  533;  819; 2 195; 1 082; 2 004; 5 620;  951;  467;  343;  141;27,1;31.12.2024
07400928;Germaniagarten; 4 031; 1 814; 2 217;  850;  531;  836;1,55; 2 597;  783;  425;  177;  181; 1 109;  346;  763;  357;  158;  199;  349;  402;  359;  173;  186;  131;  79;  52;  132;  161;  356; 1 157;  301;  813; 2 227;  370;  195;  108;  67;35,7;31.12.2024
07501029;Ringstraße; 8 699; 2 744; 5 955; 2 476; 1 470; 2 009;1,77; 4 923; 2 179; 1 238;  490;  451; 3 342; 1 266; 2 076;  898;  450;  448;  598; 1 117; 1 166;  633;  533;  342;  225;  117;  233;  438;  474; 1 432;  838; 1 343; 4 040;  883;  482;  299;  102;26,4;31.12.2024
07501030;Machonstraße; 8 638; 3 178; 5 460; 2 296; 1 260; 1 904;1,67; 5 171; 1 993; 1 148;  420;  425; 3 097; 1 298; 1 799;  782;  364;  418;  512; 1 069; 1 089;  649;  440;  301;  182;  119;  201;  402;  574; 1 698;  906; 1 563; 4 411;  760;  415;  240;  105;26,4;31.12.2024
07501031;Eisenacher Straße; 9 188; 3 473; 5 715; 2 688; 1 344; 1 683;1,63; 5 650; 2 177; 1 344;  448;  385; 3 204; 1 626; 1 578;  697;  304;  393;  598; 1 216; 1 219;  813;  406;  258;  152;  106;  233;  467;  423; 1 815; 1 235; 1 846; 4 905;  745;  406;  258;  81;31,3;31.12.2024
07501032;Imbrosweg; 6 360; 1 698; 4 662; 1 842; 1 194; 1 626;1,88; 3 383; 1 685;  921;  398;  366; 2 776; 1 160; 1 616;  595;  230;  365;  436;  855;  995;  580;  415;  211;  115;  96;  165;  314;  253;  864;  581;  861; 2 707;  676;  375;  227;  74;24,4;31.12.2024
07501133;Fritz-Werner-Straße; 7 607; 2 647; 4 960; 2 108; 1 110; 1 742;1,71; 4 458; 1 811; 1 054;  370;  387; 2 756; 1 178; 1 578;  592;  296;  296;  464; 1 148;  975;  589;  386;  229;  148;  81;  173;  434;  408; 1 397;  842; 1 261; 3 818;  640;  325;  232;  83;27,0;31.12.2024
07501134;Hundsteinweg; 10 055; 2 322; 7 733; 3 132; 1 857; 2 744;1,96; 5 132; 2 810; 1 566;  619;  625; 4 757; 2 236; 2 521;  695;  238;  457;  656; 1 625; 1 748; 1 118;  630;  246;  119;  127;  237;  579;  342; 1 055;  925; 1 256; 4 138;  994;  487;  377;  130;23,8;31.12.2024
07501135;Birnhornweg; 2 289;  468; 1 821;  748;  393;  680;2,03; 1 127;  659;  374;  131;  154; 1 217;  576;  641;  162;  56;  106;  85;  357;  446;  288;  158;  56;  28;  28;  34;  123;  66;  198;  204;  225;  907;  220;  109;  83;  28;15,5;31.12.2024
07601236;Marienfelder Allee Nordwest; 9 371; 2 508; 6 863; 2 682; 1 548; 2 633;1,90; 4 942; 2 434; 1 341;  516;  577; 3 828; 1 666; 2 162;  781;  264;  517;  810; 1 444; 1 351;  833;  518;  264;  132;  132;  292;  527;  389; 1 093; 1 026; 1 270; 4 000;  942;  449;  344;  149;31,0;31.12.2024
07601237;Kirchstraße; 4 809; 1 149; 3 660; 1 470;  852; 1 338;1,94; 2 473; 1 324;  735;  284;  305; 2 296; 1 066; 1 230;  331;  116;  215;  189;  844;  842;  533;  309;  115;  58;  57;  71;  296;  160;  523;  466;  562; 2 036;  437;  223;  165;  49;16,2;31.12.2024
07601238;Marienfelde Nordost; 2 925;  719; 2 206;  922;  444;  840;1,94; 1 511;  792;  461;  148;  183; 1 386;  668;  718;  204;  76;  128;  260;  356;  506;  334;  172;  70;  38;  32;  88;  128;  104;  270;  345;  376; 1 219;  292;  133;  106;  53;30,1;31.12.2024
07601339;Tirschenreuther Ring West; 5 779; 1 361; 4 418; 1 768; 1 113; 1 537;1,95; 2 957; 1 596;  884;  371;  341; 2 379; 1 070; 1 309;  539;  178;  361;  603;  897;  856;  535;  321;  182;  89;  93;  224;  334;  132;  595;  634;  790; 2 319;  638;  330;  230;  78;35,1;31.12.2024
07601340;Tirschenreuther Ring Ost; 6 390; 1 484; 4 906; 1 834; 1 221; 1 851;1,99; 3 219; 1 735;  917;  407;  411; 2 480; 1 062; 1 418;  684;  248;  436;  615; 1 127;  875;  531;  344;  237;  124;  113;  213;  410;  175;  685;  624;  790; 2 549;  670;  342;  232;  96;31,8;31.12.2024
07601341;Diedersdorfer Weg; 2 274;  527; 1 747;  722;  399;  626;1,95; 1 164;  637;  361;  133;  143; 1 102;  532;  570;  178;  46;  132;  127;  340;  407;  266;  141;  57;  23;  34;  48;  125;  42;  235;  250;  260;  941;  223;  110;  82;  31;21,5;31.12.2024
07601442;Kettinger Straße; 10 497; 2 611; 7 886; 3 356; 1 839; 2 691;1,90; 5 519; 2 908; 1 678;  613;  617; 4 743; 2 310; 2 433;  803;  250;  553;  689; 1 651; 1 767; 1 155;  612;  273;  125;  148;  266;  602;  355; 1 143; 1 113; 1 380; 4 493; 1 026;  527;  389;  110;25,9;31.12.2024
07601443;Töpchiner Weg; 10 978; 2 514; 8 464; 3 460; 2 049; 2 955;1,96; 5 608; 3 094; 1 730;  683;  681; 5 123; 2 358; 2 765;  794;  286;  508;  803; 1 744; 1 881; 1 179;  702;  280;  143;  137;  296;  637;  272; 1 180; 1 062; 1 321; 4 473; 1 135;  566;  438;  131;26,1;31.12.2024
07601544;John-Locke-Straße; 9 329; 2 303; 7 026; 2 512; 1 635; 2 879;1,97; 4 745; 2 442; 1 256;  545;  641; 3 994; 1 474; 2 520;  813;  284;  529;  827; 1 392; 1 353;  737;  616;  282;  142;  140;  288;  519;  261;  990; 1 052; 1 237; 3 701; 1 044;  473;  399;  172;27,6;31.12.2024
07601545;Nahariyastraße; 8 644; 2 062; 6 582; 2 382; 1 482; 2 718;2,00; 4 329; 2 267; 1 191;  494;  582; 3 306; 1 396; 1 910;  908;  278;  630;  975; 1 393; 1 137;  698;  439;  294;  139;  155;  333;  503;  304;  947;  811; 1 045; 3 402;  927;  419;  333;  175;35,9;31.12.2024
07601546;Franziusweg; 7 076; 1 495; 5 581; 2 304; 1 305; 1 972;2,00; 3 537; 2 042; 1 152;  435;  455; 3 456; 1 650; 1 806;  514;  174;  340;  360; 1 251; 1 281;  825;  456;  179;  87;  92;  135;  447;  210;  699;  586;  768; 2 854;  683;  343;  263;  77;19,8;31.12.2024
07601547;Horstwalder Straße; 3 598;  867; 2 731; 1 058;  678;  995;1,94; 1 854;  987;  529;  226;  232; 1 609;  724;  885;  311;  76;  235;  259;  552;  586;  362;  224;  102;  38;  64;  94;  205;  88;  389;  390;  486; 1 472;  382;  182;  157;  43;24,6;31.12.2024
07601548;Wittelsbacherstraße; 2 963;  584; 2 379;  934;  606;  839;2,05; 1 446;  862;  467;  202;  193; 1 428;  700;  728;  200;  30;  170;  204;  547;  530;  350;  180;  62;  15;  47;  75;  195;  67;  225;  292;  297; 1 144;  302;  141;  119;  42;24,8;31.12.2024
08100101;Hasenheide; 4 714; 1 978; 2 736; 1 052;  633; 1 051;1,60; 2 939;  961;  526;  211;  224; 1 234;  446;  788;  551;  278;  273;  280;  671;  407;  223;  184;  215;  139;  76;  103;  236;  359; 1 328;  291;  849; 2 576;  363;  202;  115;  46;28,4;31.12.2024
08100102;Schillerpromenade Nord; 8 377; 3 764; 4 613; 1 726; 1 056; 1 831;1,56; 5 375; 1 611;  863;  352;  396; 2 105;  662; 1 443; 1 066;  536;  530;  467;  975;  672;  331;  341;  413;  268;  145;  177;  349;  694; 2 617;  453; 1 748; 4 712;  663;  359;  226;  78;26,7;31.12.2024
08100103;Schillerpromenade Süd; 7 353; 3 425; 3 928; 1 708;  873; 1 347;1,51; 4 860; 1 435;  854;  291;  290; 1 695;  624; 1 071; 1 062;  544;  518;  471;  700;  561;  312;  249;  416;  272;  144;  184;  274;  522; 2 466;  437; 1 541; 4 283;  577;  328;  186;  63;31,9;31.12.2024
08100104;Wartheplatz; 6 841; 2 972; 3 869; 1 426;  717; 1 726;1,60; 4 283; 1 311;  713;  239;  359; 1 729;  464; 1 265;  952;  522;  430;  396;  792;  512;  232;  280;  373;  261;  112;  134;  292;  515; 2 127;  330; 1 245; 3 757;  526;  264;  155;  107;25,5;31.12.2024
08100105;Silbersteinstraße; 6 224; 1 832; 4 392; 1 602;  954; 1 836;1,87; 3 336; 1 504;  801;  318;  385; 2 057;  622; 1 435;  953;  558;  395;  391;  991;  638;  311;  327;  383;  279;  104;  134;  349;  414; 1 068;  350;  845; 2 771;  565;  301;  155;  109;23,7;31.12.2024
08100206;Flughafenstraße; 9 557; 4 132; 5 425; 2 144; 1 269; 2 012;1,58; 6 053; 1 921; 1 072;  423;  426; 2 402;  836; 1 566; 1 167;  608;  559;  555; 1 301;  783;  418;  365;  457;  304;  153;  203;  478;  716; 2 832;  584; 1 901; 5 332;  721;  394;  226;  101;28,2;31.12.2024
08100207;Rollberg; 7 522; 2 143; 5 379; 1 560; 1 203; 2 616;1,94; 3 884; 1 741;  780;  401;  560; 2 675;  678; 1 997;  698;  270;  428;  671; 1 335;  795;  339;  456;  241;  135;  106;  240;  465;  380; 1 285;  478;  994; 3 082;  802;  397;  266;  139;29,9;31.12.2024
08100208;Körnerpark; 12 110; 5 258; 6 852; 2 574; 1 350; 2 928;1,59; 7 605; 2 347; 1 287;  450;  610; 3 074;  888; 2 186; 1 556;  744;  812;  700; 1 522;  936;  444;  492;  580;  372;  208;  265;  566;  892; 3 681;  685; 2 393; 6 640;  965;  504;  292;  169;27,5;31.12.2024
08100209;Glasower Straße; 8 791; 3 472; 5 319; 1 992; 1 119; 2 208;1,66; 5 294; 1 822;  996;  373;  453; 2 265;  670; 1 595; 1 279;  682;  597;  512; 1 263;  694;  335;  359;  495;  341;  154;  172;  461;  746; 2 230;  496; 1 477; 4 609;  685;  359;  196;  130;25,1;31.12.2024
08100310;Maybachufer; 7 789; 3 375; 4 414; 1 624; 1 179; 1 611;1,58; 4 936; 1 561;  812;  393;  356; 1 990;  620; 1 370; 1 020;  452;  568;  483;  921;  650;  310;  340;  382;  226;  156;  184;  345;  500; 2 452;  423; 1 713; 4 256;  680;  409;  209;  62;27,1;31.12.2024
08100311;Reuterplatz; 7 299; 3 518; 3 781; 1 606;  927; 1 248;1,49; 4 910; 1 392;  803;  309;  280; 1 638;  626; 1 012;  916;  454;  462;  426;  801;  565;  313;  252;  356;  227;  129;  167;  304;  543; 2 525;  450; 1 666; 4 362;  548;  327;  178;  43;30,5;31.12.2024
08100312;Weichselplatz; 11 779; 5 236; 6 543; 2 596; 1 401; 2 546;1,56; 7 556; 2 320; 1 298;  467;  555; 2 723;  904; 1 819; 1 689;  760;  929;  777; 1 354;  882;  452;  430;  629;  380;  249;  305;  504;  773; 3 770;  693; 2 476; 6 572;  984;  532;  330;  122;31,0;31.12.2024
08100313;Bouchéstraße; 3 780; 1 624; 2 156;  854;  522;  780;1,58; 2 394;  770;  427;  174;  169;  982;  384;  598;  447;  184;  263;  253;  474;  335;  192;  143;  163;  92;  71;  97;  175;  196; 1 047;  381;  796; 2 083;  311;  178;  94;  39;31,2;31.12.2024
08100314;Donaustraße; 8 099; 3 505; 4 594; 1 730;  948; 1 916;1,59; 5 081; 1 576;  865;  316;  395; 2 021;  584; 1 437; 1 032;  516;  516;  426; 1 115;  605;  292;  313;  395;  258;  137;  166;  410;  621; 2 456;  428; 1 554; 4 465;  616;  337;  167;  112;26,9;31.12.2024
08100415;Ganghoferstraße; 6 517; 2 832; 3 685; 1 446;  732; 1 507;1,58; 4 114; 1 282;  723;  244;  315; 1 792;  542; 1 250;  852;  450;  402;  379;  662;  556;  271;  285;  328;  225;  103;  147;  251;  476; 1 959;  397; 1 303; 3 579;  535;  281;  166;  88;27,5;31.12.2024
08100416;Alt-Rixdorf; 6 690; 2 602; 4 088; 1 572;  933; 1 583;1,66; 4 039; 1 437;  786;  311;  340; 1 862;  562; 1 300;  970;  446;  524;  400;  856;  582;  281;  301;  366;  223;  143;  164;  325;  445; 1 774;  383; 1 179; 3 431;  608;  344;  180;  84;27,0;31.12.2024
08100417;Braunschweiger Straße; 9 681; 4 050; 5 631; 2 120; 1 230; 2 281;1,62; 5 993; 1 943; 1 060;  410;  473; 2 529;  760; 1 769; 1 324;  684;  640;  599; 1 179;  773;  380;  393;  517;  342;  175;  217;  436;  746; 2 857;  447; 1 794; 5 208;  785;  423;  230;  132;27,6;31.12.2024
08100418;Hertzbergplatz; 9 208; 4 022; 5 186; 2 098; 1 224; 1 864;1,57; 5 881; 1 859; 1 049;  408;  402; 2 255;  856; 1 399; 1 383;  614;  769;  537; 1 011;  759;  428;  331;  516;  307;  209;  200;  384;  650; 2 828;  544; 1 920; 5 141;  740;  403;  240;  97;27,0;31.12.2024
08100419;Treptower Straße Nord; 7 274; 2 688; 4 586; 1 430;  831; 2 325;1,75; 4 145; 1 457;  715;  277;  465; 2 302;  548; 1 754;  913;  368;  545;  587;  784;  643;  274;  369;  317;  184;  133;  199;  298;  451; 1 788;  449; 1 217; 3 444;  701;  306;  201;  194;28,4;31.12.2024
08100520;Weiße Siedlung; 5 767; 1 272; 4 495; 1 104;  927; 2 464;2,18; 2 644; 1 372;  552;  309;  511; 2 367;  556; 1 811;  482;  142;  340;  579; 1 067;  672;  278;  394;  149;  71;  78;  180;  371;  302;  648;  322;  557; 1 992;  652;  239;  202;  211;27,6;31.12.2024
08100521;Schulenburgpark; 9 446; 2 410; 7 036; 1 878; 1 338; 3 820;2,07; 4 570; 2 160;  939;  446;  775; 3 806;  970; 2 836;  831;  200;  631;  864; 1 535; 1 088;  485;  603;  238;  100;  138;  293;  541;  349; 1 382;  679; 1 007; 3 536; 1 034;  412;  306;  316;28,3;31.12.2024
08200622;Jahnstraße; 5 929; 1 954; 3 975; 1 228;  897; 1 850;1,83; 3 240; 1 286;  614;  299;  373; 1 989;  500; 1 489;  702;  284;  418;  414;  870;  578;  250;  328;  244;  142;  102;  140;  324;  507; 1 160;  287;  671; 2 670;  570;  247;  193;  130;24,6;31.12.2024
08200623;Park am Buschkrug; 5 540; 1 831; 3 709; 1 412;  780; 1 517;1,77; 3 131; 1 300;  706;  260;  334; 1 999;  810; 1 189;  544;  166;  378;  384;  782;  692;  405;  287;  180;  83;  97;  140;  288;  266; 1 013;  552;  901; 2 607;  524;  251;  171;  102;26,7;31.12.2024
08200624;Tempelhofer Weg; 8 968; 3 254; 5 714; 2 340; 1 380; 1 994;1,69; 5 322; 2 068; 1 170;  460;  438; 3 037; 1 206; 1 831;  735;  314;  421;  734; 1 208; 1 051;  603;  448;  266;  157;  109;  274;  477;  565; 1 845;  844; 1 562; 4 491;  831;  423;  282;  126;33,0;31.12.2024
08200725;Mohriner Allee Nord; 2 516;  492; 2 024;  800;  456;  768;2,07; 1 217;  725;  400;  152;  173; 1 239;  598;  641;  213;  66;  147;  98;  474;  455;  299;  156;  70;  33;  37;  33;  167;  70;  246;  176;  212;  991;  226;  96;  94;  36;14,6;31.12.2024
08200726;Hufeisensiedlung; 6 200; 1 860; 4 340; 1 690; 1 008; 1 642;1,82; 3 412; 1 552;  845;  336;  371; 2 547; 1 080; 1 467;  484;  142;  342;  436;  873;  904;  540;  364;  162;  71;  91;  158;  328;  265;  955;  640;  952; 2 799;  613;  295;  226;  92;25,8;31.12.2024
08200727;Parchimer Allee Süd; 8 130; 3 181; 4 949; 2 346; 1 209; 1 394;1,60; 5 076; 1 895; 1 173;  403;  319; 2 728; 1 308; 1 420;  671;  282;  389;  569;  981; 1 023;  654;  369;  246;  141;  105;  231;  395;  468; 1 762;  951; 1 648; 4 371;  705;  398;  234;  73;32,8;31.12.2024
08200728;Ortolanweg; 1 114;  331;  783;  330;  195;  258;1,80;  619;  288;  165;  65;  58;  384;  212;  172;  92;  40;  52;  86;  221;  148;  106;  42;  34;  20;  14;  30;  76;  44;  165;  122;  196;  533;  86;  49;  22;  15;34,9;31.12.2024
08200729;Britzer Garten; 1 885;  464; 1 421;  468;  279;  674;2,00;  944;  480;  234;  93;  153;  949;  330;  619;  114;  34;  80;  75;  283;  315;  165;  150;  39;  17;  22;  28;  98;  76;  248;  140;  214;  744;  200;  84;  89;  27;14,0;31.12.2024
08200730;Handwerker-Siedlung; 3 515; 1 118; 2 397;  988;  540;  869;1,77; 1 986;  868;  494;  180;  194; 1 333;  644;  689;  215;  106;  109;  193;  656;  483;  322;  161;  82;  53;  29;  70;  233;  152;  496;  470;  502; 1 726;  260;  129;  94;  37;26,9;31.12.2024
08200831;Buckow West; 8 380; 2 405; 5 975; 2 662; 1 419; 1 894;1,80; 4 645; 2 240; 1 331;  473;  436; 3 653; 1 804; 1 849;  522;  180;  342;  540; 1 260; 1 377;  902;  475;  185;  90;  95;  206;  472;  311; 1 208;  886; 1 249; 3 869;  776;  411;  294;  71;26,5;31.12.2024
08200832;Buckow Mitte; 12 104; 2 907; 9 197; 3 682; 2 127; 3 388;1,95; 6 208; 3 301; 1 841;  709;  751; 5 567; 2 492; 3 075;  904;  340;  564;  866; 1 860; 1 993; 1 246;  747;  329;  170;  159;  303;  676;  344; 1 359; 1 204; 1 586; 4 999; 1 209;  598;  424;  187;25,1;31.12.2024
08200833;Buckow Ost; 9 577; 2 360; 7 217; 2 672; 1 410; 3 135;1,98; 4 840; 2 480; 1 336;  470;  674; 3 931; 1 488; 2 443;  999;  566;  433;  733; 1 554; 1 304;  744;  560;  392;  283;  109;  238;  546;  382; 1 107;  871; 1 071; 3 933;  907;  379;  327;  201;26,2;31.12.2024
08300934;Gropiusstadt Nord-West; 12 730; 3 217; 9 513; 3 520; 2 199; 3 794;1,95; 6 535; 3 318; 1 760;  733;  825; 5 488; 2 060; 3 428;  884;  402;  482;  994; 2 147; 1 843; 1 030;  813;  323;  201;  122;  355;  797;  405; 1 342; 1 470; 1 823; 5 245; 1 290;  594;  457;  239;27,5;31.12.2024
08300935;Gropiusstadt Süd-West; 7 662; 2 263; 5 399; 2 388; 1 155; 1 856;1,80; 4 247; 1 984; 1 194;  385;  405; 3 046; 1 466; 1 580;  478;  240;  238;  584; 1 291; 1 115;  733;  382;  178;  120;  58;  208;  483;  245; 1 015; 1 003; 1 245; 3 599;  648;  338;  200;  110;32,1;31.12.2024
08301036;Gropiusstadt Mitte; 7 413; 1 689; 5 724; 2 048; 1 224; 2 452;2,03; 3 644; 1 955; 1 024;  408;  523; 3 217; 1 148; 2 069;  782;  374;  408;  503; 1 222; 1 047;  574;  473;  291;  187;  104;  175;  442;  196;  724;  769;  959; 2 892;  752;  355;  268;  129;23,3;31.12.2024
08301037;Gropiusstadt Süd-Ost; 11 017; 2 516; 8 501; 2 788; 1 764; 3 949;2,06; 5 350; 2 834; 1 394;  588;  852; 4 575; 1 474; 3 101; 1 054;  458;  596;  950; 1 922; 1 450;  737;  713;  372;  229;  143;  325;  687;  339; 1 234;  943; 1 267; 4 169; 1 181;  523;  412;  246;27,5;31.12.2024
08401138;Goldhähnchenweg; 2 913;  753; 2 160;  850;  507;  803;1,92; 1 520;  767;  425;  169;  173; 1 237;  536;  701;  196;  72;  124;  323;  404;  433;  268;  165;  67;  36;  31;  115;  152;  81;  277;  395;  410; 1 209;  311;  146;  100;  65;37,0;31.12.2024
08401139;Vogelviertel Süd; 4 058; 1 161; 2 897; 1 300;  651;  946;1,81; 2 238; 1 077;  650;  217;  210; 1 682;  888;  794;  279;  102;  177;  224;  712;  634;  444;  190;  103;  51;  52;  86;  254;  152;  564;  445;  584; 1 910;  328;  178;  105;  45;26,2;31.12.2024
08401140;Vogelviertel Nord; 2 706;  589; 2 117;  840;  417;  860;2,03; 1 336;  747;  420;  139;  188; 1 205;  568;  637;  201;  66;  135;  172;  539;  431;  284;  147;  67;  33;  34;  63;  186;  98;  294;  197;  295; 1 092;  244;  108;  92;  44;25,8;31.12.2024
08401241;Blumenviertel; 8 420; 1 711; 6 709; 2 552; 1 416; 2 741;2,08; 4 055; 2 344; 1 276;  472;  596; 4 098; 1 864; 2 234;  495;  150;  345;  443; 1 673; 1 452;  932;  520;  160;  75;  85;  155;  577;  304;  707;  700;  832; 3 295;  760;  333;  277;  150;20,4;31.12.2024
08401242;Zittauer Straße; 6 980; 1 394; 5 586; 2 128; 1 254; 2 204;2,07; 3 364; 1 970; 1 064;  418;  488; 3 421; 1 558; 1 863;  430;  86;  344;  396; 1 339; 1 221;  779;  442;  132;  43;  89;  145;  472;  194;  606;  594;  680; 2 688;  676;  306;  263;  107;21,4;31.12.2024
08401243;Alt-Rudow; 10 176; 2 548; 7 628; 3 148; 1 692; 2 788;1,92; 5 306; 2 758; 1 574;  564;  620; 4 582; 2 152; 2 430;  739;  262;  477;  709; 1 598; 1 667; 1 076;  591;  252;  131;  121;  252;  587;  368; 1 253;  927; 1 225; 4 342;  964;  458;  345;  161;26,1;31.12.2024
08401244;Waßmannsdorfer Chaussee; 7 389; 1 461; 5 928; 2 184; 1 326; 2 418;2,09; 3 538; 2 077; 1 092;  442;  543; 3 758; 1 626; 2 132;  495;  134;  361;  433; 1 242; 1 330;  813;  517;  163;  67;  96;  147;  437;  180;  552;  729;  777; 2 778;  760;  327;  320;  113;19,3;31.12.2024
08401245;Frauenviertel; 3 608;  826; 2 782;  962;  795; 1 025;2,00; 1 808;  982;  481;  265;  236; 1 498;  572;  926;  340;  100;  240;  356;  588;  520;  286;  234;  117;  50;  67;  132;  213;  113;  480;  233;  433; 1 375;  433;  226;  163;  44;30,5;31.12.2024
08401246;Waltersdorfer Chaussee Ost; 7 904; 1 405; 6 499; 2 522; 1 542; 2 435;2,12; 3 727; 2 322; 1 261;  514;  547; 3 801; 1 736; 2 065;  594;  150;  444;  735; 1 369; 1 371;  868;  503;  194;  75;  119;  267;  490;  136;  657;  612;  816; 2 838;  889;  440;  325;  124;30,0;31.12.2024
09100101;Alt-Treptow; 13 615; 4 700; 8 915; 3 336; 2 235; 3 344;1,73; 7 872; 3 172; 1 668;  745;  759; 4 284; 1 368; 2 916; 2 098;  824; 1 274; 1 079; 1 454; 1 419;  684;  735;  766;  412;  354;  432;  555;  685; 3 339;  676; 2 256; 6 351; 1 521;  846;  539;  136;28,4;31.12.2024
09100202;Plänterwald West; 4 382; 1 458; 2 924; 1 056;  840; 1 028;1,75; 2 506; 1 048;  528;  280;  240; 1 550;  562;  988;  616;  174;  442;  272;  486;  537;  281;  256;  212;  87;  125;  108;  191;  204;  901;  353;  743; 2 017;  489;  261;  191;  37;22,1;31.12.2024
09100203;Plänterwald Ost; 7 553; 3 641; 3 912; 2 276;  852;  784;1,44; 5 243; 1 602; 1 138;  284;  180; 1 895; 1 104;  791;  934;  560;  374;  455;  628;  762;  552;  210;  386;  280;  106;  191;  263;  652; 2 071;  918; 1 733; 4 736;  507;  329;  140;  38;37,7;31.12.2024
09100304;Baumschulenweg West; 11 865; 4 902; 6 963; 3 452; 1 653; 1 858;1,56; 7 601; 2 699; 1 726;  551;  422; 3 522; 1 790; 1 732; 1 589;  694;  895;  862;  990; 1 344;  895;  449;  601;  347;  254;  347;  407;  807; 2 726; 1 369; 2 556; 6 551; 1 050;  633;  326;  91;33,0;31.12.2024
09100305;Baumschulenweg Ost; 4 265; 1 935; 2 330; 1 054;  660;  616;1,51; 2 825;  890;  527;  220;  143; 1 127;  466;  661;  557;  278;  279;  280;  366;  412;  233;  179;  220;  139;  81;  112;  146;  382; 1 257;  296;  910; 2 453;  372;  238;  107;  27;30,1;31.12.2024
09100306;Späthsfelde; 2 794;  508; 2 286;  900;  609;  777;2,08; 1 341;  833;  450;  203;  180; 1 356;  700;  656;  251;  58;  193;  135;  544;  515;  350;  165;  80;  29;  51;  49;  189;  50;  261;  197;  245; 1 076;  265;  123;  106;  36;18,5;31.12.2024
09100407;Johannisthal West; 8 640; 2 846; 5 794; 2 954; 1 341; 1 499;1,69; 5 119; 2 273; 1 477;  447;  349; 3 270; 1 892; 1 378;  988;  342;  646;  677;  859; 1 309;  946;  363;  349;  171;  178;  270;  345;  428; 1 349; 1 069; 1 521; 4 308;  811;  448;  297;  66;33,3;31.12.2024
09100408;Johannisthal Ost; 9 005; 2 962; 6 043; 2 630; 1 551; 1 862;1,72; 5 224; 2 262; 1 315;  517;  430; 3 078; 1 338; 1 740; 1 260;  518;  742;  786;  919; 1 124;  669;  455;  467;  259;  208;  309;  362;  552; 1 732;  678; 1 355; 4 252;  972;  553;  336;  83;31,8;31.12.2024
09100409;Landschaftspark Adlershof; 4 052;  669; 3 383; 1 208;  876; 1 299;2,18; 1 859; 1 190;  604;  292;  294; 1 833;  748; 1 085;  473;  164;  309;  303;  774;  641;  374;  267;  166;  82;  84;  114;  269;  139;  373;  157;  294; 1 394;  465;  268;  154;  43;24,5;31.12.2024
09200510;Helmholtz-Kiez; 8 090; 2 941; 5 149; 2 168; 1 236; 1 745;1,68; 4 813; 1 872; 1 084;  412;  376; 2 251;  758; 1 493; 1 374;  736;  638;  640;  884;  745;  379;  366;  536;  368;  168;  243;  348;  789; 1 783;  369; 1 124; 4 036;  777;  426;  253;  98;31,3;31.12.2024
09200511;Griechischer Park; 13 308; 5 040; 8 268; 3 556; 2 022; 2 690;1,64; 8 100; 3 060; 1 778;  674;  608; 3 467; 1 306; 2 161; 2 054;  946; 1 108; 1 461; 1 286; 1 203;  653;  550;  776;  473;  303;  556;  525; 1 313; 2 865;  862; 2 180; 6 691; 1 409;  794;  470;  145;39,5;31.12.2024
09200512;Wuhlheide; 4 490; 1 661; 2 829; 1 506;  612;  711;1,62; 2 776; 1 115;  753;  204;  158; 1 231;  498;  733;  902;  642;  260;  327;  369;  438;  249;  189;  395;  321;  74;  132;  150;  555;  848;  258;  626; 2 381;  395;  244;  112;  39;33,4;31.12.2024
09200613;Bahnhof Schöneweide; 10 387; 3 364; 7 023; 2 918; 1 758; 2 347;1,75; 5 933; 2 569; 1 459;  586;  524; 3 449; 1 298; 2 151; 1 775;  924;  851;  756; 1 043; 1 195;  649;  546;  694;  462;  232;  285;  395;  942; 1 919;  503; 1 375; 4 870; 1 063;  602;  351;  110;26,8;31.12.2024
09200614;Oberspree; 3 855; 1 123; 2 732; 1 274;  636;  822;1,78; 2 161; 1 038;  637;  212;  189; 1 549;  830;  719;  393;  102;  291;  280;  510;  601;  415;  186;  131;  51;  80;  109;  197;  131;  569;  423;  533; 1 786;  375;  213;  130;  32;29,1;31.12.2024
09200715;Wista; 4 301;  839; 3 462; 1 374;  726; 1 362;2,08; 2 067; 1 228;  687;  242;  299; 1 666;  450; 1 216; 1 091;  722;  369;  241;  464;  525;  225;  300;  461;  361;  100;  82;  160;  326;  464;  49;  271; 1 585;  482;  243;  178;  61;17,0;31.12.2024
09200716;Dörpfeldstraße Ost; 8 305; 2 907; 5 398; 2 702; 1 104; 1 592;1,67; 4 984; 2 077; 1 351;  368;  358; 2 554; 1 272; 1 282; 1 316;  726;  590;  678;  850;  960;  636;  324;  521;  363;  158;  265;  331;  677; 1 544;  686; 1 282; 4 237;  747;  419;  249;  79;35,5;31.12.2024
09200717;Dörpfeldstraße West; 9 959; 3 764; 6 195; 2 912; 1 533; 1 750;1,62; 6 129; 2 365; 1 456;  511;  398; 3 182; 1 572; 1 610; 1 145;  480;  665;  839; 1 029; 1 201;  786;  415;  426;  240;  186;  329;  409;  739; 2 173;  852; 1 671; 5 199;  930;  539;  301;  90;35,4;31.12.2024
09200818;Spindlersfeld; 4 365; 1 266; 3 099; 1 584;  714;  801;1,76; 2 478; 1 212;  792;  238;  182; 1 326;  632;  694;  914;  590;  324;  304;  555;  501;  316;  185;  389;  295;  94;  129;  193;  247;  755;  264;  540; 2 070;  408;  274;  121;  13;31,6;31.12.2024
09200819;Köllnische Vorstadt; 8 707; 2 811; 5 896; 2 310; 1 581; 2 005;1,76; 4 938; 2 127; 1 155;  527;  445; 2 837; 1 044; 1 793; 1 054;  420;  634;  919; 1 086;  979;  522;  457;  379;  210;  169;  349;  420;  487; 1 617;  707; 1 260; 3 963;  975;  565;  293;  117;35,8;31.12.2024
09300920;Dorf Altglienicke; 13 291; 2 198; 11 093; 4 006; 2 790; 4 297;2,17; 6 121; 3 923; 2 003;  930;  990; 6 807; 2 720; 4 087; 1 504;  456; 1 048;  969; 1 813; 2 397; 1 360; 1 037;  511;  228;  283;  355;  660;  343; 1 144;  711; 1 129; 4 446; 1 675;  798;  704;  173;21,2;31.12.2024
09300921;Preußen Siedlung; 2 929;  592; 2 337;  952;  585;  800;2,02; 1 449;  857;  476;  195;  186; 1 420;  654;  766;  327;  122;  205;  146;  444;  526;  327;  199;  116;  61;  55;  52;  163;  94;  331;  167;  281; 1 143;  306;  158;  118;  30;17,0;31.12.2024
09300922;Kosmos Viertel; 6 067; 1 522; 4 545; 1 766; 1 095; 1 684;1,93; 3 142; 1 620;  883;  365;  372; 1 911;  910; 1 001;  827;  214;  613;  871;  936;  695;  455;  240;  258;  107;  151;  308;  359;  178;  851;  493;  727; 2 443;  699;  326;  249;  124;44,1;31.12.2024
09300923;Kölner Viertel; 8 483; 1 548; 6 935; 2 434; 1 854; 2 647;2,14; 3 973; 2 425; 1 217;  618;  590; 3 647; 1 470; 2 177; 1 047;  196;  851; 1 130; 1 111; 1 275;  735;  540;  321;  98;  223;  414;  415;  200;  911;  437;  742; 2 796; 1 177;  600;  408;  169;35,2;31.12.2024
09301024;Falkenberg; 3 722;  601; 3 121; 1 064;  903; 1 154;2,19; 1 698; 1 097;  532;  301;  264; 1 721;  640; 1 081;  669;  200;  469;  288;  443;  602;  320;  282;  228;  100;  128;  105;  162;  139;  325;  137;  289; 1 183;  515;  288;  182;  45;20,4;31.12.2024
09301025;Alt-Bohnsdorf; 11 394; 2 455; 8 939; 3 990; 2 100; 2 849;1,97; 5 794; 3 339; 1 995;  700;  644; 5 265; 2 828; 2 437; 1 329;  400;  929;  719; 1 626; 2 029; 1 414;  615;  445;  200;  245;  270;  595;  356; 1 250;  849; 1 176; 4 664; 1 130;  577;  417;  136;23,9;31.12.2024
09301126;Grünau; 8 462; 2 265; 6 197; 2 744; 1 743; 1 710;1,83; 4 617; 2 352; 1 372;  581;  399; 3 490; 1 670; 1 820; 1 113;  472;  641;  488; 1 106; 1 326;  835;  491;  422;  236;  186;  201;  403;  302; 1 174;  789; 1 191; 3 739;  878;  543;  282;  53;22,9;31.12.2024
09301227;Karolinenhof; 1 881;  366; 1 515;  684;  402;  429;2,00;  942;  576;  342;  134;  100;  957;  524;  433;  167;  36;  131;  96;  295;  375;  262;  113;  55;  18;  37;  36;  110;  32;  171;  163;  195;  756;  186;  102;  68;  16;19,4;31.12.2024
09301228;Schmöckwitz/Rauchfangswerder; 2 700;  515; 2 185;  966;  513;  706;2,03; 1 333;  818;  483;  171;  164; 1 326;  674;  652;  284;  78;  206;  151;  424;  506;  337;  169;  98;  39;  59;  59;  155;  55;  275;  185;  260; 1 046;  287;  153;  110;  24;20,6;31.12.2024
09401329;Kietzer Feld/ Nachtheide; 11 162; 3 317; 7 845; 4 034; 1 815; 1 996;1,75; 6 396; 3 079; 2 017;  605;  457; 4 734; 2 820; 1 914; 1 241;  464;  777;  674; 1 196; 1 908; 1 410;  498;  448;  232;  216;  267;  456;  375; 1 581; 1 361; 1 770; 5 415;  981;  566;  347;  68;27,2;31.12.2024
09401330;Wendenschloß; 1 953;  386; 1 567;  718;  381;  468;1,99;  982;  596;  359;  127;  110;  981;  524;  457;  254;  86;  168;  102;  230;  381;  262;  119;  90;  43;  47;  40;  85;  25;  188;  173;  210;  776;  206;  108;  80;  18;19,4;31.12.2024
09401431;Allende I; 5 340; 1 554; 3 786; 2 004;  873;  909;1,75; 3 048; 1 494; 1 002;  291;  201; 2 111; 1 322;  789;  646;  244;  402;  405;  624;  858;  661;  197;  235;  122;  113;  150;  251;  133;  619;  802;  921; 2 588;  460;  264;  153;  43;32,6;31.12.2024
09401432;Siedlung Kämmereiheide; 1 570;  296; 1 274;  500;  360;  414;2,06;  761;  465;  250;  120;  95;  732;  360;  372;  193;  38;  155;  151;  198;  274;  180;  94;  63;  19;  44;  57;  71;  25;  158;  113;  154;  566;  195;  105;  66;  24;29,2;31.12.2024
09401433;Allende II; 3 886; 1 292; 2 594; 1 296;  588;  710;1,69; 2 294; 1 002;  648;  196;  158; 1 318;  808;  510;  383;  140;  243;  326;  567;  529;  404;  125;  133;  70;  63;  116;  224;  150;  575;  567;  605; 1 990;  304;  169;  103;  32;38,2;31.12.2024
09401534;Altstadt Köpenick; 7 617; 2 454; 5 163; 1 910; 1 512; 1 741;1,77; 4 303; 1 849;  955;  504;  390; 2 356;  844; 1 512;  999;  294;  705;  934;  874;  804;  422;  382;  342;  147;  195;  356;  347;  370; 1 426;  658; 1 077; 3 370;  933;  539;  286;  108;38,2;31.12.2024
09401635;Müggelheim; 7 136; 1 263; 5 873; 2 672; 1 494; 1 707;2,04; 3 498; 2 235; 1 336;  498;  401; 3 723; 2 028; 1 695;  648;  174;  474;  406; 1 096; 1 455; 1 014;  441;  220;  87;  133;  158;  402;  100;  643;  520;  629; 2 766;  732;  386;  286;  60;21,6;31.12.2024
09501736;Hirschgarten; 4 729; 1 370; 3 359; 1 618;  870;  871;1,77; 2 674; 1 304;  809;  290;  205; 1 712;  898;  814;  619;  218;  401;  422;  606;  665;  449;  216;  225;  109;  116;  171;  243;  164;  661;  545;  709; 2 171;  503;  299;  179;  25;34,0;31.12.2024
09501737;Alt-Friedrichshagen; 14 116; 4 151; 9 965; 4 652; 2 490; 2 823;1,77; 7 971; 3 820; 2 326;  830;  664; 5 399; 2 840; 2 559; 1 669;  490; 1 179; 1 163; 1 734; 2 088; 1 420;  668;  578;  245;  333;  476;  678;  417; 2 077; 1 657; 2 309; 6 494; 1 477;  847;  541;  89;32,2;31.12.2024
09501838;Rahnsdorf; 10 967; 1 977; 8 990; 3 830; 2 262; 2 898;2,06; 5 314; 3 337; 1 915;  754;  668; 5 261; 2 654; 2 607; 1 282;  372;  910;  707; 1 740; 1 983; 1 327;  656;  442;  186;  256;  274;  638;  226;  933;  818;  960; 4 128; 1 186;  634;  445;  107;23,1;31.12.2024
09501939;Bahnhofstraße; 6 750; 1 973; 4 777; 2 004; 1 353; 1 420;1,80; 3 750; 1 777; 1 002;  451;  324; 2 559; 1 098; 1 461; 1 034;  422;  612;  513;  671;  931;  549;  382;  387;  211;  176;  200;  259;  418; 1 098;  457;  947; 2 992;  758;  462;  237;  59;26,4;31.12.2024
09501940;Güterbahnhof Köpenick; 2 809; 1 068; 1 741;  764;  393;  584;1,64; 1 713;  645;  382;  131;  132;  835;  340;  495;  427;  188;  239;  248;  231;  298;  170;  128;  161;  94;  67;  95;  91;  199;  622;  247;  497; 1 423;  290;  177;  87;  26;32,8;31.12.2024
09501941;Friedrichshagener Straße; 2 992;  963; 2 029; 1 040;  507;  482;1,70; 1 762;  799;  520;  169;  110; 1 275;  692;  583;  370;  170;  200;  130;  254;  501;  346;  155;  143;  85;  58;  53;  102;  122;  507;  334;  513; 1 496;  266;  167;  85;  14;19,9;31.12.2024
09502042;Mittelheide; 4 388; 1 122; 3 266; 1 476;  828;  962;1,86; 2 361; 1 239;  738;  276;  225; 1 880;  920;  960;  576;  224;  352;  263;  547;  712;  460;  252;  214;  112;  102;  108;  205;  174;  551;  397;  591; 1 899;  462;  275;  147;  40;23,4;31.12.2024
09502043;Dammheide; 9 261; 3 084; 6 177; 3 156; 1 527; 1 494;1,68; 5 522; 2 438; 1 578;  509;  351; 3 399; 2 054; 1 345;  893;  296;  597;  673; 1 212; 1 378; 1 027;  351;  319;  148;  171;  278;  463;  401; 1 461; 1 222; 1 746; 4 722;  800;  485;  259;  56;34,8;31.12.2024
10100101;Marzahn West; 5 928; 1 764; 4 164; 1 740; 1 182; 1 242;1,79; 3 305; 1 541;  870;  394;  277; 1 798;  840;  958;  632;  158;  474;  951;  783;  662;  420;  242;  206;  79;  127;  350;  323;  220; 1 089;  455;  776; 2 586;  719;  405;  223;  91;48,7;31.12.2024
10100102;Rosenbecker Straße; 3 721;  991; 2 730; 1 030;  708;  992;1,89; 1 966;  975;  515;  236;  224; 1 199;  576;  623;  474;  118;  356;  500;  557;  444;  288;  156;  153;  59;  94;  172;  206;  144;  593;  254;  410; 1 544;  422;  214;  146;  62;40,8;31.12.2024
10100103;Wittenberger Straße; 7 645; 2 135; 5 510; 2 246; 1 359; 1 905;1,85; 4 124; 1 989; 1 123;  453;  413; 2 559; 1 318; 1 241; 1 079;  256;  823;  867; 1 005;  956;  659;  297;  341;  128;  213;  311;  381;  303; 1 174;  658;  959; 3 303;  821;  431;  267;  123;37,9;31.12.2024
10100104;Golliner Straße; 7 600; 2 082; 5 518; 1 968; 1 344; 2 206;1,90; 3 998; 1 916;  984;  448;  484; 2 386; 1 060; 1 326;  966;  218;  748; 1 194;  972;  844;  530;  314;  299;  109;  190;  398;  375;  320; 1 282;  480;  854; 3 096;  902;  430;  312;  160;44,1;31.12.2024
10100205;Gewerbegebiet Bitterfelder Straße;  736;  303;  433;  146;  69;  218;1,67;  441;  138;  73;  23;  42;  48;  10;  38;  159;  54;  105;  50;  176;  12;  5;  7;  49;  27;  22;  18;  59;  63;  207;  33;  23;  394;  47;  18;  15;  14;38,3;31.12.2024
10100206;Wuhletalstraße; 11 469; 2 934; 8 535; 3 366; 2 043; 3 126;1,92; 5 984; 3 050; 1 683;  681;  686; 4 127; 1 860; 2 267; 1 567;  478; 1 089; 1 282; 1 559; 1 485;  930;  555;  520;  239;  281;  457;  588;  478; 1 499;  957; 1 371; 4 691; 1 293;  674;  423;  196;35,3;31.12.2024
10100207;Ahrensfelder Berge; 8 430; 2 852; 5 578; 2 340; 1 467; 1 771;1,72; 4 899; 2 047; 1 170;  489;  388; 2 505; 1 254; 1 251;  984;  260;  724; 1 124;  965;  937;  627;  310;  325;  130;  195;  409;  376;  419; 1 684;  749; 1 216; 3 985;  914;  534;  256;  124;44,7;31.12.2024
10100208;Bürgerpark; 10 329; 3 441; 6 888; 3 146; 1 503; 2 239;1,72; 6 004; 2 563; 1 573;  501;  489; 3 214; 1 720; 1 494; 1 536;  626;  910;  847; 1 291; 1 225;  860;  365;  547;  313;  234;  302;  489;  580; 1 656; 1 205; 1 579; 5 103;  901;  488;  274;  139;33,5;31.12.2024
10100209;Lea-Grundig-Straße; 9 156; 2 234; 6 922; 2 964; 1 551; 2 407;1,92; 4 764; 2 530; 1 482;  517;  531; 3 506; 1 682; 1 824; 1 412;  492;  920;  933; 1 071; 1 288;  841;  447;  486;  246;  240;  337;  419;  381; 1 099;  754; 1 062; 3 740; 1 024;  556;  316;  152;32,9;31.12.2024
10100210;Marzahner Promenade; 10 853; 3 017; 7 836; 3 278; 1 917; 2 641;1,85; 5 879; 2 862; 1 639;  639;  584; 4 104; 2 156; 1 948; 1 173;  288;  885; 1 103; 1 456; 1 558; 1 078;  480;  375;  144;  231;  381;  548;  418; 1 415; 1 184; 1 447; 4 787; 1 092;  575;  368;  149;34,9;31.12.2024
10100311;Marzahner Chaussee; 2 718;  618; 2 100;  982;  438;  680;1,93; 1 408;  790;  491;  146;  153; 1 003;  498;  505;  554;  334;  220;  120;  423;  375;  249;  126;  226;  167;  59;  41;  148;  129;  334;  155;  246; 1 182;  226;  112;  84;  30;18,1;31.12.2024
10100312;Springpfuhl; 15 826; 4 994; 10 832; 4 696; 2 565; 3 571;1,76; 8 981; 3 987; 2 348;  855;  784; 5 821; 2 860; 2 961; 1 795;  708; 1 087; 1 211; 2 005; 2 158; 1 430;  728;  645;  354;  291;  426;  758;  811; 2 347; 1 836; 2 470; 7 536; 1 445;  815;  464;  166;29,5;31.12.2024
10100313;Alt-Marzahn; 4 548; 1 453; 3 095; 1 590;  654;  851;1,71; 2 659; 1 206;  795;  218;  193; 1 874; 1 134;  740;  345;  116;  229;  229;  647;  752;  567;  185;  120;  58;  62;  87;  247;  258;  713;  482;  660; 2 325;  334;  191;  114;  29;26,0;31.12.2024
10100314;Auersbergstraße; 6 533; 1 760; 4 773; 2 268; 1 101; 1 404;1,83; 3 578; 1 818; 1 134;  367;  317; 2 564; 1 498; 1 066;  712;  212;  500;  680;  817; 1 017;  749;  268;  240;  106;  134;  254;  307;  218;  806;  736;  891; 2 922;  656;  369;  218;  69;38,7;31.12.2024
10100315;Bärenstein; 8 339; 1 946; 6 393; 2 558; 1 614; 2 221;1,96; 4 251; 2 305; 1 279;  538;  488; 3 222; 1 508; 1 714; 1 217;  352;  865;  934; 1 020; 1 178;  754;  424;  404;  176;  228;  335;  388;  270;  903;  773;  964; 3 264;  987;  560;  297;  130;33,9;31.12.2024
10100316;Landsberger Tor; 3 615;  763; 2 852; 1 220;  762;  870;1,98; 1 827; 1 064;  610;  254;  200; 1 726;  814;  912;  502;  164;  338;  300;  324;  645;  407;  238;  181;  82;  99;  116;  122;  54;  334;  375;  482; 1 374;  453;  262;  148;  43;25,6;31.12.2024
10200417;Zossener Straße; 8 058; 1 683; 6 375; 2 046; 1 629; 2 700;2,10; 3 831; 2 148; 1 023;  543;  582; 2 775;  916; 1 859; 1 287;  358;  929; 1 280; 1 033;  905;  458;  447;  417;  179;  238;  431;  395;  292; 1 032;  359;  721; 2 715; 1 116;  545;  369;  202;38,6;31.12.2024
10200418;Kyritzer Straße; 7 322; 2 317; 5 005; 1 974; 1 299; 1 732;1,78; 4 110; 1 793;  987;  433;  373; 2 268;  864; 1 404; 1 162;  414;  748;  779;  796;  779;  432;  347;  408;  207;  201;  297;  309;  354; 1 370;  593; 1 028; 3 265;  845;  486;  250;  109;35,1;31.12.2024
10200419;Havelländer Ring; 4 182; 1 195; 2 987; 1 056;  801; 1 130;1,87; 2 236; 1 041;  528;  267;  246; 1 486;  474; 1 012;  627;  234;  393;  440;  434;  489;  237;  252;  221;  117;  104;  159;  172;  220;  720;  255;  517; 1 721;  515;  280;  157;  78;30,9;31.12.2024
10200420;Gut Hellersdorf; 9 077; 2 387; 6 690; 2 488; 1 554; 2 648;1,92; 4 718; 2 331; 1 244;  518;  569; 3 366; 1 156; 2 210; 1 115;  368;  747; 1 237;  972; 1 090;  578;  512;  384;  184;  200;  459;  398;  312; 1 484;  591; 1 065; 3 547; 1 171;  578;  389;  204;39,2;31.12.2024
10200421;Helle Mitte; 1 775;  473; 1 302;  470;  354;  478;1,90;  933;  460;  235;  118;  107;  632;  212;  420;  246;  110;  136;  156;  268;  210;  106;  104;  93;  55;  38;  55;  102;  126;  237;  110;  215;  736;  197;  108;  62;  27;27,9;31.12.2024
10200422;Hellersdorfer Promenade; 7 425; 1 776; 5 649; 1 882; 1 281; 2 486;2,02; 3 677; 1 901;  941;  427;  533; 2 546;  858; 1 688; 1 082;  304;  778; 1 058;  963;  828;  429;  399;  341;  152;  189;  361;  371;  310; 1 045;  421;  750; 2 728;  949;  431;  312;  206;38,0;31.12.2024
10200423;Böhlener Straße; 6 179; 1 920; 4 259; 1 478; 1 197; 1 584;1,81; 3 414; 1 494;  739;  399;  356; 1 811;  646; 1 165;  884;  222;  662;  946;  618;  620;  323;  297;  286;  111;  175;  335;  253;  409; 1 215;  296;  736; 2 607;  807;  441;  251;  115;41,5;31.12.2024
10200524;Adele-Sandrock Straße; 11 465; 3 087; 8 378; 3 486; 2 049; 2 843;1,87; 6 137; 3 050; 1 743;  683;  624; 4 363; 2 052; 2 311; 1 571;  408; 1 163; 1 181; 1 263; 1 605; 1 026;  579;  507;  204;  303;  446;  492;  431; 1 810;  846; 1 566; 4 809; 1 328;  725;  402;  201;33,6;31.12.2024
10200525;Schleipfuhl; 5 425; 1 262; 4 163; 1 380; 1 077; 1 706;2,02; 2 692; 1 430;  690;  359;  381; 1 929;  756; 1 173;  658;  102;  556;  861;  715;  661;  378;  283;  194;  51;  143;  302;  273;  131;  807;  324;  526; 1 964;  728;  351;  240;  137;41,5;31.12.2024
10200526;Boulevard Kastanienallee; 5 874; 1 734; 4 140; 1 298; 1 107; 1 735;1,87; 3 135; 1 401;  649;  369;  383; 1 837;  576; 1 261;  679;  154;  525;  985;  639;  603;  288;  315;  211;  77;  134;  328;  259;  274; 1 073;  387;  667; 2 358;  777;  388;  251;  138;42,2;31.12.2024
10200627;Am Kienberg; 3 721; 1 351; 2 370; 1 144;  621;  605;1,64; 2 271;  920;  572;  207;  141; 1 198;  630;  568;  402;  154;  248;  430;  340;  468;  315;  153;  146;  77;  69;  173;  133;  183;  859;  309;  595; 1 876;  395;  241;  122;  32;43,8;31.12.2024
10200628;Neue Grottkauer Straße; 6 575; 1 833; 4 742; 1 686; 1 233; 1 823;1,88; 3 497; 1 664;  843;  411;  410; 2 102;  832; 1 270;  819;  158;  661; 1 142;  679;  732;  416;  316;  246;  79;  167;  410;  276;  240; 1 204;  389;  779; 2 604;  893;  428;  316;  149;45,9;31.12.2024
10200629;Teterower Ring; 9 010; 3 121; 5 889; 2 920; 1 398; 1 571;1,67; 5 406; 2 285; 1 460;  466;  359; 2 993; 1 698; 1 295; 1 135;  370;  765;  841;  920; 1 183;  849;  334;  395;  185;  210;  335;  372;  393; 1 642; 1 086; 1 627; 4 527;  879;  516;  280;  83;38,1;31.12.2024
10200630;Cecilienplatz; 6 562; 2 083; 4 479; 2 178; 1 023; 1 278;1,72; 3 810; 1 727; 1 089;  341;  297; 2 374; 1 440;  934;  701;  162;  539;  733;  671;  960;  720;  240;  228;  81;  147;  271;  268;  200; 1 044;  839; 1 082; 3 152;  658;  373;  226;  59;41,2;31.12.2024
10300731;Oberfeldstraße; 7 961; 1 583; 6 378; 3 278; 1 443; 1 657;1,95; 4 085; 2 502; 1 639;  481;  382; 3 790; 2 228; 1 562; 1 049;  548;  501;  327; 1 212; 1 511; 1 114;  397;  415;  274;  141;  130;  446;  287;  745;  551;  804; 3 417;  668;  348;  263;  57;19,5;31.12.2024
10300732;Buckower Ring; 7 200; 2 184; 5 016; 2 150; 1 275; 1 591;1,78; 4 046; 1 862; 1 075;  425;  362; 2 478; 1 184; 1 294;  982;  348;  634;  666;  890;  924;  592;  332;  347;  174;  173;  254;  337;  344; 1 185;  655;  981; 3 287;  759;  437;  255;  67;33,5;31.12.2024
10300733;Alt-Biesdorf; 4 764;  863; 3 901; 1 538;  906; 1 457;2,10; 2 269; 1 406;  769;  302;  335; 2 249;  942; 1 307;  726;  276;  450;  311;  615;  800;  471;  329;  260;  138;  122;  126;  220;  170;  393;  300;  433; 1 692;  577;  311;  215;  51;21,8;31.12.2024
10300734;Biesdorf Süd; 10 422; 1 592; 8 830; 3 690; 1 848; 3 292;2,16; 4 823; 3 231; 1 845;  616;  770; 5 829; 2 960; 2 869; 1 003;  208;  795;  449; 1 549; 2 198; 1 480;  718;  320;  104;  216;  168;  545;  177;  803;  612;  813; 3 721; 1 102;  481;  506;  115;15,2;31.12.2024
10400835;Kaulsdorf Nord; 7 898; 1 428; 6 470; 3 028; 1 494; 1 948;2,03; 3 891; 2 463; 1 514;  498;  451; 3 997; 2 272; 1 725;  730;  182;  548;  502; 1 241; 1 578; 1 136;  442;  240;  91;  149;  193;  452;  196;  753;  479;  692; 3 107;  784;  419;  277;  88;24,6;31.12.2024
10400836;Alt-Kaulsdorf; 3 900;  903; 2 997; 1 390;  735;  872;1,90; 2 048; 1 145;  695;  245;  205; 1 740;  944;  796;  363;  134;  229;  285;  609;  676;  472;  204;  132;  67;  65;  110;  227;  118;  501;  284;  430; 1 669;  379;  196;  150;  33;29,0;31.12.2024
10400837;Kaulsdorf Süd; 7 963; 1 160; 6 803; 2 942; 1 623; 2 238;2,15; 3 703; 2 543; 1 471;  541;  531; 4 355; 2 342; 2 013;  709;  122;  587;  434; 1 305; 1 689; 1 171;  518;  221;  61;  160;  161;  472;  102;  554;  504;  577; 2 864;  839;  400;  364;  75;19,2;31.12.2024
10400938;Mahlsdorf Nord; 10 208; 1 554; 8 654; 3 872; 2 019; 2 763;2,12; 4 811; 3 257; 1 936;  673;  648; 5 719; 3 048; 2 671; 1 026;  214;  812;  483; 1 426; 2 212; 1 524;  688;  331;  107;  224;  195;  519;  150;  826;  578;  812; 3 704; 1 107;  551;  457;  99;17,6;31.12.2024
10400939;Alt-Mahlsdorf; 4 595;  929; 3 666; 1 614;  966; 1 086;1,99; 2 313; 1 384;  807;  322;  255; 2 274; 1 194; 1 080;  419;  132;  287;  310;  663;  878;  597;  281;  149;  66;  83;  119;  238;  128;  491;  310;  446; 1 830;  483;  252;  191;  40;24,6;31.12.2024
10400940;Elsensee; 5 909;  946; 4 963; 2 360; 1 278; 1 325;2,06; 2 863; 1 917; 1 180;  426;  311; 3 243; 1 878; 1 365;  528;  116;  412;  282;  910; 1 301;  939;  362;  171;  58;  113;  110;  335;  80;  466;  400;  484; 2 278;  585;  322;  214;  49;18,8;31.12.2024
10400941;Pilgramer Straße; 9 838; 1 552; 8 286; 3 398; 2 088; 2 800;2,13; 4 609; 3 057; 1 699;  696;  662; 5 291; 2 686; 2 605;  974;  164;  810;  509; 1 512; 2 022; 1 343;  679;  301;  82;  219;  199;  535;  140;  811;  601;  812; 3 512; 1 097;  543;  468;  86;18,1;31.12.2024
11100101;Dörfer Malchow-Wartenberg; 3 378;  617; 2 761; 1 232;  657;  872;2,04; 1 657; 1 040;  616;  219;  205; 1 792; 1 008;  784;  305;  48;  257;  156;  508;  707;  504;  203;  95;  24;  71;  58;  180;  91;  340;  186;  223; 1 325;  332;  179;  130;  23;17,5;31.12.2024
11100102;Dorf Falkenberg; 2 881;  290; 2 591;  718;  594; 1 279;2,57; 1 120;  830;  359;  198;  273; 1 506;  476; 1 030;  566;  102;  464;  211;  308;  481;  238;  243;  168;  51;  117;  70;  111;  59;  175;  56;  129;  690;  430;  182;  160;  88;16,3;31.12.2024
11100203;Falkenberg Ost; 9 374; 2 378; 6 996; 2 544; 1 662; 2 790;1,95; 4 819; 2 441; 1 272;  554;  615; 3 457; 1 438; 2 019; 1 074;  210;  864; 1 298; 1 167; 1 212;  719;  493;  326;  105;  221;  453;  450;  363; 1 452;  563; 1 035; 3 652; 1 167;  587;  379;  201;38,8;31.12.2024
11100204;Falkenberg West; 7 150; 2 176; 4 974; 2 106; 1 182; 1 686;1,79; 4 002; 1 826; 1 053;  394;  379; 2 590; 1 186; 1 404;  735;  256;  479;  770;  879;  937;  593;  344;  257;  128;  129;  287;  345;  324; 1 303;  549;  947; 3 242;  760;  429;  234;  97;37,8;31.12.2024
11100205;Wartenberg Süd; 6 383; 1 887; 4 496; 1 958; 1 041; 1 497;1,80; 3 543; 1 656;  979;  347;  330; 2 255; 1 120; 1 135;  644;  192;  452;  867;  730;  837;  560;  277;  213;  96;  117;  309;  297;  273; 1 021;  593;  899; 2 840;  703;  379;  221;  103;44,0;31.12.2024
11100206;Wartenberg Nord; 7 377; 2 174; 5 203; 1 820; 1 320; 2 063;1,85; 3 987; 1 813;  910;  440;  463; 2 577;  914; 1 663;  745;  140;  605; 1 156;  725;  867;  457;  410;  228;  70;  158;  418;  300;  236; 1 294;  644; 1 017; 3 001;  986;  481;  347;  158;42,4;31.12.2024
11100307;Zingster Straße Ost; 11 710; 3 376; 8 334; 3 566; 1 848; 2 920;1,83; 6 413; 3 037; 1 783;  616;  638; 4 418; 2 388; 2 030; 1 163;  274;  889; 1 307; 1 446; 1 677; 1 194;  483;  364;  137;  227;  448;  548;  453; 1 776; 1 147; 1 569; 5 255; 1 158;  579;  369;  210;38,7;31.12.2024
11100308;Zingster Straße West; 9 933; 2 794; 7 139; 2 688; 1 596; 2 855;1,88; 5 289; 2 495; 1 344;  532;  619; 3 395; 1 556; 1 839; 1 165;  178;  987; 1 254; 1 325; 1 209;  778;  431;  331;  89;  242;  446;  509;  364; 1 619;  811; 1 166; 4 170; 1 119;  539;  359;  221;39,9;31.12.2024
11100309;Mühlengrund; 6 238; 1 968; 4 270; 2 066;  951; 1 253;1,73; 3 601; 1 633; 1 033;  317;  283; 2 335; 1 378;  957;  762;  248;  514;  545;  628;  935;  689;  246;  265;  124;  141;  198;  235;  265; 1 036;  667;  903; 3 016;  585;  343;  189;  53;33,8;31.12.2024
11200410;Malchower Weg; 9 660; 1 877; 7 783; 2 946; 1 833; 3 004;2,08; 4 636; 2 759; 1 473;  611;  675; 4 581; 2 106; 2 475; 1 045;  248;  797;  949; 1 208; 1 672; 1 053;  619;  331;  124;  207;  317;  439;  307; 1 029;  541;  821; 3 493; 1 143;  530;  438;  175;27,7;31.12.2024
11200411;Hauptstraße; 6 515; 1 822; 4 693; 2 114; 1 119; 1 460;1,82; 3 579; 1 757; 1 057;  373;  327; 2 382; 1 290; 1 092;  700;  184;  516;  734;  877;  919;  645;  274;  232;  92;  140;  270;  336;  244;  947;  631;  927; 2 895;  684;  396;  208;  80;39,5;31.12.2024
11200512;Orankesee; 3 599;  781; 2 818; 1 214;  750;  854;1,96; 1 834; 1 053;  607;  250;  196; 1 541;  772;  769;  488;  168;  320;  295;  494;  588;  386;  202;  171;  84;  87;  112;  182;  152;  381;  248;  397; 1 433;  401;  230;  144;  27;27,9;31.12.2024
11200513;Große-Leege-Straße; 10 533; 3 740; 6 793; 2 922; 1 749; 2 122;1,68; 6 261; 2 521; 1 461;  583;  477; 3 434; 1 382; 2 052; 1 489;  574;  915;  875;  995; 1 232;  691;  541;  533;  287;  246;  351;  405;  695; 2 332;  713; 1 727; 5 123; 1 138;  695;  345;  98;30,8;31.12.2024
11200514;Landsberger Allee; 16 461; 4 660; 11 801; 4 758; 2 832; 4 211;1,85; 8 900; 4 240; 2 379;  944;  917; 5 683; 2 624; 3 059; 2 299;  690; 1 609; 1 749; 2 070; 2 063; 1 312;  751;  750;  345;  405;  633;  794;  790; 2 342; 1 528; 2 343; 7 111; 1 789;  935;  602;  252;35,4;31.12.2024
11200515;Weiße Taube; 5 014;  939; 4 075; 1 750; 1 020; 1 305;2,04; 2 453; 1 514;  875;  340;  299; 2 365; 1 078; 1 287;  896;  422;  474;  199;  615;  875;  539;  336;  341;  211;  130;  78;  220;  168;  501;  270;  428; 1 909;  544;  294;  213;  37;14,3;31.12.2024
11300616;Hohenschönhauser Straße; 6 005; 2 281; 3 724; 1 776;  798; 1 150;1,63; 3 680; 1 399;  888;  266;  245; 1 822;  970;  852;  619;  250;  369;  629;  654;  694;  485;  209;  221;  125;  96;  226;  258;  349; 1 230;  702; 1 111; 3 149;  531;  303;  150;  78;42,6;31.12.2024
11300617;Fennpfuhlpark; 4 479; 1 574; 2 905; 1 396;  600;  909;1,68; 2 667; 1 093;  698;  200;  195; 1 395;  802;  593;  520;  202;  318;  420;  570;  540;  401;  139;  182;  101;  81;  151;  220;  203;  744;  627;  794; 2 296;  371;  199;  118;  54;40,7;31.12.2024
11300618;Storkower Bogen; 3 767; 1 527; 2 240; 1 102;  615;  523;1,57; 2 402;  875;  551;  205;  119; 1 154;  554;  600;  414;  230;  184;  309;  363;  439;  277;  162;  165;  115;  50;  121;  150;  285;  839;  403;  767; 2 069;  333;  203;  107;  23;36,3;31.12.2024
11300619;Rudolf-Seiffert-Park; 9 010; 2 736; 6 274; 3 336; 1 185; 1 753;1,74; 5 188; 2 452; 1 668;  395;  389; 2 799; 1 500; 1 299; 1 735; 1 196;  539;  521; 1 219; 1 072;  750;  322;  742;  598;  144;  193;  445;  603; 1 273;  860; 1 344; 4 529;  659;  376;  215;  68;29,3;31.12.2024
11300620;Fennpfuhl Ost; 11 583; 4 168; 7 415; 3 092; 1 647; 2 676;1,69; 6 854; 2 686; 1 546;  549;  591; 3 763; 1 766; 1 997; 1 351;  456;  895; 1 000; 1 301; 1 365;  883;  482;  456;  228;  228;  359;  506;  741; 2 135; 1 292; 1 949; 5 785; 1 069;  543;  373;  153;33,6;31.12.2024
11300721;Herzbergstraße; 6 037; 1 975; 4 062; 1 864;  693; 1 505;1,75; 3 457; 1 482;  932;  231;  319; 1 471;  446; 1 025; 1 534; 1 012;  522;  299;  758;  463;  223;  240;  627;  506;  121;  106;  286;  628; 1 181;  166;  526; 2 990;  467;  212;  177;  78;22,7;31.12.2024
11300722;Rathaus Lichtenberg; 10 251; 3 816; 6 435; 2 808; 1 563; 2 064;1,65; 6 210; 2 394; 1 404;  521;  469; 3 017; 1 138; 1 879; 1 683;  780;  903;  738;  997; 1 054;  569;  485;  643;  390;  253;  299;  398;  685; 2 419;  712; 1 855; 5 173; 1 037;  620;  333;  84;28,8;31.12.2024
11300723;Bornitzstraße; 2 594;  520; 2 074;  528;  417; 1 129;2,22; 1 169;  649;  264;  139;  246;  808;  136;  672;  534;  142;  392;  216;  516;  239;  68;  171;  162;  71;  91;  64;  184;  138;  344;  38;  129;  843;  326;  154;  120;  52;19,6;31.12.2024
11300724;Roedeliusplatz; 4 370; 1 750; 2 620; 1 226;  681;  713;1,59; 2 750; 1 000;  613;  227;  160; 1 278;  616;  662;  540;  224;  316;  392;  410;  478;  308;  170;  202;  112;  90;  155;  165;  372; 1 102;  276;  824; 2 335;  415;  254;  127;  34;37,3;31.12.2024
11300725;Nibelungenviertel; 10 138; 3 694; 6 444; 2 574; 1 626; 2 244;1,68; 6 029; 2 335; 1 287;  542;  506; 3 046; 1 052; 1 994; 1 641;  662;  979;  843;  914; 1 031;  526;  505;  602;  331;  271;  333;  369;  700; 2 370;  624; 1 761; 4 920; 1 109;  625;  383;  101;30,0;31.12.2024
11300826;Frankfurter Allee Süd; 10 682; 3 045; 7 637; 3 396; 1 614; 2 627;1,83; 5 847; 2 802; 1 698;  538;  566; 3 476; 1 648; 1 828; 1 661;  918;  743;  919; 1 581; 1 258;  824;  434;  649;  459;  190;  311;  584;  598; 1 533;  914; 1 433; 4 912;  935;  452;  326;  157;33,3;31.12.2024
11400927;Victoriastadt; 4 261; 1 428; 2 833;  940;  759; 1 134;1,76; 2 415;  987;  470;  253;  264; 1 249;  350;  899;  805;  240;  565;  367;  412;  404;  175;  229;  277;  120;  157;  141;  165;  295; 1 030;  103;  628; 1 888;  527;  279;  208;  40;26,8;31.12.2024
11400928;Nöldnerplatz; 2 978;  863; 2 115;  832;  540;  743;1,83; 1 630;  767;  416;  180;  171; 1 120;  388;  732;  494;  252;  242;  179;  322;  385;  194;  191;  194;  126;  68;  68;  120;  197;  566;  100;  395; 1 303;  327;  182;  117;  28;20,8;31.12.2024
11400929;Weitlingkiez; 17 203; 7 148; 10 055; 4 292; 2 712; 3 051;1,58; 10 892; 3 744; 2 146;  904;  694; 4 385; 1 584; 2 801; 2 711; 1 122; 1 589; 1 482; 1 477; 1 522;  792;  730; 1 008;  561;  447;  599;  615; 1 443; 4 859;  846; 3 105; 9 116; 1 776; 1 098;  541;  137;33,7;31.12.2024
11400930;Zachertstraße; 4 826; 2 134; 2 692; 1 390;  705;  597;1,51; 3 204; 1 070;  695;  235;  140; 1 330;  688;  642;  736;  340;  396;  269;  357;  520;  344;  176;  288;  170;  118;  116;  146;  417; 1 249;  468; 1 125; 2 794;  410;  282;  109;  19;28,3;31.12.2024
11400931;Massower Straße; 6 990; 2 446; 4 544; 2 042; 1 071; 1 431;1,69; 4 144; 1 698; 1 021;  357;  320; 2 298; 1 182; 1 116;  853;  350;  503;  523;  870;  872;  591;  281;  306;  175;  131;  188;  332;  484; 1 235;  727; 1 182; 3 544;  600;  336;  197;  67;31,3;31.12.2024
11401032;Rosenfelder Ring; 6 373; 2 438; 3 935; 1 864;  867; 1 204;1,63; 3 919; 1 481;  932;  289;  260; 1 752;  890;  862;  931;  480;  451;  435;  817;  657;  445;  212;  359;  240;  119;  158;  307;  565; 1 287;  586; 1 085; 3 430;  489;  287;  139;  63;32,3;31.12.2024
11401033;Gensinger Straße; 6 846; 1 897; 4 949; 1 864; 1 014; 2 071;1,89; 3 623; 1 726;  932;  338;  456; 2 657; 1 030; 1 627;  924;  332;  592;  623;  745;  911;  515;  396;  318;  166;  152;  211;  286;  377; 1 034;  486;  859; 2 864;  759;  392;  255;  112;27,8;31.12.2024
11401034;Tierpark; 3 305; 1 080; 2 225;  956;  540;  729;1,74; 1 896;  816;  478;  180;  158; 1 110;  510;  600;  437;  210;  227;  300;  378;  403;  255;  148;  165;  105;  60;  104;  144;  194;  548;  338;  510; 1 584;  312;  162;  103;  47;33,3;31.12.2024
11401135;Dolgenseestraße; 11 166; 3 155; 8 011; 3 348; 1 770; 2 893;1,85; 6 049; 2 894; 1 674;  590;  630; 3 888; 1 784; 2 104; 1 791;  674; 1 117; 1 025; 1 307; 1 399;  892;  507;  627;  337;  290;  372;  496;  456; 1 411; 1 288; 1 683; 4 880; 1 169;  586;  414;  169;31,8;31.12.2024
11401136;Volkradstraße; 8 426; 3 559; 4 867; 2 870; 1 032;  965;1,51; 5 564; 2 005; 1 435;  344;  226; 2 161; 1 384;  777; 1 207;  754;  453;  587;  912;  901;  692;  209;  504;  377;  127;  234;  366;  747; 1 718; 1 094; 1 801; 4 994;  570;  351;  181;  38;41,1;31.12.2024
11401137;Erieseering; 9 021; 2 622; 6 399; 2 710; 1 422; 2 267;1,82; 4 948; 2 326; 1 355;  474;  497; 3 048; 1 420; 1 628; 1 258;  562;  696;  825; 1 268; 1 106;  710;  396;  457;  281;  176;  290;  473;  485; 1 269;  868; 1 285; 4 086;  862;  444;  289;  129;33,6;31.12.2024
11501238;Rummelsburg; 4 948;  992; 3 956; 1 246; 1 008; 1 702;2,11; 2 343; 1 351;  623;  336;  392; 2 089;  548; 1 541; 1 027;  406;  621;  328;  512;  664;  274;  390;  374;  203;  171;  126;  187;  200;  605;  187;  459; 1 656;  687;  349;  275;  63;18,3;31.12.2024
11501339;Karlshorst West; 10 776; 3 074; 7 702; 3 068; 1 959; 2 675;1,83; 5 880; 2 806; 1 534;  653;  619; 3 748; 1 336; 2 412; 1 912;  776; 1 136;  954; 1 088; 1 291;  668;  623;  703;  388;  315;  382;  430;  710; 1 705;  659; 1 458; 4 560; 1 320;  730;  491;  99;28,9;31.12.2024
11501340;Karlshorst Nord; 11 287; 2 631; 8 656; 3 352; 2 115; 3 189;1,97; 5 743; 3 112; 1 676;  705;  731; 4 931; 2 098; 2 833; 1 572;  456; 1 116;  714; 1 439; 1 760; 1 049;  711;  534;  228;  306;  283;  535;  390; 1 401;  840; 1 376; 4 443; 1 300;  657;  512;  131;21,8;31.12.2024
11501341;Karlshorst Süd; 10 165; 1 679; 8 486; 2 712; 2 169; 3 605;2,21; 4 592; 2 913; 1 356;  723;  834; 4 949; 1 462; 3 487; 1 787;  696; 1 091;  630; 1 120; 1 625;  731;  894;  641;  348;  293;  241;  406;  339;  926;  414;  825; 3 164; 1 428;  702;  594;  132;16,9;31.12.2024
12100101;Letteplatz; 11 269; 3 852; 7 417; 2 668; 1 659; 3 090;1,76; 6 398; 2 546; 1 334;  553;  659; 3 930; 1 298; 2 632; 1 022;  466;  556;  949; 1 516; 1 267;  649;  618;  370;  233;  137;  342;  567;  820; 2 219;  813; 1 728; 5 301; 1 097;  528;  372;  197;31,2;31.12.2024
12100102;Hausotterplatz; 9 900; 3 217; 6 683; 2 526; 1 440; 2 717;1,78; 5 548; 2 331; 1 263;  480;  588; 3 352; 1 232; 2 120; 1 025;  412;  613;  782; 1 524; 1 112;  616;  496;  362;  206;  156;  278;  579;  761; 1 799;  657; 1 442; 4 618;  930;  441;  326;  163;29,9;31.12.2024
12100103;Breitkopfbecken; 7 648; 3 106; 4 542; 1 980; 1 146; 1 416;1,60; 4 791; 1 685;  990;  382;  313; 2 343; 1 028; 1 315;  651;  304;  347;  564;  984;  846;  514;  332;  244;  152;  92;  203;  392;  568; 1 737;  801; 1 464; 4 164;  627;  359;  181;  87;32,4;31.12.2024
12100204;Schäfersee; 9 378; 3 458; 5 920; 2 468; 1 308; 2 144;1,67; 5 605; 2 147; 1 234;  436;  477; 3 260; 1 234; 2 026;  834;  476;  358;  711; 1 115; 1 120;  617;  503;  334;  238;  96;  257;  436;  728; 1 846;  884; 1 631; 4 749;  856;  441;  295;  120;30,0;31.12.2024
12100205;Teichstraße; 13 875; 4 505; 9 370; 3 692; 2 337; 3 341;1,76; 7 871; 3 366; 1 846;  779;  741; 4 770; 1 920; 2 850; 1 221;  514;  707; 1 214; 2 165; 1 664;  960;  704;  445;  257;  188;  439;  818;  868; 2 483; 1 154; 2 069; 6 540; 1 331;  694;  437;  200;33,0;31.12.2024
12100206;Humboldtstraße; 4 802; 1 831; 2 971; 1 372;  795;  804;1,62; 2 969; 1 138;  686;  265;  187; 1 634;  792;  842;  406;  168;  238;  368;  563;  620;  396;  224;  154;  84;  70;  140;  224;  295; 1 032;  504;  885; 2 535;  434;  255;  143;  36;32,3;31.12.2024
12200307;Reinickes Hof; 2 823; 1 121; 1 702;  730;  441;  531;1,62; 1 746;  625;  365;  147;  113;  893;  402;  491;  233;  90;  143;  255;  321;  324;  201;  123;  82;  45;  37;  91;  128;  200;  615;  306;  504; 1 495;  251;  149;  64;  38;36,3;31.12.2024
12200308;Meller Bogen; 5 921; 1 929; 3 992; 1 744;  951; 1 297;1,74; 3 398; 1 469;  872;  317;  280; 2 320; 1 070; 1 250;  480;  222;  258;  320;  872;  841;  535;  306;  178;  111;  67;  120;  330;  300;  968;  661;  979; 2 905;  493;  271;  138;  84;24,3;31.12.2024
12200309;Scharnweberstraße; 11 371; 3 907; 7 464; 3 088; 1 530; 2 846;1,73; 6 572; 2 665; 1 544;  510;  611; 3 757; 1 434; 2 323; 1 337;  692;  645;  937; 1 433; 1 263;  717;  546;  509;  346;  163;  338;  555;  834; 2 181;  892; 1 693; 5 525; 1 047;  532;  325;  190;32,3;31.12.2024
12200310;Klixstraße; 8 333; 2 419; 5 914; 1 994; 1 413; 2 507;1,89; 4 413; 1 994;  997;  471;  526; 2 952;  952; 2 000;  834;  360;  474;  804; 1 324;  934;  476;  458;  297;  180;  117;  277;  486;  514; 1 269;  636; 1 057; 3 561;  852;  394;  282;  176;32,5;31.12.2024
12200411;Schumacher-Quartier;  298;  85;  213;  78;  48;  87;1,89;  158;  73;  39;  16;  18;  128;  46;  82;  14;  6;  8;  6;  65;  41;  23;  18;  5;  3;  2;  2;  25;  23;  48;  14;  28;  136;  22;  9;  6;  7;9,1;31.12.2024
12200412;Waldidyll/Flughafensee; 5 796; 1 516; 4 280; 1 620; 1 005; 1 655;1,92; 3 024; 1 508;  810;  335;  363; 2 675; 1 128; 1 547;  416;  150;  266;  300;  889;  936;  564;  372;  146;  75;  71;  109;  317;  244;  786;  486;  694; 2 472;  552;  245;  210;  97;19,7;31.12.2024
12200413;Tegel Süd; 8 178; 2 575; 5 603; 2 358; 1 365; 1 880;1,77; 4 623; 2 048; 1 179;  455;  414; 2 880; 1 284; 1 596;  740;  282;  458;  866; 1 117; 1 032;  642;  390;  261;  141;  120;  326;  429;  331; 1 387;  857; 1 283; 3 787;  836;  477;  263;  96;39,0;31.12.2024
12200414;TXL; 5 163;  843; 4 320; 2 336;  642; 1 342;2,09; 2 466; 1 623; 1 168;  214;  241;  807;  358;  449; 2 815; 1 830;  985;  96;  602;  280;  179;  101; 1 118;  915;  203;  31;  194;  276;  349;  218;  320; 2 131;  335;  155;  65;  115;9,3;31.12.2024
12200515;Alt-Tegel; 10 953; 3 694; 7 259; 3 452; 1 686; 2 121;1,70; 6 458; 2 764; 1 726;  562;  476; 4 167; 2 142; 2 025; 1 035;  518;  517;  612; 1 445; 1 584; 1 071;  513;  403;  259;  144;  234;  543;  498; 1 829; 1 367; 2 042; 5 567;  891;  501;  294;  96;26,3;31.12.2024
12400616;Konradshöhe/ Tegelort; 6 072; 1 236; 4 836; 2 142; 1 110; 1 584;2,00; 3 041; 1 805; 1 071;  370;  364; 3 041; 1 556; 1 485;  453;  152;  301;  367;  975; 1 152;  778;  374;  160;  76;  84;  143;  350;  97;  543;  596;  681; 2 440;  601;  308;  220;  73;23,8;31.12.2024
12400617;Alt-Heiligensee; 6 767; 1 134; 5 633; 2 396; 1 308; 1 929;2,11; 3 213; 2 079; 1 198;  436;  445; 3 583; 1 830; 1 753;  512;  156;  356;  309; 1 229; 1 352;  915;  437;  176;  78;  98;  116;  435;  107;  518;  509;  585; 2 562;  651;  304;  283;  64;17,8;31.12.2024
12400618;Heiligensee Nord; 3 705;  730; 2 975; 1 218;  654; 1 103;2,04; 1 813; 1 083;  609;  218;  256; 1 960;  900; 1 060;  274;  90;  184;  243;  498;  715;  450;  265;  96;  45;  51;  90;  182;  87;  290;  353;  389; 1 407;  406;  179;  177;  50;22,2;31.12.2024
12400619;Heiligensee; 7 710; 1 541; 6 169; 2 612; 1 524; 2 033;2,02; 3 819; 2 278; 1 306;  508;  464; 3 874; 1 930; 1 944;  549;  182;  367;  377; 1 369; 1 451;  965;  486;  193;  91;  102;  141;  493;  205;  650;  686;  863; 3 090;  729;  354;  276;  99;19,3;31.12.2024
12400720;Frohnau West; 8 442; 1 685; 6 757; 2 898; 1 506; 2 353;2,02; 4 182; 2 497; 1 449;  502;  546; 4 378; 2 196; 2 182;  511;  208;  303;  419; 1 449; 1 638; 1 098;  540;  190;  104;  86;  157;  512;  154;  640;  891;  989; 3 399;  783;  335;  340;  108;20,1;31.12.2024
12400721;Frohnau Ost; 7 943; 1 589; 6 354; 2 376; 1 434; 2 544;2,07; 3 833; 2 244; 1 188;  478;  578; 4 052; 1 798; 2 254;  456;  122;  334;  380; 1 466; 1 445;  899;  546;  150;  61;  89;  138;  511;  160;  605;  824;  914; 3 060;  773;  330;  317;  126;17,9;31.12.2024
12400722;Hermsdorf West; 8 643; 2 011; 6 632; 2 700; 1 542; 2 390;1,95; 4 424; 2 413; 1 350;  514;  549; 4 140; 2 014; 2 126;  569;  204;  365;  424; 1 499; 1 536; 1 007;  529;  201;  102;  99;  158;  518;  226;  843;  942; 1 051; 3 638;  786;  360;  328;  98;20,1;31.12.2024
12400723;Hermsdorf Ost/ Waldsee; 8 212; 1 770; 6 442; 2 794; 1 386; 2 262;1,98; 4 149; 2 379; 1 397;  462;  520; 4 055; 2 028; 2 027;  650;  232;  418;  380; 1 357; 1 523; 1 014;  509;  227;  116;  111;  137;  492;  205;  752;  813; 1 027; 3 392;  757;  337;  330;  90;18,1;31.12.2024
12500824;Ziekowstraße/Freie Scholle; 9 775; 3 520; 6 255; 3 018; 1 515; 1 722;1,65; 5 937; 2 417; 1 509;  505;  403; 3 594; 1 850; 1 744;  711;  292;  419;  646; 1 304; 1 378;  925;  453;  265;  146;  119;  256;  518;  449; 1 723; 1 348; 1 964; 5 109;  828;  445;  315;  68;30,9;31.12.2024
12500825;Borsigwalde; 7 156; 2 710; 4 446; 2 180;  951; 1 315;1,62; 4 415; 1 705; 1 090;  317;  298; 2 375; 1 218; 1 157;  715;  334;  381;  484;  872;  901;  609;  292;  274;  167;  107;  189;  341;  516; 1 519;  675; 1 233; 3 827;  588;  328;  200;  60;32,1;31.12.2024
12500926;Wittenau Mitte; 4 922; 1 875; 3 047; 1 422;  705;  920;1,63; 3 026; 1 151;  711;  235;  205; 1 609;  852;  757;  467;  188;  279;  301;  670;  618;  426;  192;  170;  94;  76;  116;  247;  305;  958;  612;  905; 2 642;  384;  219;  126;  39;30,2;31.12.2024
12500927;Wittenau Nord; 6 945; 1 691; 5 254; 2 254; 1 122; 1 878;1,92; 3 613; 1 922; 1 127;  374;  421; 3 195; 1 556; 1 639;  571;  228;  343;  365; 1 123; 1 179;  778;  401;  205;  114;  91;  132;  406;  250;  770;  671;  857; 2 989;  624;  304;  231;  89;21,2;31.12.2024
12500928;Waidmannslust; 5 164; 1 316; 3 848; 1 534;  909; 1 405;1,91; 2 704; 1 388;  767;  303;  318; 2 268;  982; 1 286;  432;  132;  300;  301;  847;  809;  491;  318;  147;  66;  81;  115;  317;  207;  632;  477;  654; 2 190;  514;  255;  194;  65;22,4;31.12.2024
12500929;Lübars; 5 160;  954; 4 206; 1 648;  978; 1 580;2,09; 2 464; 1 510;  824;  326;  360; 2 731; 1 256; 1 475;  324;  76;  248;  246;  905;  990;  628;  362;  105;  38;  67;  90;  325;  126;  408;  420;  512; 1 945;  519;  236;  221;  62;17,3;31.12.2024
12500930;Wittenau Süd; 9 563; 3 250; 6 313; 2 806; 1 401; 2 106;1,71; 5 590; 2 340; 1 403;  467;  470; 3 372; 1 584; 1 788;  845;  460;  385;  650; 1 446; 1 232;  792;  440;  333;  230;  103;  241;  534;  542; 1 694; 1 014; 1 403; 4 806;  784;  389;  297;  98;30,7;31.12.2024
12601031;Lübarser Straße; 3 353;  947; 2 406; 1 118;  504;  784;1,81; 1 849;  902;  559;  168;  175; 1 317;  760;  557;  254;  112;  142;  171;  664;  514;  380;  134;  92;  56;  36;  56;  240;  107;  454;  386;  479; 1 623;  226;  103;  86;  37;24,8;31.12.2024
12601032;Rollbergesiedlung; 6 286; 1 191; 5 095; 1 400; 1 080; 2 615;2,25; 2 797; 1 606;  700;  360;  546; 2 736;  790; 1 946;  637;  176;  461;  834;  888;  829;  395;  434;  198;  88;  110;  262;  317;  152;  601;  438;  557; 1 991;  806;  322;  272;  212;32,5;31.12.2024
12601133;Treuenbrietzener Straße; 11 418; 2 187; 9 231; 2 642; 2 046; 4 543;2,21; 5 160; 2 973; 1 321;  682;  970; 4 426; 1 248; 3 178; 1 286;  392;  894; 1 439; 2 080; 1 347;  624;  723;  410;  196;  214;  467;  749;  245; 1 126;  816; 1 109; 3 756; 1 404;  619;  511;  274;33,3;31.12.2024
12601134;Märkisches Zentrum; 15 916; 2 977; 12 939; 4 118; 2 730; 6 091;2,20; 7 220; 4 243; 2 059;  910; 1 274; 6 610; 2 282; 4 328; 2 011;  692; 1 319; 1 748; 2 570; 2 113; 1 141;  972;  662;  346;  316;  550;  918;  375; 1 384; 1 218; 1 569; 5 382; 1 838;  797;  589;  452;29,9;31.12.2024
12601235;Dannenwalder Weg; 10 644; 1 906; 8 738; 2 376; 1 788; 4 574;2,29; 4 639; 2 733; 1 188;  596;  949; 4 570; 1 232; 3 338; 1 138;  320;  818; 1 109; 1 921; 1 341;  616;  725;  356;  160;  196;  350;  686;  296;  922;  688;  956; 3 368; 1 271;  524;  418;  329;27,5;31.12.2024
12601236;Schorfheidestraße; 3 217;  649; 2 568; 1 006;  609;  953;2,06; 1 564;  915;  503;  203;  209; 1 500;  700;  800;  202;  74;  128;  172;  694;  539;  350;  189;  73;  37;  36;  61;  242;  130;  273;  246;  319; 1 278;  286;  146;  94;  46;21,3;31.12.2024
