plr_key;plr_name;res_count;single_pers_hh_count;pers_multi_pers_hh_count;pers_two_pers_hh_count;pers_three_pers_hh_count;pers_four_or_more_pers_hh_count;avg_hh_size;households_total;multi_pers_hh_tot_count;two_pers_hh_count;three_pers_hh_count;four_or_more_pers_hh_count;pers_married_couple_hh_tot_count;pers_married_couple_hh_wo_child_count;pers_married_couple_hh_with_child_count;pers_unmarried_couple_hh_tot_count;pers_unmarried_couple_hh_wo_child_count;pers_unmarried_couple_hh_with_child_count;pers_single_parent_hh_count;pers_other_multi_pers_hh_wo_child_count;married_couple_hh_tot_count;married_couple_hh_wo_child_count;married_couple_hh_with_child_count;unmarried_couple_hh_tot_count;unmarried_couple_hh_wo_child_count;unmarried_couple_hh_with_child_count;single_parent_hh_count;other_multi_pers_hh_wo_child_count;single_pers_hh_under_30_count;single_pers_hh_30_to_under_65_count;single_pers_hh_65_and_over_count;single_pers_hh_female_count;hh_wo_child_count;hh_with_child_total_count;hh_with_one_child_count;hh_with_two_child_count;hh_with_three_or_more_child_count;single_parent_hh_share_perc;date
01100101;Stülerstraße; 3 905; 1 535; 2 370; 1 258;  516;  596;1,58; 2 468;  933;  629;  172;  132; 1 200;  568;  632;  531;  440;  91;  172;  467;  445;  284;  161;  246;  220;  26;  65;  177;  308;  788;  439;  688; 2 216;  252;  146;  78;  28;25,8;31.12.2023
01100102;Großer Tiergarten; 2 203;  696; 1 507;  758;  375;  374;1,71; 1 285;  589;  379;  125;  85;  869;  416;  453;  235;  180;  55;  98;  305;  329;  208;  121;  104;  90;  14;  41;  115;  125;  433;  138;  256; 1 109;  176;  114;  52;  10;23,3;31.12.2023
01100103;Lützowstraße; 5 704; 2 129; 3 575; 1 620;  747; 1 208;1,65; 3 457; 1 328;  810;  249;  269; 1 882;  806; 1 076;  622;  390;  232;  325;  746;  665;  403;  262;  258;  195;  63;  126;  279;  444; 1 189;  496;  900; 3 006;  451;  241;  150;  60;27,9;31.12.2023
01100104;Körnerstraße; 5 110; 1 674; 3 436; 1 280;  771; 1 385;1,78; 2 865; 1 191;  640;  257;  294; 1 731;  526; 1 205;  723;  450;  273;  234;  748;  546;  263;  283;  296;  225;  71;  88;  261;  459; 1 017;  198;  659; 2 423;  442;  224;  158;  60;19,9;31.12.2023
01100205;Wilhelmstraße; 3 095; 1 003; 2 092; 1 036;  462;  594;1,71; 1 809;  806;  518;  154;  134; 1 179;  566;  613;  325;  240;  85;  102;  486;  443;  283;  160;  142;  120;  22;  38;  183;  286;  525;  192;  412; 1 589;  220;  116;  81;  23;17,3;31.12.2023
01100206;Unter den Linden; 2 154;  934; 1 220;  612;  273;  335;1,53; 1 406;  472;  306;  91;  75;  682;  324;  358;  208;  132;  76;  123;  207;  254;  162;  92;  86;  66;  20;  47;  85;  147;  577;  210;  376; 1 247;  159;  97;  44;  18;29,6;31.12.2023
01100207;Leipziger Straße; 9 433; 3 424; 6 009; 2 886; 1 458; 1 665;1,65; 5 722; 2 298; 1 443;  486;  369; 3 387; 1 594; 1 793;  995;  660;  335;  460; 1 167; 1 257;  797;  460;  426;  330;  96;  173;  442;  565; 1 941;  918; 1 578; 4 993;  729;  419;  228;  82;23,7;31.12.2023
01100308;Charitéviertel; 8 087; 3 275; 4 812; 2 206; 1 200; 1 406;1,58; 5 108; 1 833; 1 103;  400;  330; 2 639; 1 062; 1 577;  994;  632;  362;  372;  807;  953;  531;  422;  422;  316;  106;  151;  307;  633; 2 173;  469; 1 421; 4 429;  679;  379;  260;  40;22,2;31.12.2023
01100309;Oranienburger Straße; 13 149; 5 271; 7 878; 3 240; 1 998; 2 640;1,61; 8 163; 2 892; 1 620;  666;  606; 4 028; 1 470; 2 558; 1 490;  674;  816;  892; 1 468; 1 397;  735;  662;  568;  337;  231;  351;  576;  956; 3 690;  625; 2 344; 6 919; 1 244;  749;  402;  93;28,2;31.12.2023
01100310;Alexanderplatz-viertel; 10 583; 4 602; 5 981; 2 824; 1 491; 1 666;1,54; 6 884; 2 282; 1 412;  497;  373; 2 919; 1 206; 1 713; 1 378;  876;  502;  587; 1 097; 1 047;  603;  444;  580;  438;  142;  223;  432;  935; 2 833;  834; 1 990; 6 075;  809;  475;  248;  86;27,6;31.12.2023
01100311;Karl-Marx-Allee; 9 953; 3 183; 6 770; 3 404; 1 428; 1 938;1,72; 5 788; 2 605; 1 702;  476;  427; 3 187; 1 558; 1 629; 1 612; 1 068;  544;  773; 1 198; 1 189;  779;  410;  677;  534;  143;  288;  451;  489; 1 534; 1 160; 1 672; 4 947;  841;  454;  263;  124;34,2;31.12.2023
01100312;Heine-Viertel West; 10 778; 3 902; 6 876; 3 232; 1 614; 2 030;1,65; 6 519; 2 617; 1 616;  538;  463; 3 983; 1 804; 2 179; 1 300;  778;  522;  455; 1 138; 1 476;  902;  574;  532;  389;  143;  174;  435;  644; 2 265;  993; 1 797; 5 628;  891;  495;  323;  73;19,5;31.12.2023
01100313;Heine-Viertel Ost; 11 642; 4 224; 7 418; 3 702; 1 635; 2 081;1,64; 7 095; 2 871; 1 851;  545;  475; 3 833; 1 740; 2 093; 1 918; 1 270;  648;  602; 1 065; 1 414;  870;  544;  819;  635;  184;  235;  403;  959; 2 461;  804; 1 920; 6 132;  963;  554;  326;  83;24,4;31.12.2023
01100414;Nordbahnhof; 5 704; 1 698; 4 006; 1 588;  972; 1 446;1,82; 3 130; 1 432;  794;  324;  314; 2 231;  694; 1 537; 1 052;  578;  474;  249;  474;  748;  347;  401;  406;  289;  117;  92;  186;  379; 1 185;  134;  754; 2 520;  610;  327;  206;  77;15,1;31.12.2023
01100415;Invalidenstraße; 14 157; 5 503; 8 654; 3 346; 2 256; 3 052;1,64; 8 628; 3 125; 1 673;  752;  700; 4 478; 1 466; 3 012; 2 021;  934; 1 087;  839; 1 316; 1 525;  733;  792;  770;  467;  303;  326;  504; 1 135; 3 829;  539; 2 585; 7 207; 1 421;  830;  475;  116;22,9;31.12.2023
01100416;Arkonaplatz; 14 084; 5 596; 8 488; 3 256; 2 295; 2 937;1,62; 8 673; 3 077; 1 628;  765;  684; 4 597; 1 444; 3 153; 1 924;  866; 1 058;  925; 1 042; 1 551;  722;  829;  734;  433;  301;  382;  410; 1 015; 4 040;  541; 2 630; 7 161; 1 512;  890;  510;  112;25,3;31.12.2023
01200517;Huttenkiez; 4 057; 1 742; 2 315;  986;  441;  888;1,58; 2 566;  824;  493;  147;  184; 1 012;  348;  664;  595;  330;  265;  221;  487;  324;  174;  150;  232;  165;  67;  81;  187;  459; 1 026;  257;  674; 2 268;  298;  142;  97;  59;27,2;31.12.2023
01200518;Beusselkiez; 7 132; 3 053; 4 079; 1 714;  864; 1 501;1,58; 4 522; 1 469;  857;  288;  324; 1 801;  606; 1 195;  958;  622;  336;  414;  906;  589;  303;  286;  398;  311;  87;  145;  337;  899; 1 764;  390; 1 214; 4 004;  518;  251;  187;  80;28,0;31.12.2023
01200519;Emdener Straße; 9 922; 4 373; 5 549; 2 334; 1 206; 2 009;1,56; 6 366; 1 993; 1 167;  402;  424; 2 688;  956; 1 732; 1 189;  692;  497;  549; 1 123;  884;  478;  406;  482;  346;  136;  197;  430; 1 182; 2 487;  704; 1 802; 5 627;  739;  395;  224;  120;26,7;31.12.2023
01200520;Bremer Straße; 9 858; 4 282; 5 576; 2 348; 1 308; 1 920;1,56; 6 315; 2 033; 1 174;  436;  423; 2 617;  966; 1 651; 1 178;  648;  530;  498; 1 283;  888;  483;  405;  473;  324;  149;  189;  483; 1 050; 2 469;  763; 1 817; 5 572;  743;  411;  238;  94;25,4;31.12.2023
01200521;Zwinglistraße; 5 481; 2 162; 3 319; 1 254;  774; 1 291;1,65; 3 315; 1 153;  627;  258;  268; 1 503;  516;  987;  629;  316;  313;  376;  811;  483;  258;  225;  241;  158;  83;  132;  297;  576; 1 214;  372;  849; 2 875;  440;  224;  133;  83;30,0;31.12.2023
01200522;Elberfelder Straße; 12 117; 4 824; 7 293; 3 184; 1 791; 2 318;1,61; 7 546; 2 722; 1 592;  597;  533; 3 805; 1 630; 2 175; 1 324;  694;  630;  563; 1 601; 1 376;  815;  561;  522;  347;  175;  217;  607;  995; 2 591; 1 238; 2 368; 6 593;  953;  525;  357;  71;22,8;31.12.2023
01200623;Stephankiez; 11 490; 4 874; 6 616; 2 628; 1 452; 2 536;1,59; 7 241; 2 367; 1 314;  484;  569; 3 256; 1 070; 2 186; 1 440;  800;  640;  600; 1 320; 1 077;  535;  542;  578;  400;  178;  218;  494; 1 268; 2 872;  734; 2 116; 6 303;  938;  498;  331;  109;23,2;31.12.2023
01200624;Heidestraße; 6 703; 1 702; 5 001; 2 108; 1 356; 1 537;1,89; 3 550; 1 848; 1 054;  452;  342; 2 981;  942; 2 039; 1 125;  862;  263;  268;  627; 1 010;  471;  539;  508;  431;  77;  97;  233;  560; 1 009;  133;  623; 2 837;  713;  440;  199;  74;13,6;31.12.2023
01200625;Lübecker Straße; 7 005; 2 507; 4 498; 1 580;  951; 1 967;1,74; 4 025; 1 518;  790;  317;  411; 2 229;  714; 1 515;  750;  336;  414;  485; 1 034;  699;  357;  342;  272;  168;  104;  174;  373;  616; 1 346;  545; 1 137; 3 405;  620;  294;  200;  126;28,1;31.12.2023
01200626;Thomasiusstraße; 6 302; 2 675; 3 627; 1 620;  894; 1 113;1,56; 4 041; 1 366;  810;  298;  258; 1 942;  872; 1 070;  625;  336;  289;  286;  774;  716;  436;  280;  249;  168;  81;  107;  294;  493; 1 534;  648; 1 269; 3 573;  468;  256;  172;  40;22,9;31.12.2023
01200627;Zillesiedlung; 3 242;  817; 2 425;  778;  393; 1 254;2,02; 1 604;  787;  389;  131;  267; 1 295;  422;  873;  245;  110;  135;  357;  528;  405;  211;  194;  88;  55;  33;  117;  177;  204;  402;  211;  379; 1 260;  344;  140;  123;  81;34,0;31.12.2023
01200628;Lüneburger Straße; 3 663; 1 534; 2 129;  892;  543;  694;1,58; 2 324;  790;  446;  181;  163; 1 187;  454;  733;  339;  172;  167;  142;  461;  420;  227;  193;  133;  86;  47;  56;  181;  255;  935;  344;  609; 2 028;  296;  165;  114;  17;18,9;31.12.2023
01200629;Hansaviertel; 6 284; 2 522; 3 762; 2 144;  744;  874;1,55; 4 043; 1 521; 1 072;  248;  201; 1 713;  860;  853; 1 028;  826;  202;  211;  810;  653;  430;  223;  468;  413;  55;  88;  312;  557; 1 240;  725; 1 149; 3 677;  366;  216;  123;  27;24,0;31.12.2023
01300730;Drontheimer Straße; 7 998; 2 560; 5 438; 1 770; 1 131; 2 537;1,84; 4 338; 1 778;  885;  377;  516; 2 532;  674; 1 858;  903;  430;  473;  780; 1 223;  735;  337;  398;  331;  215;  116;  269;  443;  696; 1 513;  351; 1 002; 3 555;  783;  352;  229;  202;34,4;31.12.2023
01300731;Koloniestraße; 9 169; 3 318; 5 851; 2 170; 1 257; 2 424;1,72; 5 328; 2 010; 1 085;  419;  506; 2 821;  862; 1 959; 1 149;  592;  557;  695; 1 186;  880;  431;  449;  436;  296;  140;  248;  446;  890; 1 885;  543; 1 406; 4 491;  837;  414;  232;  191;29,6;31.12.2023
01300732;Soldiner Straße; 10 314; 3 484; 6 830; 2 340; 1 521; 2 969;1,78; 5 789; 2 305; 1 170;  507;  628; 3 460;  930; 2 530; 1 207;  576;  631;  903; 1 260; 1 056;  465;  591;  452;  288;  164;  328;  469;  858; 2 092;  534; 1 540; 4 706; 1 083;  534;  335;  214;30,3;31.12.2023
01300733;Gesundbrunnen; 11 912; 4 026; 7 886; 2 766; 1 659; 3 461;1,78; 6 695; 2 669; 1 383;  553;  733; 3 998; 1 152; 2 846; 1 283;  732;  551;  862; 1 743; 1 229;  576;  653;  513;  366;  147;  296;  631;  953; 2 442;  631; 1 763; 5 599; 1 096;  537;  320;  239;27,0;31.12.2023
01300834;Brunnenstraße; 14 573; 3 561; 11 012; 3 120; 2 352; 5 540;2,06; 7 072; 3 511; 1 560;  784; 1 167; 6 194; 1 416; 4 778; 1 311;  584;  727; 1 164; 2 343; 1 782;  708; 1 074;  483;  292;  191;  424;  822;  687; 2 077;  797; 1 663; 5 383; 1 689;  747;  568;  374;25,1;31.12.2023
01300835;Humboldthain Süd; 10 799; 3 189; 7 610; 3 102; 1 422; 3 086;1,84; 5 878; 2 689; 1 551;  474;  664; 3 756; 1 178; 2 578; 1 529; 1 084;  445;  739; 1 586; 1 181;  589;  592;  658;  542;  116;  273;  577;  686; 1 759;  744; 1 548; 4 897;  981;  438;  335;  208;27,8;31.12.2023
01300836;Humboldthain Nordwest; 15 122; 5 376; 9 746; 3 278; 2 040; 4 428;1,76; 8 602; 3 226; 1 639;  680;  907; 4 742; 1 264; 3 478; 1 852;  972;  880; 1 038; 2 114; 1 419;  632;  787;  698;  486;  212;  345;  764; 1 469; 3 161;  746; 2 214; 7 258; 1 344;  630;  402;  312;25,7;31.12.2023
01400937;Afrikanische Straße; 11 017; 4 620; 6 397; 2 892; 1 533; 1 972;1,57; 7 014; 2 394; 1 446;  511;  437; 3 335; 1 418; 1 917;  956;  514;  442;  780; 1 326; 1 190;  709;  481;  377;  257;  120;  300;  527;  988; 2 680;  952; 2 088; 6 113;  901;  501;  279;  121;33,3;31.12.2023
01400938;Kameruner Straße; 9 906; 3 987; 5 919; 2 460; 1 266; 2 193;1,62; 6 121; 2 134; 1 230;  422;  482; 2 813; 1 074; 1 739; 1 269;  726;  543;  577; 1 260;  950;  537;  413;  509;  363;  146;  210;  465;  928; 2 363;  696; 1 763; 5 352;  769;  398;  252;  119;27,3;31.12.2023
01400939;Glasgower Straße; 5 914; 2 524; 3 390; 1 466;  777; 1 147;1,57; 3 767; 1 243;  733;  259;  251; 1 696;  638; 1 058;  632;  370;  262;  424;  638;  579;  319;  260;  254;  185;  69;  154;  256;  607; 1 518;  399; 1 095; 3 284;  483;  253;  159;  71;31,9;31.12.2023
01400940;Schillerpark; 7 084; 2 337; 4 747; 2 030; 1 017; 1 700;1,74; 4 080; 1 743; 1 015;  339;  389; 2 563; 1 038; 1 525;  664;  308;  356;  646;  874;  899;  519;  380;  251;  154;  97;  244;  349;  288; 1 172;  877; 1 240; 3 359;  721;  360;  269;  92;33,8;31.12.2023
01400941;Londoner Straße; 3 837; 1 446; 2 391; 1 114;  531;  746;1,63; 2 347;  901;  557;  177;  167; 1 384;  682;  702;  296;  160;  136;  228;  483;  517;  341;  176;  117;  80;  37;  80;  187;  246;  635;  565;  778; 2 054;  293;  148;  101;  44;27,3;31.12.2023
01400942;Westliche Müllerstraße; 8 917; 3 918; 4 999; 2 134; 1 092; 1 773;1,55; 5 736; 1 818; 1 067;  364;  387; 2 283;  850; 1 433; 1 195;  686;  509;  478; 1 043;  768;  425;  343;  480;  343;  137;  174;  396; 1 069; 2 310;  539; 1 735; 5 082;  654;  338;  216;  100;26,6;31.12.2023
01401043;Antonstraße; 7 674; 2 423; 5 251; 1 720; 1 188; 2 343;1,84; 4 175; 1 752;  860;  396;  496; 2 659;  802; 1 857;  766;  376;  390;  505; 1 321;  823;  401;  422;  292;  188;  104;  173;  464;  644; 1 356;  423; 1 047; 3 476;  699;  343;  225;  131;24,7;31.12.2023
01401044;Uferstraße; 10 462; 3 941; 6 521; 2 250; 1 437; 2 834;1,71; 6 136; 2 195; 1 125;  479;  591; 3 104;  852; 2 252; 1 265;  676;  589;  746; 1 406;  943;  426;  517;  483;  338;  145;  248;  521; 1 006; 2 387;  548; 1 591; 5 226;  910;  418;  260;  232;27,3;31.12.2023
01401045;Schweden-straße; 5 789; 1 946; 3 843; 1 260;  711; 1 872;1,80; 3 208; 1 262;  630;  237;  395; 1 995;  528; 1 467;  582;  318;  264;  413;  853;  592;  264;  328;  228;  159;  69;  139;  303;  543; 1 177;  226;  759; 2 672;  536;  233;  157;  146;25,9;31.12.2023
01401046;Nordufer; 9 206; 4 197; 5 009; 2 168; 1 068; 1 773;1,53; 6 026; 1 829; 1 084;  356;  389; 2 193;  750; 1 443; 1 315;  730;  585;  468; 1 033;  727;  375;  352;  522;  365;  157;  190;  390; 1 098; 2 561;  538; 1 779; 5 327;  699;  403;  211;  85;27,2;31.12.2023
01401047;Sparrplatz; 8 404; 3 043; 5 361; 2 384;  960; 2 017;1,69; 4 980; 1 937; 1 192;  320;  425; 2 144;  600; 1 544; 1 575; 1 152;  423;  460; 1 182;  652;  300;  352;  687;  576;  111;  160;  438;  906; 1 826;  311; 1 232; 4 357;  623;  295;  206;  122;25,7;31.12.2023
01401048;Leopoldplatz; 9 684; 3 950; 5 734; 2 370; 1 209; 2 155;1,61; 5 999; 2 049; 1 185;  403;  461; 2 521;  774; 1 747; 1 518;  972;  546;  500; 1 195;  791;  387;  404;  634;  486;  148;  182;  442;  982; 2 409;  559; 1 674; 5 265;  734;  379;  250;  105;24,8;31.12.2023
01401049;Schulstraße; 6 781; 2 704; 4 077; 1 618;  885; 1 574;1,64; 4 143; 1 439;  809;  295;  335; 1 799;  636; 1 163;  786;  462;  324;  543;  949;  589;  318;  271;  318;  231;  87;  187;  345;  554; 1 420;  730; 1 285; 3 598;  545;  291;  157;  97;34,3;31.12.2023
02100101;Askanischer Platz; 7 327; 2 242; 5 085; 1 868; 1 086; 2 131;1,83; 3 998; 1 756;  934;  362;  460; 2 360;  692; 1 668; 1 121;  674;  447;  483; 1 121;  743;  346;  397;  451;  337;  114;  175;  387;  496; 1 347;  399;  903; 3 312;  686;  334;  241;  111;25,5;31.12.2023
02100102;Mehringplatz; 8 859; 2 559; 6 300; 1 862; 1 392; 3 046;1,93; 4 587; 2 028;  931;  464;  633; 3 269;  826; 2 443;  837;  442;  395;  678; 1 516;  960;  413;  547;  318;  221;  97;  224;  526;  572; 1 424;  563; 1 157; 3 719;  868;  389;  285;  194;25,8;31.12.2023
02100103;Am Berlin Museum; 5 317; 1 677; 3 640; 1 142;  753; 1 745;1,85; 2 867; 1 190;  571;  251;  368; 1 961;  476; 1 485;  595;  292;  303;  270;  814;  578;  238;  340;  221;  146;  75;  102;  289;  341;  998;  338;  800; 2 350;  517;  229;  181;  107;19,7;31.12.2023
02100104;Moritzplatz; 5 318; 1 707; 3 611; 1 074;  831; 1 706;1,84; 2 891; 1 184;  537;  277;  370; 1 924;  458; 1 466;  343;  180;  163;  336; 1 008;  567;  229;  338;  137;  90;  47;  128;  352;  292; 1 046;  369;  771; 2 378;  513;  253;  173;  87;25,0;31.12.2023
02100105;Prinzenstraße; 9 548; 2 870; 6 678; 2 136; 1 458; 3 084;1,88; 5 079; 2 209; 1 068;  486;  655; 3 445; 1 016; 2 429;  824;  396;  428;  732; 1 677; 1 062;  508;  554;  303;  198;  105;  264;  580;  515; 1 708;  647; 1 340; 4 156;  923;  432;  308;  183;28,6;31.12.2023
02100106;Wassertorplatz; 4 995; 1 542; 3 453; 1 008;  714; 1 731;1,89; 2 643; 1 101;  504;  238;  359; 1 766;  416; 1 350;  473;  206;  267;  322;  892;  506;  208;  298;  171;  103;  68;  111;  313;  246;  916;  380;  746; 2 166;  477;  241;  140;  96;23,3;31.12.2023
02200207;Gleisdreieck; 2 628;  603; 2 025;  826;  390;  809;1,98; 1 327;  724;  413;  130;  181; 1 260;  416;  844;  481;  298;  183;  117;  167;  419;  208;  211;  197;  149;  48;  45;  63;  124;  344;  135;  308; 1 023;  304;  137;  129;  38;14,8;31.12.2023
02200208;Rathaus Yorckstraße; 6 032; 2 389; 3 643; 1 386;  840; 1 417;1,64; 3 684; 1 295;  693;  280;  322; 1 816;  662; 1 154;  671;  260;  411;  373;  783;  615;  331;  284;  242;  130;  112;  144;  294;  499; 1 389;  501; 1 088; 3 144;  540;  276;  197;  67;26,7;31.12.2023
02200209;Viktoriapark; 11 346; 4 453; 6 893; 2 586; 1 728; 2 579;1,64; 6 914; 2 461; 1 293;  576;  592; 3 686; 1 260; 2 426; 1 393;  612;  781;  564; 1 250; 1 244;  630;  614;  528;  306;  222;  224;  465;  805; 2 793;  855; 2 106; 5 854; 1 060;  564;  394;  102;21,1;31.12.2023
02200210;Urbanstraße; 12 672; 5 389; 7 283; 2 978; 1 743; 2 562;1,58; 8 037; 2 648; 1 489;  581;  578; 3 499; 1 324; 2 175; 1 591;  746;  845;  689; 1 504; 1 202;  662;  540;  610;  373;  237;  275;  561; 1 009; 3 509;  871; 2 444; 6 985; 1 052;  573;  386;  93;26,1;31.12.2023
02200211;Chamissokiez; 15 110; 6 199; 8 911; 3 516; 2 412; 2 983;1,60; 9 447; 3 248; 1 758;  804;  686; 3 977; 1 468; 2 509; 2 037;  962; 1 075;  880; 2 017; 1 380;  734;  646;  788;  481;  307;  348;  732; 1 034; 3 932; 1 233; 2 940; 8 146; 1 301;  773;  441;  87;26,7;31.12.2023
02200212;Graefekiez Süd; 8 687; 3 165; 5 522; 1 896; 1 245; 2 381;1,72; 5 056; 1 891;  948;  415;  528; 2 759;  804; 1 955; 1 027;  436;  591;  581; 1 155;  870;  402;  468;  377;  218;  159;  222;  422;  506; 2 071;  588; 1 510; 4 207;  849;  429;  309;  111;26,1;31.12.2023
02200213;Graefekiez Nord; 10 425; 4 479; 5 946; 2 276; 1 533; 2 137;1,58; 6 617; 2 138; 1 138;  511;  489; 2 706;  938; 1 768; 1 488;  626;  862;  564; 1 188;  919;  469;  450;  553;  313;  240;  221;  445;  801; 2 959;  719; 2 108; 5 706;  911;  517;  317;  77;24,3;31.12.2023
02300314;Oranienplatz; 7 304; 2 802; 4 502; 1 512; 1 242; 1 748;1,68; 4 357; 1 555;  756;  414;  385; 2 015;  656; 1 359;  580;  258;  322;  519; 1 388;  651;  328;  323;  222;  129;  93;  200;  482;  402; 1 910;  490; 1 171; 3 741;  616;  351;  191;  74;32,5;31.12.2023
02300315;Lausitzer Platz; 8 462; 3 300; 5 162; 1 732; 1 290; 2 140;1,67; 5 069; 1 769;  866;  430;  473; 2 321;  730; 1 591;  819;  318;  501;  622; 1 400;  750;  365;  385;  295;  159;  136;  236;  488;  478; 2 249;  573; 1 439; 4 312;  757;  414;  258;  85;31,2;31.12.2023
02300316;Köpenicker Straße; 4 405; 1 846; 2 559; 1 020;  642;  897;1,59; 2 768;  922;  510;  214;  198; 1 201;  418;  783;  486;  236;  250;  332;  540;  402;  209;  193;  187;  118;  69;  130;  203;  287; 1 197;  362;  830; 2 376;  392;  227;  116;  49;33,2;31.12.2023
02300417;Reichenberger Straße West; 8 352; 3 428; 4 924; 1 822; 1 119; 1 983;1,62; 5 154; 1 726;  911;  373;  442; 2 229;  690; 1 539; 1 014;  458;  556;  534; 1 147;  710;  345;  365;  383;  229;  154;  210;  423;  553; 2 368;  507; 1 500; 4 425;  729;  391;  258;  80;28,8;31.12.2023
02300418;Reichenberger Straße Ost; 7 883; 3 491; 4 392; 1 740; 1 104; 1 548;1,56; 5 069; 1 578;  870;  368;  340; 2 054;  704; 1 350;  917;  446;  471;  489;  932;  678;  352;  326;  357;  223;  134;  190;  353;  555; 2 435;  501; 1 551; 4 419;  650;  368;  214;  68;29,2;31.12.2023
02300419;Wrangelkiez; 10 967; 4 825; 6 142; 2 446; 1 554; 2 142;1,56; 7 045; 2 220; 1 223;  518;  479; 2 642;  944; 1 698; 1 441;  638;  803;  524; 1 535;  886;  472;  414;  546;  319;  227;  214;  574;  863; 3 311;  651; 2 106; 6 190;  855;  484;  288;  83;25,0;31.12.2023
02400520;Barnimkiez; 5 700; 1 778; 3 922; 1 840;  855; 1 227;1,75; 3 260; 1 482;  920;  285;  277; 2 052; 1 014; 1 038;  611;  264;  347;  551;  708;  774;  507;  267;  220;  132;  88;  210;  278;  244;  928;  606;  915; 2 695;  565;  316;  176;  73;37,2;31.12.2023
02400521;Friedenstraße; 8 732; 3 227; 5 505; 2 518; 1 302; 1 685;1,64; 5 311; 2 084; 1 259;  434;  391; 2 741; 1 198; 1 543; 1 327;  644;  683;  657;  780; 1 009;  599;  410;  510;  322;  188;  249;  316;  642; 1 957;  628; 1 574; 4 464;  847;  481;  297;  69;29,4;31.12.2023
02400522;Richard-Sorge-Viertel; 11 451; 4 633; 6 818; 2 996; 1 770; 2 052;1,59; 7 200; 2 567; 1 498;  590;  479; 3 375; 1 312; 2 063; 1 897;  882; 1 015;  717;  829; 1 214;  656;  558;  726;  441;  285;  286;  341;  933; 3 116;  584; 2 195; 6 071; 1 129;  665;  370;  94;25,3;31.12.2023
02400623;Andreasviertel; 13 982; 4 891; 9 091; 4 336; 1 959; 2 796;1,68; 8 339; 3 448; 2 168;  653;  627; 4 277; 1 912; 2 365; 2 208; 1 370;  838; 1 105; 1 501; 1 560;  956;  604;  908;  685;  223;  407;  573;  878; 2 752; 1 261; 2 364; 7 105; 1 234;  653;  418;  163;33,0;31.12.2023
02400624;Weberwiese; 11 814; 4 932; 6 882; 3 550; 1 545; 1 787;1,55; 7 640; 2 708; 1 775;  515;  418; 3 127; 1 392; 1 735; 2 152; 1 320;  832;  597; 1 006; 1 157;  696;  461;  895;  660;  235;  248;  408;  986; 3 297;  649; 2 201; 6 696;  944;  571;  312;  61;26,3;31.12.2023
02400625;Wriezener Bahnhof; 1 314;  407;  907;  532;  165;  210;1,70;  772;  365;  266;  55;  44;  433;  218;  215;  310;  252;  58;  39;  125;  162;  109;  53;  141;  126;  15;  15;  47;  97;  298;  12;  160;  689;  83;  48;  24;  11;18,1;31.12.2023
02500726;Hausburgviertel; 9 480; 4 487; 4 993; 2 208; 1 263; 1 522;1,49; 6 365; 1 878; 1 104;  421;  353; 2 205;  810; 1 395; 1 541;  764;  777;  596;  651;  775;  405;  370;  599;  382;  217;  233;  271;  918; 3 217;  352; 1 934; 5 545;  820;  462;  293;  65;28,4;31.12.2023
02500727;Forckenbeckplatz; 6 627; 2 807; 3 820; 1 632; 1 026; 1 162;1,57; 4 234; 1 427;  816;  342;  269; 1 710;  606; 1 104; 1 135;  550;  585;  423;  552;  596;  303;  293;  444;  275;  169;  162;  225;  546; 2 029;  232; 1 252; 3 610;  624;  374;  203;  47;26,0;31.12.2023
02500728;Samariterviertel; 10 329; 4 185; 6 144; 2 614; 1 545; 1 985;1,60; 6 474; 2 289; 1 307;  515;  467; 2 717;  830; 1 887; 1 810;  972;  838;  702;  915;  912;  415;  497;  726;  486;  240;  287;  364;  905; 3 062;  218; 1 891; 5 450; 1 024;  605;  370;  49;28,0;31.12.2023
02500729;Pettenkofer Straße; 5 555; 2 060; 3 495; 1 462;  867; 1 166;1,66; 3 355; 1 295;  731;  289;  275; 1 704;  532; 1 172;  982;  500;  482;  320;  489;  576;  266;  310;  386;  250;  136;  136;  197;  395; 1 482;  183;  929; 2 773;  582;  322;  227;  33;23,4;31.12.2023
02500830;Niederbarnim-straße; 4 207; 1 871; 2 336; 1 088;  546;  702;1,53; 2 755;  884;  544;  182;  158; 1 039;  412;  627;  743;  406;  337;  238;  316;  368;  206;  162;  297;  203;  94;  93;  126;  407; 1 325;  139;  816; 2 406;  349;  204;  109;  36;26,6;31.12.2023
02500831;Wismarplatz; 8 098; 3 641; 4 457; 1 976; 1 119; 1 362;1,52; 5 311; 1 670;  988;  373;  309; 1 960;  688; 1 272; 1 208;  678;  530;  591;  698;  668;  344;  324;  493;  339;  154;  219;  290;  719; 2 633;  289; 1 637; 4 614;  697;  400;  231;  66;31,4;31.12.2023
02500832;Traveplatz; 9 736; 3 767; 5 969; 2 632; 1 434; 1 903;1,62; 5 996; 2 229; 1 316;  478;  435; 2 698;  868; 1 830; 1 889; 1 088;  801;  631;  751;  908;  434;  474;  768;  544;  224;  247;  306;  853; 2 685;  229; 1 599; 5 051;  945;  522;  342;  81;26,1;31.12.2023
02500833;Boxhagener Platz; 10 603; 5 165; 5 438; 2 636; 1 293; 1 509;1,46; 7 266; 2 101; 1 318;  431;  352; 2 218;  856; 1 362; 1 879; 1 074;  805;  609;  732;  789;  428;  361;  767;  537;  230;  251;  294; 1 122; 3 795;  248; 2 305; 6 424;  842;  523;  263;  56;29,8;31.12.2023
02500834;Revaler Straße; 11 793; 4 925; 6 868; 2 938; 1 677; 2 253;1,58; 7 482; 2 557; 1 469;  559;  529; 3 107; 1 022; 2 085; 2 029; 1 032;  997;  733;  999; 1 060;  511;  549;  797;  516;  281;  293;  407; 1 146; 3 510;  269; 2 134; 6 359; 1 123;  625;  425;  73;26,1;31.12.2023
02500835;Stralauer Kiez; 8 596; 3 609; 4 987; 2 324; 1 242; 1 421;1,56; 5 516; 1 907; 1 162;  414;  331; 2 282;  896; 1 386; 1 546;  856;  690;  498;  661;  817;  448;  369;  630;  428;  202;  199;  261;  850; 2 433;  326; 1 528; 4 746;  770;  468;  254;  48;25,8;31.12.2023
02500836;Stralauer Halbinsel; 4 883; 1 052; 3 831; 1 288; 1 035; 1 508;2,04; 2 396; 1 344;  644;  345;  355; 2 220;  694; 1 526;  856;  322;  534;  355;  400;  744;  347;  397;  315;  161;  154;  135;  150;  131;  726;  195;  486; 1 710;  686;  341;  290;  55;19,7;31.12.2023
03100101;Bucher Forst; 4 748; 1 217; 3 531; 1 268;  975; 1 288;1,92; 2 468; 1 251;  634;  325;  292; 1 800;  662; 1 138;  750;  264;  486;  390;  591;  620;  331;  289;  268;  132;  136;  146;  217;  173;  767;  277;  467; 1 897;  571;  305;  207;  59;25,6;31.12.2023
03100102;Klinikum Buch; 2 559;  917; 1 642;  684;  384;  574;1,69; 1 517;  600;  342;  128;  130;  883;  412;  471;  238;  74;  164;  197;  324;  324;  206;  118;  80;  37;  43;  72;  124;  117;  568;  232;  459; 1 284;  233;  113;  89;  31;30,9;31.12.2023
03100103;Karower Chaussee; 8 453; 2 687; 5 766; 2 524; 1 446; 1 796;1,75; 4 829; 2 142; 1 262;  482;  398; 2 685; 1 478; 1 207;  878;  160;  718; 1 226;  977; 1 039;  739;  300;  269;  80;  189;  432;  402;  320; 1 426;  941; 1 368; 3 908;  921;  488;  288;  145;46,9;31.12.2023
03200204;Blankenfelde; 2 082;  424; 1 658;  740;  423;  495;1,98; 1 051;  627;  370;  141;  116;  974;  562;  412;  186;  28;  158;  147;  351;  385;  281;  104;  60;  14;  46;  54;  128;  46;  214;  164;  189;  847;  204;  102;  85;  17;26,5;31.12.2023
03200205;Uhlandstraße; 8 883; 2 202; 6 681; 2 782; 1 608; 2 291;1,90; 4 665; 2 463; 1 391;  536;  536; 3 872; 1 680; 2 192; 1 078;  406;  672;  600; 1 131; 1 399;  840;  559;  394;  203;  191;  248;  422;  422; 1 213;  567; 1 178; 3 667;  998;  532;  400;  66;24,8;31.12.2023
03200206;Pastor-Niemöller-Platz; 6 907; 1 762; 5 145; 1 916; 1 302; 1 927;1,92; 3 601; 1 839;  958;  434;  447; 2 928; 1 036; 1 892;  907;  342;  565;  511;  799; 1 009;  518;  491;  323;  171;  152;  201;  306;  349;  974;  439;  929; 2 757;  844;  441;  326;  77;23,8;31.12.2023
03200207;Herthaplatz; 11 708; 2 770; 8 938; 3 412; 2 490; 3 036;1,95; 6 015; 3 245; 1 706;  830;  709; 5 030; 2 054; 2 976; 1 404;  432;  972;  922; 1 582; 1 808; 1 027;  781;  489;  216;  273;  357;  591;  351; 1 650;  769; 1 422; 4 604; 1 411;  771;  519;  121;25,3;31.12.2023
03200308;Nisbléstraße; 5 369;  942; 4 427; 1 698; 1 224; 1 505;2,10; 2 552; 1 610;  849;  408;  353; 2 650; 1 200; 1 450;  670;  188;  482;  310;  797;  976;  600;  376;  229;  94;  135;  119;  286;  91;  536;  315;  488; 1 922;  630;  325;  254;  51;18,9;31.12.2023
03200309;Eddastraße; 5 490;  975; 4 515; 1 738; 1 131; 1 646;2,11; 2 599; 1 624;  869;  377;  378; 2 766; 1 192; 1 574;  600;  150;  450;  331;  818;  997;  596;  401;  196;  75;  121;  130;  301;  115;  538;  322;  455; 1 947;  652;  318;  265;  69;19,9;31.12.2023
03200310;Krugpfuhl; 8 146; 1 500; 6 646; 2 578; 1 851; 2 217;2,08; 3 924; 2 424; 1 289;  617;  518; 3 931; 1 712; 2 219; 1 056;  280;  776;  562; 1 097; 1 439;  856;  583;  358;  140;  218;  223;  404;  166;  791;  543;  840; 2 900; 1 024;  582;  363;  79;21,8;31.12.2023
03300411;Karow Nord; 11 487; 2 536; 8 951; 3 302; 2 388; 3 261;2,00; 5 734; 3 198; 1 651;  796;  751; 4 429; 1 852; 2 577; 1 584;  346; 1 238; 1 628; 1 310; 1 585;  926;  659;  513;  173;  340;  590;  510;  358; 1 386;  792; 1 315; 4 145; 1 589;  830;  561;  198;37,1;31.12.2023
03300412;Karow Bahnhof; 5 298;  891; 4 407; 1 928; 1 059; 1 420;2,09; 2 540; 1 649;  964;  353;  332; 2 821; 1 506; 1 315;  449;  106;  343;  232;  905; 1 092;  753;  339;  146;  53;  93;  90;  321;  92;  410;  389;  470; 2 018;  522;  257;  221;  44;17,2;31.12.2023
03300413;Karow Ost; 3 131;  458; 2 673; 1 058;  582; 1 033;2,20; 1 424;  966;  529;  194;  243; 1 753;  854;  899;  275;  54;  221;  159;  486;  652;  427;  225;  87;  27;  60;  59;  168;  45;  215;  198;  231; 1 080;  344;  150;  162;  32;17,2;31.12.2023
03300514;Blankenburg; 6 666; 1 025; 5 641; 2 228; 1 398; 2 015;2,17; 3 068; 2 043; 1 114;  466;  463; 3 487; 1 684; 1 803;  661;  124;  537;  348; 1 145; 1 295;  842;  453;  209;  62;  147;  127;  412;  103;  506;  416;  531; 2 341;  727;  342;  297;  88;17,5;31.12.2023
03300515;Blankenburger Süden;  49;  10;  39;  14;  6;  19;2,13;  23;  13;  7;  2;  4;  14;  4;  10;  4;–;  4;  4;  17;  4;  2;  2;  1;–;  1;  2;  6;  1;  4;  5;  4;  18;  5;  2;  2;  1;40,0;31.12.2023
03300516;Heinersdorf; 8 916; 1 835; 7 081; 2 878; 1 698; 2 505;2,03; 4 398; 2 563; 1 439;  566;  558; 3 988; 1 880; 2 108; 1 402;  476;  926;  422; 1 269; 1 477;  940;  537;  473;  238;  235;  156;  457;  384;  994;  457;  818; 3 470;  928;  467;  336;  125;16,8;31.12.2023
03300517;Märchenland; 1 117;  198;  919;  446;  219;  254;2,02;  554;  356;  223;  73;  60;  509;  348;  161;  132;  6;  126;  48;  230;  215;  174;  41;  36;  3;  33;  19;  86;  10;  100;  88;  93;  461;  93;  47;  38;  8;20,4;31.12.2023
03400618;Rosenthal; 4 824;  726; 4 098; 1 474; 1 047; 1 577;2,21; 2 178; 1 452;  737;  349;  366; 2 515; 1 056; 1 459;  485;  142;  343;  288;  810;  901;  528;  373;  163;  71;  92;  104;  284;  90;  398;  238;  383; 1 609;  569;  281;  230;  58;18,3;31.12.2023
03400619;Wilhelmsruh; 10 711; 2 732; 7 979; 3 472; 2 013; 2 494;1,87; 5 721; 2 989; 1 736;  671;  582; 4 592; 2 244; 2 348; 1 210;  420;  790;  695; 1 482; 1 731; 1 122;  609;  434;  210;  224;  272;  552;  398; 1 453;  881; 1 485; 4 616; 1 105;  614;  395;  96;24,6;31.12.2023
03400620;Schönholz; 3 395;  681; 2 714;  998;  681; 1 035;2,06; 1 646;  965;  499;  227;  239; 1 680;  686;  994;  290;  80;  210;  204;  540;  593;  343;  250;  98;  40;  58;  73;  201;  108;  321;  252;  392; 1 265;  381;  173;  169;  39;19,2;31.12.2023
03400721;Florakiez; 11 893; 3 291; 8 602; 2 788; 2 268; 3 546;1,89; 6 281; 2 990; 1 394;  756;  840; 4 602; 1 202; 3 400; 1 887;  632; 1 255;  977; 1 136; 1 490;  601;  889;  666;  316;  350;  384;  450;  585; 2 146;  560; 1 673; 4 658; 1 623;  841;  670;  112;23,7;31.12.2023
03400722;Parkstraße; 3 791;  963; 2 828; 1 080;  717; 1 031;1,91; 1 981; 1 018;  540;  239;  239; 1 481;  548;  933;  640;  288;  352;  253;  454;  512;  274;  238;  242;  144;  98;  97;  167;  140;  502;  321;  582; 1 548;  433;  221;  175;  37;22,4;31.12.2023
03400723;Garbátyplatz; 7 474; 2 318; 5 156; 1 836; 1 356; 1 964;1,80; 4 143; 1 825;  918;  452;  455; 2 570;  742; 1 828; 1 191;  442;  749;  708;  687;  844;  371;  473;  424;  221;  203;  283;  274;  402; 1 455;  461; 1 123; 3 184;  959;  510;  355;  94;29,5;31.12.2023
03400724;Wolfshagener Straße; 8 364; 2 751; 5 613; 2 398; 1 404; 1 811;1,73; 4 842; 2 091; 1 199;  468;  424; 2 851; 1 148; 1 703; 1 099;  420;  679;  896;  767; 1 017;  574;  443;  401;  210;  191;  357;  316;  439; 1 465;  847; 1 494; 3 851;  991;  568;  343;  80;36,0;31.12.2023
03400725;Schlosspark; 7 464; 2 384; 5 080; 2 212; 1 314; 1 554;1,74; 4 293; 1 909; 1 106;  438;  365; 2 714; 1 296; 1 418;  857;  196;  661;  757;  752; 1 016;  648;  368;  285;  98;  187;  301;  307;  271; 1 205;  908; 1 371; 3 437;  856;  470;  325;  61;35,2;31.12.2023
03400826;Tiroler Viertel; 7 241; 2 378; 4 863; 2 092; 1 203; 1 568;1,73; 4 183; 1 805; 1 046;  401;  358; 2 437; 1 068; 1 369; 1 112;  388;  724;  611;  703;  890;  534;  356;  396;  194;  202;  237;  282;  397; 1 361;  620; 1 246; 3 388;  795;  439;  286;  70;29,8;31.12.2023
03400827;Trelleborger Viertel; 9 614; 3 653; 5 961; 2 510; 1 656; 1 795;1,63; 5 887; 2 234; 1 255;  552;  427; 2 828; 1 076; 1 752; 1 457;  588;  869;  787;  889; 1 011;  538;  473;  540;  294;  246;  320;  363;  618; 2 386;  649; 1 857; 4 848; 1 039;  622;  362;  55;30,8;31.12.2023
03400828;Spiekermann Straße; 4 950; 1 727; 3 223; 1 528;  819;  876;1,66; 2 973; 1 246;  764;  273;  209; 1 748;  790;  958;  705;  348;  357;  304;  466;  655;  395;  260;  279;  174;  105;  127;  185;  281; 1 031;  415;  853; 2 481;  492;  305;  171;  16;25,8;31.12.2023
03400829;Arnold-Zweig-Straße; 6 112; 1 881; 4 231; 1 920; 1 080; 1 231;1,75; 3 485; 1 604;  960;  360;  284; 2 080;  880; 1 200;  994;  512;  482;  536;  621;  756;  440;  316;  390;  256;  134;  214;  244;  345; 1 038;  498; 1 012; 2 821;  664;  402;  205;  57;32,2;31.12.2023
03400830;Kissingenviertel; 9 476; 3 929; 5 547; 2 564; 1 578; 1 405;1,56; 6 071; 2 142; 1 282;  526;  334; 2 550; 1 150; 1 400; 1 152;  350;  802;  925;  920;  957;  575;  382;  406;  175;  231;  384;  395;  557; 2 511;  861; 2 014; 5 074;  997;  628;  314;  55;38,5;31.12.2023
03400831;Pankower Tor;–;–;–;–;–;–;–;–;–;–;–;–;–;–;–;–;–;–;–;–;–;–;–;–;–;–;–;–;–;–;–;–;–;–;–;–;–;–;31.12.2023
03500932;Bühringstraße; 5 772; 1 901; 3 871; 1 970; 1 032;  869;1,68; 3 436; 1 535;  985;  344;  206; 1 853;  900;  953;  874;  418;  456;  607;  537;  709;  450;  259;  342;  209;  133;  258;  226;  274; 1 106;  521;  952; 2 786;  650;  438;  186;  26;39,7;31.12.2023
03500933;Weißer See; 7 336; 2 446; 4 890; 2 068; 1 218; 1 604;1,72; 4 263; 1 817; 1 034;  406;  377; 2 709; 1 202; 1 507;  960;  334;  626;  574;  647;  993;  601;  392;  344;  167;  177;  230;  250;  415; 1 466;  565; 1 259; 3 464;  799;  452;  292;  55;28,8;31.12.2023
03500934;Weißenseer Spitze; 10 425; 3 741; 6 684; 2 618; 1 917; 2 149;1,68; 6 198; 2 457; 1 309;  639;  509; 3 550; 1 266; 2 284; 1 572;  588;  984;  722;  840; 1 251;  633;  618;  576;  294;  282;  291;  339;  727; 2 535;  479; 1 694; 5 007; 1 191;  702;  422;  67;24,4;31.12.2023
03500935;Behaimstraße; 6 856; 2 429; 4 427; 1 598; 1 227; 1 602;1,71; 4 011; 1 582;  799;  409;  374; 2 356;  718; 1 638;  963;  334;  629;  588;  520;  790;  359;  431;  345;  167;  178;  233;  214;  549; 1 564;  316; 1 111; 3 169;  842;  477;  301;  64;27,7;31.12.2023
03500936;Komponistenviertel Weißensee; 10 097; 3 239; 6 858; 2 606; 1 725; 2 527;1,77; 5 702; 2 463; 1 303;  575;  585; 3 382; 1 156; 2 226; 1 469;  484;  985;  986; 1 021; 1 155;  578;  577;  503;  242;  261;  397;  408;  535; 2 021;  683; 1 659; 4 467; 1 235;  660;  469;  106;32,1;31.12.2023
03501037;Rathaus Weißensee; 8 590; 3 385; 5 205; 2 536; 1 323; 1 346;1,59; 5 403; 2 018; 1 268;  441;  309; 2 479; 1 302; 1 177; 1 095;  410;  685;  770;  861;  959;  651;  308;  403;  205;  198;  309;  347;  501; 1 855; 1 029; 1 659; 4 588;  815;  503;  253;  59;37,9;31.12.2023
03501038;Hansastraße; 6 871; 2 087; 4 784; 2 376; 1 149; 1 259;1,74; 3 947; 1 860; 1 188;  383;  289; 2 641; 1 526; 1 115;  784;  254;  530;  626;  733; 1 049;  763;  286;  275;  127;  148;  240;  296;  246; 1 137;  704; 1 165; 3 273;  674;  370;  225;  79;35,6;31.12.2023
03601139;Norweger Viertel; 3 780; 1 599; 2 181;  870;  600;  711;1,57; 2 400;  801;  435;  200;  166; 1 011;  316;  695;  575;  284;  291;  242;  353;  342;  158;  184;  223;  142;  81;  94;  142;  363; 1 099;  137;  728; 2 041;  359;  197;  134;  28;26,2;31.12.2023
03601140;Malmöer Straße; 6 112; 2 499; 3 613; 1 420;  975; 1 218;1,60; 3 821; 1 322;  710;  325;  287; 1 777;  552; 1 225;  929;  430;  499;  396;  511;  601;  276;  325;  358;  215;  143;  156;  207;  475; 1 827;  197; 1 129; 3 197;  624;  353;  234;  37;25,0;31.12.2023
03601141;Arnimplatz; 7 027; 2 779; 4 248; 1 702; 1 212; 1 334;1,62; 4 341; 1 562;  851;  404;  307; 2 014;  640; 1 374; 1 178;  584;  594;  462;  594;  684;  320;  364;  461;  292;  169;  183;  234;  600; 1 875;  304; 1 330; 3 625;  716;  426;  234;  56;25,6;31.12.2023
03601142;Falkplatz; 11 310; 4 773; 6 537; 2 610; 1 614; 2 313;1,58; 7 150; 2 377; 1 305;  538;  534; 3 183;  954; 2 229; 1 719;  842;  877;  787;  848; 1 055;  477;  578;  665;  421;  244;  315;  342;  967; 3 414;  392; 2 239; 6 013; 1 137;  662;  378;  97;27,7;31.12.2023
03601243;Rodenbergstraße; 7 086; 3 104; 3 982; 1 796;  972; 1 214;1,54; 4 612; 1 508;  898;  324;  286; 1 956;  746; 1 210; 1 017;  476;  541;  414;  595;  693;  373;  320;  395;  238;  157;  175;  245;  587; 2 180;  337; 1 545; 3 960;  652;  399;  214;  39;26,8;31.12.2023
03601244;Humannplatz; 7 859; 3 553; 4 306; 2 032; 1 134; 1 140;1,51; 5 217; 1 664; 1 016;  378;  270; 2 088;  838; 1 250; 1 007;  494;  513;  547;  664;  757;  419;  338;  397;  247;  150;  234;  276;  668; 2 369;  516; 1 853; 4 495;  722;  459;  222;  41;32,4;31.12.2023
03601245;Ostseestraße; 13 644; 6 383; 7 261; 3 600; 1 959; 1 702;1,48; 9 235; 2 852; 1 800;  653;  399; 3 297; 1 518; 1 779; 1 835;  952;  883;  974; 1 155; 1 255;  759;  496;  730;  476;  254;  402;  465; 1 258; 4 143;  982; 3 187; 8 083; 1 152;  756;  339;  57;34,9;31.12.2023
03601346;Gethsemanekirche; 6 179; 2 412; 3 767; 1 432;  996; 1 339;1,64; 3 771; 1 359;  716;  332;  311; 1 842;  478; 1 364;  875;  440;  435;  461;  589;  593;  239;  354;  344;  220;  124;  186;  236;  450; 1 758;  204; 1 063; 3 107;  664;  391;  222;  51;28,0;31.12.2023
03601347;Helmholtzplatz; 9 885; 3 927; 5 958; 2 206; 1 521; 2 231;1,63; 6 053; 2 126; 1 103;  507;  516; 2 810;  754; 2 056; 1 509;  574;  935;  727;  912;  908;  377;  531;  542;  287;  255;  302;  374;  668; 2 944;  315; 1 794; 4 965; 1 088;  616;  382;  90;27,8;31.12.2023
03601348;Senefelderstraße; 7 823; 3 341; 4 482; 1 706; 1 164; 1 612;1,58; 4 960; 1 619;  853;  388;  378; 2 144;  636; 1 508; 1 089;  472;  617;  500;  749;  712;  318;  394;  408;  236;  172;  204;  295;  650; 2 431;  260; 1 620; 4 190;  770;  429;  278;  63;26,5;31.12.2023
03601449;Michelangelostraße; 9 543; 3 839; 5 704; 3 218; 1 230; 1 256;1,55; 6 141; 2 302; 1 609;  410;  283; 2 905; 1 968;  937;  890;  306;  584;  921;  988; 1 222;  984;  238;  315;  153;  162;  350;  415;  557; 1 829; 1 453; 2 038; 5 391;  750;  465;  209;  76;46,7;31.12.2023
03601450;Volkspark Prenzlauer Berg; 4 013; 1 176; 2 837; 1 138;  621; 1 078;1,84; 2 185; 1 009;  569;  207;  233; 1 191;  526;  665;  626;  216;  410;  586;  434;  419;  263;  156;  210;  108;  102;  207;  173;  181;  658;  337;  579; 1 720;  465;  207;  170;  88;44,5;31.12.2023
03601451;Anton-Saefkow-Park; 6 597; 2 775; 3 822; 1 684; 1 008; 1 130;1,56; 4 223; 1 448;  842;  336;  270; 1 918;  720; 1 198;  954;  406;  548;  428;  522;  684;  360;  324;  361;  203;  158;  185;  218;  507; 1 910;  358; 1 324; 3 556;  667;  407;  228;  32;27,7;31.12.2023
03601452;Velodrom; 4 739; 1 843; 2 896; 1 300;  723;  873;1,61; 2 939; 1 096;  650;  241;  205; 1 290;  472;  818;  752;  406;  346;  400;  454;  452;  236;  216;  300;  203;  97;  160;  184;  378; 1 205;  260;  868; 2 466;  473;  265;  183;  25;33,8;31.12.2023
03601453;Alter Schlachthof; 3 299;  541; 2 758;  778;  546; 1 434;2,28; 1 445;  904;  389;  182;  333; 1 819;  360; 1 459;  595;  308;  287;  123;  221;  548;  180;  368;  230;  154;  76;  46;  80;  131;  309;  101;  292;  955;  490;  208;  217;  65;9,4;31.12.2023
03701554;Teutoburger Platz; 11 853; 4 636; 7 217; 2 690; 1 926; 2 601;1,64; 7 232; 2 596; 1 345;  642;  609; 3 435;  960; 2 475; 1 778;  780;  998;  889; 1 115; 1 123;  480;  643;  672;  390;  282;  361;  440;  902; 3 363;  371; 2 079; 5 946; 1 286;  742;  459;  85;28,1;31.12.2023
03701555;Sredzkistraße; 7 642; 3 004; 4 638; 1 888; 1 263; 1 487;1,62; 4 716; 1 712;  944;  421;  347; 2 291;  752; 1 539; 1 031;  438;  593;  531;  785;  781;  376;  405;  389;  219;  170;  221;  321;  587; 2 088;  329; 1 447; 3 920;  796;  485;  264;  47;27,8;31.12.2023
03701556;Kollwitzplatz; 8 775; 3 048; 5 727; 2 196; 1 578; 1 953;1,71; 5 133; 2 085; 1 098;  526;  461; 3 166;  984; 2 182; 1 136;  510;  626;  573;  852; 1 073;  492;  581;  431;  255;  176;  234;  347;  517; 2 163;  368; 1 436; 4 142;  991;  564;  366;  61;23,6;31.12.2023
03701657;Thälmannpark; 3 256; 1 115; 2 141;  872;  555;  714;1,71; 1 899;  784;  436;  185;  163; 1 108;  482;  626;  376;  158;  218;  267;  390;  401;  241;  160;  137;  79;  58;  99;  147;  154;  631;  330;  560; 1 582;  317;  168;  118;  31;31,2;31.12.2023
03701658;Christburger Straße; 8 617; 3 339; 5 278; 2 014; 1 404; 1 860;1,64; 5 249; 1 910; 1 007;  468;  435; 2 575;  798; 1 777; 1 328;  596;  732;  610;  765;  860;  399;  461;  506;  298;  208;  243;  301;  693; 2 352;  294; 1 591; 4 337;  912;  503;  346;  63;26,6;31.12.2023
03701659;Immanuelkirchstraße; 9 762; 3 547; 6 215; 2 386; 1 572; 2 257;1,69; 5 793; 2 246; 1 193;  524;  529; 3 177; 1 034; 2 143; 1 447;  640;  807;  667;  924; 1 077;  517;  560;  545;  320;  225;  262;  362;  693; 2 406;  448; 1 709; 4 746; 1 047;  574;  397;  76;25,0;31.12.2023
03701660;Bötzowstraße; 13 113; 4 681; 8 432; 3 016; 2 295; 3 121;1,70; 7 692; 3 011; 1 508;  765;  738; 4 148; 1 242; 2 906; 1 884;  704; 1 180; 1 040; 1 360; 1 381;  621;  760;  683;  352;  331;  419;  528;  832; 3 298;  551; 2 270; 6 182; 1 510;  861;  561;  88;27,7;31.12.2023
04100101;Jungfernheide/ Plötzensee; 11 578; 4 417; 7 161; 3 156; 1 773; 2 232;1,63; 7 086; 2 669; 1 578;  591;  500; 3 803; 1 722; 2 081;  757;  350;  407; 1 043; 1 558; 1 384;  861;  523;  285;  175;  110;  389;  611;  698; 2 311; 1 408; 2 056; 6 064; 1 022;  562;  325;  135;38,1;31.12.2023
04100102;Paul-Hertz-Siedlung; 7 870; 2 123; 5 747; 2 166; 1 452; 2 129;1,89; 4 172; 2 049; 1 083;  484;  482; 2 971; 1 158; 1 813;  619;  178;  441;  965; 1 192; 1 025;  579;  446;  208;  89;  119;  356;  460;  222; 1 080;  821; 1 149; 3 251;  921;  474;  312;  135;38,7;31.12.2023
04200203;Olympiagelände; 1 538;  373; 1 165;  474;  255;  436;1,93;  796;  423;  237;  85;  101;  683;  310;  373;  100;  44;  56;  103;  279;  247;  155;  92;  38;  22;  16;  39;  99;  71;  160;  142;  189;  649;  147;  70;  58;  19;26,5;31.12.2023
04200204;Angerburger Allee; 3 122;  988; 2 134; 1 038;  471;  625;1,73; 1 809;  821;  519;  157;  145; 1 271;  628;  643;  299;  178;  121;  174;  390;  483;  314;  169;  120;  89;  31;  68;  150;  136;  322;  530;  559; 1 541;  268;  139;  110;  19;25,4;31.12.2023
04200205;Flatowallee; 2 591;  843; 1 748;  828;  378;  542;1,72; 1 507;  664;  414;  126;  124;  978;  488;  490;  220;  150;  70;  157;  393;  370;  244;  126;  92;  75;  17;  58;  144;  115;  401;  327;  428; 1 306;  201;  106;  74;  21;28,9;31.12.2023
04200206;Kranzallee; 2 938;  608; 2 330;  854;  606;  870;2,05; 1 436;  828;  427;  202;  199; 1 396;  602;  794;  157;  48;  109;  207;  570;  499;  301;  198;  55;  24;  31;  73;  201;  74;  252;  282;  337; 1 134;  302;  148;  115;  39;24,2;31.12.2023
04200207;Eichkamp; 3 153;  802; 2 351; 1 070;  408;  873;1,89; 1 672;  870;  535;  136;  199; 1 215;  506;  709;  453;  388;  65;  149;  534;  421;  253;  168;  211;  194;  17;  52;  186;  242;  298;  262;  393; 1 435;  237;  85;  111;  41;21,9;31.12.2023
04200308;Branitzer Platz; 6 281; 2 278; 4 003; 1 824;  846; 1 333;1,66; 3 779; 1 501;  912;  282;  307; 2 297; 1 096; 1 201;  612;  330;  282;  315;  779;  854;  548;  306;  240;  165;  75;  117;  290;  462;  958;  858; 1 180; 3 281;  498;  253;  187;  58;23,5;31.12.2023
04200309;Neu Westend; 7 042; 2 397; 4 645; 2 324; 1 071; 1 250;1,67; 4 206; 1 809; 1 162;  357;  290; 2 760; 1 468; 1 292;  626;  310;  316;  383;  876; 1 070;  734;  336;  245;  155;  90;  155;  339;  358; 1 067;  972; 1 357; 3 625;  581;  335;  206;  40;26,7;31.12.2023
04200310;Fürstenplatz; 7 904; 2 808; 5 096; 2 226; 1 191; 1 679;1,68; 4 700; 1 892; 1 113;  397;  382; 2 972; 1 364; 1 608;  577;  290;  287;  387; 1 160; 1 093;  682;  411;  221;  145;  76;  150;  428;  392; 1 174; 1 242; 1 561; 4 063;  637;  345;  211;  81;23,5;31.12.2023
04200311;Königin-Elisabeth-Straße; 7 560; 3 173; 4 387; 2 050; 1 017; 1 320;1,56; 4 838; 1 665; 1 025;  339;  301; 2 296; 1 092; 1 204;  811;  402;  409;  398;  882;  854;  546;  308;  316;  201;  115;  146;  349;  742; 1 497;  934; 1 614; 4 269;  569;  327;  183;  59;25,7;31.12.2023
04300412;Schlossgarten; 4 496; 1 601; 2 895; 1 350;  723;  822;1,66; 2 704; 1 103;  675;  241;  187; 1 609;  564; 1 045;  688;  494;  194;  191;  407;  560;  282;  278;  304;  247;  57;  76;  163;  378;  710;  513;  768; 2 293;  411;  250;  128;  33;18,5;31.12.2023
04300413;Klausenerplatz; 10 225; 3 586; 6 639; 2 594; 1 590; 2 455;1,71; 5 977; 2 391; 1 297;  530;  564; 3 366; 1 220; 2 146;  956;  444;  512;  777; 1 540; 1 148;  610;  538;  361;  222;  139;  299;  583;  669; 1 862; 1 055; 1 841; 5 001;  976;  510;  362;  104;30,6;31.12.2023
04300414;Schloßstraße; 10 975; 4 275; 6 700; 2 936; 1 740; 2 024;1,62; 6 789; 2 514; 1 468;  580;  466; 3 630; 1 536; 2 094; 1 100;  574;  526;  586; 1 384; 1 313;  768;  545;  437;  287;  150;  238;  526;  744; 2 194; 1 337; 2 231; 5 856;  933;  564;  298;  71;25,5;31.12.2023
04300415;Lietzensee; 6 554; 2 476; 4 078; 1 918;  933; 1 227;1,62; 4 034; 1 558;  959;  311;  288; 2 219; 1 098; 1 121;  594;  294;  300;  303;  962;  841;  549;  292;  232;  147;  85;  121;  364;  410; 1 098;  968; 1 390; 3 536;  498;  291;  163;  44;24,3;31.12.2023
04300416;Amtsgerichtsplatz; 12 361; 4 838; 7 523; 3 488; 1 857; 2 178;1,60; 7 705; 2 867; 1 744;  619;  504; 3 802; 1 742; 2 060; 1 302;  696;  606;  790; 1 629; 1 407;  871;  536;  521;  348;  173;  308;  631; 1 005; 2 445; 1 388; 2 396; 6 688; 1 017;  589;  337;  91;30,3;31.12.2023
04300517;Tegeler Weg; 9 883; 4 370; 5 513; 2 578; 1 365; 1 570;1,53; 6 465; 2 095; 1 289;  455;  351; 2 617; 1 176; 1 441; 1 024;  550;  474;  609; 1 263;  959;  588;  371;  407;  275;  132;  225;  504;  953; 2 405; 1 012; 2 134; 5 737;  728;  421;  236;  71;30,9;31.12.2023
04300518;Kaiserin-Augusta-Allee; 5 966; 2 352; 3 614; 1 670;  876; 1 068;1,60; 3 724; 1 372;  835;  292;  245; 1 895;  854; 1 041;  653;  336;  317;  340;  726;  698;  427;  271;  257;  168;  89;  131;  286;  510; 1 313;  529; 1 133; 3 233;  491;  283;  155;  53;26,7;31.12.2023
04300619;Alt-Lietzow; 9 232; 3 639; 5 593; 2 540; 1 284; 1 769;1,61; 5 735; 2 096; 1 270;  428;  398; 3 038; 1 348; 1 690;  819;  474;  345;  532; 1 204; 1 106;  674;  432;  334;  237;  97;  198;  458;  653; 1 873; 1 113; 1 880; 5 008;  727;  414;  248;  65;27,2;31.12.2023
04300620;Spreestadt; 4 221; 1 508; 2 713; 1 162;  729;  822;1,68; 2 515; 1 007;  581;  243;  183; 1 431;  516;  915;  575;  372;  203;  207;  500;  498;  258;  240;  243;  186;  57;  79;  187;  371;  902;  235;  630; 2 139;  376;  234;  103;  39;21,0;31.12.2023
04300621;Richard-Wagner-Straße; 11 172; 4 486; 6 686; 2 952; 1 653; 2 081;1,60; 6 989; 2 503; 1 476;  551;  476; 3 536; 1 514; 2 022;  996;  536;  460;  665; 1 489; 1 284;  757;  527;  394;  268;  126;  258;  567;  811; 2 301; 1 374; 2 254; 6 078;  911;  526;  293;  92;28,3;31.12.2023
04300622;Ernst-Reuter-Platz; 5 499; 1 965; 3 534; 1 532;  879; 1 123;1,68; 3 279; 1 314;  766;  293;  255; 1 893;  750; 1 143;  570;  340;  230;  340;  731;  671;  375;  296;  233;  170;  63;  133;  277;  407; 1 029;  529; 1 024; 2 787;  492;  287;  157;  48;27,0;31.12.2023
04300623;Karl-August-Platz; 12 768; 5 209; 7 559; 3 252; 1 974; 2 333;1,59; 8 026; 2 817; 1 626;  658;  533; 3 851; 1 498; 2 353; 1 305;  776;  529;  643; 1 760; 1 362;  749;  613;  538;  388;  150;  250;  667; 1 110; 2 672; 1 427; 2 422; 7 013; 1 013;  597;  340;  76;24,7;31.12.2023
04300624;Savignyplatz; 9 850; 4 311; 5 539; 2 624; 1 338; 1 577;1,53; 6 431; 2 120; 1 312;  446;  362; 2 845; 1 368; 1 477;  900;  520;  380;  520; 1 274; 1 067;  684;  383;  368;  260;  108;  194;  491;  810; 2 178; 1 323; 2 125; 5 746;  685;  382;  236;  67;28,3;31.12.2023
04400725;Güterbahnhof Grunewald;  81;  46;  35;  16;  15;  4;1,35;  60;  14;  8;  5;  1;  11;  8;  3;  13;  6;  7;  3;  8;  5;  4;  1;  5;  3;  2;  1;  3;  5;  31;  10;  19;  56;  4;  3;  1;–;25,0;31.12.2023
04400726;Bismarckallee; 5 599; 1 773; 3 826; 1 464;  879; 1 483;1,79; 3 136; 1 363;  732;  293;  338; 2 341;  922; 1 419;  339;  166;  173;  390;  756;  812;  461;  351;  131;  83;  48;  144;  276;  209;  727;  837;  944; 2 593;  543;  261;  207;  75;26,5;31.12.2023
04400727;Flinsberger Platz; 8 740; 3 424; 5 316; 2 472; 1 344; 1 500;1,60; 5 459; 2 035; 1 236;  448;  351; 3 069; 1 454; 1 615;  606;  286;  320;  569; 1 072; 1 151;  727;  424;  236;  143;  93;  227;  421;  571; 1 637; 1 216; 1 814; 4 715;  744;  426;  270;  48;30,5;31.12.2023
04400728;Hagenplatz; 3 326; 1 024; 2 302;  876;  567;  859;1,80; 1 850;  826;  438;  189;  199; 1 394;  572;  822;  171;  74;  97;  205;  532;  493;  286;  207;  64;  37;  27;  77;  192;  106;  437;  481;  543; 1 539;  311;  144;  124;  43;24,8;31.12.2023
04400729;Hundekehle; 2 891;  796; 2 095;  840;  495;  760;1,86; 1 553;  757;  420;  165;  172; 1 363;  616;  747;  150;  60;  90;  177;  405;  499;  308;  191;  55;  30;  25;  66;  137;  76;  340;  380;  452; 1 271;  282;  153;  96;  33;23,4;31.12.2023
04400830;Forckenbeckstraße; 8 178; 2 157; 6 021; 2 358; 1 539; 2 124;1,89; 4 335; 2 178; 1 179;  513;  486; 3 761; 1 418; 2 343;  838;  388;  450;  465;  957; 1 314;  709;  605;  319;  194;  125;  183;  362;  286;  960;  911; 1 216; 3 422;  913;  506;  327;  80;20,0;31.12.2023
04400831;Messelpark; 1 619;  472; 1 147;  516;  288;  343;1,79;  904;  432;  258;  96;  78;  717;  344;  373;  79;  46;  33;  80;  271;  267;  172;  95;  33;  23;  10;  30;  102;  46;  174;  252;  263;  769;  135;  71;  49;  15;22,2;31.12.2023
04400832;Breite Straße; 7 210; 2 505; 4 705; 2 294; 1 089; 1 322;1,67; 4 324; 1 819; 1 147;  363;  309; 2 834; 1 426; 1 408;  594;  318;  276;  374;  903; 1 082;  713;  369;  238;  159;  79;  153;  346;  300; 1 002; 1 203; 1 485; 3 723;  601;  346;  205;  50;25,5;31.12.2023
04400833;Schlangenbader Straße; 4 038; 1 700; 2 338; 1 204;  564;  570;1,54; 2 621;  921;  602;  188;  131; 1 288;  732;  556;  267;  104;  163;  320;  463;  509;  366;  143;  98;  52;  46;  125;  189;  165;  712;  823;  954; 2 307;  314;  174;  113;  27;39,8;31.12.2023
04400834;Binger Straße; 3 582; 1 335; 2 247; 1 084;  480;  683;1,63; 2 195;  860;  542;  160;  158; 1 381;  688;  693;  246;  120;  126;  145;  475;  524;  344;  180;  94;  60;  34;  61;  181;  196;  580;  559;  732; 1 920;  275;  150;  98;  27;22,2;31.12.2023
04400835;Rüdesheimer Platz; 10 494; 3 815; 6 679; 3 202; 1 533; 1 944;1,64; 6 381; 2 566; 1 601;  511;  454; 3 720; 1 858; 1 862;  879;  356;  523;  659; 1 421; 1 413;  929;  484;  325;  178;  147;  271;  557;  531; 1 794; 1 490; 2 188; 5 479;  902;  530;  292;  80;30,0;31.12.2023
04500936;Droysenstraße; 5 807; 2 180; 3 627; 1 520;  816; 1 291;1,66; 3 498; 1 318;  760;  272;  286; 1 982;  838; 1 144;  505;  276;  229;  361;  779;  703;  419;  284;  200;  138;  62;  139;  276;  348; 1 095;  737; 1 123; 3 013;  485;  266;  165;  54;28,7;31.12.2023
04500937;Halensee; 7 845; 3 158; 4 687; 2 286; 1 197; 1 204;1,57; 4 983; 1 825; 1 143;  399;  283; 2 567; 1 280; 1 287;  654;  380;  274;  442; 1 024;  983;  640;  343;  270;  190;  80;  176;  396;  500; 1 596; 1 062; 1 612; 4 384;  599;  366;  195;  38;29,4;31.12.2023
04500938;Hochmeisterplatz; 8 816; 3 296; 5 520; 2 506; 1 398; 1 616;1,64; 5 390; 2 094; 1 253;  466;  375; 3 136; 1 396; 1 740;  776;  466;  310;  442; 1 166; 1 154;  698;  456;  321;  233;  88;  175;  444;  514; 1 650; 1 132; 1 653; 4 671;  719;  402;  256;  61;24,3;31.12.2023
04500939;Eisenzahnstraße; 6 849; 2 634; 4 215; 1 950; 1 017; 1 248;1,62; 4 236; 1 602;  975;  339;  288; 2 265; 1 012; 1 253;  556;  296;  260;  497;  897;  833;  506;  327;  222;  148;  74;  200;  347;  465; 1 338;  831; 1 353; 3 635;  601;  358;  183;  60;33,3;31.12.2023
04501040;Hindemithplatz; 6 231; 2 491; 3 740; 1 750;  969; 1 021;1,59; 3 924; 1 433;  875;  323;  235; 2 088;  972; 1 116;  500;  294;  206;  282;  870;  778;  486;  292;  208;  147;  61;  117;  330;  389; 1 224;  878; 1 279; 3 454;  470;  282;  151;  37;24,9;31.12.2023
04501041;George-Grosz-Platz; 5 863; 2 212; 3 651; 1 704;  927; 1 020;1,62; 3 610; 1 398;  852;  309;  237; 1 953;  962;  991;  503;  288;  215;  316;  879;  739;  481;  258;  207;  144;  63;  126;  326;  269; 1 059;  884; 1 115; 3 163;  447;  263;  149;  35;28,2;31.12.2023
04501042;Breitscheidplatz; 3 973; 1 591; 2 382; 1 070;  537;  775;1,60; 2 478;  887;  535;  179;  173; 1 230;  542;  688;  410;  206;  204;  275;  467;  449;  271;  178;  156;  103;  53;  98;  184;  257;  781;  553;  725; 2 149;  329;  181;  109;  39;29,8;31.12.2023
04501043;Preußenpark; 11 621; 4 429; 7 192; 3 246; 1 776; 2 170;1,63; 7 137; 2 708; 1 623;  592;  493; 3 951; 1 810; 2 141; 1 000;  578;  422;  663; 1 578; 1 453;  905;  548;  409;  289;  120;  248;  598;  655; 2 175; 1 599; 2 291; 6 221;  916;  505;  322;  89;27,1;31.12.2023
04501044;Ludwigkirchplatz; 5 553; 2 294; 3 259; 1 544;  759;  956;1,57; 3 536; 1 242;  772;  253;  217; 1 676;  800;  876;  513;  260;  253;  367;  703;  625;  400;  225;  200;  130;  70;  143;  274;  387; 1 068;  839; 1 160; 3 098;  438;  248;  146;  44;32,6;31.12.2023
04501045;Schaperstraße; 9 638; 4 050; 5 588; 2 880; 1 176; 1 532;1,55; 6 234; 2 184; 1 440;  392;  352; 3 129; 1 632; 1 497;  763;  430;  333;  514; 1 182; 1 201;  816;  385;  308;  215;  93;  209;  466;  639; 1 989; 1 422; 1 994; 5 547;  687;  399;  227;  61;30,4;31.12.2023
04501146;Barstraße; 4 787; 1 907; 2 880; 1 276;  609;  995;1,61; 2 971; 1 064;  638;  203;  223; 1 521;  634;  887;  480;  228;  252;  298;  581;  537;  317;  220;  180;  114;  66;  122;  225;  396;  994;  517;  905; 2 563;  408;  220;  142;  46;29,9;31.12.2023
04501147;Leon-Jessel-Platz; 5 780; 2 309; 3 471; 1 492;  813; 1 166;1,61; 3 591; 1 282;  746;  271;  265; 1 900;  810; 1 090;  490;  244;  246;  303;  778;  686;  405;  281;  188;  122;  66;  116;  292;  457; 1 221;  631; 1 170; 3 128;  463;  259;  155;  49;25,1;31.12.2023
04501148;Brabanter Platz; 4 490; 1 707; 2 783; 1 142;  705;  936;1,65; 2 725; 1 018;  571;  235;  212; 1 449;  572;  877;  399;  194;  205;  292;  643;  512;  286;  226;  152;  97;  55;  108;  246;  321;  858;  528;  863; 2 336;  389;  201;  147;  41;27,8;31.12.2023
04501149;Nikolsburger Platz; 10 474; 3 882; 6 592; 2 890; 1 578; 2 124;1,66; 6 328; 2 446; 1 445;  526;  475; 3 586; 1 638; 1 948;  993;  472;  521;  598; 1 415; 1 317;  819;  498;  374;  236;  138;  222;  533;  624; 1 858; 1 400; 2 054; 5 470;  858;  465;  280;  113;25,9;31.12.2023
04501150;Wilhelmsaue; 2 889; 1 236; 1 653;  760;  366;  527;1,55; 1 861;  625;  380;  122;  123;  969;  422;  547;  259;  134;  125;  115;  310;  354;  211;  143;  101;  67;  34;  43;  127;  205;  635;  396;  648; 1 641;  220;  111;  89;  20;19,5;31.12.2023
04501151;Hildegardstraße; 7 808; 2 825; 4 983; 2 258; 1 161; 1 564;1,66; 4 704; 1 879; 1 129;  387;  363; 2 706; 1 178; 1 528;  728;  382;  346;  489; 1 060;  984;  589;  395;  288;  191;  97;  193;  414;  524; 1 419;  882; 1 466; 4 019;  685;  373;  251;  61;28,2;31.12.2023
04501152;Prager Platz; 7 157; 2 870; 4 287; 2 076; 1 002; 1 209;1,58; 4 523; 1 653; 1 038;  334;  281; 2 478; 1 234; 1 244;  592;  304;  288;  285;  932;  945;  617;  328;  233;  152;  81;  115;  360;  478; 1 410;  982; 1 431; 3 999;  524;  307;  177;  40;21,9;31.12.2023
04501153;Babelsberger Straße; 7 715; 2 981; 4 734; 2 138; 1 134; 1 462;1,62; 4 760; 1 779; 1 069;  378;  332; 2 630; 1 090; 1 540;  713;  428;  285;  464;  927;  942;  545;  397;  295;  214;  81;  173;  369;  637; 1 494;  850; 1 426; 4 109;  651;  358;  221;  72;26,6;31.12.2023
05100101;Hakenfelde Nord; 3 376;  663; 2 713; 1 046;  636; 1 031;2,07; 1 634;  971;  523;  212;  236; 1 751;  696; 1 055;  346;  124;  222;  226;  390;  615;  348;  267;  125;  62;  63;  86;  145;  73;  326;  264;  353; 1 218;  416;  212;  155;  49;20,7;31.12.2023
05100102;Am Forstacker; 4 415; 1 486; 2 929; 1 586;  624;  719;1,67; 2 648; 1 162;  793;  208;  161; 1 639;  998;  641;  362;  154;  208;  425;  503;  662;  499;  163;  135;  77;  58;  166;  199;  180;  697;  609;  785; 2 261;  387;  235;  104;  48;42,9;31.12.2023
05100103;Mertensstraße; 6 018; 1 527; 4 491; 1 454; 1 212; 1 825;1,97; 3 062; 1 535;  727;  404;  404; 2 656;  768; 1 888;  765;  310;  455;  440;  630;  867;  384;  483;  272;  155;  117;  165;  231;  277;  847;  403;  658; 2 297;  765;  405;  253;  107;21,6;31.12.2023
05100104;Maselake; 6 030; 1 414; 4 616; 1 608; 1 179; 1 829;2,00; 3 011; 1 597;  804;  393;  400; 2 674;  870; 1 804;  840;  350;  490;  455;  647;  889;  435;  454;  305;  175;  130;  166;  237;  191;  737;  486;  719; 2 261;  750;  407;  233;  110;22,1;31.12.2023
05100105;Amorbacher Weg; 7 805; 2 416; 5 389; 2 592; 1 245; 1 552;1,74; 4 480; 2 064; 1 296;  415;  353; 3 045; 1 642; 1 403;  662;  300;  362;  541; 1 141; 1 176;  821;  355;  248;  150;  98;  208;  432;  362; 1 241;  813; 1 207; 3 819;  661;  355;  232;  74;31,5;31.12.2023
05100206;Griesingerstraße; 3 040;  690; 2 350;  774;  513; 1 063;2,05; 1 482;  792;  387;  171;  234; 1 202;  444;  758;  279;  94;  185;  341;  528;  397;  222;  175;  92;  47;  45;  111;  192;  95;  282;  313;  371; 1 151;  331;  140;  126;  65;33,5;31.12.2023
05100207;An der Tränke; 2 272;  399; 1 873;  780;  453;  640;2,10; 1 084;  685;  390;  151;  144; 1 079;  556;  523;  209;  100;  109;  115;  470;  408;  278;  130;  79;  50;  29;  43;  155;  79;  218;  102;  208;  882;  202;  106;  72;  24;21,3;31.12.2023
05100208;Im Spektefeld; 11 102; 2 868; 8 234; 3 002; 1 842; 3 390;1,94; 5 717; 2 849; 1 501;  614;  734; 4 537; 1 778; 2 759;  910;  260;  650; 1 125; 1 662; 1 539;  889;  650;  293;  130;  163;  392;  625;  392; 1 426; 1 050; 1 481; 4 512; 1 205;  554;  409;  242;32,5;31.12.2023
05100209;Westerwaldstraße; 11 907; 2 819; 9 088; 3 048; 2 265; 3 775;2,01; 5 935; 3 116; 1 524;  755;  837; 4 763; 1 668; 3 095;  967;  356;  611; 1 340; 2 018; 1 583;  834;  749;  337;  178;  159;  457;  739;  356; 1 385; 1 078; 1 457; 4 570; 1 365;  664;  467;  234;33,5;31.12.2023
05100210;Germersheimer Platz; 7 971; 3 154; 4 817; 2 120; 1 305; 1 392;1,61; 4 963; 1 809; 1 060;  435;  314; 2 349; 1 034; 1 315;  675;  298;  377;  898;  895;  862;  517;  345;  250;  149;  101;  336;  361;  477; 1 858;  819; 1 501; 4 181;  782;  449;  232;  101;43,0;31.12.2023
05100211;An der Kappe; 6 302; 1 697; 4 605; 1 826; 1 053; 1 726;1,89; 3 341; 1 644;  913;  351;  380; 2 702; 1 282; 1 420;  409;  124;  285;  342; 1 152;  982;  641;  341;  137;  62;  75;  124;  401;  229;  792;  676;  851; 2 801;  540;  269;  185;  86;23,0;31.12.2023
05100312;Eckschanze; 4 166; 1 587; 2 579; 1 080;  615;  884;1,65; 2 527;  940;  540;  205;  195; 1 352;  540;  812;  353;  146;  207;  377;  497;  469;  270;  199;  130;  73;  57;  147;  194;  347;  850;  390;  737; 2 124;  403;  224;  124;  55;36,5;31.12.2023
05100313;Eiswerder; 5 965; 1 275; 4 690; 1 578; 1 095; 2 017;2,09; 2 859; 1 584;  789;  365;  430; 2 482;  822; 1 660;  765;  334;  431;  478;  965;  814;  411;  403;  265;  167;  98;  163;  342;  231;  649;  395;  612; 2 195;  664;  331;  203;  130;24,5;31.12.2023
05100314;Kurstraße; 7 768; 2 619; 5 149; 1 736; 1 041; 2 372;1,80; 4 321; 1 702;  868;  347;  487; 2 699;  754; 1 945;  848;  376;  472;  589; 1 013;  818;  377;  441;  302;  188;  114;  205;  377;  615; 1 526;  478;  972; 3 561;  760;  355;  214;  191;27,0;31.12.2023
05100315;Ackerstraße; 7 336; 2 385; 4 951; 1 834; 1 233; 1 884;1,78; 4 129; 1 744;  917;  411;  416; 2 535;  914; 1 621;  759;  306;  453;  607; 1 050;  861;  457;  404;  268;  153;  115;  221;  394;  533; 1 369;  483; 1 015; 3 389;  740;  390;  241;  109;29,9;31.12.2023
05100316;Carl-Schurz-Straße; 10 713; 3 780; 6 933; 2 956; 1 752; 2 225;1,69; 6 331; 2 551; 1 478;  584;  489; 3 435; 1 430; 2 005;  965;  408;  557; 1 091; 1 442; 1 215;  715;  500;  352;  204;  148;  411;  573;  648; 2 180;  952; 1 806; 5 272; 1 059;  580;  329;  150;38,8;31.12.2023
05100317;Freiheit; 4 145; 1 214; 2 931; 1 048;  627; 1 256;1,89; 2 197;  983;  524;  209;  250; 1 248;  450;  798;  784;  236;  548;  363;  536;  413;  225;  188;  235;  118;  117;  128;  207;  230;  698;  286;  536; 1 764;  433;  216;  127;  90;29,6;31.12.2023
05200418;Isenburger Weg; 3 916;  488; 3 428; 1 272;  885; 1 271;2,29; 1 708; 1 220;  636;  295;  289; 2 110;  992; 1 118;  239;  68;  171;  142;  937;  769;  496;  273;  81;  34;  47;  54;  316;  58;  264;  166;  225; 1 334;  374;  182;  148;  44;14,4;31.12.2023
05200419;Am Heideberg; 1 677;  610; 1 067;  534;  261;  272;1,63; 1 029;  419;  267;  87;  65;  670;  402;  268;  88;  22;  66;  85;  224;  273;  201;  72;  30;  11;  19;  31;  85;  64;  294;  252;  321;  907;  122;  68;  44;  10;25,4;31.12.2023
05200420;Staakener Straße; 6 013; 1 358; 4 655; 1 836; 1 134; 1 685;1,99; 3 029; 1 671;  918;  378;  375; 2 776; 1 310; 1 466;  371;  110;  261;  303; 1 205; 1 014;  655;  359;  127;  55;  72;  109;  421;  197;  610;  551;  657; 2 489;  540;  284;  187;  69;20,2;31.12.2023
05200421;Spandauer Straße; 4 138; 1 185; 2 953; 1 208;  618; 1 127;1,85; 2 236; 1 051;  604;  206;  241; 1 584;  722;  862;  369;  134;  235;  426;  574;  562;  361;  201;  126;  67;  59;  149;  214;  183;  553;  449;  627; 1 827;  409;  190;  144;  75;36,4;31.12.2023
05200422;Werkstraße; 1 199;  222;  977;  356;  270;  351;2,11;  567;  345;  178;  90;  77;  531;  214;  317;  171;  72;  99;  92;  183;  187;  107;  80;  62;  36;  26;  32;  64;  52;  132;  38;  105;  429;  138;  71;  51;  16;23,2;31.12.2023
05200423;Magistratsweg; 6 886; 2 062; 4 824; 1 994; 1 116; 1 714;1,81; 3 810; 1 748;  997;  372;  379; 2 480; 1 074; 1 406;  630;  192;  438;  834;  880;  880;  537;  343;  208;  96;  112;  310;  350;  230;  977;  855; 1 138; 3 045;  765;  392;  249;  124;40,5;31.12.2023
05200524;Döberitzer Weg; 3 307;  509; 2 798;  876;  711; 1 211;2,27; 1 457;  948;  438;  237;  273; 1 649;  606; 1 043;  314;  78;  236;  202;  633;  559;  303;  256;  103;  39;  64;  74;  212;  74;  296;  139;  271; 1 063;  394;  184;  154;  56;18,8;31.12.2023
05200525;Pillnitzer Weg; 2 479;  580; 1 899;  782;  519;  598;1,93; 1 283;  703;  391;  173;  139; 1 213;  548;  665;  229;  94;  135;  97;  360;  450;  274;  176;  86;  47;  39;  40;  127;  58;  310;  212;  322; 1 028;  255;  142;  93;  20;15,7;31.12.2023
05200526;Rudolf-Wissell-Großsiedlung; 5 841; 1 516; 4 325; 1 308;  936; 2 081;2,00; 2 925; 1 409;  654;  312;  443; 2 019;  594; 1 425;  505;  150;  355;  862;  939;  622;  297;  325;  162;  75;  87;  276;  349;  203;  827;  486;  671; 2 237;  688;  280;  221;  187;40,1;31.12.2023
05200527;Maulbeerallee; 12 122; 2 206; 9 916; 2 774; 2 259; 4 883;2,25; 5 384; 3 178; 1 387;  753; 1 038; 4 963; 1 440; 3 523; 1 207;  258;  949; 1 849; 1 897; 1 525;  720;  805;  350;  129;  221;  604;  699;  363; 1 093;  750; 1 046; 3 754; 1 630;  654;  564;  412;37,1;31.12.2023
05200528;Weinmeisterhornweg; 7 332; 1 923; 5 409; 2 448; 1 197; 1 764;1,86; 3 947; 2 024; 1 224;  399;  401; 3 275; 1 646; 1 629;  526;  196;  330;  437; 1 171; 1 226;  823;  403;  188;  98;  90;  168;  442;  200;  848;  875; 1 054; 3 286;  661;  325;  259;  77;25,4;31.12.2023
05200629;Borkumer Straße; 8 471; 2 851; 5 620; 2 488; 1 356; 1 776;1,72; 4 938; 2 087; 1 244;  452;  391; 3 102; 1 416; 1 686;  922;  430;  492;  566; 1 030; 1 139;  708;  431;  343;  215;  128;  197;  408;  467; 1 427;  957; 1 379; 4 182;  756;  404;  239;  113;26,1;31.12.2023
05200630;Wilhelmstadt West; 10 141; 3 731; 6 410; 2 710; 1 527; 2 173;1,67; 6 071; 2 340; 1 355;  509;  476; 3 487; 1 412; 2 075;  887;  394;  493;  788; 1 248; 1 215;  706;  509;  331;  197;  134;  300;  494;  702; 2 076;  953; 1 701; 5 128;  943;  518;  299;  126;31,8;31.12.2023
05200631;Wilhelmstadt Ost; 8 784; 3 440; 5 344; 2 398; 1 272; 1 674;1,62; 5 435; 1 995; 1 199;  424;  372; 2 767; 1 272; 1 495;  840;  356;  484;  706; 1 031; 1 019;  636;  383;  305;  178;  127;  268;  403;  548; 2 025;  867; 1 635; 4 657;  778;  437;  237;  104;34,4;31.12.2023
05200632;Tiefwerder; 3 580; 1 088; 2 492;  962;  531;  999;1,83; 1 960;  872;  481;  177;  214; 1 300;  478;  822;  318;  146;  172;  340;  534;  430;  239;  191;  118;  73;  45;  117;  207;  126;  598;  364;  519; 1 607;  353;  179;  107;  67;33,1;31.12.2023
05200633;Graetschelsteig; 2 155;  576; 1 579;  734;  363;  482;1,84; 1 171;  595;  367;  121;  107;  866;  422;  444;  137;  60;  77;  253;  323;  321;  211;  110;  52;  30;  22;  95;  127;  51;  222;  303;  354;  944;  227;  126;  69;  32;41,9;31.12.2023
05200634;Börnicker Straße; 4 552; 1 320; 3 232; 1 664;  735;  833;1,76; 2 589; 1 269;  832;  245;  192; 1 926; 1 210;  716;  350;  144;  206;  184;  772;  786;  605;  181;  130;  72;  58;  71;  282;  98;  548;  674;  742; 2 279;  310;  178;  109;  23;22,9;31.12.2023
05300735;Haveleck; 4 490;  414; 4 076; 1 148; 1 002; 1 926;2,56; 1 752; 1 338;  574;  334;  430; 2 140;  456; 1 684;  987;  462;  525;  345;  604;  649;  228;  421;  369;  231;  138;  121;  199;  159;  214;  41;  186; 1 072;  680;  326;  256;  98;17,8;31.12.2023
05300736;Zitadellenweg; 3 519;  568; 2 951;  718;  780; 1 453;2,32; 1 516;  948;  359;  260;  329; 1 709;  438; 1 271;  325;  50;  275;  364;  553;  537;  219;  318;  95;  25;  70;  126;  190;  73;  321;  174;  251; 1 002;  514;  242;  183;  89;24,5;31.12.2023
05300737;Gartenfelder Straße; 11 953; 4 048; 7 905; 3 472; 1 983; 2 450;1,71; 6 996; 2 948; 1 736;  661;  551; 4 358; 1 924; 2 434; 1 024;  460;  564; 1 077; 1 446; 1 586;  962;  624;  381;  230;  151;  413;  568;  557; 2 189; 1 302; 2 125; 5 808; 1 188;  672;  378;  138;34,8;31.12.2023
05300838;Gartenfeld;  18;  9;  9;  6;  3;–;1,38;  13;  4;  3;  1;–;  6;  6;–;–;–;–;  3;–;  3;  3;–;–;–;–;  1;–;  1;  6;  2;  2;  12;  1;  1;–;–;100,0;31.12.2023
05300839;Rohrdamm; 7 851; 2 380; 5 471; 2 192; 1 287; 1 992;1,81; 4 347; 1 967; 1 096;  429;  442; 2 924; 1 196; 1 728;  667;  332;  335;  800; 1 080; 1 028;  598;  430;  256;  166;  90;  279;  404;  403; 1 290;  687; 1 101; 3 548;  799;  422;  246;  131;34,9;31.12.2023
05300840;Nonnendammallee;  509;  141;  368;  150;  117;  101;1,83;  278;  137;  75;  39;  23;  191;  90;  101;  37;  12;  25;  47;  93;  72;  45;  27;  13;  6;  7;  18;  34;  20;  79;  42;  77;  226;  52;  29;  18;  5;34,6;31.12.2023
05300841;Siemensdamm; 4 782; 1 658; 3 124; 1 300;  732; 1 092;1,71; 2 798; 1 140;  650;  244;  246; 1 660;  664;  996;  554;  258;  296;  324;  586;  584;  332;  252;  209;  129;  80;  119;  228;  347;  926;  385;  705; 2 347;  451;  243;  153;  55;26,4;31.12.2023
05400942;Alt-Gatow; 3 786;  823; 2 963; 1 230;  654; 1 079;1,99; 1 903; 1 080;  615;  218;  247; 1 894;  938;  956;  230;  60;  170;  122;  717;  708;  469;  239;  74;  30;  44;  47;  251;  78;  381;  364;  417; 1 573;  330;  160;  135;  35;14,2;31.12.2023
05400943;Jägerallee; 10 671; 1 584; 9 087; 3 016; 2 121; 3 950;2,27; 4 710; 3 126; 1 508;  707;  911; 5 784; 2 182; 3 602;  891;  242;  649;  612; 1 800; 1 983; 1 091;  892;  294;  121;  173;  225;  624;  147;  699;  738;  840; 3 420; 1 290;  561;  548;  181;17,4;31.12.2023
05400944;Kladower Damm; 2 181;  476; 1 705;  776;  393;  536;1,95; 1 117;  641;  388;  131;  122; 1 117;  588;  529;  136;  38;  98;  106;  346;  430;  294;  136;  44;  19;  25;  39;  128;  44;  145;  287;  285;  917;  200;  103;  74;  23;19,5;31.12.2023
05400945;Kafkastraße; 3 687;  687; 3 000; 1 310;  621; 1 069;2,05; 1 799; 1 112;  655;  207;  250; 2 029; 1 020; 1 009;  254;  78;  176;  198;  519;  765;  510;  255;  87;  39;  48;  77;  183;  102;  284;  301;  343; 1 419;  380;  188;  147;  45;20,3;31.12.2023
06100101;Fichtenberg; 7 022; 2 197; 4 825; 2 206; 1 104; 1 515;1,75; 4 023; 1 826; 1 103;  368;  355; 2 727; 1 394; 1 333;  644;  304;  340;  356; 1 098; 1 042;  697;  345;  243;  152;  91;  139;  402;  364;  954;  879; 1 258; 3 448;  575;  309;  214;  52;24,2;31.12.2023
06100102;Schloßstraße; 9 462; 3 238; 6 224; 2 672; 1 455; 2 097;1,71; 5 539; 2 301; 1 336;  485;  480; 3 517; 1 474; 2 043; 1 021;  474;  547;  528; 1 158; 1 257;  737;  520;  390;  237;  153;  213;  441;  556; 1 688;  994; 1 716; 4 653;  886;  480;  328;  78;24,0;31.12.2023
06100103;Markelstraße; 6 390; 2 294; 4 096; 1 700; 1 044; 1 352;1,68; 3 805; 1 511;  850;  348;  313; 2 313;  942; 1 371;  632;  282;  350;  297;  854;  824;  471;  353;  242;  141;  101;  120;  325;  403; 1 210;  681; 1 280; 3 231;  574;  308;  216;  50;20,9;31.12.2023
06100204;Munsterdamm; 6 975; 2 389; 4 586; 2 080; 1 161; 1 345;1,69; 4 126; 1 737; 1 040;  387;  310; 2 459; 1 224; 1 235;  636;  264;  372;  446; 1 045;  933;  612;  321;  233;  132;  101;  179;  392;  419; 1 186;  784; 1 250; 3 525;  601;  351;  202;  48;29,8;31.12.2023
06100205;Südende; 10 283; 3 474; 6 809; 2 932; 1 746; 2 131;1,71; 6 017; 2 543; 1 466;  582;  495; 3 912; 1 658; 2 254;  950;  472;  478;  633; 1 314; 1 420;  829;  591;  372;  236;  136;  247;  504;  644; 1 777; 1 053; 1 899; 5 043;  974;  543;  350;  81;25,4;31.12.2023
06100206;Stadtpark; 7 803; 2 917; 4 886; 2 120; 1 200; 1 566;1,65; 4 743; 1 826; 1 060;  400;  366; 2 802; 1 252; 1 550;  690;  268;  422;  472;  922; 1 030;  626;  404;  253;  134;  119;  188;  355;  496; 1 419; 1 002; 1 612; 4 032;  711;  386;  277;  48;26,4;31.12.2023
06100207;Mittelstraße; 8 276; 3 091; 5 185; 2 344; 1 335; 1 506;1,64; 5 058; 1 967; 1 172;  445;  350; 2 952; 1 336; 1 616;  729;  376;  353;  493; 1 011; 1 093;  668;  425;  288;  188;  100;  195;  391;  613; 1 573;  905; 1 620; 4 338;  720;  410;  247;  63;27,1;31.12.2023
06100208;Bergstraße; 7 166; 2 738; 4 428; 1 950; 1 071; 1 407;1,63; 4 397; 1 659;  975;  357;  327; 2 532; 1 122; 1 410;  688;  328;  360;  353;  855;  927;  561;  366;  264;  164;  100;  142;  326;  524; 1 386;  828; 1 401; 3 789;  608;  331;  229;  48;23,4;31.12.2023
06100209;Feuerbachstraße; 9 591; 3 604; 5 987; 2 660; 1 551; 1 776;1,64; 5 861; 2 257; 1 330;  517;  410; 3 397; 1 430; 1 967;  922;  436;  486;  536; 1 132; 1 230;  715;  515;  358;  218;  140;  216;  453;  639; 1 914; 1 051; 1 957; 4 990;  871;  507;  297;  67;24,8;31.12.2023
06100210;Bismarckstraße; 5 049; 1 827; 3 222; 1 412;  774; 1 036;1,66; 3 034; 1 207;  706;  258;  243; 1 786;  772; 1 014;  464;  212;  252;  361;  611;  648;  386;  262;  178;  106;  72;  143;  238;  299;  999;  529;  979; 2 557;  477;  252;  181;  44;30,0;31.12.2023
06200311;Alt-Lankwitz; 4 854; 1 625; 3 229; 1 476;  801;  952;1,70; 2 850; 1 225;  738;  267;  220; 1 945; 1 004;  941;  337;  132;  205;  302;  645;  746;  502;  244;  122;  66;  56;  118;  239;  203;  731;  691;  929; 2 432;  418;  226;  146;  46;28,2;31.12.2023
06200312;Komponistenviertel Lankwitz; 5 520; 1 594; 3 926; 1 638;  927; 1 361;1,82; 3 037; 1 443;  819;  309;  315; 2 461; 1 154; 1 307;  405;  158;  247;  280;  780;  909;  577;  332;  148;  79;  69;  103;  283;  207;  722;  665;  907; 2 533;  504;  243;  212;  49;20,4;31.12.2023
06200313;Lankwitz Kirche; 7 619; 2 896; 4 723; 2 170; 1 320; 1 233;1,62; 4 709; 1 813; 1 085;  440;  288; 2 583; 1 174; 1 409;  646;  268;  378;  600;  894;  968;  587;  381;  244;  134;  110;  236;  365;  435; 1 514;  947; 1 579; 3 982;  727;  442;  228;  57;32,5;31.12.2023
06200314;Kaiser-Wilhelm-Straße; 7 338; 2 734; 4 604; 2 074; 1 167; 1 363;1,64; 4 471; 1 737; 1 037;  389;  311; 2 525; 1 138; 1 387;  675;  298;  377;  505;  899;  926;  569;  357;  256;  149;  107;  201;  354;  405; 1 463;  866; 1 435; 3 806;  665;  361;  240;  64;30,2;31.12.2023
06200315;Gallwitzallee; 6 677; 2 033; 4 644; 1 806; 1 059; 1 779;1,81; 3 699; 1 666;  903;  353;  410; 2 809; 1 038; 1 771;  603;  272;  331;  471;  761;  968;  519;  449;  225;  136;  89;  180;  293;  304; 1 028;  701; 1 119; 2 981;  718;  338;  305;  75;25,1;31.12.2023
06200316;Belßstraße; 5 707; 1 816; 3 891; 1 696;  888; 1 307;1,75; 3 253; 1 437;  848;  296;  293; 1 889;  800; 1 089;  689;  396;  293;  513;  800;  673;  400;  273;  276;  198;  78;  180;  308;  312;  820;  684; 1 037; 2 722;  531;  279;  175;  77;33,9;31.12.2023
06200317;Lankwitz Süd; 6 429; 1 741; 4 688; 2 020; 1 146; 1 522;1,84; 3 485; 1 744; 1 010;  382;  352; 2 801; 1 404; 1 397;  476;  166;  310;  341; 1 070; 1 054;  702;  352;  169;  83;  86;  128;  393;  186;  795;  760;  926; 2 919;  566;  270;  230;  66;22,6;31.12.2023
06200418;Landweg;  2;  2;–;–;–;–;  1;  2;–;–;–;–;–;–;–;–;–;–;–;–;–;–;–;–;–;–;–;–;–;  1;  1;–;  2;–;–;–;–;–;31.12.2023
06200419;Thermometersiedlung; 4 676; 1 354; 3 322; 1 358;  735; 1 229;1,83; 2 549; 1 195;  679;  245;  271; 1 799;  800;  999;  444;  236;  208;  443;  636;  641;  400;  241;  171;  118;  53;  151;  232;  181;  647;  526;  684; 2 104;  445;  209;  149;  87;33,9;31.12.2023
06200420;Lichterfelde Süd; 7 174; 2 113; 5 061; 2 232; 1 164; 1 665;1,80; 3 993; 1 880; 1 116;  388;  376; 3 012; 1 448; 1 564;  621;  310;  311;  482;  946; 1 115;  724;  391;  240;  155;  85;  180;  345;  232;  957;  924; 1 189; 3 337;  656;  358;  220;  78;27,4;31.12.2023
06200421;Königsberger Straße; 8 436; 2 770; 5 666; 2 584; 1 236; 1 846;1,72; 4 893; 2 123; 1 292;  412;  419; 3 386; 1 686; 1 700;  644;  272;  372;  500; 1 136; 1 269;  843;  426;  238;  136;  102;  189;  427;  395; 1 286; 1 089; 1 506; 4 176;  717;  359;  275;  83;26,4;31.12.2023
06200422;Oberhofer Platz; 7 228; 1 968; 5 260; 2 332; 1 146; 1 782;1,84; 3 926; 1 958; 1 166;  382;  410; 3 175; 1 556; 1 619;  613;  288;  325;  390; 1 082; 1 181;  778;  403;  235;  144;  91;  149;  393;  345;  871;  752; 1 094; 3 283;  643;  315;  251;  77;23,2;31.12.2023
06200423;Schütte-Lanz-Straße; 8 727; 1 897; 6 830; 2 794; 1 530; 2 506;2,00; 4 374; 2 477; 1 397;  510;  570; 4 225; 1 968; 2 257;  597;  208;  389;  593; 1 415; 1 548;  984;  564;  207;  104;  103;  209;  513;  206;  774;  917; 1 115; 3 498;  876;  423;  326;  127;23,9;31.12.2023
06300524;Berlepschstraße; 5 596; 1 436; 4 160; 1 692; 1 044; 1 424;1,89; 2 954; 1 518;  846;  348;  324; 2 561; 1 234; 1 327;  327;  88;  239;  354;  918;  947;  617;  330;  112;  44;  68;  123;  336;  156;  595;  685;  831; 2 433;  521;  257;  197;  67;23,6;31.12.2023
06300525;Zehlendorf Süd; 5 827; 2 129; 3 698; 1 696;  954; 1 048;1,65; 3 536; 1 407;  848;  318;  241; 2 026;  944; 1 082;  509;  208;  301;  467;  696;  754;  472;  282;  190;  104;  86;  189;  274;  298; 1 020;  811; 1 202; 2 979;  557;  335;  173;  49;33,9;31.12.2023
06300526;Zehlendorf Mitte; 3 542; 1 050; 2 492;  934;  612;  946;1,83; 1 938;  888;  467;  204;  217; 1 490;  562;  928;  285;  102;  183;  208;  509;  512;  281;  231;  102;  51;  51;  80;  194;  221;  449;  380;  523; 1 576;  362;  175;  146;  41;22,1;31.12.2023
06300527;Sundgauer Straße; 8 650; 3 001; 5 649; 2 572; 1 428; 1 649;1,68; 5 146; 2 145; 1 286;  476;  383; 3 202; 1 504; 1 698;  728;  384;  344;  498; 1 221; 1 195;  752;  443;  291;  192;  99;  203;  456;  451; 1 419; 1 131; 1 732; 4 401;  745;  428;  248;  69;27,2;31.12.2023
06300528;Teltower Damm; 10 962; 2 787; 8 175; 3 342; 1 794; 3 039;1,91; 5 754; 2 967; 1 671;  598;  698; 5 060; 2 266; 2 794;  643;  236;  407;  565; 1 907; 1 821; 1 133;  688;  230;  118;  112;  218;  698;  327; 1 158; 1 302; 1 606; 4 736; 1 018;  474;  399;  145;21,4;31.12.2023
06300629;Botanischer Garten; 7 173; 2 436; 4 737; 2 164; 1 137; 1 436;1,69; 4 233; 1 797; 1 082;  379;  336; 2 903; 1 422; 1 481;  527;  268;  259;  330;  977; 1 096;  711;  385;  208;  134;  74;  130;  363;  427; 1 143;  866; 1 317; 3 644;  589;  325;  210;  54;22,1;31.12.2023
06300630;Hindenburgdamm; 5 694; 1 824; 3 870; 1 544;  930; 1 396;1,77; 3 213; 1 389;  772;  310;  307; 2 079;  862; 1 217;  638;  262;  376;  339;  814;  733;  431;  302;  228;  131;  97;  124;  304;  380;  918;  526;  932; 2 690;  523;  268;  181;  74;23,7;31.12.2023
06300631;Goerzwerke; 2 979;  836; 2 143;  912;  543;  688;1,82; 1 633;  797;  456;  181;  160; 1 161;  470;  691;  413;  270;  143;  179;  390;  418;  235;  183;  176;  135;  41;  65;  138;  200;  323;  313;  411; 1 344;  289;  166;  92;  31;22,5;31.12.2023
06300632;Schweizer Viertel; 13 678; 2 827; 10 851; 3 794; 2 637; 4 420;2,07; 6 618; 3 791; 1 897;  879; 1 015; 6 887; 2 668; 4 219; 1 133;  392;  741;  692; 2 139; 2 390; 1 334; 1 056;  394;  196;  198;  258;  749;  371; 1 355; 1 101; 1 527; 5 106; 1 512;  700;  611;  201;17,1;31.12.2023
06300633;Augustaplatz; 12 472; 3 965; 8 507; 3 604; 1 959; 2 944;1,76; 7 100; 3 135; 1 802;  653;  680; 5 121; 2 302; 2 819;  950;  400;  550;  685; 1 751; 1 861; 1 151;  710;  355;  200;  155;  263;  656;  655; 1 880; 1 430; 2 140; 5 972; 1 128;  558;  442;  128;23,3;31.12.2023
06300634;Lichterfelde West; 8 598; 2 218; 6 380; 2 554; 1 356; 2 470;1,90; 4 514; 2 296; 1 277;  452;  567; 4 086; 1 752; 2 334;  528;  224;  304;  427; 1 339; 1 453;  876;  577;  194;  112;  82;  164;  485;  306;  941;  971; 1 259; 3 691;  823;  376;  341;  106;19,9;31.12.2023
06400735;Wannsee; 10 144; 2 569; 7 575; 2 976; 1 755; 2 844;1,92; 5 286; 2 717; 1 488;  585;  644; 4 953; 2 104; 2 849;  536;  244;  292;  529; 1 557; 1 759; 1 052;  707;  202;  122;  80;  200;  556;  267; 1 080; 1 222; 1 396; 4 299;  987;  464;  379;  144;20,3;31.12.2023
06400736;Düppel; 5 236;  970; 4 266; 1 670;  963; 1 633;2,09; 2 503; 1 533;  835;  321;  377; 2 533; 1 152; 1 381;  382;  88;  294;  367;  984;  920;  576;  344;  119;  44;  75;  136;  358;  96;  393;  481;  571; 1 948;  555;  250;  230;  75;24,5;31.12.2023
06400737;Nikolassee; 11 097; 2 872; 8 225; 3 672; 1 803; 2 750;1,87; 5 934; 3 062; 1 836;  601;  625; 4 388; 1 938; 2 450; 1 455; 1 012;  443;  638; 1 744; 1 575;  969;  606;  628;  506;  122;  228;  631;  454; 1 157; 1 261; 1 535; 4 978;  956;  466;  351;  139;23,8;31.12.2023
06400838;Krumme Lanke; 7 747; 1 892; 5 855; 2 432; 1 305; 2 118;1,92; 4 029; 2 137; 1 216;  435;  486; 3 637; 1 740; 1 897;  428;  122;  306;  355; 1 435; 1 339;  870;  469;  146;  61;  85;  138;  514;  174;  783;  935; 1 101; 3 337;  692;  319;  273;  100;19,9;31.12.2023
06400839;Fischerhüttenstraße; 5 361; 1 547; 3 814; 1 556;  840; 1 418;1,83; 2 931; 1 384;  778;  280;  326; 2 318; 1 030; 1 288;  322;  108;  214;  277;  897;  834;  515;  319;  116;  54;  62;  107;  327;  169;  652;  726;  893; 2 443;  488;  239;  189;  60;21,9;31.12.2023
06400840;Fischtal; 7 458; 2 436; 5 022; 2 130; 1 083; 1 809;1,74; 4 282; 1 846; 1 065;  361;  420; 3 096; 1 432; 1 664;  321;  142;  179;  480; 1 125; 1 125;  716;  409;  119;  71;  48;  189;  413;  285; 1 038; 1 113; 1 482; 3 636;  646;  307;  254;  85;29,3;31.12.2023
06400841;Zehlendorf Eiche; 5 922; 1 741; 4 181; 1 606; 1 014; 1 561;1,83; 3 238; 1 497;  803;  338;  356; 2 476;  996; 1 480;  424;  202;  222;  378;  903;  864;  498;  366;  163;  101;  62;  143;  327;  244;  733;  764; 1 027; 2 667;  571;  280;  222;  69;25,0;31.12.2023
06400842;Hüttenweg; 4 921;  862; 4 059; 1 248; 1 077; 1 734;2,19; 2 251; 1 389;  624;  359;  406; 2 619;  784; 1 835;  334;  124;  210;  337;  769;  863;  392;  471;  122;  62;  60;  128;  276;  89;  435;  338;  496; 1 592;  659;  323;  274;  62;19,4;31.12.2023
06400843;Thielallee; 4 989; 1 251; 3 738; 1 332;  903; 1 503;1,95; 2 559; 1 308;  666;  301;  341; 2 300;  912; 1 388;  289;  112;  177;  222;  927;  796;  456;  340;  105;  56;  49;  82;  325;  191;  521;  539;  685; 2 088;  471;  221;  169;  81;17,4;31.12.2023
06400844;Dahlem; 7 619; 2 052; 5 567; 2 040; 1 317; 2 210;1,90; 4 011; 1 959; 1 020;  439;  500; 3 358; 1 326; 2 032;  475;  180;  295;  451; 1 283; 1 165;  663;  502;  169;  90;  79;  172;  453;  323;  837;  892; 1 129; 3 258;  753;  376;  279;  98;22,8;31.12.2023
07100101;Wittenbergplatz; 10 167; 4 215; 5 952; 2 870; 1 440; 1 642;1,56; 6 507; 2 292; 1 435;  480;  377; 3 231; 1 570; 1 661;  791;  468;  323;  476; 1 454; 1 214;  785;  429;  327;  234;  93;  186;  565;  578; 2 291; 1 346; 1 900; 5 799;  708;  406;  237;  65;26,3;31.12.2023
07100102;Kalckreuthstraße; 9 171; 3 749; 5 422; 2 224; 1 263; 1 935;1,61; 5 698; 1 949; 1 112;  421;  416; 2 704; 1 134; 1 570;  970;  480;  490;  528; 1 220;  946;  567;  379;  368;  240;  128;  182;  453;  649; 1 948; 1 152; 1 607; 5 009;  689;  355;  213;  121;26,4;31.12.2023
07100103;Frobenstraße; 7 949; 2 749; 5 200; 1 848; 1 146; 2 206;1,76; 4 525; 1 776;  924;  382;  470; 2 627;  856; 1 771;  723;  360;  363;  530; 1 320;  836;  428;  408;  280;  180;  100;  192;  468;  428; 1 615;  706; 1 188; 3 825;  700;  361;  223;  116;27,4;31.12.2023
07100204;Barbarossaplatz; 10 835; 4 369; 6 466; 2 754; 1 530; 2 182;1,60; 6 764; 2 395; 1 377;  510;  508; 3 503; 1 526; 1 977; 1 093;  498;  595;  480; 1 390; 1 278;  763;  515;  416;  249;  167;  185;  516;  821; 2 421; 1 127; 2 123; 5 897;  867;  471;  322;  74;21,3;31.12.2023
07100205;Alvenslebenstraße; 5 363; 1 901; 3 462; 1 238;  795; 1 429;1,74; 3 088; 1 187;  619;  265;  303; 1 778;  588; 1 190;  375;  176;  199;  403;  906;  570;  294;  276;  144;  88;  56;  151;  322;  291; 1 110;  500;  834; 2 605;  483;  264;  148;  71;31,3;31.12.2023
07100206;Großgörschenstraße; 8 731; 3 313; 5 418; 2 130; 1 344; 1 944;1,66; 5 265; 1 952; 1 065;  448;  439; 2 697;  992; 1 705;  967;  466;  501;  487; 1 267;  927;  496;  431;  371;  233;  138;  194;  460;  657; 1 991;  665; 1 496; 4 502;  763;  416;  253;  94;25,4;31.12.2023
07200307;Bayerischer Platz; 11 073; 4 491; 6 582; 2 928; 1 590; 2 064;1,59; 6 964; 2 473; 1 464;  530;  479; 3 764; 1 758; 2 006;  887;  388;  499;  544; 1 387; 1 397;  879;  518;  333;  194;  139;  217;  526;  805; 2 322; 1 364; 2 312; 6 090;  874;  485;  310;  79;24,8;31.12.2023
07200308;Volkspark (Rudolph-Wilde-Park); 11 092; 4 378; 6 714; 2 768; 1 593; 2 353;1,63; 6 822; 2 444; 1 384;  531;  529; 3 546; 1 376; 2 170; 1 254;  574;  680;  611; 1 303; 1 234;  688;  546;  472;  287;  185;  234;  504;  909; 2 436; 1 033; 2 048; 5 857;  965;  502;  350;  113;24,2;31.12.2023
07200409;Belziger Straße; 9 774; 3 960; 5 814; 2 460; 1 431; 1 923;1,60; 6 110; 2 150; 1 230;  477;  443; 2 958; 1 190; 1 768; 1 037;  508;  529;  461; 1 358; 1 047;  595;  452;  404;  254;  150;  187;  512;  684; 2 302;  974; 1 990; 5 321;  789;  434;  287;  68;23,7;31.12.2023
07200410;Feurigstraße; 5 712; 2 025; 3 687; 1 246;  837; 1 604;1,75; 3 271; 1 246;  623;  279;  344; 1 874;  520; 1 354;  616;  260;  356;  389;  808;  576;  260;  316;  230;  130;  100;  142;  298;  420; 1 166;  439;  959; 2 713;  558;  282;  185;  91;25,4;31.12.2023
07200411;Julius-Leber-Brücke; 2 883; 1 096; 1 787;  672;  456;  659;1,67; 1 731;  635;  336;  152;  147;  872;  322;  550;  304;  144;  160;  150;  461;  299;  161;  138;  118;  72;  46;  58;  160;  186;  662;  248;  493; 1 489;  242;  137;  80;  25;24,0;31.12.2023
07200412;Schöneberger Linse; 2 278;  461; 1 817;  740;  423;  654;2,03; 1 123;  662;  370;  141;  151;  987;  250;  737;  556;  390;  166;  106;  168;  323;  125;  198;  239;  195;  44;  38;  62;  186;  225;  50;  219;  843;  280;  152;  109;  19;13,6;31.12.2023
07200413;Cheruskerstraße; 8 004; 3 426; 4 578; 1 962; 1 155; 1 461;1,56; 5 128; 1 702;  981;  385;  336; 2 269;  912; 1 357; 1 007;  462;  545;  475;  827;  805;  456;  349;  387;  231;  156;  188;  322;  671; 2 104;  651; 1 666; 4 435;  693;  399;  241;  53;27,1;31.12.2023
07200414;Hohenfriedbergstraße; 3 965; 1 517; 2 448; 1 018;  603;  827;1,64; 2 419;  902;  509;  201;  192; 1 244;  458;  786;  500;  246;  254;  212;  492;  431;  229;  202;  194;  123;  71;  88;  189;  277;  931;  309;  743; 2 058;  361;  191;  135;  35;24,4;31.12.2023
07300515;Taunusstraße; 7 258; 2 526; 4 732; 1 988; 1 233; 1 511;1,69; 4 283; 1 757;  994;  411;  352; 2 671; 1 102; 1 569;  724;  312;  412;  345;  992;  960;  551;  409;  274;  156;  118;  140;  383;  385; 1 314;  827; 1 398; 3 616;  667;  372;  242;  53;21,0;31.12.2023
07300516;Odenwaldstraße; 9 302; 3 248; 6 054; 2 516; 1 560; 1 978;1,69; 5 491; 2 243; 1 258;  520;  465; 3 417; 1 452; 1 965;  893;  386;  507;  479; 1 265; 1 239;  726;  513;  337;  193;  144;  193;  474;  628; 1 594; 1 026; 1 769; 4 641;  850;  499;  290;  61;22,7;31.12.2023
07300517;Perelsplatz; 9 415; 2 826; 6 589; 2 574; 1 614; 2 401;1,81; 5 207; 2 381; 1 287;  538;  556; 3 750; 1 424; 2 326; 1 054;  452;  602;  442; 1 343; 1 305;  712;  593;  393;  226;  167;  178;  505;  491; 1 323; 1 012; 1 565; 4 269;  938;  489;  358;  91;19,0;31.12.2023
07300618;Ceciliengärten; 9 659; 3 321; 6 338; 2 594; 1 527; 2 217;1,71; 5 642; 2 321; 1 297;  509;  515; 3 711; 1 586; 2 125;  836;  366;  470;  445; 1 346; 1 335;  793;  542;  320;  183;  137;  170;  496;  661; 1 596; 1 064; 1 740; 4 793;  849;  435;  324;  90;20,0;31.12.2023
07300619;Grazer Platz; 12 565; 4 053; 8 512; 3 302; 2 199; 3 011;1,76; 7 123; 3 070; 1 651;  733;  686; 4 648; 1 742; 2 906; 1 067;  494;  573;  877; 1 920; 1 609;  871;  738;  406;  247;  159;  328;  727;  807; 2 203; 1 043; 2 120; 5 898; 1 225;  655;  425;  145;26,8;31.12.2023
07400720;Gontermannstraße; 12 061; 4 490; 7 571; 3 214; 1 863; 2 494;1,65; 7 291; 2 801; 1 607;  621;  573; 4 111; 1 736; 2 375;  956;  410;  546;  843; 1 661; 1 471;  868;  603;  359;  205;  154;  327;  644;  648; 2 519; 1 323; 2 305; 6 207; 1 084;  574;  379;  131;30,2;31.12.2023
07400721;Paradestraße; 6 810; 1 818; 4 992; 1 620;  957; 2 415;1,96; 3 481; 1 663;  810;  319;  534; 2 452;  806; 1 646;  690;  234;  456;  409; 1 441;  798;  403;  395;  224;  117;  107;  135;  506;  615;  770;  433;  682; 2 844;  637;  235;  297;  105;21,2;31.12.2023
07400822;Lindenhofsiedlung; 3 071; 1 085; 1 986;  836;  510;  640;1,69; 1 821;  736;  418;  170;  148; 1 209;  438;  771;  362;  212;  150;  162;  253;  424;  219;  205;  149;  106;  43;  60;  103;  158;  557;  370;  529; 1 513;  308;  167;  111;  30;19,5;31.12.2023
07400823;Wittekindstraße; 9 883; 4 007; 5 876; 2 712; 1 425; 1 739;1,58; 6 237; 2 230; 1 356;  475;  399; 3 197; 1 406; 1 791;  805;  346;  459;  771; 1 103; 1 170;  703;  467;  298;  173;  125;  308;  454;  650; 2 186; 1 171; 2 083; 5 337;  900;  517;  296;  87;34,2;31.12.2023
07400824;Bosepark; 7 597; 2 575; 5 022; 1 938; 1 239; 1 845;1,74; 4 370; 1 795;  969;  413;  413; 2 820; 1 066; 1 754;  839;  350;  489;  399;  964;  978;  533;  445;  308;  175;  133;  150;  359;  496; 1 353;  726; 1 300; 3 642;  728;  384;  253;  91;20,6;31.12.2023
07400825;Friedrich-Karl-Straße; 7 510; 2 844; 4 666; 1 816; 1 212; 1 638;1,66; 4 525; 1 681;  908;  404;  369; 2 398;  852; 1 546;  748;  340;  408;  518; 1 002;  821;  426;  395;  284;  170;  114;  197;  379;  588; 1 608;  648; 1 449; 3 819;  706;  397;  238;  71;27,9;31.12.2023
07400826;Marienhöhe; 5 231; 1 841; 3 390; 1 676;  729;  985;1,66; 3 146; 1 305;  838;  243;  224; 1 924; 1 026;  898;  459;  190;  269;  323;  684;  743;  513;  230;  168;  95;  73;  131;  263;  300;  843;  698;  987; 2 712;  434;  258;  128;  48;30,2;31.12.2023
07400927;Rathaus Tempelhof; 11 026; 4 149; 6 877; 2 768; 1 599; 2 510;1,67; 6 618; 2 469; 1 384;  533;  552; 3 726; 1 460; 2 266; 1 076;  520;  556;  692; 1 383; 1 284;  730;  554;  411;  260;  151;  256;  518;  873; 2 197; 1 079; 2 038; 5 657;  961;  494;  326;  141;26,6;31.12.2023
07400928;Germaniagarten; 4 078; 1 871; 2 207;  894;  555;  758;1,53; 2 670;  799;  447;  185;  167; 1 136;  388;  748;  360;  172;  188;  358;  353;  381;  194;  187;  136;  86;  50;  135;  147;  369; 1 198;  304;  823; 2 298;  372;  193;  117;  62;36,3;31.12.2023
07501029;Ringstraße; 8 653; 2 758; 5 895; 2 464; 1 515; 1 916;1,75; 4 931; 2 173; 1 232;  505;  436; 3 317; 1 300; 2 017;  858;  436;  422;  645; 1 075; 1 178;  650;  528;  332;  218;  114;  251;  412;  510; 1 443;  805; 1 348; 4 038;  893;  503;  291;  99;28,1;31.12.2023
07501030;Machonstraße; 8 679; 3 178; 5 501; 2 346; 1 314; 1 841;1,67; 5 199; 2 021; 1 173;  438;  410; 3 161; 1 340; 1 821;  788;  382;  406;  556;  996; 1 119;  670;  449;  307;  191;  116;  219;  376;  543; 1 697;  938; 1 592; 4 415;  784;  423;  256;  105;27,9;31.12.2023
07501031;Eisenacher Straße; 9 243; 3 486; 5 757; 2 716; 1 374; 1 667;1,63; 5 684; 2 198; 1 358;  458;  382; 3 283; 1 666; 1 617;  726;  308;  418;  607; 1 141; 1 252;  833;  419;  269;  154;  115;  240;  437;  432; 1 832; 1 222; 1 857; 4 910;  774;  440;  256;  78;31,0;31.12.2023
07501032;Imbrosweg; 6 186; 1 717; 4 469; 1 830; 1 194; 1 445;1,84; 3 358; 1 641;  915;  398;  328; 2 611; 1 158; 1 453;  584;  222;  362;  412;  862;  955;  579;  376;  209;  111;  98;  157;  320;  246;  860;  611;  882; 2 727;  631;  353;  216;  62;24,9;31.12.2023
07501133;Fritz-Werner-Straße; 7 892; 2 756; 5 136; 2 128; 1 140; 1 868;1,71; 4 606; 1 850; 1 064;  380;  406; 2 815; 1 224; 1 591;  734;  332;  402;  536; 1 051; 1 000;  612;  388;  265;  166;  99;  190;  395;  429; 1 455;  872; 1 328; 3 929;  677;  347;  224;  106;28,1;31.12.2023
07501134;Hundsteinweg; 10 050; 2 302; 7 748; 3 238; 1 833; 2 677;1,95; 5 146; 2 844; 1 619;  611;  614; 4 791; 2 308; 2 483;  726;  254;  472;  616; 1 615; 1 778; 1 154;  624;  259;  127;  132;  230;  577;  320; 1 064;  918; 1 244; 4 160;  986;  498;  361;  127;23,3;31.12.2023
07501135;Birnhornweg; 2 291;  473; 1 818;  738;  411;  669;2,03; 1 130;  657;  369;  137;  151; 1 214;  576;  638;  157;  50;  107;  77;  370;  446;  288;  158;  53;  25;  28;  32;  126;  61;  193;  219;  237;  912;  218;  112;  75;  31;14,7;31.12.2023
07601236;Marienfelder Allee Nordwest; 9 369; 2 518; 6 851; 2 678; 1 485; 2 688;1,90; 4 943; 2 425; 1 339;  495;  591; 3 896; 1 680; 2 216;  812;  276;  536;  730; 1 413; 1 369;  840;  529;  276;  138;  138;  269;  511;  401; 1 110; 1 007; 1 274; 4 007;  936;  445;  337;  154;28,7;31.12.2023
07601237;Kirchstraße; 4 844; 1 131; 3 713; 1 528;  849; 1 336;1,95; 2 480; 1 349;  764;  283;  302; 2 359; 1 112; 1 247;  345;  136;  209;  190;  819;  865;  556;  309;  124;  68;  56;  72;  288;  160;  520;  451;  563; 2 043;  437;  218;  166;  53;16,5;31.12.2023
07601238;Marienfelde Nordost; 2 929;  707; 2 222;  962;  432;  828;1,94; 1 512;  805;  481;  144;  180; 1 421;  696;  725;  205;  78;  127;  262;  334;  521;  348;  173;  71;  39;  32;  87;  126;  95;  279;  333;  374; 1 220;  292;  129;  108;  55;29,8;31.12.2023
07601339;Tirschenreuther Ring West; 5 786; 1 401; 4 385; 1 786; 1 137; 1 462;1,93; 3 002; 1 601;  893;  379;  329; 2 330; 1 108; 1 222;  554;  166;  388;  584;  917;  858;  554;  304;  186;  83;  103;  216;  341;  146;  601;  654;  820; 2 379;  623;  312;  239;  72;34,7;31.12.2023
07601340;Tirschenreuther Ring Ost; 6 427; 1 568; 4 859; 1 892; 1 194; 1 773;1,94; 3 310; 1 742;  946;  398;  398; 2 474; 1 100; 1 374;  734;  278;  456;  621; 1 030;  889;  550;  339;  259;  139;  120;  215;  379;  206;  720;  642;  830; 2 636;  674;  337;  241;  96;31,9;31.12.2023
07601341;Diedersdorfer Weg; 2 323;  540; 1 783;  752;  429;  602;1,94; 1 196;  656;  376;  143;  137; 1 137;  550;  587;  170;  46;  124;  127;  349;  421;  275;  146;  56;  23;  33;  50;  129;  45;  237;  258;  257;  967;  229;  114;  88;  27;21,8;31.12.2023
07601442;Kettinger Straße; 10 537; 2 631; 7 906; 3 326; 1 872; 2 708;1,90; 5 542; 2 911; 1 663;  624;  624; 4 745; 2 322; 2 423;  789;  232;  557;  631; 1 741; 1 775; 1 161;  614;  264;  116;  148;  250;  622;  357; 1 163; 1 111; 1 411; 4 530; 1 012;  517;  390;  105;24,7;31.12.2023
07601443;Töpchiner Weg; 10 972; 2 500; 8 472; 3 538; 2 013; 2 921;1,95; 5 614; 3 114; 1 769;  671;  674; 5 122; 2 438; 2 684;  800;  280;  520;  815; 1 735; 1 899; 1 219;  680;  283;  140;  143;  309;  623;  251; 1 164; 1 085; 1 320; 4 482; 1 132;  565;  435;  132;27,3;31.12.2023
07601544;John-Locke-Straße; 9 070; 2 349; 6 721; 2 512; 1 560; 2 649;1,92; 4 722; 2 373; 1 256;  520;  597; 3 881; 1 526; 2 355;  827;  284;  543;  747; 1 266; 1 346;  763;  583;  286;  142;  144;  263;  478;  260; 1 024; 1 065; 1 272; 3 732;  990;  452;  384;  154;26,6;31.12.2023
07601545;Nahariyastraße; 8 319; 2 057; 6 262; 2 368; 1 416; 2 478;1,96; 4 244; 2 187; 1 184;  472;  531; 3 152; 1 388; 1 764;  800;  260;  540;  956; 1 354; 1 101;  694;  407;  264;  130;  134;  330;  492;  279;  935;  843; 1 051; 3 373;  871;  400;  297;  174;37,9;31.12.2023
07601546;Franziusweg; 7 097; 1 486; 5 611; 2 338; 1 359; 1 914;2,00; 3 551; 2 065; 1 169;  453;  443; 3 456; 1 656; 1 800;  501;  178;  323;  372; 1 282; 1 284;  828;  456;  177;  89;  88;  145;  459;  208;  704;  574;  766; 2 862;  689;  360;  256;  73;21,0;31.12.2023
07601547;Horstwalder Straße; 3 626;  863; 2 763; 1 060;  705;  998;1,95; 1 861;  998;  530;  235;  233; 1 629;  736;  893;  313;  70;  243;  259;  562;  595;  368;  227;  102;  35;  67;  95;  206;  72;  393;  398;  503; 1 472;  389;  187;  160;  42;24,4;31.12.2023
07601548;Wittelsbacherstraße; 2 980;  577; 2 403;  970;  603;  830;2,05; 1 456;  879;  485;  201;  193; 1 456;  716;  740;  218;  36;  182;  191;  538;  547;  358;  189;  67;  18;  49;  74;  191;  59;  226;  292;  301; 1 144;  312;  155;  119;  38;23,7;31.12.2023
08100101;Hasenheide; 4 801; 2 060; 2 741; 1 094;  633; 1 014;1,58; 3 037;  977;  547;  211;  219; 1 260;  456;  804;  580;  326;  254;  279;  622;  418;  228;  190;  237;  163;  74;  101;  221;  417; 1 367;  276;  897; 2 672;  365;  204;  113;  48;27,7;31.12.2023
08100102;Schillerpromenade Nord; 8 455; 3 881; 4 574; 1 814; 1 035; 1 725;1,53; 5 510; 1 629;  907;  345;  377; 2 075;  688; 1 387; 1 152;  598;  554;  455;  892;  675;  344;  331;  453;  299;  154;  177;  324;  697; 2 740;  444; 1 789; 4 848;  662;  350;  229;  83;26,7;31.12.2023
08100103;Schillerpromenade Süd; 7 405; 3 485; 3 920; 1 734;  906; 1 280;1,50; 4 931; 1 446;  867;  302;  277; 1 669;  624; 1 045; 1 077;  574;  503;  483;  691;  557;  312;  245;  431;  287;  144;  187;  271;  545; 2 519;  421; 1 550; 4 355;  576;  321;  182;  73;32,5;31.12.2023
08100104;Wartheplatz; 6 894; 3 019; 3 875; 1 434;  807; 1 634;1,59; 4 343; 1 324;  717;  269;  338; 1 742;  472; 1 270;  958;  522;  436;  415;  760;  526;  236;  290;  376;  261;  115;  141;  281;  536; 2 165;  318; 1 273; 3 797;  546;  274;  154;  118;25,8;31.12.2023
08100105;Silbersteinstraße; 6 153; 1 895; 4 258; 1 602;  894; 1 762;1,83; 3 361; 1 466;  801;  298;  367; 2 016;  602; 1 414; 1 034;  628;  406;  389;  819;  629;  301;  328;  417;  314;  103;  134;  286;  465; 1 083;  347;  878; 2 796;  565;  292;  158;  115;23,7;31.12.2023
08100206;Flughafenstraße; 9 659; 4 249; 5 410; 2 152; 1 242; 2 016;1,57; 6 170; 1 921; 1 076;  414;  431; 2 428;  858; 1 570; 1 198;  632;  566;  566; 1 218;  797;  429;  368;  473;  316;  157;  205;  446;  778; 2 904;  567; 1 961; 5 440;  730;  389;  230;  111;28,1;31.12.2023
08100207;Rollberg; 7 577; 2 182; 5 395; 1 658; 1 191; 2 546;1,92; 3 955; 1 773;  829;  397;  547; 2 780;  742; 2 038;  685;  296;  389;  692; 1 238;  837;  371;  466;  247;  148;  99;  247;  442;  381; 1 310;  491; 1 011; 3 143;  812;  381;  281;  150;30,4;31.12.2023
08100208;Körnerpark; 12 318; 5 387; 6 931; 2 668; 1 380; 2 883;1,58; 7 779; 2 392; 1 334;  460;  598; 3 128;  932; 2 196; 1 627;  832;  795;  748; 1 428;  965;  466;  499;  622;  416;  206;  278;  527;  977; 3 754;  656; 2 481; 6 796;  983;  514;  276;  193;28,3;31.12.2023
08100209;Glasower Straße; 8 582; 3 561; 5 021; 1 832; 1 095; 2 094;1,63; 5 279; 1 718;  916;  365;  437; 2 195;  648; 1 547; 1 133;  554;  579;  473; 1 220;  679;  324;  355;  425;  277;  148;  165;  449;  805; 2 253;  503; 1 492; 4 611;  668;  339;  202;  127;24,7;31.12.2023
08100310;Maybachufer; 7 908; 3 454; 4 454; 1 648; 1 215; 1 591;1,57; 5 034; 1 580;  824;  405;  351; 2 051;  640; 1 411; 1 052;  450;  602;  507;  844;  671;  320;  351;  395;  225;  170;  198;  316;  507; 2 533;  414; 1 724; 4 315;  719;  439;  210;  70;27,5;31.12.2023
08100311;Reuterplatz; 7 435; 3 604; 3 831; 1 642;  951; 1 238;1,48; 5 020; 1 416;  821;  317;  278; 1 732;  662; 1 070;  964;  482;  482;  421;  714;  600;  331;  269;  378;  241;  137;  163;  275;  571; 2 598;  435; 1 708; 4 451;  569;  328;  194;  47;28,6;31.12.2023
08100312;Weichselplatz; 11 932; 5 361; 6 571; 2 696; 1 437; 2 438;1,55; 7 715; 2 354; 1 348;  479;  527; 2 803;  976; 1 827; 1 738;  756;  982;  757; 1 273;  924;  488;  436;  644;  378;  266;  299;  487;  786; 3 933;  642; 2 562; 6 714; 1 001;  557;  320;  124;29,9;31.12.2023
08100313;Bouchéstraße; 3 845; 1 659; 2 186;  938;  495;  753;1,57; 2 455;  796;  469;  165;  162; 1 043;  458;  585;  474;  186;  288;  245;  424;  370;  229;  141;  170;  93;  77;  95;  161;  218; 1 072;  369;  802; 2 142;  313;  171;  98;  44;30,4;31.12.2023
08100314;Donaustraße; 8 224; 3 562; 4 662; 1 754; 1 035; 1 873;1,59; 5 173; 1 611;  877;  345;  389; 2 104;  618; 1 486; 1 071;  548;  523;  452; 1 035;  639;  309;  330;  419;  274;  145;  177;  376;  669; 2 480;  413; 1 564; 4 521;  652;  351;  183;  118;27,1;31.12.2023
08100415;Ganghoferstraße; 6 640; 2 971; 3 669; 1 456;  792; 1 421;1,56; 4 266; 1 295;  728;  264;  303; 1 770;  544; 1 226;  904;  474;  430;  360;  635;  558;  272;  286;  352;  237;  115;  141;  244;  545; 2 054;  372; 1 366; 3 724;  542;  277;  180;  85;26,0;31.12.2023
08100416;Alt-Rixdorf; 6 566; 2 614; 3 952; 1 522;  891; 1 539;1,64; 4 006; 1 392;  761;  297;  334; 1 851;  592; 1 259;  929;  416;  513;  389;  783;  594;  296;  298;  345;  208;  137;  158;  295;  434; 1 812;  368; 1 189; 3 413;  593;  323;  193;  77;26,6;31.12.2023
08100417;Braunschweiger Straße; 9 708; 4 124; 5 584; 2 078; 1 269; 2 237;1,60; 6 050; 1 926; 1 039;  423;  464; 2 566;  768; 1 798; 1 303;  648;  655;  624; 1 091;  791;  384;  407;  507;  324;  183;  219;  409;  753; 2 926;  445; 1 812; 5 241;  809;  432;  241;  136;27,1;31.12.2023
08100418;Hertzbergplatz; 9 287; 4 156; 5 131; 2 052; 1 299; 1 780;1,55; 6 003; 1 847; 1 026;  433;  388; 2 286;  840; 1 446; 1 359;  608;  751;  538;  948;  770;  420;  350;  511;  304;  207;  207;  359;  698; 2 934;  524; 1 967; 5 239;  764;  438;  231;  95;27,1;31.12.2023
08100419;Treptower Straße Nord; 7 329; 2 767; 4 562; 1 494;  822; 2 246;1,73; 4 235; 1 468;  747;  274;  447; 2 314;  596; 1 718;  927;  366;  561;  593;  728;  661;  298;  363;  323;  183;  140;  198;  286;  473; 1 843;  451; 1 271; 3 534;  701;  293;  210;  198;28,2;31.12.2023
08100520;Weiße Siedlung; 5 810; 1 353; 4 457; 1 170;  867; 2 420;2,13; 2 732; 1 379;  585;  289;  505; 2 423;  572; 1 851;  538;  186;  352;  562;  934;  693;  286;  407;  174;  93;  81;  183;  329;  340;  686;  327;  588; 2 061;  671;  241;  214;  216;27,3;31.12.2023
08100521;Schulenburgpark; 9 530; 2 489; 7 041; 1 874; 1 305; 3 862;2,05; 4 642; 2 153;  937;  435;  781; 3 875; 1 010; 2 865;  820;  200;  620;  846; 1 500; 1 112;  505;  607;  234;  100;  134;  283;  524;  371; 1 440;  678; 1 043; 3 618; 1 024;  387;  312;  325;27,6;31.12.2023
08200622;Jahnstraße; 5 805; 1 959; 3 846; 1 172;  873; 1 801;1,81; 3 201; 1 242;  586;  291;  365; 1 956;  514; 1 442;  711;  272;  439;  424;  755;  576;  257;  319;  246;  136;  110;  146;  274;  470; 1 207;  282;  692; 2 626;  575;  254;  179;  142;25,4;31.12.2023
08200623;Park am Buschkrug; 5 578; 1 858; 3 720; 1 448;  804; 1 468;1,76; 3 175; 1 317;  724;  268;  325; 2 102;  876; 1 226;  543;  164;  379;  384;  691;  734;  438;  296;  182;  82;  100;  142;  259;  268; 1 026;  564;  913; 2 637;  538;  264;  177;  97;26,4;31.12.2023
08200624;Tempelhofer Weg; 8 935; 3 281; 5 654; 2 320; 1 374; 1 960;1,68; 5 331; 2 050; 1 160;  458;  432; 2 999; 1 220; 1 779;  714;  290;  424;  720; 1 221; 1 051;  610;  441;  253;  145;  108;  271;  475;  557; 1 868;  856; 1 593; 4 511;  820;  422;  277;  121;33,0;31.12.2023
08200725;Mohriner Allee Nord; 2 507;  494; 2 013;  768;  465;  780;2,08; 1 208;  714;  384;  155;  175; 1 237;  578;  659;  206;  60;  146;  100;  470;  449;  289;  160;  67;  30;  37;  34;  164;  65;  263;  166;  218;  977;  231;  105;  89;  37;14,7;31.12.2023
08200726;Hufeisensiedlung; 6 300; 1 907; 4 393; 1 762; 1 053; 1 578;1,80; 3 495; 1 588;  881;  351;  356; 2 625; 1 128; 1 497;  511;  156;  355;  439;  818;  940;  564;  376;  174;  78;  96;  163;  311;  291;  972;  644;  989; 2 860;  635;  321;  224;  90;25,7;31.12.2023
08200727;Parchimer Allee Süd; 8 106; 3 216; 4 890; 2 356; 1 152; 1 382;1,59; 5 096; 1 880; 1 178;  384;  318; 2 712; 1 324; 1 388;  663;  282;  381;  596;  919; 1 024;  662;  362;  244;  141;  103;  238;  374;  489; 1 765;  962; 1 687; 4 393;  703;  405;  229;  69;33,9;31.12.2023
08200728;Ortolanweg; 1 115;  329;  786;  342;  216;  228;1,79;  623;  294;  171;  72;  51;  382;  214;  168;  101;  44;  57;  84;  219;  149;  107;  42;  36;  22;  14;  30;  79;  44;  163;  122;  195;  537;  86;  48;  20;  18;34,9;31.12.2023
08200729;Britzer Garten; 1 876;  456; 1 420;  482;  324;  614;1,99;  945;  489;  241;  108;  140;  927;  328;  599;  126;  42;  84;  85;  282;  312;  164;  148;  45;  21;  24;  32;  100;  68;  252;  136;  215;  741;  204;  96;  83;  25;15,7;31.12.2023
08200730;Handwerker-Siedlung; 3 541; 1 170; 2 371; 1 004;  498;  869;1,74; 2 032;  862;  502;  166;  194; 1 384;  680;  704;  214;  102;  112;  188;  585;  506;  340;  166;  81;  51;  30;  67;  208;  163;  533;  474;  523; 1 769;  263;  126;  104;  33;25,5;31.12.2023
08200831;Buckow West; 8 392; 2 405; 5 987; 2 672; 1 404; 1 911;1,80; 4 654; 2 249; 1 336;  468;  445; 3 606; 1 838; 1 768;  541;  186;  355;  560; 1 280; 1 378;  919;  459;  190;  93;  97;  209;  472;  288; 1 234;  883; 1 233; 3 889;  765;  395;  304;  66;27,3;31.12.2023
08200832;Buckow Mitte; 11 769; 2 962; 8 807; 3 698; 1 944; 3 165;1,91; 6 162; 3 200; 1 849;  648;  703; 5 387; 2 542; 2 845;  817;  298;  519;  884; 1 719; 1 961; 1 271;  690;  293;  149;  144;  321;  625;  352; 1 386; 1 224; 1 622; 5 007; 1 155;  579;  405;  171;27,8;31.12.2023
08200833;Buckow Ost; 9 269; 2 409; 6 860; 2 592; 1 428; 2 840;1,93; 4 801; 2 392; 1 296;  476;  620; 3 890; 1 554; 2 336;  847;  446;  401;  700; 1 423; 1 325;  777;  548;  325;  223;  102;  233;  509;  368; 1 181;  860; 1 068; 3 918;  883;  379;  323;  181;26,4;31.12.2023
08300934;Gropiusstadt Nord-West; 12 730; 3 324; 9 406; 3 552; 2 127; 3 727;1,92; 6 626; 3 302; 1 776;  709;  817; 5 533; 2 114; 3 419;  872;  404;  468;  962; 2 039; 1 882; 1 057;  825;  318;  202;  116;  342;  760;  421; 1 406; 1 497; 1 883; 5 343; 1 283;  589;  448;  246;26,7;31.12.2023
08300935;Gropiusstadt Süd-West; 7 519; 2 340; 5 179; 2 502; 1 068; 1 609;1,75; 4 307; 1 967; 1 251;  356;  360; 3 023; 1 610; 1 413;  470;  242;  228;  545; 1 141; 1 159;  805;  354;  179;  121;  58;  197;  432;  257; 1 054; 1 029; 1 287; 3 698;  609;  308;  200;  101;32,3;31.12.2023
08301036;Gropiusstadt Mitte; 7 412; 1 777; 5 635; 2 114; 1 236; 2 285;1,98; 3 740; 1 963; 1 057;  412;  494; 3 227; 1 222; 2 005;  808;  360;  448;  502; 1 098; 1 079;  611;  468;  300;  180;  120;  177;  407;  212;  763;  802; 1 007; 2 975;  765;  364;  269;  132;23,1;31.12.2023
08301037;Gropiusstadt Süd-Ost; 11 059; 2 625; 8 434; 2 808; 1 875; 3 751;2,02; 5 472; 2 847; 1 404;  625;  818; 4 562; 1 534; 3 028; 1 040;  458;  582;  947; 1 885; 1 478;  767;  711;  375;  229;  146;  330;  664;  364; 1 299;  962; 1 341; 4 285; 1 187;  513;  433;  241;27,8;31.12.2023
08401138;Goldhähnchenweg; 2 874;  753; 2 121;  854;  513;  754;1,90; 1 514;  761;  427;  171;  163; 1 240;  572;  668;  199;  70;  129;  312;  370;  444;  286;  158;  68;  35;  33;  109;  140;  62;  280;  411;  438; 1 214;  300;  138;  103;  59;36,3;31.12.2023
08401139;Vogelviertel Süd; 4 119; 1 162; 2 957; 1 360;  630;  967;1,82; 2 268; 1 106;  680;  210;  216; 1 748;  936;  812;  301;  110;  191;  207;  701;  663;  468;  195;  111;  55;  56;  81;  251;  145;  574;  443;  595; 1 936;  332;  176;  106;  50;24,4;31.12.2023
08401140;Vogelviertel Nord; 2 735;  598; 2 137;  856;  468;  813;2,01; 1 360;  762;  428;  156;  178; 1 232;  582;  650;  195;  74;  121;  161;  549;  442;  291;  151;  69;  37;  32;  59;  192;  88;  307;  203;  298; 1 118;  242;  107;  87;  48;24,4;31.12.2023
08401241;Blumenviertel; 8 416; 1 686; 6 730; 2 636; 1 437; 2 657;2,07; 4 065; 2 379; 1 318;  479;  582; 4 134; 1 938; 2 196;  506;  160;  346;  459; 1 631; 1 486;  969;  517;  168;  80;  88;  162;  563;  270;  716;  700;  804; 3 298;  767;  353;  278;  136;21,1;31.12.2023
08401242;Zittauer Straße; 6 946; 1 363; 5 583; 2 210; 1 257; 2 116;2,07; 3 359; 1 996; 1 105;  419;  472; 3 425; 1 618; 1 807;  452;  102;  350;  352; 1 354; 1 241;  809;  432;  144;  51;  93;  133;  478;  174;  613;  576;  679; 2 701;  658;  310;  256;  92;20,2;31.12.2023
08401243;Alt-Rudow; 10 162; 2 600; 7 562; 3 152; 1 725; 2 685;1,90; 5 345; 2 745; 1 576;  575;  594; 4 589; 2 224; 2 365;  746;  262;  484;  687; 1 540; 1 690; 1 112;  578;  253;  131;  122;  245;  557;  372; 1 254;  974; 1 281; 4 400;  945;  445;  338;  162;25,9;31.12.2023
08401244;Waßmannsdorfer Chaussee; 7 344; 1 432; 5 912; 2 204; 1 383; 2 325;2,09; 3 520; 2 088; 1 102;  461;  525; 3 727; 1 626; 2 101;  485;  118;  367;  430; 1 270; 1 326;  813;  513;  159;  59;  100;  153;  450;  140;  574;  718;  779; 2 754;  766;  347;  314;  105;20,0;31.12.2023
08401245;Frauenviertel; 3 615;  831; 2 784;  994;  774; 1 016;1,99; 1 821;  990;  497;  258;  235; 1 507;  586;  921;  358;  110;  248;  334;  585;  524;  293;  231;  125;  55;  70;  127;  214;  101;  508;  222;  439; 1 393;  428;  220;  157;  51;29,7;31.12.2023
08401246;Waltersdorfer Chaussee Ost; 7 986; 1 438; 6 548; 2 570; 1 491; 2 487;2,11; 3 783; 2 345; 1 285;  497;  563; 3 885; 1 798; 2 087;  605;  138;  467;  707; 1 351; 1 411;  899;  512;  195;  69;  126;  255;  484;  145;  672;  621;  847; 2 890;  893;  447;  322;  124;28,6;31.12.2023
09100101;Alt-Treptow; 13 553; 4 858; 8 695; 3 296; 2 157; 3 242;1,70; 7 969; 3 111; 1 648;  719;  744; 4 362; 1 420; 2 942; 2 056;  792; 1 264; 1 064; 1 213; 1 458;  710;  748;  751;  396;  355;  430;  472;  732; 3 468;  658; 2 300; 6 436; 1 533;  840;  556;  137;28,0;31.12.2023
09100202;Plänterwald West; 4 417; 1 467; 2 950; 1 108;  819; 1 023;1,74; 2 536; 1 069;  554;  273;  242; 1 565;  572;  993;  631;  186;  445;  279;  475;  547;  286;  261;  220;  93;  127;  113;  189;  188;  913;  366;  736; 2 035;  501;  265;  199;  37;22,6;31.12.2023
09100203;Plänterwald Ost; 7 223; 3 603; 3 620; 2 168;  780;  672;1,42; 5 104; 1 501; 1 084;  260;  157; 1 881; 1 194;  687;  751;  396;  355;  467;  521;  782;  597;  185;  300;  198;  102;  195;  224;  593; 2 086;  924; 1 767; 4 622;  482;  312;  137;  33;40,5;31.12.2023
09100304;Baumschulenweg West; 11 713; 4 987; 6 726; 3 428; 1 530; 1 768;1,54; 7 618; 2 631; 1 714;  510;  407; 3 487; 1 860; 1 627; 1 481;  612;  869;  838;  920; 1 360;  930;  430;  552;  306;  246;  340;  379;  787; 2 810; 1 390; 2 632; 6 602; 1 016;  611;  316;  89;33,5;31.12.2023
09100305;Baumschulenweg Ost; 4 214; 1 907; 2 307; 1 098;  615;  594;1,50; 2 800;  893;  549;  205;  139; 1 124;  476;  648;  558;  276;  282;  284;  341;  417;  238;  179;  218;  138;  80;  119;  139;  380; 1 244;  283;  912; 2 422;  378;  238;  118;  22;31,5;31.12.2023
09100306;Späthsfelde; 2 845;  503; 2 342;  908;  654;  780;2,10; 1 354;  851;  454;  218;  179; 1 356;  702;  654;  268;  58;  210;  143;  575;  515;  351;  164;  85;  29;  56;  51;  200;  49;  263;  191;  246; 1 083;  271;  132;  102;  37;18,8;31.12.2023
09100407;Johannisthal West; 8 579; 2 847; 5 732; 2 986; 1 281; 1 465;1,68; 5 112; 2 265; 1 493;  427;  345; 3 326; 1 984; 1 342;  984;  330;  654;  625;  797; 1 350;  992;  358;  345;  165;  180;  251;  319;  390; 1 387; 1 070; 1 525; 4 323;  789;  435;  293;  61;31,8;31.12.2023
09100408;Johannisthal Ost; 8 685; 2 944; 5 741; 2 600; 1 497; 1 644;1,69; 5 126; 2 182; 1 300;  499;  383; 2 965; 1 394; 1 571; 1 203;  484;  719;  759;  814; 1 117;  697;  420;  444;  242;  202;  298;  323;  546; 1 725;  673; 1 371; 4 206;  920;  544;  299;  77;32,4;31.12.2023
09100409;Landschaftspark Adlershof; 3 966;  713; 3 253; 1 148;  876; 1 229;2,13; 1 860; 1 147;  574;  292;  281; 1 800;  722; 1 078;  450;  136;  314;  265;  738;  632;  361;  271;  153;  68;  85;  100;  262;  155;  392;  166;  305; 1 404;  456;  249;  161;  46;21,9;31.12.2023
09200510;Helmholtz-Kiez; 8 088; 3 093; 4 995; 2 120; 1 218; 1 657;1,64; 4 923; 1 830; 1 060;  406;  364; 2 183;  748; 1 435; 1 437;  740;  697;  613;  762;  733;  374;  359;  556;  370;  186;  235;  306;  838; 1 883;  372; 1 182; 4 143;  780;  420;  259;  101;30,1;31.12.2023
09200511;Griechischer Park; 13 447; 5 021; 8 426; 3 698; 2 061; 2 667;1,65; 8 167; 3 146; 1 849;  687;  610; 3 524; 1 388; 2 136; 2 220; 1 010; 1 210; 1 482; 1 200; 1 242;  694;  548;  841;  505;  336;  567;  496; 1 332; 2 858;  831; 2 169; 6 716; 1 451;  807;  496;  148;39,1;31.12.2023
09200512;Wuhlheide; 4 048; 1 571; 2 477; 1 258;  630;  589;1,59; 2 545;  974;  629;  210;  135; 1 159;  516;  643;  670;  414;  256;  325;  323;  431;  258;  173;  281;  207;  74;  133;  129;  470;  847;  254;  624; 2 165;  380;  240;  109;  31;35,0;31.12.2023
09200613;Bahnhof Schöneweide; 10 428; 3 488; 6 940; 3 140; 1 776; 2 024;1,71; 6 106; 2 618; 1 570;  592;  456; 3 362; 1 358; 2 004; 1 882; 1 066;  816;  774;  922; 1 201;  679;  522;  760;  533;  227;  296;  361;  991; 1 978;  519; 1 455; 5 061; 1 045;  580;  370;  95;28,3;31.12.2023
09200614;Oberspree; 3 890; 1 130; 2 760; 1 298;  678;  784;1,78; 2 187; 1 057;  649;  226;  182; 1 584;  860;  724;  420;  112;  308;  289;  467;  619;  430;  189;  143;  56;  87;  111;  184;  128;  583;  419;  537; 1 800;  387;  229;  125;  33;28,7;31.12.2023
09200715;Wista; 4 337;  927; 3 410; 1 478;  789; 1 143;1,98; 2 186; 1 259;  739;  263;  257; 1 613;  480; 1 133; 1 209;  790;  419;  222;  366;  532;  240;  292;  514;  395;  119;  80;  133;  364;  499;  64;  338; 1 695;  491;  264;  168;  59;16,3;31.12.2023
09200716;Dörpfeldstraße Ost; 8 121; 2 884; 5 237; 2 662; 1 089; 1 486;1,65; 4 914; 2 030; 1 331;  363;  336; 2 592; 1 328; 1 264; 1 210;  634;  576;  645;  790;  986;  664;  322;  474;  317;  157;  255;  315;  672; 1 527;  685; 1 306; 4 180;  734;  429;  222;  83;34,7;31.12.2023
09200717;Dörpfeldstraße West; 9 879; 3 765; 6 114; 2 854; 1 581; 1 679;1,62; 6 103; 2 338; 1 427;  527;  384; 3 198; 1 600; 1 598; 1 128;  438;  690;  818;  970; 1 217;  800;  417;  414;  219;  195;  322;  385;  734; 2 189;  842; 1 688; 5 169;  934;  552;  284;  98;34,5;31.12.2023
09200818;Spindlersfeld; 4 144; 1 218; 2 926; 1 538;  711;  677;1,74; 2 379; 1 161;  769;  237;  155; 1 288;  648;  640;  887;  552;  335;  293;  458;  499;  324;  175;  376;  276;  100;  126;  160;  231;  712;  275;  549; 1 978;  401;  276;  113;  12;31,4;31.12.2023
09200819;Köllnische Vorstadt; 8 791; 2 864; 5 927; 2 302; 1 641; 1 984;1,76; 5 007; 2 143; 1 151;  547;  445; 2 839; 1 084; 1 755; 1 080;  422;  658; 1 009;  999;  995;  542;  453;  389;  211;  178;  375;  384;  526; 1 644;  694; 1 282; 4 001; 1 006;  560;  320;  126;37,3;31.12.2023
09300920;Dorf Altglienicke; 13 209; 2 222; 10 987; 4 066; 2 748; 4 173;2,15; 6 134; 3 912; 2 033;  916;  963; 6 714; 2 772; 3 942; 1 581;  460; 1 121;  972; 1 720; 2 388; 1 386; 1 002;  534;  230;  304;  366;  624;  354; 1 170;  698; 1 151; 4 462; 1 672;  804;  692;  176;21,9;31.12.2023
09300921;Preußen Siedlung; 2 795;  580; 2 215;  902;  543;  770;2,00; 1 396;  816;  451;  181;  184; 1 385;  660;  725;  279;  80;  199;  136;  415;  519;  330;  189;  96;  40;  56;  51;  150;  85;  328;  167;  275; 1 100;  296;  146;  125;  25;17,2;31.12.2023
09300922;Kosmos Viertel; 6 023; 1 573; 4 450; 1 792; 1 080; 1 578;1,90; 3 177; 1 604;  896;  360;  348; 1 905;  966;  939;  783;  198;  585;  913;  849;  709;  483;  226;  245;  99;  146;  323;  327;  191;  883;  499;  738; 2 482;  695;  329;  245;  121;46,5;31.12.2023
09300923;Kölner Viertel; 8 149; 1 522; 6 627; 2 358; 1 716; 2 553;2,12; 3 849; 2 327; 1 179;  572;  576; 3 544; 1 462; 2 082;  972;  184;  788; 1 043; 1 068; 1 252;  731;  521;  298;  92;  206;  378;  399;  185;  909;  428;  726; 2 744; 1 105;  550;  381;  174;34,2;31.12.2023
09301024;Falkenberg; 3 656;  590; 3 066; 1 138;  852; 1 076;2,16; 1 690; 1 100;  569;  284;  247; 1 718;  680; 1 038;  676;  240;  436;  272;  400;  612;  340;  272;  242;  120;  122;  99;  147;  121;  323;  146;  289; 1 197;  493;  274;  179;  40;20,1;31.12.2023
09301025;Alt-Bohnsdorf; 11 400; 2 424; 8 976; 4 026; 2 229; 2 721;1,97; 5 799; 3 375; 2 013;  743;  619; 5 276; 2 864; 2 412; 1 362;  440;  922;  736; 1 602; 2 049; 1 432;  617;  466;  220;  246;  278;  582;  310; 1 265;  849; 1 150; 4 658; 1 141;  589;  423;  129;24,4;31.12.2023
09301126;Grünau; 8 346; 2 311; 6 035; 2 864; 1 701; 1 470;1,79; 4 657; 2 346; 1 432;  567;  347; 3 433; 1 726; 1 707; 1 182;  534;  648;  468;  952; 1 332;  863;  469;  454;  267;  187;  194;  366;  294; 1 223;  794; 1 229; 3 807;  850;  529;  272;  49;22,8;31.12.2023
09301227;Karolinenhof; 1 916;  366; 1 550;  726;  387;  437;1,99;  961;  595;  363;  129;  103;  986;  538;  448;  188;  54;  134;  96;  280;  387;  269;  118;  65;  27;  38;  38;  105;  38;  172;  156;  187;  767;  194;  102;  79;  13;19,6;31.12.2023
09301228;Schmöckwitz/Rauchfangswerder; 2 692;  523; 2 169;  980;  507;  682;2,01; 1 340;  817;  490;  169;  158; 1 319;  684;  635;  285;  74;  211;  140;  425;  506;  342;  164;  97;  37;  60;  59;  155;  58;  274;  191;  278; 1 057;  283;  157;  102;  24;20,8;31.12.2023
09401329;Kietzer Feld/ Nachtheide; 10 895; 3 252; 7 643; 4 124; 1 725; 1 794;1,73; 6 304; 3 052; 2 062;  575;  415; 4 736; 2 940; 1 796; 1 150;  412;  738;  624; 1 133; 1 942; 1 470;  472;  411;  206;  205;  257;  442;  365; 1 565; 1 322; 1 755; 5 370;  934;  531;  335;  68;27,5;31.12.2023
09401330;Wendenschloß; 1 905;  382; 1 523;  726;  366;  431;1,97;  969;  587;  363;  122;  102;  974;  528;  446;  223;  84;  139;  104;  222;  381;  264;  117;  81;  42;  39;  42;  83;  24;  192;  166;  210;  771;  198;  101;  82;  15;21,2;31.12.2023
09401431;Allende I; 5 248; 1 577; 3 671; 2 010;  828;  833;1,72; 3 044; 1 467; 1 005;  276;  186; 2 095; 1 348;  747;  591;  220;  371;  391;  594;  865;  674;  191;  214;  110;  104;  150;  238;  133;  618;  826;  940; 2 599;  445;  261;  141;  43;33,7;31.12.2023
09401432;Siedlung Kämmereiheide; 1 571;  296; 1 275;  512;  351;  412;2,05;  765;  469;  256;  117;  96;  727;  368;  359;  201;  42;  159;  136;  211;  275;  184;  91;  67;  21;  46;  52;  75;  32;  153;  111;  153;  576;  189;  102;  70;  17;27,5;31.12.2023
09401433;Allende II; 3 914; 1 321; 2 593; 1 310;  588;  695;1,68; 2 329; 1 008;  655;  196;  157; 1 346;  838;  508;  399;  142;  257;  357;  491;  545;  419;  126;  138;  71;  67;  128;  197;  167;  604;  550;  608; 2 008;  321;  177;  105;  39;39,9;31.12.2023
09401534;Altstadt Köpenick; 7 712; 2 489; 5 223; 1 992; 1 428; 1 803;1,76; 4 371; 1 882;  996;  476;  410; 2 466;  898; 1 568; 1 031;  334;  697;  914;  812;  847;  449;  398;  360;  167;  193;  351;  324;  383; 1 449;  657; 1 109; 3 429;  942;  534;  305;  103;37,3;31.12.2023
09401635;Müggelheim; 7 161; 1 222; 5 939; 2 728; 1 518; 1 693;2,05; 3 489; 2 267; 1 364;  506;  397; 3 785; 2 082; 1 703;  697;  192;  505;  372; 1 085; 1 485; 1 041;  444;  238;  96;  142;  148;  396;  96;  628;  498;  596; 2 755;  734;  397;  277;  60;20,2;31.12.2023
09501736;Hirschgarten; 4 717; 1 362; 3 355; 1 690;  852;  813;1,76; 2 682; 1 320;  845;  284;  191; 1 792;  962;  830;  604;  220;  384;  395;  564;  700;  481;  219;  223;  110;  113;  167;  230;  158;  665;  539;  698; 2 183;  499;  303;  168;  28;33,5;31.12.2023
09501737;Alt-Friedrichshagen; 14 202; 4 181; 10 021; 4 682; 2 457; 2 882;1,77; 8 021; 3 840; 2 341;  819;  680; 5 547; 2 886; 2 661; 1 690;  486; 1 204; 1 160; 1 624; 2 143; 1 443;  700;  582;  243;  339;  475;  640;  400; 2 100; 1 681; 2 371; 6 507; 1 514;  876;  532;  106;31,4;31.12.2023
09501838;Rahnsdorf; 10 547; 1 934; 8 613; 3 738; 2 172; 2 703;2,05; 5 152; 3 218; 1 869;  724;  625; 5 167; 2 670; 2 497; 1 198;  358;  840;  613; 1 635; 1 967; 1 335;  632;  415;  179;  236;  237;  599;  201;  934;  799;  927; 4 047; 1 105;  586;  416;  103;21,4;31.12.2023
09501939;Bahnhofstraße; 6 726; 2 064; 4 662; 1 998; 1 296; 1 368;1,77; 3 809; 1 745;  999;  432;  314; 2 516; 1 094; 1 422; 1 070;  452;  618;  463;  613;  923;  547;  376;  404;  226;  178;  181;  237;  392; 1 203;  469; 1 009; 3 074;  735;  440;  233;  62;24,6;31.12.2023
09501940;Güterbahnhof Köpenick; 2 758; 1 058; 1 700;  794;  393;  513;1,62; 1 706;  648;  397;  131;  120;  800;  356;  444;  436;  196;  240;  229;  235;  298;  178;  120;  166;  98;  68;  90;  94;  196;  637;  225;  500; 1 428;  278;  169;  86;  23;32,4;31.12.2023
09501941;Friedrichshagener Straße; 2 903;  952; 1 951; 1 062;  456;  433;1,67; 1 737;  785;  531;  152;  102; 1 266;  726;  540;  342;  178;  164;  133;  210;  508;  363;  145;  139;  89;  50;  55;  83;  100;  511;  341;  509; 1 487;  250;  156;  84;  10;22,0;31.12.2023
09502042;Mittelheide; 4 299; 1 133; 3 166; 1 470;  768;  928;1,84; 2 341; 1 208;  735;  256;  217; 1 894;  952;  942;  561;  226;  335;  251;  460;  722;  476;  246;  210;  113;  97;  101;  175;  164;  575;  394;  597; 1 897;  444;  256;  147;  41;22,7;31.12.2023
09502043;Dammheide; 9 227; 3 148; 6 079; 3 180; 1 452; 1 447;1,66; 5 563; 2 415; 1 590;  484;  341; 3 453; 2 118; 1 335;  911;  310;  601;  596; 1 119; 1 410; 1 059;  351;  327;  155;  172;  250;  428;  403; 1 495; 1 250; 1 786; 4 790;  773;  479;  244;  50;32,3;31.12.2023
10100101;Marzahn West; 5 914; 1 765; 4 149; 1 728; 1 218; 1 203;1,79; 3 302; 1 537;  864;  406;  267; 1 801;  846;  955;  640;  150;  490;  975;  733;  668;  423;  245;  206;  75;  131;  358;  305;  218; 1 115;  432;  779; 2 568;  734;  415;  229;  89;48,8;31.12.2023
10100102;Rosenbecker Straße; 3 723; 1 016; 2 707; 1 098;  687;  922;1,86; 2 002;  986;  549;  229;  208; 1 260;  638;  622;  503;  134;  369;  485;  459;  478;  319;  159;  159;  67;  92;  174;  175;  160;  590;  266;  417; 1 577;  425;  219;  140;  66;40,9;31.12.2023
10100103;Wittenberger Straße; 7 324; 2 194; 5 130; 2 146; 1 287; 1 697;1,80; 4 067; 1 873; 1 073;  429;  371; 2 514; 1 308; 1 206;  901;  214;  687;  825;  890;  945;  654;  291;  288;  107;  181;  300;  340;  310; 1 246;  638;  984; 3 295;  772;  405;  254;  113;38,9;31.12.2023
10100104;Golliner Straße; 7 655; 2 103; 5 552; 2 006; 1 275; 2 271;1,90; 4 032; 1 929; 1 003;  425;  501; 2 492; 1 116; 1 376;  951;  196;  755; 1 185;  924;  886;  558;  328;  288;  98;  190;  398;  357;  316; 1 354;  433;  876; 3 116;  916;  426;  324;  166;43,4;31.12.2023
10100205;Gewerbegebiet Bitterfelder Straße;  734;  339;  395;  168;  72;  155;1,53;  480;  141;  84;  24;  33;  66;  14;  52;  145;  70;  75;  40;  144;  18;  7;  11;  55;  35;  20;  13;  55;  65;  244;  30;  31;  436;  44;  20;  15;  9;29,5;31.12.2023
10100206;Wuhletalstraße; 11 098; 2 940; 8 158; 3 366; 1 878; 2 914;1,88; 5 891; 2 951; 1 683;  626;  642; 4 048; 1 966; 2 082; 1 486;  436; 1 050; 1 241; 1 383; 1 487;  983;  504;  490;  218;  272;  444;  530;  459; 1 538;  943; 1 381; 4 671; 1 220;  623;  390;  207;36,4;31.12.2023
10100207;Ahrensfelder Berge; 8 432; 2 915; 5 517; 2 396; 1 491; 1 630;1,70; 4 971; 2 056; 1 198;  497;  361; 2 533; 1 292; 1 241; 1 027;  288;  739; 1 086;  871;  958;  646;  312;  348;  144;  204;  401;  349;  429; 1 734;  752; 1 248; 4 054;  917;  541;  260;  116;43,7;31.12.2023
10100208;Bürgerpark; 9 899; 3 602; 6 297; 3 224; 1 362; 1 711;1,64; 6 054; 2 452; 1 612;  454;  386; 3 008; 1 800; 1 208; 1 402;  634;  768;  830; 1 057; 1 206;  900;  306;  519;  317;  202;  305;  422;  599; 1 763; 1 240; 1 669; 5 241;  813;  439;  263;  111;37,5;31.12.2023
10100209;Lea-Grundig-Straße; 9 117; 2 339; 6 778; 2 948; 1 569; 2 261;1,88; 4 840; 2 501; 1 474;  523;  504; 3 422; 1 692; 1 730; 1 392;  490;  902;  919; 1 045; 1 283;  846;  437;  481;  245;  236;  334;  403;  398; 1 178;  763; 1 067; 3 833; 1 007;  545;  318;  144;33,2;31.12.2023
10100210;Marzahner Promenade; 10 864; 3 124; 7 740; 3 362; 1 890; 2 488;1,81; 5 990; 2 866; 1 681;  630;  555; 4 170; 2 256; 1 914; 1 140;  288;  852; 1 105; 1 325; 1 605; 1 128;  477;  369;  144;  225;  389;  503;  459; 1 478; 1 187; 1 493; 4 899; 1 091;  568;  379;  144;35,7;31.12.2023
10100311;Marzahner Chaussee; 2 295;  609; 1 686;  738;  417;  531;1,85; 1 239;  630;  369;  139;  122; 1 002;  508;  494;  249;  100;  149;  102;  333;  378;  254;  124;  92;  50;  42;  40;  120;  120;  336;  153;  236; 1 033;  206;  101;  80;  25;19,4;31.12.2023
10100312;Springpfuhl; 15 501; 5 042; 10 459; 4 788; 2 538; 3 133;1,73; 8 980; 3 938; 2 394;  846;  698; 5 779; 2 992; 2 787; 1 787;  702; 1 085; 1 196; 1 697; 2 201; 1 496;  705;  647;  351;  296;  432;  658;  819; 2 369; 1 854; 2 515; 7 547; 1 433;  805;  459;  169;30,1;31.12.2023
10100313;Alt-Marzahn; 4 571; 1 498; 3 073; 1 576;  693;  804;1,69; 2 702; 1 204;  788;  231;  185; 1 858; 1 150;  708;  377;  124;  253;  252;  586;  757;  575;  182;  132;  62;  70;  97;  218;  262;  732;  504;  673; 2 353;  349;  199;  120;  30;27,8;31.12.2023
10100314;Auersbergstraße; 6 495; 1 774; 4 721; 2 296; 1 107; 1 318;1,81; 3 592; 1 818; 1 148;  369;  301; 2 589; 1 576; 1 013;  717;  188;  529;  651;  764; 1 046;  788;  258;  237;  94;  143;  247;  288;  223;  819;  732;  908; 2 944;  648;  357;  232;  59;38,1;31.12.2023
10100315;Bärenstein; 8 287; 1 983; 6 304; 2 674; 1 572; 2 058;1,92; 4 305; 2 322; 1 337;  524;  461; 3 193; 1 582; 1 611; 1 245;  386;  859;  930;  936; 1 202;  791;  411;  420;  193;  227;  340;  360;  274;  952;  757;  972; 3 327;  978;  544;  312;  122;34,8;31.12.2023
10100316;Landsberger Tor; 3 625;  781; 2 844; 1 238;  792;  814;1,96; 1 853; 1 072;  619;  264;  189; 1 725;  860;  865;  527;  150;  377;  307;  285;  659;  430;  229;  187;  75;  112;  118;  108;  55;  342;  384;  499; 1 394;  459;  273;  146;  40;25,7;31.12.2023
10200417;Zossener Straße; 8 041; 1 763; 6 278; 2 134; 1 623; 2 521;2,05; 3 916; 2 153; 1 067;  541;  545; 2 774;  978; 1 796; 1 320;  368;  952; 1 264;  920;  922;  489;  433;  431;  184;  247;  440;  360;  300; 1 122;  341;  721; 2 796; 1 120;  553;  367;  200;39,3;31.12.2023
10200418;Kyritzer Straße; 7 255; 2 367; 4 888; 2 082; 1 254; 1 552;1,74; 4 171; 1 804; 1 041;  418;  345; 2 136;  918; 1 218; 1 261;  454;  807;  814;  677;  774;  459;  315;  442;  227;  215;  316;  272;  374; 1 435;  558; 1 057; 3 325;  846;  497;  245;  104;37,4;31.12.2023
10200419;Havelländer Ring; 4 176; 1 219; 2 957; 1 096;  783; 1 078;1,84; 2 267; 1 048;  548;  261;  239; 1 517;  508; 1 009;  617;  242;  375;  412;  411;  510;  254;  256;  222;  121;  101;  150;  166;  238;  737;  244;  523; 1 760;  507;  271;  158;  78;29,6;31.12.2023
10200420;Gut Hellersdorf; 8 861; 2 416; 6 445; 2 498; 1 545; 2 402;1,88; 4 702; 2 286; 1 249;  515;  522; 3 252; 1 230; 2 022; 1 142;  342;  800; 1 195;  856; 1 105;  615;  490;  377;  171;  206;  449;  355;  311; 1 540;  565; 1 083; 3 557; 1 145;  576;  379;  190;39,2;31.12.2023
10200421;Helle Mitte; 1 767;  467; 1 300;  466;  342;  492;1,91;  924;  457;  233;  114;  110;  676;  222;  454;  238;  92;  146;  137;  249;  223;  111;  112;  88;  46;  42;  50;  96;  102;  255;  110;  216;  720;  204;  117;  60;  27;24,5;31.12.2023
10200422;Hellersdorfer Promenade; 7 351; 1 858; 5 493; 1 914; 1 290; 2 289;1,97; 3 739; 1 881;  957;  430;  494; 2 548;  890; 1 658; 1 086;  324;  762; 1 016;  843;  845;  445;  400;  349;  162;  187;  349;  338;  351; 1 075;  432;  792; 2 803;  936;  429;  310;  197;37,3;31.12.2023
10200423;Böhlener Straße; 6 238; 1 995; 4 243; 1 582; 1 230; 1 431;1,77; 3 522; 1 527;  791;  410;  326; 1 802;  716; 1 086;  914;  238;  676;  922;  605;  643;  358;  285;  301;  119;  182;  335;  248;  437; 1 268;  290;  763; 2 720;  802;  448;  255;  99;41,8;31.12.2023
10200524;Adele-Sandrock Straße; 11 271; 3 181; 8 090; 3 502; 1 950; 2 638;1,83; 6 168; 2 987; 1 751;  650;  586; 4 194; 2 098; 2 096; 1 539;  406; 1 133; 1 191; 1 166; 1 580; 1 049;  531;  501;  203;  298;  451;  455;  438; 1 913;  830; 1 611; 4 888; 1 280;  689;  402;  189;35,2;31.12.2023
10200525;Schleipfuhl; 5 475; 1 305; 4 170; 1 392; 1 077; 1 701;2,00; 2 744; 1 439;  696;  359;  384; 1 910;  760; 1 150;  679;  108;  571;  886;  695;  660;  380;  280;  200;  54;  146;  314;  265;  153;  852;  300;  539; 2 004;  740;  347;  263;  130;42,4;31.12.2023
10200526;Boulevard Kastanienallee; 5 881; 1 773; 4 108; 1 348; 1 074; 1 686;1,85; 3 183; 1 410;  674;  358;  378; 1 847;  632; 1 215;  709;  160;  549;  994;  558;  623;  316;  307;  222;  80;  142;  335;  230;  295; 1 102;  376;  699; 2 399;  784;  386;  267;  131;42,7;31.12.2023
10200627;Am Kienberg; 3 709; 1 371; 2 338; 1 162;  633;  543;1,62; 2 290;  919;  581;  211;  127; 1 220;  658;  562;  421;  158;  263;  405;  292;  481;  329;  152;  154;  79;  75;  164;  120;  184;  895;  292;  611; 1 899;  391;  245;  114;  32;41,9;31.12.2023
10200628;Neue Grottkauer Straße; 6 632; 1 832; 4 800; 1 768; 1 206; 1 826;1,88; 3 533; 1 701;  884;  402;  415; 2 108;  844; 1 264;  856;  166;  690; 1 189;  647;  739;  422;  317;  257;  83;  174;  435;  270;  248; 1 211;  373;  777; 2 607;  926;  442;  336;  148;47,0;31.12.2023
10200629;Teterower Ring; 8 950; 3 132; 5 818; 3 028; 1 320; 1 470;1,65; 5 430; 2 298; 1 514;  440;  344; 3 028; 1 802; 1 226; 1 139;  370;  769;  829;  822; 1 224;  901;  323;  399;  185;  214;  339;  336;  352; 1 704; 1 076; 1 644; 4 554;  876;  525;  273;  78;38,7;31.12.2023
10200630;Cecilienplatz; 6 519; 2 116; 4 403; 2 216;  963; 1 224;1,70; 3 834; 1 718; 1 108;  321;  289; 2 387; 1 478;  909;  701;  190;  511;  686;  629;  972;  739;  233;  236;  95;  141;  261;  249;  203; 1 106;  807; 1 098; 3 199;  635;  351;  226;  58;41,1;31.12.2023
10300731;Oberfeldstraße; 7 843; 1 587; 6 256; 3 240; 1 431; 1 585;1,94; 4 052; 2 465; 1 620;  477;  368; 3 811; 2 292; 1 519;  948;  474;  474;  323; 1 174; 1 536; 1 146;  390;  370;  237;  133;  129;  430;  292;  740;  555;  821; 3 400;  652;  340;  257;  55;19,8;31.12.2023
10300732;Buckower Ring; 7 178; 2 222; 4 956; 2 196; 1 338; 1 422;1,75; 4 098; 1 876; 1 098;  446;  332; 2 528; 1 268; 1 260; 1 037;  380;  657;  621;  770;  970;  634;  336;  374;  190;  184;  236;  296;  368; 1 195;  659;  992; 3 342;  756;  441;  257;  58;31,2;31.12.2023
10300733;Alt-Biesdorf; 4 861;  961; 3 900; 1 576; 1 029; 1 295;2,03; 2 392; 1 431;  788;  343;  300; 2 250;  964; 1 286;  769;  306;  463;  330;  551;  819;  482;  337;  282;  153;  129;  131;  199;  201;  433;  327;  478; 1 795;  597;  336;  213;  48;21,9;31.12.2023
10300734;Biesdorf Süd; 10 445; 1 548; 8 897; 3 780; 1 842; 3 275;2,17; 4 822; 3 274; 1 890;  614;  770; 5 924; 3 040; 2 884; 1 033;  230;  803;  420; 1 520; 2 245; 1 520;  725;  332;  115;  217;  156;  541;  178;  804;  566;  781; 3 724; 1 098;  473;  513;  112;14,2;31.12.2023
10400835;Kaulsdorf Nord; 7 980; 1 431; 6 549; 3 056; 1 560; 1 933;2,03; 3 926; 2 495; 1 528;  520;  447; 4 022; 2 292; 1 730;  734;  186;  548;  532; 1 261; 1 591; 1 146;  445;  241;  93;  148;  203;  460;  183;  807;  441;  685; 3 130;  796;  420;  289;  87;25,5;31.12.2023
10400836;Alt-Kaulsdorf; 3 917;  909; 3 008; 1 400;  729;  879;1,90; 2 059; 1 150;  700;  243;  207; 1 731;  952;  779;  410;  142;  268;  271;  596;  676;  476;  200;  147;  71;  76;  105;  222;  129;  504;  276;  430; 1 678;  381;  194;  156;  31;27,6;31.12.2023
10400837;Kaulsdorf Süd; 8 013; 1 148; 6 865; 2 994; 1 632; 2 239;2,15; 3 721; 2 573; 1 497;  544;  532; 4 370; 2 384; 1 986;  733;  124;  609;  433; 1 329; 1 704; 1 192;  512;  228;  62;  166;  163;  478;  92;  564;  492;  577; 2 880;  841;  394;  371;  76;19,4;31.12.2023
10400938;Mahlsdorf Nord; 10 230; 1 523; 8 707; 3 896; 2 100; 2 711;2,13; 4 806; 3 283; 1 948;  700;  635; 5 759; 3 094; 2 665; 1 033;  218;  815;  482; 1 433; 2 236; 1 547;  689;  336;  109;  227;  195;  516;  160;  812;  551;  777; 3 695; 1 111;  565;  447;  99;17,6;31.12.2023
10400939;Alt-Mahlsdorf; 4 562;  928; 3 634; 1 618;  960; 1 056;1,98; 2 306; 1 378;  809;  320;  249; 2 251; 1 202; 1 049;  466;  142;  324;  270;  647;  876;  601;  275;  164;  71;  93;  106;  232;  137;  490;  301;  444; 1 832;  474;  247;  192;  35;22,4;31.12.2023
10400940;Elsensee; 5 973;  956; 5 017; 2 390; 1 269; 1 358;2,06; 2 893; 1 937; 1 195;  423;  319; 3 295; 1 906; 1 389;  547;  124;  423;  278;  897; 1 319;  953;  366;  180;  62;  118;  108;  330;  90;  490;  376;  481; 2 301;  592;  330;  211;  51;18,2;31.12.2023
10400941;Pilgramer Straße; 9 859; 1 534; 8 325; 3 432; 2 118; 2 775;2,14; 4 614; 3 080; 1 716;  706;  658; 5 319; 2 744; 2 575;  962;  162;  800;  492; 1 552; 2 042; 1 372;  670;  302;  81;  221;  190;  546;  140;  838;  556;  807; 3 533; 1 081;  529;  468;  84;17,6;31.12.2023
11100101;Dörfer Malchow-Wartenberg; 3 372;  617; 2 755; 1 236;  672;  847;2,04; 1 657; 1 040;  618;  224;  198; 1 786;  998;  788;  292;  70;  222;  146;  531;  704;  499;  205;  95;  35;  60;  55;  186;  73;  363;  181;  224; 1 337;  320;  166;  130;  24;17,2;31.12.2023
11100102;Dorf Falkenberg; 2 879;  299; 2 580;  760;  624; 1 196;2,51; 1 147;  848;  380;  208;  260; 1 445;  484;  961;  614;  138;  476;  218;  303;  473;  242;  231;  194;  69;  125;  72;  109;  65;  184;  50;  130;  719;  428;  187;  161;  80;16,8;31.12.2023
11100203;Falkenberg Ost; 9 237; 2 411; 6 826; 2 596; 1 659; 2 571;1,91; 4 836; 2 425; 1 298;  553;  574; 3 368; 1 478; 1 890; 1 103;  216;  887; 1 272; 1 083; 1 211;  739;  472;  335;  108;  227;  457;  422;  369; 1 514;  528; 1 044; 3 680; 1 156;  588;  379;  189;39,5;31.12.2023
11100204;Falkenberg West; 7 083; 2 210; 4 873; 2 130; 1 197; 1 546;1,76; 4 020; 1 810; 1 065;  399;  346; 2 539; 1 228; 1 311;  733;  246;  487;  777;  824;  941;  614;  327;  254;  123;  131;  296;  319;  343; 1 350;  517;  972; 3 266;  754;  423;  240;  91;39,3;31.12.2023
11100205;Wartenberg Süd; 6 379; 1 920; 4 459; 1 932; 1 056; 1 471;1,79; 3 566; 1 646;  966;  352;  328; 2 270; 1 136; 1 134;  630;  160;  470;  885;  674;  848;  568;  280;  203;  80;  123;  316;  279;  267; 1 052;  601;  932; 2 847;  719;  360;  244;  115;43,9;31.12.2023
11100206;Wartenberg Nord; 7 272; 2 197; 5 075; 1 864; 1 266; 1 945;1,82; 3 988; 1 791;  932;  422;  437; 2 509;  934; 1 575;  764;  134;  630; 1 078;  724;  855;  467;  388;  233;  67;  166;  404;  299;  237; 1 343;  617; 1 039; 3 030;  958;  483;  327;  148;42,2;31.12.2023
11100307;Zingster Straße Ost; 11 803; 3 422; 8 381; 3 684; 1 806; 2 891;1,81; 6 505; 3 083; 1 842;  602;  639; 4 544; 2 514; 2 030; 1 183;  254;  929; 1 337; 1 317; 1 743; 1 257;  486;  367;  127;  240;  468;  505;  457; 1 857; 1 108; 1 574; 5 311; 1 194;  573;  407;  214;39,2;31.12.2023
11100308;Zingster Straße West; 9 871; 2 851; 7 020; 2 766; 1 590; 2 664;1,85; 5 349; 2 498; 1 383;  530;  585; 3 406; 1 626; 1 780; 1 126;  188;  938; 1 256; 1 232; 1 237;  813;  424;  328;  94;  234;  454;  479;  383; 1 696;  772; 1 193; 4 237; 1 112;  546;  346;  220;40,8;31.12.2023
11100309;Mühlengrund; 6 275; 1 980; 4 295; 2 186;  984; 1 125;1,71; 3 661; 1 681; 1 093;  328;  260; 2 378; 1 462;  916;  772;  268;  504;  573;  572;  971;  731;  240;  275;  134;  141;  216;  219;  282; 1 066;  632;  924; 3 064;  597;  354;  194;  49;36,2;31.12.2023
11200410;Malchower Weg; 9 622; 1 899; 7 723; 3 070; 1 770; 2 883;2,06; 4 679; 2 780; 1 535;  590;  655; 4 577; 2 222; 2 355; 1 077;  264;  813;  939; 1 130; 1 704; 1 111;  593;  344;  132;  212;  318;  414;  330; 1 054;  515;  832; 3 556; 1 123;  505;  451;  167;28,3;31.12.2023
11200411;Hauptstraße; 6 587; 1 849; 4 738; 2 132; 1 122; 1 484;1,82; 3 625; 1 776; 1 066;  374;  336; 2 480; 1 322; 1 158;  754;  208;  546;  710;  794;  956;  661;  295;  250;  104;  146;  264;  306;  237;  981;  631;  928; 2 920;  705;  388;  238;  79;37,4;31.12.2023
11200512;Orankesee; 3 569;  814; 2 755; 1 176;  723;  856;1,94; 1 840; 1 026;  588;  241;  197; 1 568;  780;  788;  447;  126;  321;  282;  458;  598;  390;  208;  153;  63;  90;  105;  170;  182;  390;  242;  419; 1 437;  403;  221;  148;  34;26,1;31.12.2023
11200513;Große-Leege-Straße; 10 399; 3 753; 6 646; 2 930; 1 704; 2 012;1,67; 6 245; 2 492; 1 465;  568;  459; 3 398; 1 434; 1 964; 1 555;  602;  953;  867;  826; 1 238;  717;  521;  563;  301;  262;  346;  345;  669; 2 363;  721; 1 764; 5 116; 1 129;  667;  361;  101;30,6;31.12.2023
11200514;Landsberger Allee; 15 966; 4 623; 11 343; 4 824; 2 847; 3 672;1,81; 8 805; 4 182; 2 412;  949;  821; 5 629; 2 742; 2 887; 2 187;  700; 1 487; 1 626; 1 901; 2 100; 1 371;  729;  749;  350;  399;  605;  728;  742; 2 351; 1 530; 2 340; 7 072; 1 733;  923;  597;  213;34,9;31.12.2023
11200515;Weiße Taube; 4 443;  904; 3 539; 1 544;  942; 1 053;1,99; 2 238; 1 334;  772;  314;  248; 2 112; 1 016; 1 096;  710;  292;  418;  184;  533;  801;  508;  293;  264;  146;  118;  70;  199;  162;  477;  265;  424; 1 757;  481;  260;  190;  31;14,6;31.12.2023
11300616;Hohenschönhauser Straße; 6 052; 2 308; 3 744; 1 860;  813; 1 071;1,62; 3 737; 1 429;  930;  271;  228; 1 895; 1 044;  851;  626;  256;  370;  631;  592;  733;  522;  211;  226;  128;  98;  233;  237;  378; 1 237;  693; 1 112; 3 195;  542;  310;  150;  82;43,0;31.12.2023
11300617;Fennpfuhlpark; 4 497; 1 693; 2 804; 1 428;  654;  722;1,61; 2 785; 1 092;  714;  218;  160; 1 353;  838;  515;  527;  208;  319;  409;  515;  547;  419;  128;  189;  104;  85;  156;  200;  232;  811;  650;  856; 2 416;  369;  208;  112;  49;42,3;31.12.2023
11300618;Storkower Bogen; 3 713; 1 526; 2 187; 1 158;  570;  459;1,55; 2 400;  874;  579;  190;  105; 1 104;  600;  504;  423;  226;  197;  298;  362;  438;  300;  138;  168;  113;  55;  120;  148;  281;  845;  400;  759; 2 087;  313;  198;  94;  21;38,3;31.12.2023
11300619;Rudolf-Seiffert-Park; 9 113; 2 915; 6 198; 3 362; 1 194; 1 642;1,70; 5 364; 2 449; 1 681;  398;  370; 2 882; 1 574; 1 308; 1 730; 1 174;  556;  535; 1 051; 1 116;  787;  329;  739;  587;  152;  201;  393;  693; 1 334;  888; 1 388; 4 682;  682;  385;  223;  74;29,5;31.12.2023
11300620;Fennpfuhl Ost; 11 515; 4 252; 7 263; 3 264; 1 626; 2 373;1,65; 6 959; 2 707; 1 632;  542;  533; 3 701; 1 876; 1 825; 1 380;  468;  912; 1 013; 1 169; 1 391;  938;  453;  473;  234;  239;  372;  471;  757; 2 216; 1 279; 1 948; 5 895; 1 064;  552;  360;  152;35,0;31.12.2023
11300721;Herzbergstraße; 5 752; 2 170; 3 582; 1 668;  705; 1 209;1,64; 3 502; 1 332;  834;  235;  263; 1 444;  566;  878; 1 254;  734;  520;  324;  560;  496;  283;  213;  500;  367;  133;  111;  225;  600; 1 391;  179;  557; 3 045;  457;  209;  175;  73;24,3;31.12.2023
11300722;Rathaus Lichtenberg; 10 198; 3 862; 6 336; 2 860; 1 593; 1 883;1,63; 6 255; 2 393; 1 430;  531;  432; 3 083; 1 188; 1 895; 1 710;  802;  908;  707;  836; 1 092;  594;  498;  657;  401;  256;  299;  345;  686; 2 452;  724; 1 912; 5 202; 1 053;  634;  336;  83;28,4;31.12.2023
11300723;Bornitzstraße; 2 836;  720; 2 116;  586;  450; 1 080;2,03; 1 396;  676;  293;  150;  233;  825;  130;  695;  611;  192;  419;  174;  506;  244;  65;  179;  192;  96;  96;  60;  180;  225;  460;  35;  167; 1 061;  335;  154;  124;  57;17,9;31.12.2023
11300724;Roedeliusplatz; 4 292; 1 780; 2 512; 1 212;  663;  637;1,56; 2 751;  971;  606;  221;  144; 1 261;  620;  641;  544;  240;  304;  364;  343;  477;  310;  167;  208;  120;  88;  147;  139;  369; 1 141;  270;  840; 2 349;  402;  260;  110;  32;36,6;31.12.2023
11300725;Nibelungenviertel; 10 023; 3 800; 6 223; 2 598; 1 635; 1 990;1,64; 6 100; 2 300; 1 299;  545;  456; 2 967; 1 098; 1 869; 1 625;  626;  999;  832;  799; 1 032;  549;  483;  596;  313;  283;  341;  331;  772; 2 406;  622; 1 826; 4 993; 1 107;  635;  382;  90;30,8;31.12.2023
11300826;Frankfurter Allee Süd; 10 593; 3 209; 7 384; 3 498; 1 536; 2 350;1,77; 5 992; 2 783; 1 749;  512;  522; 3 430; 1 714; 1 716; 1 673;  972;  701;  892; 1 389; 1 277;  857;  420;  673;  486;  187;  309;  524;  680; 1 598;  931; 1 509; 5 076;  916;  451;  321;  144;33,7;31.12.2023
11400927;Victoriastadt; 4 344; 1 469; 2 875;  904;  801; 1 170;1,76; 2 464;  995;  452;  267;  276; 1 266;  340;  926;  830;  240;  590;  376;  403;  408;  170;  238;  285;  120;  165;  145;  157;  306; 1 072;  91;  629; 1 916;  548;  281;  230;  37;26,5;31.12.2023
11400928;Nöldnerplatz; 2 764;  836; 1 928;  762;  525;  641;1,79; 1 541;  705;  381;  175;  149; 1 107;  396;  711;  414;  180;  234;  177;  230;  388;  198;  190;  156;  90;  66;  69;  92;  187;  557;  92;  372; 1 216;  325;  180;  121;  24;21,2;31.12.2023
11400929;Weitlingkiez; 16 971; 7 201; 9 770; 4 182; 2 712; 2 876;1,56; 10 858; 3 657; 2 091;  904;  662; 4 088; 1 516; 2 572; 2 779; 1 152; 1 627; 1 538; 1 365; 1 437;  758;  679; 1 041;  576;  465;  616;  563; 1 477; 4 912;  812; 3 153; 9 098; 1 760; 1 077;  549;  134;35,0;31.12.2023
11400930;Zachertstraße; 4 824; 2 153; 2 671; 1 438;  729;  504;1,49; 3 236; 1 083;  719;  243;  121; 1 300;  710;  590;  749;  358;  391;  282;  340;  522;  355;  167;  296;  179;  117;  123;  142;  413; 1 267;  473; 1 113; 2 829;  407;  288;  105;  14;30,2;31.12.2023
11400931;Massower Straße; 7 042; 2 493; 4 549; 2 114; 1 059; 1 376;1,67; 4 216; 1 723; 1 057;  353;  313; 2 341; 1 218; 1 123;  858;  382;  476;  552;  798;  900;  609;  291;  318;  191;  127;  199;  306;  484; 1 287;  722; 1 191; 3 599;  617;  339;  213;  65;32,3;31.12.2023
11401032;Rosenfelder Ring; 6 341; 2 503; 3 838; 1 938;  792; 1 108;1,59; 3 977; 1 474;  969;  264;  241; 1 867;  968;  899;  941;  512;  429;  352;  678;  706;  484;  222;  372;  256;  116;  135;  261;  586; 1 331;  586; 1 120; 3 504;  473;  277;  140;  56;28,5;31.12.2023
11401033;Gensinger Straße; 6 782; 1 962; 4 820; 1 822; 1 104; 1 894;1,85; 3 664; 1 702;  911;  368;  423; 2 557; 1 014; 1 543;  952;  326;  626;  617;  694;  894;  507;  387;  328;  163;  165;  212;  268;  398; 1 084;  480;  890; 2 900;  764;  390;  262;  112;27,7;31.12.2023
11401034;Tierpark; 3 337; 1 122; 2 215;  972;  513;  730;1,72; 1 939;  817;  486;  171;  160; 1 114;  522;  592;  477;  228;  249;  296;  328;  409;  261;  148;  181;  114;  67;  100;  127;  219;  558;  345;  523; 1 624;  315;  160;  104;  51;31,7;31.12.2023
11401135;Dolgenseestraße; 11 190; 3 228; 7 962; 3 542; 1 794; 2 626;1,81; 6 182; 2 954; 1 771;  598;  585; 3 903; 1 930; 1 973; 1 814;  670; 1 144; 1 031; 1 214; 1 462;  965;  497;  635;  335;  300;  388;  469;  455; 1 449; 1 324; 1 732; 4 997; 1 185;  615;  413;  157;32,7;31.12.2023
11401136;Volkradstraße; 8 410; 3 634; 4 776; 2 878; 1 020;  878;1,50; 5 621; 1 987; 1 439;  340;  208; 2 153; 1 418;  735; 1 254;  750;  504;  554;  815;  911;  709;  202;  516;  375;  141;  223;  337;  759; 1 747; 1 128; 1 865; 5 055;  566;  343;  187;  36;39,4;31.12.2023
11401137;Erieseering; 8 727; 2 631; 6 096; 2 596; 1 410; 2 090;1,79; 4 863; 2 232; 1 298;  470;  464; 3 147; 1 540; 1 607; 1 061;  372;  689;  824; 1 064; 1 166;  770;  396;  367;  186;  181;  295;  404;  427; 1 315;  889; 1 313; 3 991;  872;  439;  311;  122;33,8;31.12.2023
11501238;Rummelsburg; 4 718;  970; 3 748; 1 214;  951; 1 583;2,09; 2 262; 1 292;  607;  317;  368; 2 107;  596; 1 511;  967;  358;  609;  304;  370;  684;  298;  386;  352;  179;  173;  119;  137;  197;  586;  187;  454; 1 584;  678;  350;  263;  65;17,6;31.12.2023
11501339;Karlshorst West; 10 748; 3 140; 7 608; 3 136; 2 013; 2 459;1,80; 5 957; 2 817; 1 568;  671;  578; 3 694; 1 366; 2 328; 2 015;  830; 1 185;  938;  961; 1 297;  683;  614;  750;  415;  335;  382;  388;  764; 1 723;  653; 1 521; 4 626; 1 331;  754;  484;  93;28,7;31.12.2023
11501340;Karlshorst Nord; 11 200; 2 614; 8 586; 3 378; 2 052; 3 156;1,96; 5 714; 3 100; 1 689;  684;  727; 4 979; 2 122; 2 857; 1 552;  430; 1 122;  706; 1 349; 1 777; 1 061;  716;  528;  215;  313;  285;  510;  353; 1 426;  835; 1 379; 4 400; 1 314;  664;  514;  136;21,7;31.12.2023
11501341;Karlshorst Süd; 9 301; 1 656; 7 645; 2 472; 1 902; 3 271;2,17; 4 289; 2 633; 1 236;  634;  763; 4 472; 1 348; 3 124; 1 615;  592; 1 023;  619;  939; 1 478;  674;  804;  575;  296;  279;  238;  342;  325;  923;  408;  816; 2 968; 1 321;  621;  581;  119;18,0;31.12.2023
12100101;Letteplatz; 11 164; 3 835; 7 329; 2 710; 1 737; 2 882;1,75; 6 392; 2 557; 1 355;  579;  623; 3 874; 1 374; 2 500; 1 030;  446;  584;  980; 1 445; 1 287;  687;  600;  372;  223;  149;  354;  544;  800; 2 224;  811; 1 702; 5 289; 1 103;  539;  376;  188;32,1;31.12.2023
12100102;Hausotterplatz; 9 950; 3 261; 6 689; 2 488; 1 488; 2 713;1,78; 5 586; 2 325; 1 244;  496;  585; 3 478; 1 238; 2 240; 1 014;  404;  610;  797; 1 400; 1 142;  619;  523;  361;  202;  159;  288;  534;  758; 1 850;  653; 1 452; 4 616;  970;  478;  315;  177;29,7;31.12.2023
12100103;Breitkopfbecken; 7 678; 3 115; 4 563; 2 014; 1 164; 1 385;1,59; 4 817; 1 702; 1 007;  388;  307; 2 371; 1 034; 1 337;  679;  318;  361;  546;  967;  859;  517;  342;  256;  159;  97;  203;  384;  550; 1 757;  808; 1 464; 4 175;  642;  368;  187;  87;31,6;31.12.2023
12100204;Schäfersee; 9 013; 3 450; 5 563; 2 372; 1 209; 1 982;1,65; 5 479; 2 029; 1 186;  403;  440; 3 102; 1 250; 1 852;  718;  364;  354;  707; 1 036; 1 083;  625;  458;  276;  182;  94;  262;  408;  719; 1 842;  889; 1 676; 4 665;  814;  412;  278;  124;32,2;31.12.2023
12100205;Teichstraße; 13 739; 4 507; 9 232; 3 730; 2 322; 3 180;1,75; 7 861; 3 354; 1 865;  774;  715; 4 792; 1 968; 2 824; 1 194;  510;  684; 1 291; 1 955; 1 694;  984;  710;  446;  255;  191;  468;  746;  817; 2 520; 1 170; 2 083; 6 492; 1 369;  741;  437;  191;34,2;31.12.2023
12100206;Humboldtstraße; 4 735; 1 811; 2 924; 1 370;  810;  744;1,61; 2 940; 1 129;  685;  270;  174; 1 617;  802;  815;  391;  168;  223;  378;  538;  621;  401;  220;  149;  84;  65;  145;  214;  289; 1 021;  501;  872; 2 510;  430;  260;  136;  34;33,7;31.12.2023
12200307;Reinickes Hof; 2 821; 1 132; 1 689;  724;  408;  557;1,61; 1 753;  621;  362;  136;  123;  903;  398;  505;  229;  94;  135;  253;  304;  328;  199;  129;  81;  47;  34;  92;  120;  172;  664;  296;  515; 1 498;  255;  140;  76;  39;36,1;31.12.2023
12200308;Meller Bogen; 5 844; 1 891; 3 953; 1 800;  909; 1 244;1,74; 3 368; 1 477;  900;  303;  274; 2 377; 1 136; 1 241;  455;  222;  233;  340;  781;  877;  568;  309;  174;  111;  63;  131;  295;  297;  940;  654;  992; 2 865;  503;  282;  146;  75;26,0;31.12.2023
12200309;Scharnweberstraße; 11 247; 3 820; 7 427; 3 088; 1 611; 2 728;1,73; 6 492; 2 672; 1 544;  537;  591; 3 769; 1 446; 2 323; 1 356;  698;  658;  951; 1 351; 1 279;  723;  556;  518;  349;  169;  351;  524;  796; 2 148;  876; 1 688; 5 416; 1 076;  540;  348;  188;32,6;31.12.2023
12200310;Klixstraße; 8 188; 2 414; 5 774; 1 978; 1 362; 2 434;1,88; 4 365; 1 951;  989;  454;  508; 3 037; 1 012; 2 025;  830;  330;  500;  765; 1 142;  976;  506;  470;  283;  165;  118;  269;  423;  495; 1 279;  640; 1 090; 3 508;  857;  400;  280;  177;31,4;31.12.2023
12200411;Schumacher-Quartier;  320;  90;  230;  80;  57;  93;1,90;  168;  78;  40;  19;  19;  151;  52;  99;  12;  8;  4;  11;  56;  48;  26;  22;  5;  4;  1;  4;  21;  25;  51;  14;  29;  141;  27;  11;  8;  8;14,8;31.12.2023
12200412;Waldidyll/Flughafensee; 5 876; 1 514; 4 362; 1 712; 1 017; 1 633;1,91; 3 069; 1 555;  856;  339;  360; 2 729; 1 154; 1 575;  388;  162;  226;  298;  947;  958;  577;  381;  143;  81;  62;  111;  343;  246;  779;  489;  697; 2 515;  554;  255;  210;  89;20,0;31.12.2023
12200413;Tegel Süd; 8 168; 2 640; 5 528; 2 362; 1 392; 1 774;1,75; 4 676; 2 036; 1 181;  464;  391; 2 803; 1 278; 1 525;  752;  292;  460;  881; 1 092; 1 017;  639;  378;  267;  146;  121;  330;  422;  333; 1 443;  864; 1 323; 3 847;  829;  467;  261;  101;39,8;31.12.2023
12200414;TXL; 1 431;  308; 1 123;  458;  261;  404;2,00;  714;  406;  229;  87;  90;  692;  336;  356;  103;  30;  73;  58;  270;  254;  168;  86;  35;  15;  20;  20;  97;  40;  135;  133;  123;  588;  126;  61;  46;  19;15,9;31.12.2023
12200515;Alt-Tegel; 10 674; 3 702; 6 972; 3 398; 1 599; 1 975;1,67; 6 385; 2 683; 1 699;  533;  451; 4 138; 2 158; 1 980; 1 007;  492;  515;  557; 1 270; 1 584; 1 079;  505;  394;  246;  148;  219;  486;  435; 1 852; 1 415; 2 047; 5 513;  872;  487;  294;  91;25,1;31.12.2023
12400616;Konradshöhe/ Tegelort; 6 110; 1 258; 4 852; 2 172; 1 134; 1 546;1,99; 3 078; 1 820; 1 086;  378;  356; 3 052; 1 580; 1 472;  450;  170;  280;  371;  979; 1 161;  790;  371;  166;  85;  81;  140;  353;  98;  566;  594;  691; 2 486;  592;  302;  223;  67;23,6;31.12.2023
12400617;Alt-Heiligensee; 6 859; 1 153; 5 706; 2 416; 1 359; 1 931;2,10; 3 260; 2 107; 1 208;  453;  446; 3 622; 1 868; 1 754;  524;  154;  370;  336; 1 224; 1 374;  934;  440;  179;  77;  102;  127;  427;  112;  543;  498;  594; 2 591;  669;  316;  290;  63;19,0;31.12.2023
12400618;Heiligensee Nord; 3 717;  723; 2 994; 1 264;  648; 1 082;2,04; 1 823; 1 100;  632;  216;  252; 2 001;  942; 1 059;  260;  92;  168;  243;  490;  735;  471;  264;  93;  46;  47;  91;  181;  77;  296;  350;  387; 1 421;  402;  167;  187;  48;22,6;31.12.2023
12400619;Heiligensee; 7 760; 1 555; 6 205; 2 598; 1 506; 2 101;2,02; 3 835; 2 280; 1 299;  502;  479; 3 895; 1 924; 1 971;  550;  170;  380;  386; 1 374; 1 454;  962;  492;  191;  85;  106;  144;  491;  207;  646;  702;  874; 3 093;  742;  374;  271;  97;19,4;31.12.2023
12400720;Frohnau West; 8 411; 1 649; 6 762; 2 896; 1 506; 2 360;2,03; 4 143; 2 494; 1 448;  502;  544; 4 495; 2 214; 2 281;  517;  210;  307;  370; 1 380; 1 671; 1 107;  564;  192;  105;  87;  141;  490;  133;  632;  884;  970; 3 351;  792;  348;  331;  113;17,8;31.12.2023
12400721;Frohnau Ost; 8 013; 1 552; 6 461; 2 440; 1 431; 2 590;2,09; 3 839; 2 287; 1 220;  477;  590; 4 076; 1 828; 2 248;  479;  138;  341;  413; 1 493; 1 460;  914;  546;  159;  69;  90;  147;  521;  146;  607;  799;  897; 3 056;  783;  324;  332;  127;18,8;31.12.2023
12400722;Hermsdorf West; 8 609; 1 924; 6 685; 2 716; 1 563; 2 406;1,97; 4 359; 2 435; 1 358;  521;  556; 4 247; 2 040; 2 207;  585;  188;  397;  410; 1 443; 1 573; 1 020;  553;  203;  94;  109;  154;  505;  158;  832;  934; 1 034; 3 543;  816;  379;  336;  101;18,9;31.12.2023
12400723;Hermsdorf Ost/ Waldsee; 8 262; 1 777; 6 485; 2 822; 1 470; 2 193;1,97; 4 184; 2 407; 1 411;  490;  506; 4 043; 2 056; 1 987;  686;  220;  466;  403; 1 353; 1 532; 1 028;  504;  238;  110;  128;  143;  494;  213;  758;  806; 1 030; 3 409;  775;  361;  326;  88;18,5;31.12.2023
12500824;Ziekowstraße/Freie Scholle; 9 824; 3 542; 6 282; 3 118; 1 500; 1 664;1,64; 5 991; 2 449; 1 559;  500;  390; 3 589; 1 914; 1 675;  748;  326;  422;  632; 1 313; 1 392;  957;  435;  283;  163;  120;  257;  517;  478; 1 705; 1 359; 1 977; 5 179;  812;  442;  303;  67;31,7;31.12.2023
12500825;Borsigwalde; 6 957; 2 653; 4 304; 2 142;  960; 1 202;1,61; 4 319; 1 666; 1 071;  320;  275; 2 330; 1 184; 1 146;  683;  332;  351;  469;  822;  887;  592;  295;  264;  166;  98;  189;  326;  480; 1 496;  677; 1 227; 3 737;  582;  328;  192;  62;32,5;31.12.2023
12500926;Wittenau Mitte; 4 903; 1 870; 3 033; 1 474;  681;  878;1,62; 3 031; 1 161;  737;  227;  197; 1 624;  884;  740;  468;  212;  256;  292;  649;  628;  442;  186;  177;  106;  71;  115;  241;  310;  929;  631;  905; 2 659;  372;  212;  119;  41;30,9;31.12.2023
12500927;Wittenau Nord; 6 942; 1 703; 5 239; 2 316; 1 185; 1 738;1,90; 3 650; 1 947; 1 158;  395;  394; 3 192; 1 614; 1 578;  591;  236;  355;  346; 1 110; 1 203;  807;  396;  212;  118;  94;  127;  405;  242;  802;  659;  862; 3 033;  617;  305;  231;  81;20,6;31.12.2023
12500928;Waidmannslust; 5 156; 1 300; 3 856; 1 540;  933; 1 383;1,91; 2 694; 1 394;  770;  311;  313; 2 278; 1 004; 1 274;  462;  140;  322;  269;  847;  818;  502;  316;  158;  70;  88;  106;  312;  178;  655;  467;  652; 2 184;  510;  253;  189;  68;20,8;31.12.2023
12500929;Lübars; 5 119;  908; 4 211; 1 664; 1 005; 1 542;2,11; 2 428; 1 520;  832;  335;  353; 2 740; 1 272; 1 468;  324;  94;  230;  263;  884;  996;  636;  360;  110;  47;  63;  96;  318;  96;  413;  399;  467; 1 909;  519;  233;  226;  60;18,5;31.12.2023
12500930;Wittenau Süd; 9 483; 3 259; 6 224; 2 864; 1 389; 1 971;1,69; 5 600; 2 341; 1 432;  463;  446; 3 385; 1 676; 1 709;  793;  426;  367;  666; 1 380; 1 264;  838;  426;  313;  213;  100;  245;  519;  538; 1 721; 1 000; 1 412; 4 829;  771;  385;  296;  90;31,8;31.12.2023
12601031;Lübarser Straße; 3 316;  972; 2 344; 1 092;  528;  724;1,79; 1 856;  884;  546;  176;  162; 1 325;  780;  545;  228;  100;  128;  166;  625;  524;  390;  134;  85;  50;  35;  56;  219;  112;  457;  403;  489; 1 631;  225;  113;  79;  33;24,9;31.12.2023
12601032;Rollbergesiedlung; 6 159; 1 265; 4 894; 1 352; 1 101; 2 441;2,18; 2 820; 1 555;  676;  367;  512; 2 638;  814; 1 824;  633;  156;  477;  796;  827;  816;  407;  409;  191;  78;  113;  254;  294;  187;  619;  459;  588; 2 044;  776;  305;  260;  211;32,7;31.12.2023
12601133;Treuenbrietzener Straße; 11 425; 2 388; 9 037; 2 798; 2 013; 4 226;2,13; 5 371; 2 983; 1 399;  671;  913; 4 496; 1 390; 3 106; 1 297;  414;  883; 1 403; 1 841; 1 419;  695;  724;  419;  207;  212;  470;  675;  296; 1 217;  875; 1 206; 3 965; 1 406;  611;  508;  287;33,4;31.12.2023
12601134;Märkisches Zentrum; 15 852; 3 202; 12 650; 4 210; 2 721; 5 719;2,14; 7 408; 4 206; 2 105;  907; 1 194; 6 674; 2 386; 4 288; 1 973;  692; 1 281; 1 688; 2 315; 2 167; 1 193;  974;  651;  346;  305;  541;  847;  421; 1 504; 1 277; 1 679; 5 588; 1 820;  771;  606;  443;29,7;31.12.2023
12601235;Dannenwalder Weg; 10 666; 1 975; 8 691; 2 358; 1 851; 4 482;2,27; 4 707; 2 732; 1 179;  617;  936; 4 644; 1 290; 3 354; 1 087;  298;  789; 1 170; 1 790; 1 384;  645;  739;  339;  149;  190;  372;  637;  293;  968;  714; 1 013; 3 406; 1 301;  530;  420;  351;28,6;31.12.2023
12601236;Schorfheidestraße; 3 181;  662; 2 519; 1 004;  576;  939;2,03; 1 564;  902;  502;  192;  208; 1 507;  704;  803;  197;  80;  117;  136;  679;  542;  352;  190;  72;  40;  32;  51;  237;  124;  279;  259;  325; 1 291;  273;  135;  93;  45;18,7;31.12.2023
