plr_id,plr_name,bez,miete_niveau,miete_trend,miete_unsicher,leerstandsquote,rent_gap,var5_brw_wohnen_niveau,var5_brw_wohnen_trend,var5_brw_wohnen_trend_outlier,cov_wohnen_2025,dichte_all,dichte_entire,baualter_unsicher,anteil_vor_1919,anteil_y1919_1948,anteil_y1949_1978,anteil_y1979_1990,anteil_y1991_2000,anteil_y2001_2010,anteil_y2011_plus,n_missing_vars
01100101,Stülerstraße,01 - Mitte,22.7,2.1419999999996664,0,3.050847457627119,12.58,3890.58491287862,-0.3260979332094048,0,0.468166714724585,10.653753026634382,7.74818401937046,0.0,0.1181598062953995,0.0082324455205811,0.5617433414043583,0.1486682808716707,0.0629539951573849,0.0,0.1026634382566585,0
01100102,Großer Tiergarten,01 - Mitte,20.3,1.0589999999998363,0,4.557179707652622,8.430000000000001,3440.0193894530853,-0.4266781009797393,0,0.0340101749522261,24.07566638005159,16.33705932932072,0.0,0.2287188306104901,0.0154772141014617,0.0206362854686156,0.0834049871023215,0.354256233877902,0.2269991401547721,0.0705073086844368,0
01100103,Lützowstraße,01 - Mitte,23.0,1.356000000000002,0,1.8639972385226096,14.38,3541.826020402285,-0.4400971819010815,0,0.9982090524712944,16.223679668622715,12.081463583016914,0.0,0.3237832240248533,0.050742147048671,0.2557818432861581,0.1881256472212633,0.0497065930272695,0.0372799447704521,0.09285467725233,0
01100104,Körnerstraße,01 - Mitte,26.21,2.275999999999834,0,1.7213771016813448,17.79,3499.906289464846,-0.4519778214077478,0,0.9999945620831148,24.819855884707767,16.01281024819856,0.0,0.277822257806245,0.0308246597277822,0.3242594075260208,0.1729383506805444,0.0044035228182546,0.0752602081665332,0.1144915932746196,0
01100205,Wilhelmstraße,01 - Mitte,26.08,1.5829999999998512,0,4.47870778267254,16.029999999999998,9000.0,-0.2876820724517808,0,0.1507894727570859,24.963289280469898,11.013215859030838,0.0,0.1688693098384728,0.0044052863436123,0.0418502202643171,0.3061674008810572,0.2254038179148311,0.1747430249632892,0.079295154185022,0
01100206,Unter den Linden,01 - Mitte,22.34,2.710999999999617,0,2.7910685805422646,12.49,11999.860612473423,-1.1615694676665168e-05,0,0.0012198235221886,17.543859649122805,14.354066985645934,0.0,0.3245614035087719,0.003987240829346,0.0199362041467304,0.2488038277511961,0.1355661881977671,0.1602870813397129,0.1100478468899521,0
01100207,Leipziger Straße,01 - Mitte,20.13,1.0649999999998865,0,2.309871431684463,10.989999999999998,7300.66757601334,-0.2789427862207185,0,0.2194912336754478,20.047940727827413,15.253867945086077,0.0,0.0135105687513619,0.0030507735890172,0.4857267378513837,0.1773806929614295,0.0551318370015253,0.0485944650250599,0.2161691000217912,0
01100308,Charitéviertel,01 - Mitte,20.0,0.9969999999998844,0,2.0024772914946327,9.06,4494.576641247721,-0.2878305309946965,0,0.2983109699161757,27.663088356729975,25.185796862097437,0.0,0.347233691164327,0.0317919075144508,0.0999174236168455,0.0815441783649876,0.1655656482246077,0.0869116432700247,0.1864161849710982,0
01100309,Oranienburger Straße,01 - Mitte,25.0,2.157999999999623,0,2.7948649371489704,15.94,6996.850059533147,-0.2514144664055417,0,0.7783054841610879,47.60631184808772,31.02433805830436,0.0,0.5369082642417758,0.0207274672372292,0.0135062851029687,0.2139609521262369,0.1146028349826156,0.0441294463760363,0.0562984755282161,0
01100310,Alexanderplatzviertel,01 - Mitte,19.31,-0.0850000000000092,0,1.6213560432361611,10.95,6998.94786909984,-0.2513151731617083,0,0.1278014934942704,29.47920078611202,16.704880445463477,0.0,0.1062888961677039,0.0948247625286603,0.3722567965935145,0.3234523419587291,0.041598427775958,0.0142482803799541,0.0488044546347854,0
01100311,Karl-Marx-Allee,01 - Mitte,20.05,2.174999999999609,0,1.31660152232051,13.1,1501.6758642581233,-0.5108256233890953,0,0.7831075849377218,17.691832956181855,6.1715696358773915,0.0,0.0067887265994651,0.0,0.9131865871219914,0.033737914009463,0.0,0.0006171569635877,0.0458753342933552,0
01100312,Heine-Viertel West,01 - Mitte,23.52,0.4479999999999669,0,1.3295186805789296,15.18,3999.912786059755,-0.342572228810336,0,0.5658881694952577,14.641534836755302,12.285425782564793,0.0,0.1013126893301918,0.0146415348367553,0.4897340962638842,0.0828004039044092,0.0555368562773476,0.0481319421070346,0.2086839447997307,0
01100313,Heine-Viertel Ost,01 - Mitte,22.0,0.984999999999856,0,0.9531772575250836,13.47,3999.4464841601807,-0.4055098936110113,0,0.5290886030190821,17.892976588628763,17.22408026755853,0.0,0.1080267558528428,0.0080267558528428,0.3533444816053511,0.1511705685618729,0.1446488294314381,0.0692307692307692,0.1657190635451505,0
01100414,Nordbahnhof,01 - Mitte,20.62,1.0309999999998285,0,4.146838885112169,8.16,4497.872168200685,-0.2876975590576225,0,0.2668311982227488,15.975526852481305,12.57647858599592,0.0,0.2426920462270564,0.0088375254928619,0.1437797416723317,0.0176750509857239,0.0394289598912304,0.0720598232494901,0.4768864717878994,0
01100415,Invalidenstraße,01 - Mitte,24.18,1.425999999999736,0,1.7265456392027425,14.62,4997.001057567186,-0.3364379618154546,0,0.9044986545570786,33.76920147264187,28.69112606322204,0.0,0.5753459438872667,0.0204392535229148,0.1067665354830519,0.0912784054843214,0.0647454614701028,0.0585248190935635,0.0817570140916592,0
01100416,Arkonaplatz,01 - Mitte,22.81,2.165999999999753,0,1.8422055647312925,13.23,4999.836700247332,-0.3364716982526519,0,1.0,33.032651505526616,27.56955914115106,0.0,0.6216490916020836,0.0351924787193495,0.106466776775505,0.0579341887943082,0.0274425104815144,0.0603481133274044,0.091602083598018,0
01200517,Huttenkiez,01 - Mitte,15.15,0.6069999999998641,0,2.886002886002886,7.19,2134.240301765344,-0.4076493238944354,0,0.0777482986066001,15.873015873015872,11.063011063011063,0.0,0.6022126022126022,0.1038961038961039,0.2015392015392015,0.011063011063011,0.0495430495430495,0.0014430014430014,0.0307840307840307,0
01200518,Beusselkiez,01 - Mitte,15.71,1.3049999999997148,0,2.453825857519789,6.850000000000001,1731.692991561605,-0.3766541759385989,0,0.8918916853054013,9.234828496042217,6.332453825857519,0.0,0.6134564643799473,0.0221635883905013,0.2815303430079156,0.0319261213720316,0.0155672823218997,0.0,0.0369393139841688,0
01200519,Emdener Straße,01 - Mitte,18.01,1.3759999999999803,0,1.6384180790960452,10.040000000000004,2099.9922217177573,-0.2876836929319373,0,0.9997834562525536,7.909604519774011,5.273069679849341,0.0,0.6143126177024482,0.0065913370998116,0.3112994350282486,0.0288135593220339,0.011864406779661,0.0005649717514124,0.0269303201506591,0
01200520,Bremer Straße,01 - Mitte,17.0,1.688999999999749,0,2.120515992224775,9.16,2100.0,-0.2876820724517809,0,0.9704755270383064,11.132708959180066,7.0683866407492495,0.0,0.5430288036755611,0.0171408376038169,0.2781410143134829,0.0586676091182187,0.0454143841668139,0.0017670966601873,0.0561936737939565,0
01200521,Zwinglistraße,01 - Mitte,13.93,0.8669999999998966,0,1.6985138004246283,5.83,2044.2607902965929,-0.2995011178584886,0,0.8813971452634842,10.969568294409058,5.307855626326964,0.0,0.5353857041755131,0.0583864118895966,0.2753007784854918,0.0484784147204529,0.0184005661712668,0.0,0.0636942675159235,0
01200522,Elberfelder Straße,01 - Mitte,18.0,1.9989999999996488,0,2.5794229087729525,9.91,2657.261167557718,-0.3770287122457293,0,0.8205162207326334,8.160886039055669,4.080443019527834,0.0,0.4960652870883124,0.0973477120373069,0.3000582920431361,0.0405129699795977,0.016176041970271,0.0218595161760419,0.0284173710288545,0
01200623,Stephankiez,01 - Mitte,18.0,1.301999999999763,0,1.744186046511628,9.99,1708.703064741585,-0.5387728531663588,0,0.9959685426216628,15.780730897009967,11.627906976744185,0.0,0.6174418604651163,0.0307308970099667,0.2262458471760797,0.0367109634551495,0.0534883720930232,0.0018272425249169,0.0333887043189368,0
01200624,Heidestraße,01 - Mitte,23.01,1.1509999999998872,0,1.2669962917181703,9.43,5265.962177066454,-0.3796316556306952,0,0.5314081084578247,12.669962917181705,7.725587144622992,0.0,0.0772558714462299,0.0126699629171817,0.1121755253399258,0.0200865265760197,0.092088998763906,0.0012360939431396,0.6826328800988876,0
01200625,Lübecker Straße,01 - Mitte,13.33,1.4249999999996965,1,0.8664475649835675,6.04,2100.0,-0.2876820724517809,0,0.9446505360370044,6.871825515386914,3.884075291305647,0.0,0.4356139826710487,0.0035853002688975,0.4093217806991335,0.1057663579324768,0.0206154765461607,0.0,0.0242007768150582,0
01200626,Thomasiusstraße,01 - Mitte,19.48,1.2399999999999842,0,2.2465437788018434,11.05,2731.159162677004,-0.3155185705163952,0,0.4879553695147234,10.080645161290322,6.912442396313365,0.0,0.3879608294930876,0.0034562211981566,0.4533410138248848,0.0299539170506912,0.0820852534562212,0.0115207373271889,0.0339861751152073,0
01200627,Zillesiedlung,01 - Mitte,7.11,0.0100000000000111,1,3.313696612665685,0.1800000000000006,1602.1888301342387,-0.4460903431042833,0,0.9999515273352728,5.154639175257732,3.681885125184094,0.0,0.0559646539027982,0.0,0.3011782032400589,0.6303387334315169,0.0073637702503681,0.0,0.008100147275405,0
01200628,Lüneburger Straße,01 - Mitte,18.87,2.0669999999997803,1,1.394700139470014,9.11,3338.854200234048,-0.3672507737997915,0,0.3616702341624486,9.298000929800093,4.184100418410042,0.0,0.206415620641562,0.0,0.3351929335192933,0.0362622036262203,0.3412366341236634,0.0,0.0804277080427708,0
01200629,Hansaviertel,01 - Mitte,17.0,0.0459999999999082,0,2.3632160287695863,8.33,2057.1203835737165,-0.3102580771270213,0,0.9481733257327608,7.192396609298741,5.908040071923966,0.0,0.1561777549447726,0.0015412278448497,0.7320832263036219,0.0477780631903416,0.0131004366812227,0.0051374261494991,0.0441818648856922,0
01300730,Drontheimer Straße,01 - Mitte,12.0,0.9579999999999096,0,4.043782304651869,4.67,876.9540285555904,-0.6496666626821659,0,1.0,8.513225904530252,4.560656734569778,0.0,0.4241410763149894,0.1343873517786561,0.2024931590148981,0.2040133779264214,0.0255396777135907,0.0,0.0072970507753116,0
01300731,Koloniestraße,01 - Mitte,16.5,1.3449999999998172,0,2.933761173504469,8.92,1188.113405381274,-0.4956932776458753,0,0.7358472744624157,8.480403392161357,4.354801741920697,0.0,0.4856749942699977,0.1203300481320192,0.3195049278019711,0.0174192069676827,0.037818015127206,0.0,0.0199404079761631,0
01300732,Soldiner Straße,01 - Mitte,15.0,1.520999999999783,0,2.3778359511343803,7.99,1275.899324414735,-0.4870742586532096,0,0.723626927535017,8.289703315881328,6.108202443280977,0.0,0.5058900523560209,0.1215095986038394,0.2940663176265271,0.0329406631762652,0.0205061082024432,0.0,0.0235602094240837,0
01300733,Gesundbrunnen,01 - Mitte,16.55,1.5439999999998015,0,1.468301951977889,7.960000000000001,1700.0,-0.3856624808119846,0,0.9456296456596184,8.464328899637243,5.70046640179651,0.0,0.4365175332527207,0.1269649334945586,0.2551390568319226,0.0514769390222836,0.0383485921575401,0.0,0.0910347210226291,0
01300834,Brunnenstraße,01 - Mitte,9.36,0.293999999999933,0,2.860715960606534,1.739999999999999,2413.493123918108,-0.3186563390692571,0,0.8430631642927654,4.220728466468657,3.439112083789276,0.0,0.0359543536032515,0.0,0.4247303423479756,0.4164452086915742,0.0,0.0297014225418164,0.0934813193684539,0
01300835,Humboldthain Süd,01 - Mitte,7.76,0.4669999999999056,0,1.74110522331567,-0.4800000000000004,2400.020303551836,-0.3184540269136551,0,0.4435540199549748,1.7032551097653292,0.757002271006813,0.0,0.0887585162755488,0.0005677517032551,0.563777441332324,0.1989023467070401,0.0456093868281604,0.0,0.1040878122634367,0
01300836,Humboldthain Nordwest,01 - Mitte,19.0,2.2299999999995985,0,4.070609932815176,10.99,1699.7613318193085,-0.385844295895535,0,0.6244002049461177,24.370965617178236,18.706362798050325,0.0,0.4041628243973126,0.0226584112765116,0.3216967461467527,0.1291002502964036,0.0266104597549729,0.0025029640363588,0.0934000790409695,0
01400937,Afrikanische Straße,01 - Mitte,16.86,1.4419999999998985,0,2.3775100401606424,9.61,1035.7708954461143,-0.3604785698617586,0,0.2055139083835472,3.21285140562249,1.7670682730923695,0.0,0.1837751004016064,0.5908433734939759,0.193574297188755,0.01429718875502,0.0094779116465863,0.0,0.0078714859437751,0
01400938,Kameruner Straße,01 - Mitte,15.0,0.7149999999999147,0,1.8889970788704964,7.46,1358.259526742328,-0.3712064484672923,0,0.3959259938817097,8.373904576436221,5.063291139240507,0.0,0.5822784810126582,0.0498539435248296,0.2607594936708861,0.0720545277507302,0.0148003894839337,0.0007789678675754,0.0192794547224926,0
01400939,Glasgower Straße,01 - Mitte,17.5,1.574999999999773,0,2.655150351887396,10.13,1416.519631691536,-0.4387480566921009,0,0.6290766503542101,7.037747920665387,3.838771593090211,0.0,0.5588611644273832,0.2655150351887396,0.1142034548944337,0.0102367242482405,0.009916826615483,0.0,0.0409468969929622,0
01400940,Schillerpark,01 - Mitte,9.78,0.6629999999998913,0,2.9831387808041505,3.119999999999999,535.0156456390855,-0.6254931487022438,0,1.0,2.594033722438392,1.297016861219196,0.0,0.0093385214007782,0.1761348897535668,0.7714656290531777,0.0223086900129701,0.001556420233463,0.0,0.0194552529182879,0
01400941,Londoner Straße,01 - Mitte,17.5,1.716999999999705,1,2.3485204321277595,10.16,580.9412311087476,-0.5431019800632095,0,1.0,2.3485204321277595,1.8788163457022078,0.0,0.0338186942226397,0.1775481446688586,0.7646782527007985,0.0117426021606387,0.0108031939877876,0.0,0.0,0
01400942,Westliche Müllerstraße,01 - Mitte,14.26,0.9169999999998436,0,1.944620587613612,6.69,1471.6698644765772,-0.3942269827896448,0,0.7162910287825525,13.316423589093214,9.088987529063623,0.0,0.5821179454660749,0.2077784823504544,0.0708095540054956,0.0682730923694779,0.0238850137391671,0.0,0.0481927710843373,0
01401043,Antonstraße,01 - Mitte,17.0,2.669999999999555,1,0.9931895573212258,9.73,1700.0,-0.3856624808119846,0,0.9831174199215144,7.377979568671964,5.10783200908059,0.0,0.4940408626560726,0.02894438138479,0.1730987514188422,0.2202043132803632,0.054199772985244,0.0,0.028660612939841,0
01401044,Uferstraße,01 - Mitte,14.55,1.088999999999816,0,2.245814618211514,6.73,1699.9731107429636,-0.3856714327937157,0,0.985831110115836,10.41241322988975,6.533278889342589,0.0,0.4438546345447121,0.0132707227439771,0.3830134748877092,0.1124948958758677,0.0036749693752552,0.0,0.0430788076766026,0
01401045,Schwedenstraße,01 - Mitte,14.25,1.4279999999997477,0,1.4789533560864618,6.72,1695.830577131698,-0.3870567689354416,0,0.947797061308456,9.859689040576413,4.550625711035267,0.0,0.4429275692074327,0.0341296928327645,0.2332195676905574,0.0910125142207053,0.1213500189609404,0.0,0.0781190747061054,0
01401046,Nordufer,01 - Mitte,16.32,1.5879999999997807,0,2.4535173471343685,8.27,1400.0,-0.4054651081081644,0,0.8526482122806851,8.242284838029518,5.558750239601303,0.0,0.6860264519838988,0.0191681042744872,0.1042744872532106,0.0776308223116733,0.0845313398504887,0.0065171554533256,0.0207015526164462,0
01401047,Sparrplatz,01 - Mitte,22.0,3.022999999999653,0,4.339250493096647,14.27,1510.1200217556102,-0.4006353216365512,0,0.949979291698712,9.204470742932282,6.355467893929433,0.0,0.4564979180363795,0.0168748630287091,0.2316458470304624,0.064212141135218,0.0962086346701731,0.0,0.1341222879684418,0
01401048,Leopoldplatz,01 - Mitte,17.01,1.596999999999738,0,2.203525641025641,9.27,1595.3530259868166,-0.4215654411404303,0,0.8880298373669522,5.608974358974359,3.605769230769231,0.0,0.6372195512820513,0.0470753205128205,0.2161458333333333,0.0616987179487179,0.0252403846153846,0.0,0.0138221153846153,0
01401049,Schulstraße,01 - Mitte,10.86,0.6569999999999073,0,1.3789299503585215,3.6,754.9291715148645,-0.6707415881387269,0,1.0,3.033645890788748,1.654715940430226,0.0,0.5708769994484281,0.0071704357418643,0.3033645890788748,0.0397131825703254,0.078323221180364,0.0,0.0,0
02100101,Askanischer Platz,02 - Friedrichshain-Kreuzberg,16.5,0.4859999999999114,0,7.503192848020435,7.220000000000001,2700.0,-0.3930425881096072,0,0.6386520889645622,27.139208173690932,22.03065134099617,0.0,0.0999361430395913,0.0047892720306513,0.6069604086845466,0.1369731800766283,0.0727969348659003,0.0009578544061302,0.0772669220945083,0
02100102,Mehringplatz,02 - Friedrichshain-Kreuzberg,8.4,0.2039999999999294,0,4.634624816086317,0.7800000000000002,2699.9947535762813,-0.3930445312313909,0,0.7233711185361142,17.165277096615988,12.506130456105936,0.0,0.0814124570868072,0.0213339872486513,0.6284943599803825,0.0904855321235899,0.0895046591466405,0.0308974987739087,0.0573810691515448,0
02100103,Am Berlin Museum,02 - Friedrichshain-Kreuzberg,12.71,0.7029999999999359,1,0.984251968503937,4.23,2569.037587096133,-0.4427630120769371,0,0.7921577573496625,9.448818897637794,6.299212598425196,0.0,0.0496062992125984,0.0,0.5488188976377952,0.3129921259842519,0.0783464566929133,0.0,0.0090551181102362,0
02100104,Moritzplatz,02 - Friedrichshain-Kreuzberg,11.2,0.7719999999997889,1,0.7226013649136892,3.869999999999999,2458.055275858986,-0.5107719196414406,0,0.7122953318273982,10.437575270975513,6.423123243677239,0.0,0.1364913689281413,0.0,0.7462866318747491,0.0578081091930951,0.0602167804094741,0.0012043356081894,0.0,0
02100105,Prinzenstraße,02 - Friedrichshain-Kreuzberg,9.39,1.3769999999997076,0,1.7454706142288996,2.130000000000001,2428.379341290139,-0.5108107473007503,0,0.9878366249762426,7.291206363234644,5.302695536897923,0.0,0.0996464869642068,0.0019885108263367,0.8252319929297393,0.0247459125055236,0.0,0.046177640300486,0.0015466195315952,0
02100106,Wassertorplatz,02 - Friedrichshain-Kreuzberg,7.08,-0.2280000000000035,1,1.1638733705772812,0.4000000000000003,2413.0765473287547,-0.5100326537603088,0,0.6662829527396057,15.363128491620111,6.517690875232775,0.0,0.2234636871508379,0.0,0.5991620111731844,0.148510242085661,0.0046554934823091,0.0232774674115456,0.0,0
02200207,Gleisdreieck,02 - Friedrichshain-Kreuzberg,24.67,1.5469999999998294,0,1.0101010101010102,13.7,3274.0904146701755,-0.4329622875004063,0,0.1221847983277524,17.447199265381084,11.937557392102846,0.0,0.2690541781450872,0.0,0.0707070707070707,0.0,0.0101010101010101,0.0,0.6483011937557392,0
02200208,Rathaus Yorckstraße,02 - Friedrichshain-Kreuzberg,14.29,1.269999999999817,1,2.2446324007807417,6.319999999999999,2984.9431840046327,-0.4000727745030084,0,0.8292819925338165,21.47039687703318,9.759271307742356,0.0,0.6109303838646715,0.0084580351333767,0.3051398828887443,0.0712426805465192,0.0022771633051398,0.0,0.0022771633051398,0
02200209,Viktoriapark,02 - Friedrichshain-Kreuzberg,22.43,2.2859999999996385,0,2.6906569825024764,14.48,3006.2967301701487,-0.3634878382338722,0,0.7411724255745791,18.983162759986794,13.04060746120832,0.0,0.6645757675800594,0.0004952129415648,0.2672499174645097,0.0231099372730274,0.017992736876857,0.0097391878507758,0.0160118851105975,0
02200210,Urbanstraße,02 - Friedrichshain-Kreuzberg,17.99,1.064999999999808,0,1.9944273353864204,10.04,3474.837017691258,-0.2565309265685606,0,0.7124200521566821,22.58395659187564,17.59788825340959,0.0,0.6889573251209855,0.0121718727086083,0.2390379821088136,0.0341692330253702,0.0021997360316761,0.0080656987828127,0.0146649068778413,0
02200211,Chamissokiez,02 - Friedrichshain-Kreuzberg,15.47,0.6739999999999486,0,1.8970189701897016,7.750000000000001,3999.587983316056,-0.1178860451326634,0,0.5557551654543893,14.728408153646754,8.837044892188054,0.0,0.8113585483680924,0.0214445622717096,0.125957346529987,0.0129609991752091,0.021680216802168,0.0,0.0065983268528337,0
02200212,Graefekiez Süd,02 - Friedrichshain-Kreuzberg,17.89,1.4539999999998434,0,1.57102334715252,10.07,3505.0104301389074,-0.2498708678731135,0,0.9997686214150728,15.273838097316169,10.037093606807767,0.0,0.6109535238926468,0.0050185468034038,0.1797948941741217,0.1865590224743617,0.0089461051712851,0.0082915121099716,0.0,0
02200213,Graefekiez Nord,02 - Friedrichshain-Kreuzberg,21.27,1.89199999999974,0,2.1514629948364887,13.18,3476.068571875136,-0.2557841913366742,0,0.7924198569636307,24.096385542168676,14.802065404475043,0.0,0.767986230636833,0.0235800344234079,0.1619621342512908,0.0375215146299483,0.0043029259896729,0.0,0.0036144578313253,0
02300314,Oranienplatz,02 - Friedrichshain-Kreuzberg,14.04,2.203999999999676,1,1.278843480678343,7.359999999999999,3001.3195223100724,-0.4846606410648344,0,0.9770568048725062,23.908812899638587,15.012510425354462,0.0,0.7178204058938004,0.0061162079510703,0.1845982763413956,0.0834028356964136,0.0033361134278565,0.0016680567139282,0.0030581039755351,0
02300315,Lausitzer Platz,02 - Friedrichshain-Kreuzberg,15.0,0.5600000000000155,0,2.891278375149343,7.93,3000.0000000000005,-0.4454150088926003,0,0.9999778528929368,19.832735961768222,10.03584229390681,0.0,0.5842293906810035,0.0231780167264038,0.2886499402628434,0.0888888888888888,0.005973715651135,0.007168458781362,0.001194743130227,0
02300316,Köpenicker Straße,02 - Friedrichshain-Kreuzberg,18.89,1.6819999999998485,1,0.6229235880398671,11.6,3000.280845102675,-0.4054662636262966,0,0.6626594685666853,25.747508305647838,18.272425249169437,0.0,0.4759136212624584,0.0,0.4555647840531561,0.0477574750830564,0.0,0.0024916943521594,0.0157807308970099,0
02300417,Reichenberger Straße West,02 - Friedrichshain-Kreuzberg,20.0,1.5739999999997865,0,1.738313366220343,12.22,2950.128268113959,-0.4129338526550913,0,0.9573646866965044,27.48414376321353,17.38313366220343,0.0,0.6445853887714352,0.0204369274136716,0.2372562837679116,0.079163730326521,0.0070472163495419,0.0007047216349541,0.0101010101010101,0
02300418,Reichenberger Straße Ost,02 - Friedrichshain-Kreuzberg,21.31,1.2679999999997733,0,2.096627164995442,13.38,2999.479375647288,-0.4054537457466371,0,0.6699839691374865,31.449407474931633,22.789425706472194,0.0,0.6711485870556062,0.0175478577939835,0.2445305378304466,0.042616226071103,0.0082041932543299,0.0,0.0164083865086599,0
02300419,Wrangelkiez,02 - Friedrichshain-Kreuzberg,18.39,1.5809999999997877,0,1.7630465444287728,10.96,3000.0,-0.4054651081081644,0,0.7156149986197246,24.68265162200282,14.280677009873061,0.0,0.7667489421720733,0.0121650211565585,0.1914668547249647,0.0151622002820874,0.0068758815232722,0.0054654442877291,0.001410437235543,0
02400520,Barnimkiez,02 - Friedrichshain-Kreuzberg,12.09,-3.017397592328451e-13,0,1.8282166264229045,5.27,2400.6929692199637,-0.5083500062664597,0,0.3139937631079538,8.968609865470851,5.8640910658847885,0.0,0.0755432907899275,0.0,0.8009658502932046,0.0786478095895136,0.0068989306657468,0.0,0.0403587443946188,0
02400521,Friedenstraße,02 - Friedrichshain-Kreuzberg,25.93,3.184999999999621,0,1.7716535433070866,18.17,2405.7401144035466,-0.4864985339859671,0,0.7262136405495555,14.873140857392825,8.967629046369202,0.0,0.1994750656167979,0.0172790901137357,0.5135608048993876,0.0918635170603674,0.0678040244969378,0.0247156605424321,0.0857392825896763,0
02400522,Richard-Sorge-Viertel,02 - Friedrichshain-Kreuzberg,16.82,0.5830000000000093,0,1.30997715156131,8.41,3290.9196224248512,-0.4091191033175743,0,0.9938894503150916,13.709063214013709,9.291698400609292,0.0,0.4108149276466108,0.0038080731150038,0.3661843107387661,0.0522467631378522,0.0828636709824828,0.045087585681645,0.0388423457730388,0
02400623,Andreasviertel,02 - Friedrichshain-Kreuzberg,20.0,1.006999999999567,0,1.4070906331907849,12.59,2399.947620007791,-0.5108174357529507,0,0.6596042678735689,10.208304593737068,6.0698027314112295,0.0,0.0536625741481583,0.0,0.7595530417988688,0.0726996827148572,0.0041385018623258,0.0277279624775831,0.081804386811974,0
02400624,Weberwiese,02 - Friedrichshain-Kreuzberg,21.69,2.694999999999617,0,1.7765042979942696,13.340000000000002,3431.812924204675,-0.3223173018871017,0,0.9873093342791642,17.621776504297994,8.166189111747851,0.0,0.3968481375358166,0.0107449856733524,0.4699140401146132,0.0434097421203438,0.0431232091690544,0.0120343839541547,0.0240687679083094,0
02400625,Wriezener Bahnhof,02 - Friedrichshain-Kreuzberg,26.0,1.4829999999999832,0,1.8975332068311197,14.48,2436.5733350176088,-0.5023357251163215,0,0.0164138664509337,106.2618595825427,60.72106261859582,0.0,0.1726755218216318,0.0,0.0132827324478178,0.4174573055028463,0.0,0.0,0.396584440227704,0
02500726,Hausburgviertel,02 - Friedrichshain-Kreuzberg,18.7,1.8109999999997568,0,1.9793152639087015,10.36,3798.9269736729584,-0.3696821069149101,0,1.0,18.544935805991443,13.017118402282453,0.0,0.7243223965763196,0.0262125534950071,0.1553138373751783,0.0296005706134094,0.0256776034236804,0.0026747503566333,0.0361982881597717,0
02500727,Forckenbeckplatz,02 - Friedrichshain-Kreuzberg,18.0,0.7979999999998945,0,1.5931721194879087,9.4,3660.50131266356,-0.3476402066719078,0,0.9999935211179652,20.76813655761024,13.655761024182077,0.0,0.4429587482219061,0.0307254623044096,0.2128022759601707,0.1749644381223328,0.0105263157894736,0.0073968705547652,0.1220483641536273,0
02500728,Samariterviertel,02 - Friedrichshain-Kreuzberg,17.96,0.915999999999858,0,1.347040056717476,9.21,4000.0258809830343,-0.3184409168407236,0,0.9999936938085168,12.761432116270825,8.15313718539525,0.0,0.7997164126196384,0.0295994328252392,0.0331442750797589,0.0060262318326834,0.0572492024104927,0.0026586316908897,0.0712513293158454,0
02500729,Pettenkofer Straße,02 - Friedrichshain-Kreuzberg,21.73,2.182999999999732,0,1.4564713670969878,12.78,3826.358465182188,-0.3194600003412432,0,0.6619492220562256,16.550810989738498,12.578616352201259,0.0,0.630254882489242,0.0089374379344587,0.0049652432969215,0.1307514068189341,0.07911287653095,0.0082754054948692,0.1390268123138033,0
02500830,Niederbarnimstraße,02 - Friedrichshain-Kreuzberg,18.5,0.9359999999998224,0,1.9836136265631736,7.43,3880.5868320745503,-0.2649050882556389,0,0.9999999999998622,38.37861147046141,26.735661923242777,0.0,0.5403191030616645,0.0297542043984476,0.1591203104786546,0.0767572229409228,0.0892626131953428,0.0168175937904269,0.0840879689521345,0
02500831,Wismarplatz,02 - Friedrichshain-Kreuzberg,15.98,0.2989999999998828,0,2.068074105988798,6.970000000000001,4499.771915481331,-0.200721382195295,0,1.0,24.989228780697974,17.23395088323998,0.0,0.5975872468763465,0.0508401551055579,0.1027574321413184,0.1583369237397673,0.0372684187850064,0.0236966824644549,0.0305902628177509,0
02500832,Traveplatz,02 - Friedrichshain-Kreuzberg,21.06,1.0159999999998577,0,2.866532773416104,11.509999999999998,4494.302399643318,-0.2006769251161558,0,0.9970145292368968,15.33686324630272,9.12908526565638,0.0,0.5455541354756254,0.0217272229322621,0.1132006572941391,0.0613474529852108,0.0613474529852108,0.0206317327003834,0.176008763921855,0
02500833,Boxhagener Platz,02 - Friedrichshain-Kreuzberg,20.15,1.829999999999768,0,1.810932048513042,11.079999999999998,4486.470760527584,-0.2019231322160672,0,1.0,30.73600265824888,22.0966938029573,0.0,0.8320318989865426,0.030071440438611,0.0903804618707426,0.0029905299883701,0.0093038710749293,0.0,0.0358863598604419,0
02500834,Revaler Straße,02 - Friedrichshain-Kreuzberg,20.97,1.1989999999998289,0,1.2536759015632255,11.919999999999998,4500.0,-0.2006706954621511,0,0.9523489448091478,21.513697570035596,12.536759015632256,0.0,0.7926017644327503,0.0238353196099674,0.0759944281071041,0.0106794613836867,0.015941804674199,0.0160965794768611,0.0650054171180931,0
02500835,Stralauer Kiez,02 - Friedrichshain-Kreuzberg,21.83,2.025999999999688,0,3.75,13.239999999999998,2859.8016661940846,-0.4702109890093418,0,0.2888927242579712,30.04385964912281,19.517543859649123,0.0,0.4995614035087719,0.0256578947368421,0.1817982456140351,0.1212719298245614,0.0098684210526315,0.0120614035087719,0.1497807017543859,0
02500836,Stralauer Halbinsel,02 - Friedrichshain-Kreuzberg,19.32,1.237999999999816,0,0.6912442396313364,9.08,2076.1482591044405,-0.1737427130889169,0,0.4122972705289114,15.668202764976959,11.981566820276498,0.0,0.1751152073732718,0.044700460829493,0.0304147465437788,0.0175115207373271,0.308294930875576,0.1470046082949308,0.276036866359447,0
03100101,Bucher Forst,03 - Pankow,15.5,1.4739999999997762,0,3.814262023217247,8.129999999999999,429.1309668056902,-0.149548024411889,0,0.0584860086128484,0.8291873963515755,0.0,0.0,0.2819237147595356,0.1094527363184079,0.2640961857379768,0.1687396351575456,0.0808457711442786,0.0273631840796019,0.0688225538971807,0
03100102,Klinikum Buch,03 - Pankow,9.78,0.7539999999998168,0,4.227304227304227,2.869999999999999,420.8691779576269,-0.0793053850078805,0,0.2010727630482546,4.851004851004851,4.158004158004158,0.0,0.1864171864171864,0.0796950796950796,0.2619542619542619,0.3603603603603603,0.0582120582120582,0.0297990297990298,0.0249480249480249,0
03100103,Karower Chaussee,03 - Pankow,7.77,0.4969999999999175,0,1.2655512655512655,2.09,491.4317002559311,-0.171595452559037,0,0.4507334179918965,0.429000429000429,0.429000429000429,0.0,0.0036465036465036,0.0098670098670098,0.5832260832260833,0.4032604032604032,0.0,0.0,0.0,0
03200204,Blankenfelde,03 - Pankow,14.14,0.65333333333331,1,2.8128031037827355,,256.4936973344149,-0.013671977736025,0,0.148221519072153,0.0,0.0,0.0,0.1396702230843841,0.3685741998060136,0.1998060135790494,0.093113482056256,0.0950533462657614,0.055286129970902,0.0475266731328807,1
03200205,Uhlandstraße,03 - Pankow,13.7,1.1319999999998351,0,1.4044943820224718,5.289999999999999,699.3794262073058,-0.367095163214683,0,1.0,3.5112359550561796,2.106741573033708,0.0,0.2691947565543071,0.2031835205992509,0.0554775280898876,0.0393258426966292,0.2804307116104869,0.0489232209737827,0.1034644194756554,0
03200206,Pastor-Niemöller-Platz,03 - Pankow,14.3,1.4159999999997603,0,2.0491803278688523,5.73,866.7962766869513,-0.1465763280844965,0,1.0,5.674653215636822,4.4136191677175285,0.0,0.4095208070617906,0.1800126103404792,0.0658890290037831,0.0406683480453972,0.1592055485498108,0.0457124842370744,0.1002522068095838,0
03200207,Herthaplatz,03 - Pankow,15.45,1.2159999999998332,0,1.5884221673138017,6.58,663.2975751016829,-0.2965926556250047,0,1.0,3.1768443346276034,2.2943875750088245,0.0,0.1891987292622661,0.1189551711966113,0.0407695022943875,0.0300035298270384,0.4027532650900106,0.0887751500176491,0.1293681609601129,0
03200308,Nisbléstraße,03 - Pankow,13.89,0.2379999999999837,0,1.1301799916282964,5.360000000000001,539.4140134899834,-0.1460240161476177,0,1.0,2.0929259104227707,1.2557555462536627,0.0,0.0728338216827124,0.0925073252406864,0.0364169108413562,0.0179991628296358,0.5127668480535789,0.1770615320217664,0.0879028882377563,0
03200309,Eddastraße,03 - Pankow,14.3,0.901999999999864,1,2.225886232481451,6.550000000000001,518.5057974559646,-0.1340281094029168,0,0.8708260208899242,4.9464138499587795,4.534212695795548,0.0,0.149629018961253,0.1632316570486397,0.106760098928277,0.0441055234954657,0.2559769167353669,0.1046990931574608,0.1747732893652102,0
03200310,Krugpfuhl,03 - Pankow,14.79,1.1359999999998265,0,1.0726072607260726,6.699999999999999,505.78979650180224,-0.2267981338433677,0,1.0,3.5753575357535756,1.9251925192519252,0.0,0.0209020902090209,0.0445544554455445,0.0283278327832783,0.0099009900990099,0.7277227722772277,0.0915841584158415,0.0783828382838283,0
03300411,Karow Nord,03 - Pankow,10.98,0.5669999999999163,0,0.8386134923592994,3.0600000000000005,454.8730603557936,-0.0645946611737699,0,0.8960928038347725,0.37271710771524413,0.0,0.0,0.0022363026462914,0.0752888557584793,0.0065225493850167,0.0059634737234439,0.8389862094670145,0.032053671263511,0.0387625792023853,0
03300412,Karow Bahnhof,03 - Pankow,13.0,0.5179999999998951,1,1.429190125595496,4.869999999999999,500.0,0.0202027073175194,0,0.6820761156708296,3.4647033347769596,2.59852750108272,0.0,0.0532698137721957,0.2464270246860112,0.0705933304460805,0.0519705500216544,0.3598960588999567,0.1303594629709831,0.0883499350368124,0
03300413,Karow Ost,03 - Pankow,,,1,1.4200298953662185,,500.0223669437384,0.0202017944222944,0,0.9590131410190356,0.7473841554559043,0.7473841554559043,0.0,0.0224215246636771,0.1696562032884903,0.0724962630792227,0.054559043348281,0.4095665171898355,0.1965620328849028,0.0732436472346786,2
03300514,Blankenburg,03 - Pankow,10.53,0.6539999999998716,1,1.5040223854494577,2.549999999999999,489.1765156285628,0.025197141167922,0,0.619679379583205,3.1479538300104934,2.0986358866736623,0.0,0.0447708989157047,0.2455403987408184,0.1259181532004197,0.0814970269324938,0.2843651626442812,0.1192724728926198,0.0986358866736621,0
03300515,Blankenburger Süden,03 - Pankow,,,1,,,500.0,0.0202027073175194,0,0.1942862209984885,0.0,0.0,1.0,0.125,0.2083333333333333,0.5416666666666666,0.125,0.0,0.0,0.0,3
03300516,Heinersdorf,03 - Pankow,16.91,1.3329999999999276,0,1.713124274099884,8.93,532.9934408128441,-0.0042721286777596,0,0.4580911168891977,6.097560975609756,3.7746806039488967,0.0,0.040650406504065,0.3176538908246225,0.0508130081300813,0.0522648083623693,0.3034262485481998,0.0821718931475029,0.1533101045296167,0
03300517,Märchenland,03 - Pankow,,,1,2.131782945736434,,285.5710154844348,0.0378281909376969,0,0.1158277780582973,1.937984496124031,1.937984496124031,0.0,0.005813953488372,0.8449612403100775,0.0542635658914728,0.0290697674418604,0.0174418604651162,0.0213178294573643,0.0096899224806201,2
03400618,Rosenthal,03 - Pankow,15.41,0.8359999999998541,0,1.9714144898965007,6.220000000000001,483.5132852107157,-0.2830625118102366,0,0.9994588954637674,0.9857072449482505,0.9857072449482505,0.0,0.0522424839822572,0.0808279940857565,0.0374568753080335,0.0404139970428782,0.5396747166091671,0.1212419911286347,0.1291276490882208,0
03400619,Wilhelmsruh,03 - Pankow,16.92,1.725999999999715,0,1.7908723281340264,9.260000000000002,650.1936431763057,-0.084388243030115,0,1.0,2.5033699210475637,2.1182360870402466,0.0,0.2139418447910649,0.1188137877912574,0.2645869439630272,0.0325438089736183,0.2459079530136722,0.0454457924128634,0.0779896013864818,0
03400620,Schönholz,03 - Pankow,12.73,0.1099999999999956,1,1.644736842105263,4.43,723.2457904554093,-0.074971867471566,0,0.5484185412810862,7.894736842105264,5.921052631578948,0.0,0.2703947368421052,0.2723684210526316,0.0855263157894736,0.0118421052631578,0.1875,0.0980263157894736,0.0736842105263157,0
03400721,Florakiez,03 - Pankow,18.0,1.2149999999998236,0,1.4457831325301205,9.86,1259.9976796934036,-0.6851646035184302,0,1.0,7.228915662650603,5.679862306368331,0.0,0.6013769363166953,0.114802065404475,0.0602409638554216,0.0139414802065404,0.0698795180722891,0.0333907056798623,0.1056798623063683,0
03400722,Parkstraße,03 - Pankow,14.65,0.3689999999998662,1,2.1876799078871616,5.69,1191.0571585368125,-0.4587317778235813,0,1.0,6.332757628094416,4.029936672423719,0.0,0.4041450777202072,0.1151410477835348,0.0656303972366148,0.0,0.2130109383995394,0.1301093839953943,0.0708117443868739,0
03400723,Garbátyplatz,03 - Pankow,17.72,1.5939999999997587,0,4.480503753935578,9.95,1232.7139854174857,-0.6470849487833764,0,1.0,4.359409057883265,2.421893921046258,0.0,0.4650036328408816,0.1024461128602567,0.2036812787599903,0.0484378784209251,0.0319689997578106,0.011625090821022,0.135868248970695,0
03400724,Wolfshagener Straße,03 - Pankow,11.85,0.5659999999998876,0,3.930326038410005,4.489999999999999,929.3149820248468,-0.4145102734991225,0,1.0,1.5631978561857973,0.8932559178204555,0.0,0.1721750781598928,0.429432782492184,0.3555158552925413,0.0011165698972755,0.0183117463153193,0.0093791871371147,0.0136221527467619,0
03400725,Schlosspark,03 - Pankow,19.79,2.749999999999687,0,1.271082864825226,13.05,652.1647955857212,-0.4033200675789405,0,1.0,1.4666340747983377,0.7333170373991689,0.0,0.1486189195795649,0.0422879491566854,0.6086531410413102,0.003177707162063,0.0701539965778538,0.0351992177951601,0.0914201906624297,0
03400826,Tiroler Viertel,03 - Pankow,19.42,1.220000000000027,0,2.1842105263157894,12.53,1057.8350338250425,-0.3373462127972519,0,0.8605582886816614,4.736842105263158,2.8947368421052633,0.0,0.241578947368421,0.2010526315789473,0.3868421052631579,0.0192105263157894,0.0247368421052631,0.0026315789473684,0.1239473684210526,0
03400827,Trelleborger Viertel,03 - Pankow,18.01,1.7599999999996991,0,1.7612161661104933,10.450000000000005,1374.8163238923269,-0.3852859088050923,0,0.9999999999999812,8.342602892102336,5.376344086021506,0.0,0.3222098628105302,0.3698553948832035,0.0780496848350018,0.0845383759733036,0.0621060437523173,0.0263255469039673,0.0567296996662958,0
03400828,Spiekermann Straße,03 - Pankow,21.22,0.8809999999998275,0,1.30173564753004,13.599999999999998,1061.157766091366,-0.4240940547348958,0,0.9999692850876633,4.339118825100133,2.67022696929239,0.0,0.3074098798397864,0.0380507343124165,0.3371161548731642,0.0874499332443257,0.034712950600801,0.010347129506008,0.1835781041388518,0
03400829,Arnold-Zweig-Straße,03 - Pankow,13.41,0.5949999999999316,0,7.393447376051029,5.6000000000000005,735.6540699283245,-0.4349842084151094,0,0.9878382544466884,2.8993911278631486,1.4496955639315743,0.0,0.2331110466801971,0.0556683096549724,0.1983183531458393,0.3754711510582778,0.0049289649173673,0.0,0.1316323572049869,0
03400830,Kissingenviertel,03 - Pankow,12.96,1.2739999999997156,1,1.2108631724615118,5.880000000000001,997.3721671314692,-0.3541152878343514,0,0.917987275995622,3.1136481577581736,2.4217263449230235,0.0,0.1651963328143919,0.6912298910223145,0.0617540217955371,0.0076111399411866,0.0344231101885487,0.0005189413596263,0.0384016606123508,0
03400831,Pankower Tor,03 - Pankow,,,1,,,1089.885968341188,-0.3289022362737908,0,0.0431765223659703,,,,,,,,,,,5
03500932,Bühringstraße,03 - Pankow,16.89,0.6119999999999086,0,1.9704433497536944,9.75,712.5196928155175,-0.2532942734313744,0,0.6973918504562457,1.4488554042306578,1.1590843233845263,0.0,0.0086931324253839,0.6595189800057955,0.2193567082005215,0.0084033613445378,0.0680962039988409,0.0063749637786148,0.031005505650536,0
03500933,Weißer See,03 - Pankow,18.0,2.255999999999584,0,2.260997788154337,9.98,1700.8749549191375,-0.234580315090543,0,0.9538188931267528,6.8812976161218975,5.652494470385844,0.0,0.2061931678545097,0.3271073973949373,0.1410666011304989,0.0081101007618579,0.204227082821332,0.0407962644384369,0.0715163430818383,0
03500934,Weißenseer Spitze,03 - Pankow,19.32,1.405999999999835,0,1.525957870293581,11.1,1868.076296221015,-0.2737311481316457,0,0.9306002257543676,8.459114280975287,6.302869464256095,0.0,0.3222756676065682,0.1313650688339691,0.1247304693979101,0.0068004644219605,0.2955714048764306,0.024382152927517,0.0955382318792502,0
03500935,Behaimstraße,03 - Pankow,16.77,0.8879999999998243,0,2.4822695035460995,9.1,1900.0,-0.272348501740392,0,0.8914003424192511,11.729405346426624,9.274413529732678,0.0,0.4844517184942717,0.1489361702127659,0.1598472449536279,0.0008183306055646,0.119203491543917,0.0040916530278232,0.082924168030551,0
03500936,Komponistenviertel Weißensee,03 - Pankow,17.7,1.688999999999725,0,1.3727359389895135,10.169999999999998,1554.2066690661886,-0.2602559037685182,0,0.5508468751994432,5.529075309818875,4.38512869399428,0.0,0.4032411820781696,0.1454718779790276,0.2373689227836034,0.0167778836987607,0.1067683508102955,0.036606291706387,0.0531935176358436,0
03501037,Rathaus Weißensee,03 - Pankow,14.73,1.017999999999888,0,1.3714967203339297,7.87,764.5142168795446,-0.0537427189188689,0,0.4133597029175492,2.5839793281653747,2.385211687537269,0.0,0.1371496720333929,0.2311667660504869,0.4577618763665275,0.0033790498906777,0.1037567084078712,0.0065593321407274,0.058437686344663,0
03501038,Hansastraße,03 - Pankow,20.65,2.553999999999652,0,1.044319918492104,13.349999999999998,679.3240920936512,-0.2122677551302649,0,0.5361960160415951,1.0188487009679064,1.0188487009679064,0.0,0.0305654610290371,0.1818644931227712,0.2590422822210901,0.1242995415180845,0.3331635252165053,0.032603158430973,0.0382068262862964,0
03601139,Norweger Viertel,03 - Pankow,21.64,2.487999999999612,0,5.976806422836753,13.28,2844.989544517862,-0.2350409411983776,0,0.4787908717625471,9.36663693131133,7.136485280999108,0.0,0.4915254237288136,0.1935771632471008,0.0950044603033006,0.083407671721677,0.0642283675289919,0.0133809099018733,0.0584299732381801,0
03601140,Malmöer Straße,03 - Pankow,19.53,1.33399999999977,0,3.41726618705036,10.54,3799.9825262460304,-0.233615462473559,0,0.7924661452931764,17.0863309352518,12.889688249400479,0.0,0.8591127098321343,0.0050959232613908,0.0257793764988009,0.0188848920863309,0.0047961630695443,0.0,0.0869304556354916,0
03601141,Arnimplatz,03 - Pankow,18.0,2.0919999999996315,0,2.516033547113961,6.699999999999999,3800.0,-0.2336148511815052,0,0.8736429802813152,18.253576714356193,11.840157868771582,0.0,0.8830784410458806,0.0407005426739023,0.0234336457819437,0.0054267390231869,0.009126788357178,0.0113468179575727,0.0286137148495313,0
03601142,Falkplatz,03 - Pankow,19.99,1.1649999999998757,0,2.1990018714909545,11.05,4467.711577202618,-0.2114307037681101,0,0.4004905957329438,25.26512788521522,19.338739862757333,0.0,0.816126013724267,0.0586400499064254,0.0497504678727386,0.0,0.0160636306924516,0.0283842794759825,0.0315034310667498,0
03601243,Rodenbergstraße,03 - Pankow,17.96,2.110999999999632,0,2.125228519195612,9.68,3172.6907055742663,-0.3006546684216675,0,0.9566391757894336,26.96526508226691,20.56672760511883,0.0,0.7228062157221207,0.1572212065813528,0.0605575868372943,0.0114259597806215,0.0294789762340036,0.0059414990859232,0.0114259597806215,0
03601244,Humannplatz,03 - Pankow,10.0,-0.2400000000000161,0,1.1706048124864512,1.8200000000000005,3575.605574980633,-0.2034336239442145,0,0.999984394273294,11.055712117927595,7.370474745285064,0.0,0.38608280945155,0.5068285280728376,0.0726208541079557,0.0,0.0238456535876869,0.0101885974420117,0.0,0
03601245,Ostseestraße,03 - Pankow,17.04,2.6479999999994903,0,2.6373626373626373,9.37,1719.8804939943866,-0.3606570456376973,0,0.9116387708428684,4.395604395604396,2.93040293040293,0.0,0.2026862026862027,0.4905982905982906,0.2399267399267399,0.0122100122100122,0.0212454212454212,0.014041514041514,0.0195360195360195,0
03601346,Gethsemanekirche,03 - Pankow,20.02,1.0769999999998323,0,1.0771470160116448,10.92,5000.0,-0.1823215567939546,0,0.863282635118069,22.416302765647742,17.17612809315866,0.0,0.7641921397379913,0.0553129548762736,0.0544395924308588,0.0,0.0323144104803493,0.011353711790393,0.0823871906841339,0
03601347,Helmholtzplatz,03 - Pankow,21.82,1.817999999999694,0,1.4495481927710845,13.18,5000.035013902214,-0.182332064749085,0,0.9999543240228692,20.143072289156628,15.625,0.0,0.8382906626506024,0.072289156626506,0.0327560240963855,0.0,0.0197665662650602,0.0180722891566265,0.0182605421686747,0
03601348,Senefelderstraße,03 - Pankow,18.09,0.9839999999998544,0,1.3163766175814369,9.08,5000.023529385938,-0.1823414354350058,0,0.9998825585992376,16.51048639000446,12.940651494868362,0.0,0.823516287371709,0.0763052208835341,0.0330209727800089,0.002454261490406,0.0243195002231146,0.0254350736278447,0.0149486836233824,0
03601449,Michelangelostraße,03 - Pankow,9.75,0.852999999999884,0,1.2032085561497323,4.09,788.4764194267018,-0.4003426735856708,0,0.997032262676152,1.3368983957219251,0.6684491978609626,0.0,0.0,0.0914104278074866,0.8435828877005348,0.0513034759358288,0.0,0.013201871657754,0.0,0
03601450,Volkspark Prenzlauer Berg,03 - Pankow,9.99,1.2709999999998352,1,1.1613691931540342,4.21,884.023040181894,-0.2079560968367217,0,0.3350010829699589,6.723716381418092,4.278728606356968,0.0,0.0024449877750611,0.2035452322738386,0.5311735941320294,0.1833740831295843,0.0635696821515892,0.0079462102689486,0.0079462102689486,0
03601451,Anton-Saefkow-Park,03 - Pankow,16.83,3.2359999999994318,0,1.0455764075067024,8.609999999999998,2387.332345285947,-0.2953033750205678,0,1.0,14.20911528150134,9.919571045576408,0.0,0.3,0.3723860589812332,0.2506702412868632,0.0,0.0412868632707774,0.0040214477211796,0.031367292225201,0
03601452,Velodrom,03 - Pankow,24.2,0.7619999999998818,0,1.1377010592389172,16.049999999999997,1900.0112647144656,-0.2744357183755651,0,0.996525461587726,14.515496273048253,11.769321302471557,0.0,0.2910945468811298,0.1165162808944684,0.3797567673597489,0.0796390741467242,0.0517850137308748,0.003138485680659,0.0749313456257355,0
03601453,Alter Schlachthof,03 - Pankow,20.31,0.9329999999998192,1,0.7155635062611807,9.44,1821.7196925024928,-0.0581975441902923,0,0.8503438536275635,31.305903398926652,20.572450805008945,0.0,0.0769230769230769,0.0,0.016994633273703,0.01520572450805,0.0,0.5098389982110912,0.3855098389982111,0
03701554,Teutoburger Platz,03 - Pankow,20.0,0.9699999999998464,0,1.6359593392630245,10.7,5000.198659740846,-0.3364608850226113,0,0.9999999999999848,34.30749682337993,25.254129606099113,0.0,0.7201397712833545,0.0209656925031766,0.0968869123252859,0.0120711562897077,0.0592439644218551,0.0449491740787801,0.0447903430749682,0
03701555,Sredzkistraße,03 - Pankow,20.5,1.6619999999998036,0,1.3949013949013949,11.7,5467.849834549589,-0.3117216617306643,0,1.0,20.442520442520443,17.556517556517555,0.0,0.8453583453583453,0.0264550264550264,0.0832130832130832,0.005050505050505,0.03006253006253,0.0055315055315055,0.0048100048100048,0
03701556,Kollwitzplatz,03 - Pankow,18.49,0.6219999999999303,0,1.3963480128893664,8.739999999999998,5453.353591081713,-0.3124339907029197,0,0.999999034699041,20.83780880773362,18.045112781954888,0.0,0.686358754027927,0.0294307196562835,0.0706766917293233,0.0,0.0414607948442534,0.0595059076262083,0.1125671321160042,0
03701657,Thälmannpark,03 - Pankow,19.25,3.6869999999993466,0,3.599114064230343,11.67,3002.4342393707143,-0.3190731156575019,0,0.6281804478221485,9.413067552602437,7.198228128460687,0.0,0.0,0.0863787375415282,0.0,0.7408637873754153,0.0,0.0071982281284606,0.1677740863787375,0
03701658,Christburger Straße,03 - Pankow,20.0,1.7489999999997623,0,1.425325346002892,11.0,5000.0,-0.3364722366212129,0,0.9999999999999998,16.7320801487296,14.046684569303864,0.0,0.7944639537285685,0.0396612270192109,0.0493699648832885,0.0322247469531088,0.0254079735591819,0.014666391241479,0.043792604833712,0
03701659,Immanuelkirchstraße,03 - Pankow,20.7,1.1659999999999178,0,1.598129019684272,11.87,4415.562433249568,-0.3514243374112363,0,0.7343875491221206,18.90469694016761,14.61703371662444,0.0,0.6376924576106022,0.0210485285519391,0.2217891249269148,0.0087702202299746,0.0530111089456246,0.023971935295264,0.034106412005457,0
03701660,Bötzowstraße,03 - Pankow,18.18,1.2359999999999336,0,1.528013582342954,9.65,4619.980835974522,-0.3334735794013635,0,0.9127078016919272,17.826825127334466,13.157894736842104,0.0,0.72184493491794,0.0434352009054895,0.1369552914544425,0.015704584040747,0.0246179966044142,0.0365025466893039,0.0210809281267685,0
04100101,Jungfernheide/Plötzensee,04 - Charlottenburg-Wilmersdorf,10.29,0.6299999999998849,0,2.6668821722967517,2.959999999999999,649.9866670137179,-0.4307889217012705,0,0.1733875409892093,0.9697753353806369,0.6465168902537578,0.0,0.0082430903507354,0.2925488928398254,0.6652658800711169,0.0218199450460643,0.0021011798933247,0.0,0.0085663487958622,0
04100102,Paul-Hertz-Siedlung,04 - Charlottenburg-Wilmersdorf,7.61,0.4169999999999312,0,1.1904761904761905,1.3100000000000005,650.0,-0.4307829160924542,0,0.833171518698899,0.3968253968253968,0.0,0.0,0.0,0.0,0.7515873015873016,0.0543650793650793,0.1924603174603174,0.0,0.0,0
04200203,Olympiagelände,04 - Charlottenburg-Wilmersdorf,12.61,-1.5100000000004,1,1.7341040462427744,4.19,727.6527550484244,0.0102004922531325,0,0.0828916769106466,18.78612716763006,15.895953757225433,0.0,0.0303468208092485,0.5303468208092486,0.2904624277456647,0.0520231213872832,0.0447976878612716,0.0,0.0592485549132947,0
04200204,Angerburger Allee,04 - Charlottenburg-Wilmersdorf,11.03,0.5259999999999445,0,3.2539221382916907,3.749999999999999,1195.8445725058343,-0.4189944396141703,0,0.7439384270611792,5.229517722254503,5.229517722254503,0.0,0.0110400929692039,0.0063916327716443,0.9424753050552004,0.0069726902963393,0.0214991284137129,0.0,0.0127832655432887,0
04200205,Flatowallee,04 - Charlottenburg-Wilmersdorf,17.47,1.5769999999997353,1,8.901515151515152,8.44,1399.8290976253256,-0.0001606034991221,0,0.6280343981935446,5.681818181818182,4.419191919191919,0.0,0.0309343434343434,0.0713383838383838,0.7550505050505051,0.0138888888888888,0.0763888888888889,0.0252525252525252,0.0271464646464646,0
04200206,Kranzallee,04 - Charlottenburg-Wilmersdorf,15.57,1.3179999999998555,1,4.816678648454349,6.25,1597.8481912132354,-0.0304652618385787,0,0.5836990893308508,5.03235082674335,5.03235082674335,0.0,0.0496046010064701,0.1329978432782171,0.5830337886412653,0.0661394680086268,0.0948957584471603,0.0337886412652767,0.0388209920920201,0
04200207,Eichkamp,04 - Charlottenburg-Wilmersdorf,16.67,,1,6.75422138836773,7.650000000000002,996.0361210403383,-0.0041973874923753,0,0.0342519984260299,5.003126954346467,3.1269543464665417,0.0,0.0225140712945591,0.3933708567854909,0.5265791119449656,0.0218886804252657,0.0175109443402126,0.0112570356472795,0.0093808630393996,0
04200308,Branitzer Platz,04 - Charlottenburg-Wilmersdorf,17.46,1.569999999999777,0,2.326241134751773,9.13,1843.0866493885867,-0.1709246418988758,0,0.2911811996464451,9.078014184397164,5.957446808510639,0.0,0.1773049645390071,0.2249645390070922,0.4243971631205673,0.0275177304964539,0.105531914893617,0.0087943262411347,0.0306382978723404,0
04200309,Neu Westend,04 - Charlottenburg-Wilmersdorf,18.0,1.2189999999998584,0,1.7250126839167934,9.62,1438.6108911825302,-0.3951301269702488,0,0.9630638809239238,3.0441400304414,2.28310502283105,0.0,0.0225773718924403,0.5149670218163369,0.417554540842212,0.015220700152207,0.0124302384576357,0.0,0.0167427701674277,0
04200310,Fürstenplatz,04 - Charlottenburg-Wilmersdorf,18.59,1.680999999999794,0,2.617558489691916,10.15,1936.1463127662896,-0.2138604741982266,0,0.8285481851322224,3.4746351633078527,2.5480657864257585,0.0,0.2094046791753532,0.3259207783182766,0.4053741023859161,0.039379198517489,0.0115821172110261,0.0046328468844104,0.0048644892286309,0
04200311,Königin-Elisabeth-Straße,04 - Charlottenburg-Wilmersdorf,13.68,0.4369999999998534,0,3.4370645610775665,6.38,3508.274557902774,-0.4441737724828207,0,0.3644375139971607,5.57361820715281,2.5545750116117047,0.0,0.4609846725499303,0.3100325127728751,0.2036692986530422,0.0190431955411054,0.0034835113794705,0.0,0.0039479795633999,0
04300412,Schlossgarten,04 - Charlottenburg-Wilmersdorf,20.39,2.6849999999994982,0,4.099329917225069,9.95,3999.462212511925,-0.3184119741296355,0,0.1868410698886518,4.335829720141899,3.941663381947182,0.0,0.1773748521876231,0.0086716594402837,0.5348837209302325,0.0126133228222309,0.0098541584548679,0.0,0.2526606227828143,0
04300413,Klausenerplatz,04 - Charlottenburg-Wilmersdorf,11.84,1.1409999999998188,0,0.937440214272049,4.55,3788.0179926542073,-0.3729051670171605,0,0.949177220808107,5.930744212741534,2.6784006122058543,0.0,0.6940883872202028,0.0132006887315859,0.1819399273005548,0.0947005930744212,0.0132006887315859,0.0,0.0022957719533193,0
04300414,Schloßstraße,04 - Charlottenburg-Wilmersdorf,17.72,1.2719999999994054,0,2.412564766839378,,4159.688830820571,-0.3110600908742706,0,0.9944905472536648,8.095854922279791,5.990932642487047,0.0,0.6839378238341969,0.0215349740932642,0.2159974093264248,0.0506800518134715,0.0079339378238341,0.0,0.0199158031088082,1
04300415,Lietzensee,04 - Charlottenburg-Wilmersdorf,18.5,1.4139999999997948,0,2.762854950115119,10.08,6000.0,-0.2231435513142097,0,0.4570683607636043,6.65131747249936,3.32565873624968,0.0,0.4745459196725505,0.109490918393451,0.2801227935533384,0.0711179329751854,0.0153491941673062,0.0166282936812484,0.0314658480429777,0
04300416,Amtsgerichtsplatz,04 - Charlottenburg-Wilmersdorf,20.18,1.560999999999764,0,2.7244049326068254,11.6,5095.159443754679,-0.3243634941824004,0,0.9030456737351928,10.180671063951822,6.452537998279324,0.0,0.6798107255520505,0.0187840550616575,0.2292801835388586,0.0319759105248064,0.0050186406653283,0.0226555778606251,0.0114711786636076,0
04300517,Tegeler Weg,04 - Charlottenburg-Wilmersdorf,21.41,2.169999999999789,0,1.9682320441988947,13.61,2500.0,-0.4187103348581849,0,0.8282155309666404,3.970994475138122,3.2803867403314917,0.0,0.4547651933701657,0.2365331491712707,0.2567334254143646,0.0288328729281767,0.0034530386740331,0.0,0.0196823204419889,0
04300518,Kaiserin-Augusta-Allee,04 - Charlottenburg-Wilmersdorf,16.49,1.0579999999998604,0,0.9773976786805132,8.669999999999998,2501.056028089892,-0.418606115379417,0,0.2388418132730732,8.246792913866829,5.497861942577886,0.0,0.5006108735491753,0.1912034208918754,0.1585216860109957,0.0681124007330482,0.0400122174709835,0.0036652412950519,0.0378741600488698,0
04300619,Alt-Lietzow,04 - Charlottenburg-Wilmersdorf,19.71,2.5829999999995934,0,2.713408595761537,11.73,4000.0,-0.3184537311185346,0,0.9999949746796376,6.5359477124183005,4.555357496533967,0.0,0.3497722321251733,0.0150524856407209,0.5341651812240048,0.0903149138443256,0.0091107149930679,0.0,0.0017825311942959,0
04300620,Spreestadt,04 - Charlottenburg-Wilmersdorf,23.08,1.1429999999999547,0,2.7978774722624213,14.609999999999998,2701.151961103455,-0.287723441332112,0,0.1692151436466016,27.496382054992765,19.29570670525808,0.0,0.4370477568740955,0.1167390255668113,0.2001929570670526,0.1013024602026049,0.0226724553786782,0.0,0.1210805595754944,0
04300621,Richard-Wagner-Straße,04 - Charlottenburg-Wilmersdorf,15.0,1.148999999999772,0,1.9100032372936224,6.859999999999999,4081.6188092585535,-0.3202699604198149,0,1.0,9.064422143088379,6.960181288442862,0.0,0.4414049854321787,0.0200712204596956,0.4174490126254451,0.0791518290708967,0.0192618970540628,0.0,0.0233085140822272,0
04300622,Ernst-Reuter-Platz,04 - Charlottenburg-Wilmersdorf,18.43,0.8989999999997681,0,1.1695906432748535,9.71,4037.0689146687255,-0.319288122527716,0,0.2332364299240386,10.319917440660475,4.471964224286206,0.0,0.2060543515651874,0.0715514275885793,0.4595803233574131,0.0939112487100103,0.0488476092191262,0.0024079807361541,0.1183350533195734,0
04300623,Karl-August-Platz,04 - Charlottenburg-Wilmersdorf,19.0,1.1749999999998018,0,3.111543269898597,9.86,5000.0,-0.3364722366212129,0,0.8626642840750449,11.529379080427837,7.639949993054591,0.0,0.5128490068065009,0.0286150854285317,0.3503264342269759,0.0411168217808028,0.0206973190720933,0.0056952354493679,0.0409779135991109,0
04300624,Savignyplatz,04 - Charlottenburg-Wilmersdorf,19.76,1.6009999999998428,0,2.658450704225352,10.750000000000002,5000.0,-0.3364722366212129,0,0.7555406915556886,9.330985915492958,6.514084507042254,0.0,0.5338028169014084,0.0172535211267605,0.3617957746478873,0.0498239436619718,0.0195422535211267,0.0068661971830985,0.0116197183098591,0
04400725,Güterbahnhof Grunewald,04 - Charlottenburg-Wilmersdorf,,,1,6.944444444444445,,2757.458075912361,-0.0342730045997053,0,0.0091687144394699,13.888888888888888,13.888888888888888,0.0,0.6944444444444444,0.0416666666666666,0.2638888888888889,0.0,0.0416666666666666,0.0,0.0,2
04400726,Bismarckallee,04 - Charlottenburg-Wilmersdorf,20.0,0.8469999999999291,0,2.378454004896817,10.76,2531.8774922375896,-0.057121383464539,0,0.929528959050322,11.192724728926198,4.896817068905212,0.0,0.2801678908709339,0.0664568030779993,0.4477089891570479,0.0821965722280517,0.0360265827212312,0.0237845400489681,0.0633088492479888,0
04400727,Flinsberger Platz,04 - Charlottenburg-Wilmersdorf,18.75,1.1139999999998782,0,2.197576504415691,10.37,1918.4877681678097,-0.3652488586198173,0,1.0,8.215239268843705,7.8044773054015195,0.0,0.133086876155268,0.2922571369891148,0.4705278291230232,0.0211542411172725,0.0453891969603614,0.0071883343602382,0.0293694803861162,0
04400728,Hagenplatz,04 - Charlottenburg-Wilmersdorf,18.04,0.444999999999916,1,4.040404040404041,7.75,2774.53252215727,-0.0384597158009704,0,1.0,4.489337822671156,4.489337822671156,0.0,0.2991021324354658,0.0791245791245791,0.4231200897867564,0.0852974186307519,0.0448933782267115,0.0218855218855218,0.0432098765432098,0
04400729,Hundekehle,04 - Charlottenburg-Wilmersdorf,20.02,0.2819999999998311,1,3.411371237458194,9.8,2647.0284829996567,-0.0369505801757277,0,0.2465745411409358,2.0066889632107023,0.6688963210702341,0.0,0.1866220735785953,0.0976588628762541,0.4528428093645485,0.0795986622073578,0.0749163879598662,0.0642140468227424,0.0461538461538461,0
04400830,Forckenbeckstraße,04 - Charlottenburg-Wilmersdorf,21.15,0.8659999999998972,0,1.782575947778057,12.239999999999998,1679.3491794222734,-0.3115439116903071,0,0.7870876918068581,6.276675872457946,5.523474767762993,0.0,0.0630178257594777,0.3956816469997489,0.3120763243786091,0.0133065528496108,0.0210896309314587,0.0128044187798142,0.1807682651267888,0
04400831,Messelpark,04 - Charlottenburg-Wilmersdorf,17.99,1.458999999999799,1,4.529616724738676,8.589999999999998,2242.272527460126,-0.0438594857333521,0,1.0,11.614401858304298,11.614401858304298,0.0,0.0847851335656213,0.2090592334494773,0.4564459930313589,0.1475029036004645,0.032520325203252,0.024390243902439,0.0452961672473867,0
04400832,Breite Straße,04 - Charlottenburg-Wilmersdorf,17.05,1.5149999999997577,0,1.5498154981549817,9.3,1601.8590952051643,-0.2715715039814585,0,1.0,1.9680196801968017,1.4760147601476015,0.0,0.2154981549815498,0.3434194341943419,0.2435424354243542,0.1436654366543665,0.0095940959409594,0.01230012300123,0.0314883148831488,0
04400833,Schlangenbader Straße,04 - Charlottenburg-Wilmersdorf,9.45,2.1769999999994587,0,2.3856858846918487,2.1499999999999995,1625.041909864089,-0.2839116834528107,0,1.0,0.3976143141153082,0.0,0.0,0.0,0.2441351888667992,0.2174950298210735,0.5371769383697813,0.0,0.0,0.0,0
04400834,Binger Straße,04 - Charlottenburg-Wilmersdorf,20.37,2.015999999999872,1,2.2091974752028856,12.340000000000002,2800.230242400326,-0.2597988385705954,0,0.9873741979361172,5.410279531109108,2.705139765554554,0.0,0.2146077547339946,0.5144274120829576,0.2249774571686204,0.0378719567177637,0.0072137060414788,0.0027051397655545,0.0013525698827772,0
04400835,Rüdesheimer Platz,04 - Charlottenburg-Wilmersdorf,14.06,1.342999999999791,1,1.788451711803781,5.720000000000001,3126.251049341325,-0.2719768688987889,0,1.0,3.065917220235054,1.7032873445750298,0.0,0.1408618633963549,0.5045137114631238,0.3115312553227729,0.0059615057060126,0.0204394481349003,0.0112416964741951,0.005109862033725,0
04500936,Droysenstraße,04 - Charlottenburg-Wilmersdorf,20.0,1.888999999999732,0,2.010852218321098,11.31,4500.0,-0.2876820724517808,0,0.9051926874210612,10.21385253750399,9.256303862112992,0.0,0.5272901372486435,0.0271305458027449,0.3625917650813916,0.0542610916054899,0.0035110118097669,0.0038301947015639,0.0226619853175869,0
04500937,Halensee,04 - Charlottenburg-Wilmersdorf,18.0,0.6279999999999087,0,3.1567796610169494,9.2,3752.173603848041,-0.3301017314655506,0,0.4292421701792072,8.898305084745763,6.991525423728813,0.0,0.5065677966101695,0.0794491525423728,0.3114406779661017,0.0135593220338983,0.0167372881355932,0.0,0.0720338983050847,0
04500938,Hochmeisterplatz,04 - Charlottenburg-Wilmersdorf,19.4,1.4129999999997596,0,3.099476439790576,10.689999999999998,4499.064204838951,-0.2878573846927922,0,0.8892786641717919,7.958115183246073,5.863874345549738,0.0,0.4967539267015707,0.0603141361256544,0.3583246073298429,0.0364397905759162,0.0152879581151832,0.003979057591623,0.0307853403141361,0
04500939,Eisenzahnstraße,04 - Charlottenburg-Wilmersdorf,22.73,0.1239999999999789,0,3.6479591836734695,14.67,3086.735824545681,-0.2371527536575242,0,0.8737371079959424,4.591836734693878,2.0408163265306123,0.0,0.1201530612244898,0.2683673469387755,0.4974489795918367,0.0397959183673469,0.0178571428571428,0.0007653061224489,0.0538265306122449,0
04501040,Hindemithplatz,04 - Charlottenburg-Wilmersdorf,22.0,2.0079999999997025,0,2.146640646780039,11.32,4503.400581257801,-0.2869266731137607,0,0.0003303076172721,13.939224979091163,10.593810984109284,0.0,0.664064678003903,0.0526902704209645,0.1519375522720936,0.0407025369389461,0.0108725954836911,0.0142180094786729,0.0652355729021466,0
04501041,George-Grosz-Platz,04 - Charlottenburg-Wilmersdorf,20.01,0.9009999999998152,0,3.791174642635177,10.250000000000002,6500.0,0.0800427076735363,0,0.0002822900386082,19.577377252952147,13.05158483530143,0.0,0.6476072094468615,0.0118085767557489,0.1752641392169049,0.0472343070229956,0.0487880671224362,0.0074580484773151,0.0618396519577377,0
04501042,Breitscheidplatz,04 - Charlottenburg-Wilmersdorf,21.34,1.7119999999997533,0,3.4916201117318435,11.63,4006.874912250522,-0.4037478553683999,0,0.0534124400226114,29.329608938547487,19.08752327746741,0.0,0.5200186219739292,0.0148975791433892,0.217877094972067,0.1187150837988826,0.0879888268156424,0.015828677839851,0.0256052141527001,0
04501043,Preußenpark,04 - Charlottenburg-Wilmersdorf,20.83,1.6939999999997066,0,1.6041931385006352,12.06,5074.123084383009,-0.1675990016509233,0,0.7617983255280951,18.424396442185515,9.688691232528589,0.0,0.3202033036848793,0.1491423125794155,0.4099428208386277,0.0195362134688691,0.0203303684879288,0.022554002541296,0.0586086404066073,0
04501044,Ludwigkirchplatz,04 - Charlottenburg-Wilmersdorf,21.7,1.9439999999996411,0,2.197802197802198,12.85,5448.0518062909605,-0.0965013911949694,0,0.9998283683941308,10.047095761381476,4.7095761381475665,0.0,0.3331240188383045,0.097331240188383,0.41287284144427,0.03861852433281,0.0838304552590266,0.0081632653061224,0.0273155416012558,0
04501045,Schaperstraße,04 - Charlottenburg-Wilmersdorf,22.46,1.7979999999998433,0,2.679882525697504,13.75,5078.329710638091,-0.1667770588217744,0,0.9999785022933722,12.114537444933921,9.177679882525698,0.0,0.4287812041116006,0.0201908957415565,0.4768722466960352,0.0357929515418502,0.0222099853157121,0.0014684287812041,0.0141336270190895,0
04501146,Barstraße,04 - Charlottenburg-Wilmersdorf,19.27,0.403999999999844,0,1.371473354231975,11.73,2627.9137700140272,-0.4627082785983544,0,0.5641879240441167,6.269592476489028,1.567398119122257,0.0,0.302115987460815,0.3393416927899687,0.2668495297805642,0.0481974921630094,0.0023510971786833,0.0,0.0407523510971786,0
04501147,Leon-Jessel-Platz,04 - Charlottenburg-Wilmersdorf,20.0,2.1129999999997344,1,1.1716276124129197,9.78,3817.967485064908,-0.4520412601826303,0,0.8992962876465875,7.283090563647878,5.06649778340722,0.0,0.5246991766941101,0.1190626979100696,0.3274224192526915,0.0136162127929069,0.0110829639012032,0.0,0.0031665611146295,0
04501148,Brabanter Platz,04 - Charlottenburg-Wilmersdorf,22.88,2.886999999999757,1,3.206168831168831,15.07,2849.515564300453,-0.4416989496660243,0,0.6814381761736665,2.840909090909091,1.6233766233766236,0.0,0.4354707792207792,0.0827922077922077,0.3867694805194805,0.0178571428571428,0.0669642857142857,0.0012175324675324,0.0101461038961038,0
04501149,Nikolsburger Platz,04 - Charlottenburg-Wilmersdorf,20.0,1.671999999999823,0,2.0223152022315203,11.2,3877.84714955644,-0.4364793279454809,0,0.9999999999999998,6.97350069735007,4.184100418410042,0.0,0.50697350069735,0.0394002789400278,0.3709902370990237,0.028068340306834,0.0078451882845188,0.0019177126917712,0.0451534170153417,0
04501150,Wilhelmsaue,04 - Charlottenburg-Wilmersdorf,22.54,2.03299999999983,1,1.2572027239392352,14.01,3901.862374099993,-0.4303054982539778,0,1.0,11.524358302776323,11.000523834468309,0.0,0.2980618124672603,0.1026715557883708,0.5233106338397067,0.0319539025667888,0.0062860136196961,0.0298585646935568,0.0104766893661602,0
04501151,Hildegardstraße,04 - Charlottenburg-Wilmersdorf,14.55,1.1519999999998178,0,1.4108489418632937,6.49,4000.000000000001,-0.4054651081081643,0,0.9999999999999998,4.1352468985648265,2.4324981756263684,0.0,0.5502310873266845,0.2437363171977621,0.1778156166382875,0.0238384821211384,0.0055947458039406,0.0,0.0,0
04501152,Prager Platz,04 - Charlottenburg-Wilmersdorf,19.13,2.8979999999993784,0,2.465294399234084,10.76,3919.203701820234,-0.4258709733516144,0,1.0,5.2656773575873626,4.786979415988511,0.0,0.3688367640019148,0.0098133078027764,0.580421254188607,0.0143609382479655,0.0088559119195787,0.0028721876495931,0.0146002872187649,0
04501153,Babelsberger Straße,04 - Charlottenburg-Wilmersdorf,23.67,2.24299999999968,0,2.737482452035564,15.04,3814.215062656306,-0.4529854470334634,0,0.9999883887422252,3.9775386055217594,3.0416471689284044,0.0,0.4340196537201685,0.0219934487599438,0.4040711277491811,0.0500701918577445,0.0292466073935423,0.0093589143659335,0.0514740290126345,0
05100101,Hakenfelde Nord,05 - Spandau,11.75,0.7509999999999565,0,3.0720338983050848,3.85,475.724084046324,-0.0414290962468777,0,0.0343776442194048,2.6483050847457625,1.5889830508474578,0.0,0.1869703389830508,0.2192796610169491,0.118114406779661,0.0185381355932203,0.3331567796610169,0.0211864406779661,0.1006355932203389,0
05100102,Am Forstacker,05 - Spandau,12.61,1.17899999999991,0,1.7814726840855106,5.579999999999999,498.24049128383945,-0.410894306919597,0,0.9761929651286052,0.39588281868566905,0.0,0.0,0.0190023752969121,0.1298495645288994,0.6484560570071259,0.0566112430720506,0.0688836104513064,0.001187648456057,0.0768012668250198,0
05100103,Mertensstraße,05 - Spandau,13.5,1.3809999999997655,0,5.33082470994042,5.26,756.0072242244726,-0.2476939344027932,0,0.3756437944722042,0.31357792411414237,0.0,0.0,0.0244590780809031,0.1426779554719347,0.2662276575729069,0.0498588899341486,0.1834430856067732,0.0,0.3339604891815616,0
05100104,Maselake,05 - Spandau,18.75,2.7699999999995497,0,1.0482180293501049,11.52,1223.06919054609,-0.2289075474028222,0,0.9347690395718224,1.2578616352201257,0.8385744234800838,0.0,0.090566037735849,0.1316561844863731,0.0989517819706499,0.0423480083857442,0.4524109014675052,0.0096436058700209,0.1710691823899371,0
05100105,Amorbacher Weg,05 - Spandau,15.0,1.256999999999834,0,3.400093153237075,8.15,416.1106980779539,0.0496696503076206,0,0.5843910180355827,0.9315323707498836,0.6986492780624127,0.0,0.1534699580810433,0.36003726129483,0.2449930135072194,0.1061946902654867,0.0447135537959944,0.0069864927806241,0.0838379133674895,0
05100206,Griesingerstraße,05 - Spandau,6.74,0.3189999999999339,1,3.861788617886179,0.9300000000000006,346.1883200739352,0.0746856233457267,0,0.2508339534416563,0.0,0.0,0.0,0.0060975609756097,0.1869918699186991,0.771680216802168,0.0094850948509485,0.0040650406504065,0.0020325203252032,0.0149051490514905,0
05100207,An der Tränke,05 - Spandau,16.01,0.9409999999998988,1,0.4859086491739553,6.120000000000001,460.0,0.0444517625708337,0,0.8141386030703865,0.9718172983479105,0.9718172983479105,0.0,0.0,0.0816326530612244,0.0553935860058309,0.0126336248785228,0.3994169096209912,0.1234207968901846,0.3206997084548105,0
05100208,Im Spektefeld,05 - Spandau,8.24,0.4579999999999228,0,2.002776125322229,1.3600000000000003,493.7463609805795,-0.0944113060942285,0,0.6618164283340046,0.9914733293674401,0.0,0.0,0.0029744199881023,0.0501685504659924,0.8657545112036487,0.0345032718619869,0.0327186198691255,0.0071386079714455,0.0067420186396985,0
05100209,Westerwaldstraße,05 - Spandau,7.79,0.2559999999999308,0,2.0788836679481704,1.54,499.2537834904685,-0.2839816684320069,0,0.9754045733325742,0.14238929232521716,0.0,0.0,0.0096824718781147,0.025630072618539,0.860316104228962,0.0042716787697565,0.063648013669372,0.0116759219706678,0.0260572404955147,0
05100210,Germersheimer Platz,05 - Spandau,10.14,0.6919999999998868,0,1.5689692743517107,3.2,495.7136689159845,-0.2654523003454951,0,0.957873558329189,0.21791239921551536,0.0,0.0,0.0104597951623447,0.5731096099368054,0.3944214425800828,0.0050119851819568,0.0165613423403791,0.0,0.0,0
05100211,An der Kappe,05 - Spandau,11.6,0.5699999999999051,1,3.433476394849785,4.47,425.889278650235,-0.0240920004096567,0,0.8530668578054446,0.6602839220864972,0.3301419610432486,0.0,0.0432485968966655,0.3113238692637834,0.4060746120831958,0.1162099702872235,0.0835259161439418,0.0224496533509409,0.0151865302079894,0
05100312,Eckschanze,05 - Spandau,10.67,0.5459999999999323,0,1.7233950883239983,3.39,999.9933531361391,-0.182320303687555,0,0.6396733509155638,0.4308487720809996,0.4308487720809996,0.0,0.2361051271003877,0.1296854803963808,0.5725980180956485,0.0120637656182679,0.0435157259801809,0.0,0.0068935803532959,0
05100313,Eiswerder,05 - Spandau,19.48,1.6059999999998005,0,1.655379984951091,11.77,803.2774598298114,-0.2781737133230662,0,0.2462702708861146,3.0097817908201656,1.8811136192626035,0.0,0.0891647855530474,0.081640331075997,0.3758465011286682,0.0364936042136945,0.2223476297968397,0.1497366440933032,0.0440180586907449,0
05100314,Kurstraße,05 - Spandau,12.51,0.7749999999998877,0,3.4712950600801067,4.859999999999999,1017.0701557391563,-0.1891870726739501,0,0.6895251431286307,0.8010680907877169,0.8010680907877169,0.0,0.5420560747663551,0.0739652870493992,0.320694259012016,0.0520694259012016,0.0088117489986648,0.004539385847797,0.0,0
05100315,Ackerstraße,05 - Spandau,12.5,1.1059999999998544,0,2.304915301305193,5.44,974.8592854865138,-0.186610524369652,0,0.9153748279957838,1.1108025548458762,0.8331019161344071,0.0,0.4876423215773396,0.0552624271035823,0.354623715634546,0.0499861149680644,0.0388780894196056,0.003610108303249,0.0108303249097472,0
05100316,Carl-Schurz-Straße,05 - Spandau,8.76,0.574999999999885,0,1.956074124914207,1.7000000000000002,787.5074146109353,-0.257959375821532,0,0.6021158639512397,0.34317089910775567,0.17158544955387783,0.0,0.1786204529855868,0.2913520933424846,0.37920384351407,0.0991763898421413,0.0416952642415923,0.0,0.0096087851750171,0
05100317,Freiheit,05 - Spandau,14.01,0.7469999999998903,1,2.6180990324416618,6.97,1175.8860348575913,-0.0193462640881201,0,0.0922514172387821,1.1383039271485487,1.1383039271485487,0.0,0.4126351735913489,0.0734206033010813,0.468981217985202,0.0278884462151394,0.0017074558907228,0.0039840637450199,0.0073989755264655,0
05200418,Isenburger Weg,05 - Spandau,14.08,1.6481444395968952e-15,1,1.5151515151515151,,446.26941621624127,0.0291969310479025,0,0.9886052345355508,1.893939393939394,1.893939393939394,0.0,0.0063131313131313,0.2834595959595959,0.0246212121212121,0.0214646464646464,0.3876262626262626,0.2114898989898989,0.0643939393939393,1
05200419,Am Heideberg,05 - Spandau,,,1,1.706827309236948,,469.4350547380456,0.0434491748515213,0,0.9283443909281892,0.0,0.0,0.0,0.7540160642570282,0.1656626506024096,0.07429718875502,0.0,0.0,0.0,0.0,2
05200420,Staakener Straße,05 - Spandau,17.34,1.8749999999997136,1,2.7244149493538248,8.87,441.0668578809168,0.0266596205117396,0,0.4909968688532163,1.7464198393293748,1.047851903597625,0.0,0.0750960530911631,0.1582256374432413,0.4879497031086273,0.1299336360461054,0.0736989172196996,0.0499476074048201,0.0230527418791477,0
05200421,Spandauer Straße,05 - Spandau,10.91,0.5499999999998882,1,1.354062186559679,3.67,509.3901057193876,-0.159507498824741,0,0.867523586387624,1.0030090270812437,0.0,0.0,0.0215646940822467,0.0135406218655967,0.7713139418254764,0.1128385155466399,0.0095285857572718,0.0481444332998996,0.0215646940822467,0
05200422,Werkstraße,05 - Spandau,13.44,0.3860000000000054,0,1.829268292682927,5.85,401.50603178906977,0.0259802719979896,0,0.3407169433152601,0.0,0.0,0.0,0.048780487804878,0.1178861788617886,0.4146341463414634,0.0060975609756097,0.290650406504065,0.0975609756097561,0.016260162601626,0
05200423,Magistratsweg,05 - Spandau,10.43,0.7459999999998601,0,1.7781541066892466,3.89,533.336524650015,-0.5116627471700231,0,1.0,1.1289867344058708,0.2822466836014677,0.0,0.0112898673440587,0.0056449336720293,0.9599209709285916,0.0067739204064352,0.0160880609652836,0.0008467400508044,0.0,0
05200524,Döberitzer Weg,05 - Spandau,9.94,0.5599999999998949,1,2.1455938697318007,2.53,370.61978185371646,-0.0163916580286458,0,0.5355808256825357,3.0651340996168583,1.5325670498084292,0.0,0.0245210727969348,0.0812260536398467,0.0551724137931034,0.0061302681992337,0.5540229885057472,0.1471264367816092,0.1348659003831417,0
05200525,Pillnitzer Weg,05 - Spandau,11.31,0.6029999999999128,0,1.568951279933939,2.880000000000001,434.8351983795576,-0.1495967621403442,0,0.2223210579481284,1.6515276630883566,1.6515276630883566,0.0,0.0,0.0090834021469859,0.1271676300578034,0.028075970272502,0.6763005780346821,0.0239471511147811,0.1370767960363336,0
05200526,Rudolf-Wissell-Großsiedlung,05 - Spandau,7.7,0.1829999999999774,0,2.6545454545454548,1.4000000000000004,634.2981543253497,-0.0705768766908864,0,0.7027066007081222,0.0,0.0,0.0,0.0,0.0014545454545454,0.9930909090909092,0.0014545454545454,0.0036363636363636,0.0,0.0,0
05200527,Maulbeerallee,05 - Spandau,7.62,0.4089999999999544,0,6.406124093473006,1.4800000000000004,593.841148771588,-0.0539145868557116,0,0.5318354943945518,0.20145044319097502,0.20145044319097502,0.0,0.0028203062046736,0.0165189363416599,0.9411764705882352,0.0165189363416599,0.0171232876712328,0.0042304593070104,0.0036261079774375,0
05200528,Weinmeisterhornweg,05 - Spandau,7.33,0.3799999999999362,0,2.195767195767196,0.6399999999999997,541.9174241430114,-0.0023745675423128,0,0.5417973246962697,3.439153439153439,1.5873015873015872,0.0,0.0087301587301587,0.0708994708994708,0.6944444444444444,0.1095238095238095,0.0846560846560846,0.0206349206349206,0.0092592592592592,0
05200629,Borkumer Straße,05 - Spandau,15.75,1.5669999999997395,0,1.3797634691195797,7.99,933.0085740408624,-0.113197077757149,0,0.3995149594722044,0.8760402978537013,0.43802014892685065,0.0,0.1911957950065703,0.0777485764345159,0.6114761279018834,0.064388961892247,0.0221200175208059,0.0273762593079281,0.0063512921594393,0
05200630,Wilhelmstadt West,05 - Spandau,13.79,1.0849999999998303,0,2.5190704275323754,6.669999999999999,956.296836497313,-0.1565525671417545,0,0.7387168830878657,0.7095973035302465,0.35479865176512326,0.0,0.3391875110874578,0.2013482348767074,0.3558630477204186,0.0452368281000532,0.0400922476494589,0.0111761575306013,0.0065637750576547,0
05200631,Wilhelmstadt Ost,05 - Spandau,11.01,0.4289999999999358,0,1.696268209938136,3.76,1199.9813917961612,-0.0800357208857247,0,0.8366690912179952,0.7982438635002994,0.5986828976252245,0.0,0.2402714029135901,0.4789463181001796,0.2063460387148273,0.0325284374376372,0.0235481939732588,0.0101776092596288,0.0071841947715026,0
05200632,Tiefwerder,05 - Spandau,7.7,0.2139999999999525,0,2.3639362286970864,0.8200000000000003,646.9780636848272,-0.3239480060341496,0,0.2549049563269512,0.0,0.0,0.0,0.1621770203408466,0.2221000549752611,0.5167674546454095,0.0379329301814183,0.0560747663551401,0.0082462891698735,0.0,0
05200633,Graetschelsteig,05 - Spandau,7.33,0.4709999999999186,0,4.016477857878476,1.41,635.3475998796997,-0.2021866021473887,0,0.3872092673352272,0.0,0.0,0.0,0.0288362512873326,0.0092687950566426,0.815653964984552,0.0082389289392378,0.1307929969104016,0.0030895983522142,0.0,0
05200634,Börnicker Straße,05 - Spandau,16.0,1.999999999999593,1,2.94719607040524,6.66,785.1018050697355,0.1027944496107107,0,0.2435589337859825,3.274662300450266,2.865329512893983,0.0,0.0352026197298403,0.2022103970528039,0.4809660253786328,0.2120343839541547,0.0384772820302906,0.0204666393778141,0.0114613180515759,0
05300735,Haveleck,05 - Spandau,16.93,2.1819999999996527,0,1.2396694214876034,7.9,871.3819477187673,-0.3786147811010987,0,0.3465835748981886,2.7548209366391188,2.7548209366391188,0.0,0.0,0.0020661157024793,0.0034435261707988,0.0020661157024793,0.0041322314049586,0.1377410468319559,0.8471074380165289,0
05300736,Zitadellenweg,05 - Spandau,9.5,0.728000000000033,1,0.4933051444679351,1.7599999999999998,726.6607965929892,-0.1638939277098077,0,0.1504815484291927,0.7047216349541932,0.7047216349541932,0.0,0.0,0.0119802677942212,0.1705426356589147,0.0641296687808315,0.7484143763213531,0.0,0.0,0
05300737,Gartenfelder Straße,05 - Spandau,10.28,0.7469999999998777,0,1.5962298570994224,3.129999999999999,549.8148238060306,-0.508401934463623,0,1.0,0.15202189115232595,0.15202189115232595,0.0,0.0030404378230465,0.4838856795378534,0.3808148373365764,0.0145941015506232,0.0418060200668896,0.0,0.0766190331407722,0
05300838,Gartenfeld,05 - Spandau,9.93,,1,,,1599.4998953801016,1.8968073706397028,1,0.3159329758989035,0.0,0.0,1.0,0.0,0.75,0.5,0.0,0.0,0.0,0.0,2
05300839,Rohrdamm,05 - Spandau,17.05,2.4319999999995754,0,0.8321775312066574,9.75,574.27496797257,-0.3555149523765877,0,0.8037608611460784,1.1095700416088765,0.8321775312066575,0.0,0.0618585298196948,0.4393897364771151,0.4776699029126213,0.0,0.0016643550624133,0.0,0.0202496532593619,0
05300840,Nonnendammallee,05 - Spandau,8.88,0.1329999999999636,1,6.41025641025641,1.9800000000000004,902.8490579913786,-0.5073638403933699,0,0.0108515053216201,4.273504273504274,4.273504273504274,0.0,0.0726495726495726,0.0683760683760683,0.5598290598290598,0.1965811965811965,0.1282051282051282,0.0,0.0,0
05300841,Siemensdamm,05 - Spandau,13.06,0.8279999999998853,0,2.687296416938111,6.1000000000000005,1039.1477935432645,-0.2536786894611748,0,0.9478944872916252,2.4429967426710095,2.4429967426710095,0.0,0.5940553745928339,0.1343648208469055,0.2194625407166123,0.022801302931596,0.0313517915309446,0.0,0.0,0
05400942,Alt-Gatow,05 - Spandau,11.97,1.7379999999996802,1,2.873900293255132,4.090000000000001,577.5823564764606,0.1115307580026166,0,0.122219617326491,2.346041055718475,1.7595307917888563,0.0,0.0633431085043988,0.1912023460410557,0.3425219941348973,0.1618768328445747,0.1073313782991202,0.0873900293255132,0.0457478005865102,0
05400943,Jägerallee,05 - Spandau,13.37,0.9969999999998242,0,2.0152883947185547,3.85,548.4366048215288,0.1293526243742074,0,0.4195507301743009,2.5480657864257585,2.0847810979847115,0.0,0.0240908037989344,0.0975214269168404,0.3365763261524206,0.1605281445448227,0.0711141996757007,0.1315728515172573,0.1792911744266851,0
05400944,Kladower Damm,05 - Spandau,19.61,1.4680000000001687,1,3.857280617164899,10.83,565.0466890242811,0.127828148467663,0,0.2062147714800276,1.9286403085824495,0.9643201542912248,0.0,0.0549662487945998,0.0501446480231436,0.6017357762777242,0.1436837029893924,0.0414657666345226,0.0144648023143683,0.0973963355834136,0
05400945,Kafkastraße,05 - Spandau,15.32,1.3099999999994112,1,2.156980227681246,7.61,579.9995864236287,0.1286173743266856,0,0.6606468858831561,0.0,0.0,0.0,0.0269622528460155,0.0832834032354703,0.4691431995206711,0.2840023966446974,0.0455362492510485,0.0455362492510485,0.048532055122828,0
06100101,Fichtenberg,06 - Steglitz-Zehlendorf,15.54,0.7459999999999215,0,2.415458937198068,7.279999999999999,1448.8488721129356,-0.1390927652154855,0,1.0,3.757380568974772,3.2206119162640903,0.0,0.202361782071927,0.3752012882447665,0.3156199677938808,0.0373054213633923,0.0448201825013419,0.0177133655394524,0.0083199141170155,0
06100102,Schloßstraße,06 - Steglitz-Zehlendorf,16.36,1.0069999999998416,0,1.5326474910770522,7.959999999999999,2544.3302709597974,-0.3486162394745027,0,0.905559024288832,5.668696199874029,4.618937644341801,0.0,0.5870249842536217,0.0678144026873819,0.2439638883056896,0.051858072643292,0.0260340121771992,0.0163762334663027,0.0065085030442998,0
06100103,Markelstraße,06 - Steglitz-Zehlendorf,19.83,2.002999999999738,1,2.2002820874471087,11.769999999999998,2679.0048311050664,-0.3413418095964074,0,0.9063661960277348,4.795486600846262,3.6671368124118473,0.0,0.6485190409026799,0.126657263751763,0.1599435825105782,0.0307475317348378,0.0236953455571227,0.0121297602256699,0.0,0
06100204,Munsterdamm,06 - Steglitz-Zehlendorf,15.0,0.9389999999999727,1,1.977186311787072,7.41,1388.3635472499489,-0.1681764614812534,0,0.5588425127934715,3.548795944233207,2.027883396704689,0.0,0.0179974651457541,0.4380228136882129,0.4550063371356147,0.0093789607097591,0.0474017743979721,0.0304182509505703,0.0038022813688212,0
06100205,Südende,06 - Steglitz-Zehlendorf,13.47,1.2759999999998073,0,2.9243937232524964,5.870000000000001,1338.90927109348,-0.2252351029330606,0,1.0,2.674750356633381,2.4964336661911553,0.0,0.2724679029957204,0.1016405135520684,0.4655848787446505,0.015870185449358,0.0898716119828816,0.0035663338088445,0.050641940085592,0
06100206,Stadtpark,06 - Steglitz-Zehlendorf,14.68,1.2029999999997776,0,1.981942303457388,7.22,1768.8409208250157,-0.3437701732206629,0,0.996945477123265,1.101079057476327,0.8808632459810615,0.0,0.1440211407179035,0.3041180356749615,0.4686192468619247,0.019158775600088,0.0521911473243778,0.0057256110988768,0.0072671217793437,0
06100207,Mittelstraße,06 - Steglitz-Zehlendorf,15.47,0.8759999999999025,0,1.6132501613250163,7.800000000000001,1763.451586998417,-0.3412059794595975,0,0.9999835943721536,3.01140030114003,1.9359001935900193,0.0,0.2357496235749623,0.209292320929232,0.4289094428909443,0.0518391051839105,0.0440955044095504,0.0225855022585502,0.00946440094644,0
06100208,Bergstraße,06 - Steglitz-Zehlendorf,17.18,1.6519999999998063,0,1.6040100250626566,9.39,1795.374315120814,-0.3806920725268681,0,0.8277544845990277,1.7543859649122808,1.0025062656641603,0.0,0.3177944862155388,0.068922305764411,0.4977443609022556,0.0290726817042606,0.0300751879699248,0.0,0.0548872180451127,0
06100209,Feuerbachstraße,06 - Steglitz-Zehlendorf,16.97,1.2529999999999468,0,2.401210058612214,9.529999999999998,2140.4922665500585,-0.3637374222479233,0,0.9386090436318548,4.159576479485725,2.8360748723766305,0.0,0.3664208735110607,0.1331064473435432,0.4637927774626583,0.019285309132161,0.0026470032142181,0.0075628663263376,0.0071847230100207,0
06100210,Bismarckstraße,06 - Steglitz-Zehlendorf,15.0,1.1259999999998924,1,1.731123388581952,7.28,1999.9656774800785,-0.3715748003315802,0,0.999420929331352,0.7366482504604052,0.0,0.0,0.2607734806629834,0.2224677716390423,0.4279926335174954,0.0198895027624309,0.0464088397790055,0.0162062615101289,0.0047882136279926,0
06200311,Alt-Lankwitz,06 - Steglitz-Zehlendorf,18.01,1.824999999999746,1,1.2368133866860678,10.94,873.7560513007709,-0.1574828106736791,0,0.8129672211037702,0.3637686431429611,0.3637686431429611,0.0,0.0389232448162968,0.1000363768643143,0.6511458712259003,0.0785740269188795,0.0640232811931611,0.0472899236085849,0.0210985813022917,0
06200312,Komponistenviertel Lankwitz,06 - Steglitz-Zehlendorf,14.0,0.7989999999998401,1,2.737411287597161,6.22,1000.0515156358416,-5.163032403582335e-05,0,0.6821615786603971,2.7036160865157144,1.6897600540723217,0.0,0.1111862115579587,0.1186211557958769,0.5214599526867185,0.1132139236228455,0.09462656302805,0.0081108482595471,0.0344711051030753,0
06200313,Lankwitz Kirche,06 - Steglitz-Zehlendorf,12.1,0.4559999999999531,0,2.53221795161655,4.779999999999999,997.6595460255026,-0.3874939779990725,0,0.9703290572411244,0.22609088853719195,0.0,0.0,0.0192177255256613,0.1654985304092245,0.7499434772778657,0.0140176350893059,0.0221569070766448,0.0169568166402893,0.0124349988695455,0
06200314,Kaiser-Wilhelm-Straße,06 - Steglitz-Zehlendorf,9.66,0.2439999999999457,0,2.5741208917490237,2.5200000000000005,955.8221660243278,-0.2084629124417073,0,0.9077889036691508,0.689496667432774,0.4596644449551827,0.0,0.0795219489772466,0.1935187313261319,0.6329579407032866,0.0266605378074006,0.0245920478051022,0.0064353022293725,0.036543323373937,0
06200315,Gallwitzallee,06 - Steglitz-Zehlendorf,13.69,0.5879999999998877,0,4.884318766066838,6.27,946.183640076642,-0.3075863827374746,0,0.637060633833683,0.2856326763781777,0.2856326763781777,0.0,0.0142816338189088,0.1659525849757212,0.5267066552413596,0.104541559554413,0.0151385318480434,0.0365609825764067,0.1362467866323907,0
06200316,Belßstraße,06 - Steglitz-Zehlendorf,12.0,0.844999999999861,0,4.267284154813099,4.46,996.6852442937956,-0.3023641744988595,0,0.7527336439371127,0.9923916639100231,0.6615944426066821,0.0,0.0142242805160436,0.0066159444260668,0.8604035726099901,0.0241481971551438,0.0416804498842209,0.0,0.0525967581872312,0
06200317,Lankwitz Süd,06 - Steglitz-Zehlendorf,13.0,0.9899999999998496,1,3.2490974729241877,5.58,840.8242463623831,0.0621504530499709,0,0.8651836945061485,0.3008423586040915,0.3008423586040915,0.0,0.0219614921780986,0.3910950661853189,0.4073405535499398,0.108604091456077,0.0460288808664259,0.0108303249097472,0.0123345367027677,0
06200418,Landweg,06 - Steglitz-Zehlendorf,,,1,,,560.8667836373709,-0.3551283126658492,0,1.110331535834515e-05,,,1.0,,,,,,,,5
06200419,Thermometersiedlung,06 - Steglitz-Zehlendorf,8.64,0.3499999999999024,0,2.9122055674518204,0.9700000000000006,609.0405522062058,-0.2764151575790718,0,0.998863569393998,0.4282655246252676,0.4282655246252676,0.0,0.00813704496788,0.0,0.9528907922912204,0.0226980728051391,0.0175588865096359,0.0,0.0,0
06200420,Lichterfelde Süd,06 - Steglitz-Zehlendorf,11.81,0.9439999999998576,0,2.3053973420124763,4.2700000000000005,697.3594792846151,-0.0805229670660925,0,0.981209322219799,0.5424464334147003,0.5424464334147003,0.0,0.0631950094928125,0.1592080282072145,0.4559262272850556,0.1350691619202603,0.1033360455655004,0.0227827502034174,0.059669107675617,0
06200421,Königsberger Straße,06 - Steglitz-Zehlendorf,15.24,1.122999999999864,0,2.347826086956521,7.27,994.2896144288048,-0.0487748241808177,0,0.7383560840119011,3.4782608695652177,0.6521739130434783,0.0,0.1393478260869565,0.0658695652173913,0.5795652173913044,0.0813043478260869,0.1080434782608695,0.0126086956521739,0.013695652173913,0
06200422,Oberhofer Platz,06 - Steglitz-Zehlendorf,14.86,0.9869999999998628,0,2.280846386369882,6.709999999999999,880.768171600639,0.0383435624284828,0,0.9486705392295788,2.1984061555372354,0.5496015388843088,0.0,0.254465512503435,0.1676284693597142,0.380873866446826,0.0923330585325638,0.0703489969771915,0.0162132453970871,0.0192360538609508,0
06200423,Schütte-Lanz-Straße,06 - Steglitz-Zehlendorf,10.63,0.893999999999874,0,1.813145303450013,2.7600000000000007,791.1644122693174,0.009329863521116,0,0.9055125132095244,2.2664316293125157,0.7554772097708385,0.0,0.0299672626542432,0.1314530345001259,0.3140266935280785,0.3797532107781415,0.115336187358348,0.0128431125661042,0.0156131956685973,0
06300524,Berlepschstraße,06 - Steglitz-Zehlendorf,14.66,0.3699999999999646,1,1.82882223847842,7.01,973.5402603006722,0.0227328310859557,0,0.6891576169320249,0.731528895391368,0.365764447695684,0.0,0.1042428675932699,0.1722750548646671,0.6221653255303584,0.0402340892465252,0.0431602048280907,0.0051207022677395,0.0138990490124359,0
06300525,Zehlendorf Süd,06 - Steglitz-Zehlendorf,9.92,-0.323999999999977,0,1.4356870788162908,1.8699999999999992,930.0607682903616,-0.0146610801179978,0,0.5129856810799176,3.515968356284793,1.4649868151186638,0.0,0.0046879578083797,0.1265748608262525,0.7943158511573396,0.0073249340755933,0.0290067389393495,0.0017579841781423,0.0351596835628479,0
06300526,Zehlendorf Mitte,06 - Steglitz-Zehlendorf,17.64,1.0649999999999875,1,3.5469107551487413,9.49,1142.9456862693987,-0.091322739950133,0,0.8031798511551997,4.004576659038902,3.432494279176201,0.0,0.4754004576659039,0.097254004576659,0.2105263157894736,0.1447368421052631,0.0194508009153318,0.0183066361556064,0.0308924485125858,0
06300527,Sundgauer Straße,06 - Steglitz-Zehlendorf,15.88,1.0429999999999018,0,3.466243769823289,7.790000000000001,1109.510817674181,-0.2307473177454431,0,0.9582736297367808,1.8124150430448573,1.58586316266425,0.0,0.039193475305845,0.3670140462165836,0.4315813321250566,0.053013140009062,0.0589034888989578,0.001132759401903,0.0487086542818305,0
06300528,Teltower Damm,06 - Steglitz-Zehlendorf,18.14,1.5379999999997862,0,3.19660014781966,9.27,999.1826636251578,1.2608226054492276e-05,0,0.8770333855683561,0.9238728750923872,0.5543237250554324,0.0,0.048780487804878,0.2697708795269771,0.4689578713968957,0.0890613451589061,0.0648558758314855,0.0256836659275683,0.0323355506282335,0
06300629,Botanischer Garten,06 - Steglitz-Zehlendorf,16.77,1.5239999999998195,0,1.9825535289452811,8.91,1339.8916688141471,-0.1936023115819653,0,0.953699408976268,2.6434047052603753,1.0573618821041502,0.0,0.218345228654507,0.3713983610890827,0.3528945281522601,0.0158604282315622,0.0266983875231297,0.0060798308220988,0.0095162569389373,0
06300630,Hindenburgdamm,06 - Steglitz-Zehlendorf,17.07,2.02299999999966,0,2.5256222547584186,9.06,1310.2483380855197,-0.245633667659174,0,0.6293065248163622,2.9282576866764276,1.8301610541727673,0.0,0.2737920937042459,0.1639824304538799,0.4172767203513909,0.0402635431918008,0.0684480234260614,0.0058565153733528,0.0307467057101024,0
06300631,Goerzwerke,06 - Steglitz-Zehlendorf,12.63,0.6349999999999587,1,2.484848484848485,3.810000000000001,714.5940413101093,-0.2239225612622106,0,0.1613100416345131,1.8181818181818181,1.2121212121212122,0.0,0.0096969696969696,0.0933333333333333,0.6157575757575757,0.0303030303030303,0.2206060606060606,0.0236363636363636,0.0054545454545454,0
06300632,Schweizer Viertel,06 - Steglitz-Zehlendorf,18.01,1.2739999999998348,0,2.1255060728744937,8.970000000000002,984.116668954096,-0.0063795050014215,0,0.7615120376417966,1.5182186234817814,1.3495276653171389,0.0,0.0313765182186234,0.1646423751686909,0.289136302294197,0.0787786774628879,0.1357962213225371,0.1557017543859649,0.1450742240215924,0
06300633,Augustaplatz,06 - Steglitz-Zehlendorf,15.17,1.1449999999998397,0,2.1726190476190474,6.949999999999999,1255.0109798899612,-0.0647931443499298,0,1.0,2.827380952380952,1.9345238095238095,0.0,0.3720238095238095,0.1357142857142857,0.3696428571428571,0.0550595238095238,0.0398809523809523,0.0069940476190476,0.0212797619047619,0
06300634,Lichterfelde West,06 - Steglitz-Zehlendorf,13.18,0.4909999999999568,1,3.520958083832335,5.039999999999999,1199.1068935019885,-0.0152793262605793,0,1.0,2.6347305389221556,1.437125748502994,0.0,0.421317365269461,0.151377245508982,0.2697005988023952,0.0644311377245509,0.0615568862275449,0.0194011976047904,0.0134131736526946,0
06400735,Wannsee,06 - Steglitz-Zehlendorf,15.45,0.8929999999998829,0,2.663032082197526,6.459999999999999,1254.198696454153,-0.0382986120561512,0,0.1371409706764175,3.564688613965192,3.564688613965192,0.0,0.1459425456070455,0.126651289578528,0.413923254351017,0.1295869154959111,0.0769553365485426,0.0561962675613336,0.0494862654644579,0
06400736,Düppel,06 - Steglitz-Zehlendorf,13.28,0.0160000000000023,1,0.796107916850951,5.409999999999999,943.5970857485194,0.0361614277312796,0,0.2876253307822788,0.0,0.0,0.0,0.0114993365767359,0.0574966828836797,0.562140645731977,0.3095975232198142,0.0415745245466607,0.0106147722246793,0.0088456435205661,0
06400737,Nikolassee,06 - Steglitz-Zehlendorf,13.39,0.4649999999999407,0,3.1073446327683616,4.550000000000001,1429.8019685192469,0.0730345667061933,0,0.1787632469175563,3.707627118644068,3.3545197740112993,0.0,0.1675494350282486,0.2492937853107344,0.480225988700565,0.0404307909604519,0.0215395480225988,0.0194209039548022,0.0227754237288135,0
06400838,Krumme Lanke,06 - Steglitz-Zehlendorf,12.86,0.3439999999999673,1,2.24,4.07,1566.7363566644433,0.0037221445809664,0,0.3543185857198968,2.1333333333333333,1.3333333333333333,0.0,0.1936,0.3954666666666667,0.2642666666666666,0.072,0.0330666666666666,0.0146666666666666,0.0261333333333333,0
06400839,Fischerhüttenstraße,06 - Steglitz-Zehlendorf,15.28,1.1699999999999735,1,2.3009495982468957,6.779999999999999,1514.2522446220678,-0.0057498926041701,0,1.0,4.382761139517896,2.556610664718773,0.0,0.2443389335281227,0.4130752373995617,0.1840759678597516,0.0566106647187728,0.0467494521548575,0.0131482834185536,0.0430971512052593,0
06400840,Fischtal,06 - Steglitz-Zehlendorf,13.0,0.293000000000048,1,1.1401917595231923,4.35,1470.9691825768489,-0.0760091744295924,0,0.9228196692887448,2.0730759264058047,1.295672454003628,0.0,0.0031096138896087,0.8784659238144598,0.1046903342834931,0.0044052863436123,0.0031096138896087,0.0010365379632029,0.0049235553252137,0
06400841,Zehlendorf Eiche,06 - Steglitz-Zehlendorf,18.57,1.676999999999788,0,2.5347012673506337,9.99,1378.6532362078394,-0.0257214649980526,0,0.970985621497622,2.1122510561255283,1.8105009052504526,0.0,0.1677730838865419,0.3868436934218467,0.2018708509354254,0.0525045262522631,0.0208207604103802,0.1375980687990344,0.0301750150875075,0
06400842,Hüttenweg,06 - Steglitz-Zehlendorf,18.5,1.2909999999999526,1,0.5329457364341085,8.8,1553.8189736923375,-0.0202774001253603,0,0.3434272534605697,2.9069767441860463,0.9689922480620154,0.0,0.0484496124031007,0.0290697674418604,0.5358527131782945,0.0363372093023255,0.0794573643410852,0.0760658914728682,0.1942829457364341,0
06400843,Thielallee,06 - Steglitz-Zehlendorf,15.92,0.8129999999998678,1,2.224239673172946,7.42,1793.626654717027,-0.0535806851649669,0,0.6607034887950582,3.631411711302769,3.1774852473899227,0.0,0.2623694961416251,0.3295506128007263,0.2482977757603268,0.0272355878347707,0.0635497049477984,0.0254198819791193,0.0403994552882433,0
06400844,Dahlem,06 - Steglitz-Zehlendorf,22.0,1.994999999999734,0,3.679592414378715,11.79,2370.740718338092,-0.0445783038961357,0,0.8384949145983284,4.528729125389187,2.2643645626945936,0.0,0.0823662609680158,0.3073874893857911,0.3399377299745259,0.0888763090857628,0.0537786583639966,0.0410416076988395,0.0866119445230682,0
07100101,Wittenbergplatz,07 - Tempelhof-Schöneberg,17.86,0.4219999999998939,0,1.508218945941366,9.21,3998.465548490896,-0.4039015537222438,0,0.5402642175138112,12.370784612777495,7.456363328249449,0.0,0.2974072191154042,0.0108456193865446,0.4380613455346551,0.1637010676156583,0.0399932214878834,0.0076258261311642,0.0425351635316048,0
07100102,Kalckreuthstraße,07 - Tempelhof-Schöneberg,21.0,3.0909999999994717,0,1.801448991580184,12.89,3789.166015209948,-0.1723554537732059,0,0.6487497134928631,17.427060896808303,12.727628744859997,0.0,0.3769336205208537,0.0219306833757587,0.4625024476209124,0.0853730174270609,0.024084589778735,0.0078323869199138,0.0217348737027609,0
07100103,Frobenstraße,07 - Tempelhof-Schöneberg,15.18,1.5389999999997797,0,1.587708066581306,7.71,3509.2541932941185,-0.2494778065884617,0,0.8937251051482685,7.93854033290653,3.0729833546734957,0.0,0.3462227912932138,0.0235595390524968,0.3646606914212548,0.1994878361075544,0.0314980793854033,0.0,0.0345710627400768,0
07100204,Barbarossaplatz,07 - Tempelhof-Schöneberg,27.5,3.693999999999509,0,1.178974946782381,19.21,3800.0,-0.169076330043934,0,0.9999999999999998,7.041100376616997,4.748649091206812,0.0,0.4362207303094809,0.0203045685279187,0.4691337809071557,0.0288193875880137,0.0086785655804814,0.0,0.0366792205665629,0
07100205,Alvenslebenstraße,07 - Tempelhof-Schöneberg,8.84,0.9089999999998432,0,4.552590266875981,1.89,3027.414477940823,-0.3964218453863989,0,0.9994579115748404,10.596546310832025,5.4945054945054945,0.0,0.3178963893249607,0.0047095761381475,0.4501569858712715,0.1507064364207221,0.0631868131868131,0.0,0.0109890109890109,0
07100206,Großgörschenstraße,07 - Tempelhof-Schöneberg,12.5,0.5539999999996875,0,1.320918146383716,4.58,2956.3811006616456,-0.3444284633946134,0,0.7926638074172085,11.909917713295798,6.279774794283239,0.0,0.6394543092247726,0.0082286704200952,0.2217410134257254,0.0428757037678648,0.0108271979211779,0.0,0.0775227371156344,0
07200307,Bayerischer Platz,07 - Tempelhof-Schöneberg,17.02,1.1429999999998623,0,1.4190960974857318,8.94,3965.919971091916,-0.3975444547840429,0,0.9999999999999888,5.090236001850995,3.5477402437143297,0.0,0.3273175998766003,0.0410303871664352,0.5826006478482184,0.0185099490976399,0.0114144686102113,0.0044732376985963,0.0140367113990436,0
07200308,Volkspark (Rudolph-Wilde-Park),07 - Tempelhof-Schöneberg,16.0,1.4209999999998146,0,1.701258931609391,8.01,3491.1861636728618,-0.4149584948240436,0,0.9429928946232984,7.655665192242259,5.444028581150051,0.0,0.3647499149370534,0.1206192582511058,0.457978904389248,0.0190541000340251,0.013780197346036,0.0057842803674719,0.0173528411024157,0
07200409,Belziger Straße,07 - Tempelhof-Schöneberg,19.25,2.169999999999646,0,1.6505406943653955,11.47,3007.3044732290937,-0.4030332430806755,0,0.9999999999999842,9.296148738379815,6.829823562891292,0.0,0.6562322140011383,0.0318725099601593,0.2373363688104724,0.0242838171125023,0.0225763612217795,0.0072092582052741,0.0195408840827167,0
07200410,Feurigstraße,07 - Tempelhof-Schöneberg,9.44,0.3460000000000273,1,6.169844020797227,2.1499999999999995,2999.8855234059697,-0.4053760633950218,0,0.999700047527154,12.824956672443674,10.398613518197575,0.0,0.5067590987868285,0.0415944540727903,0.2776429809358752,0.1140381282495667,0.0474870017331022,0.0,0.012478336221837,0
07200411,Julius-Leber-Brücke,07 - Tempelhof-Schöneberg,12.15,0.4439999999999596,1,0.6526468455402465,5.260000000000001,2959.625069438025,-0.3712308328293218,0,1.0,18.85424220449601,13.052936910804931,0.0,0.8578680203045685,0.0137781000725163,0.0819434372733865,0.0,0.0224800580130529,0.0,0.0253807106598984,0
07200412,Schöneberger Linse,07 - Tempelhof-Schöneberg,22.6,0.8539999999998749,0,0.5668934240362812,15.810000000000002,,,0,,3.401360544217687,3.401360544217687,0.0,0.2766439909297052,0.1111111111111111,0.3219954648526077,0.0,0.0226757369614512,0.0,0.264172335600907,1
07200413,Cheruskerstraße,07 - Tempelhof-Schöneberg,18.57,1.77899999999974,0,1.1456982274102896,10.49,2800.9869755124814,-0.2244118738049026,0,0.4233526396273475,9.295287505404238,6.052745352356247,0.0,0.751621271076524,0.0179420665801988,0.1606139213143104,0.012753999135322,0.0404236921746649,0.001513186338089,0.01599654128837,0
07200414,Hohenfriedbergstraße,07 - Tempelhof-Schöneberg,20.58,1.628999999999612,1,1.2838801711840229,12.869999999999996,2836.366945233573,-0.2282479404534155,0,0.7463866451089194,8.083689966714218,6.1816452686638135,0.0,0.6324298621017594,0.0204469805040418,0.2106514503090822,0.0366143604374702,0.0399429386590584,0.0,0.0575368521160247,0
07300515,Taunusstraße,07 - Tempelhof-Schöneberg,15.57,0.6409999999999313,0,1.5544041450777202,7.26,3402.581498233762,-0.2812570681416682,0,0.9999997435537752,1.8134715025906736,1.2953367875647668,0.0,0.7940414507772021,0.0132124352331606,0.1593264248704663,0.0160621761658031,0.0095854922279792,0.0075129533678756,0.0,0
07300516,Odenwaldstraße,07 - Tempelhof-Schöneberg,16.02,1.2659999999997904,0,1.9916351324437365,7.689999999999999,3399.997019113217,-0.2802228346873181,0,0.9584359386070316,3.584943238398725,0.9958175662218682,0.0,0.7062338179645489,0.0320653256323441,0.2025492929695279,0.0242979486158135,0.0254929296952798,0.0,0.0083648675562636,0
07300517,Perelsplatz,07 - Tempelhof-Schöneberg,24.49,3.8769999999995735,0,1.4433433864713483,16.36,3400.425207615511,-0.2804976191962805,0,0.9774948973136608,3.015941404566997,2.1542438604049976,0.0,0.6462731581214993,0.0404997845756139,0.2050840155105558,0.0247738043946574,0.0122791900043084,0.0099095217578629,0.0616113744075829,0
07300618,Ceciliengärten,07 - Tempelhof-Schöneberg,16.98,1.3659999999999228,0,2.115768463073852,9.06,3307.033776534737,-0.2858418235901536,0,0.9652765237033364,5.788423153692615,4.590818363273453,0.0,0.4383233532934131,0.293812375249501,0.2321357285429141,0.0173652694610778,0.0059880239520958,0.0009980039920159,0.0117764471057884,0
07300619,Grazer Platz,07 - Tempelhof-Schöneberg,14.91,1.0689999999998567,0,0.8842443729903537,7.44,1828.9627755140712,-0.4330679993304003,0,0.3223129804686251,4.340836012861737,2.8938906752411575,0.0,0.3496784565916399,0.2763665594855305,0.3495176848874598,0.0056270096463022,0.0106109324758842,0.0,0.007717041800643,0
07400720,Gontermannstraße,07 - Tempelhof-Schöneberg,9.56,0.434999999999807,1,1.4462809917355373,2.7200000000000006,1760.807517638158,-0.4140771908310253,0,0.6209137209272045,6.542699724517907,4.648760330578512,0.0,0.1329201101928374,0.431129476584022,0.4037534435261708,0.0080922865013774,0.0120523415977961,0.0,0.012396694214876,0
07400721,Paradestraße,07 - Tempelhof-Schöneberg,12.74,-0.4419999999999173,1,1.064773735581189,5.13,1837.9892530233988,0.0062879001992734,0,0.1677224413062773,12.422360248447204,9.760425909494232,0.0,0.023070097604259,0.6464063886424135,0.2031943212067435,0.012866015971606,0.0235137533274179,0.0,0.0896184560780834,0
07400822,Lindenhofsiedlung,07 - Tempelhof-Schöneberg,18.94,0.967999999999848,1,1.2523481527864746,12.25,867.9327577408378,-0.2383527768990043,0,0.1749401421359749,1.2523481527864746,1.2523481527864746,0.0,0.1227301189730745,0.2304320601127113,0.5823418910457107,0.0,0.0162805259862241,0.0,0.0513462742642454,0
07400823,Wittekindstraße,07 - Tempelhof-Schöneberg,9.75,0.3829999999998971,0,0.991150442477876,2.62,838.8640992882474,-0.5055177601853869,0,1.0,1.415929203539823,0.5309734513274337,0.0,0.0384070796460177,0.6348672566371681,0.2679646017699115,0.0472566371681415,0.0031858407079646,0.0099115044247787,0.0,0
07400824,Bosepark,07 - Tempelhof-Schöneberg,16.13,1.5699999999997916,1,1.4474024295683638,8.599999999999998,1400.0,-0.3566749439387324,0,0.8832844149690269,8.787800465236495,6.720082708710261,0.0,0.4277591108813647,0.1196691651589558,0.3331610235202895,0.042129749289222,0.0586714913414318,0.0007753941586973,0.0183509950891703,0
07400825,Friedrich-Karl-Straße,07 - Tempelhof-Schöneberg,17.75,1.5829999999997977,0,1.0832932113625422,10.02,1287.6107230355335,-0.3914631159015013,0,0.9109140663202102,8.666345690900338,6.740491092922484,0.0,0.4963890226287915,0.231824747231584,0.2087144920558497,0.0117958594126143,0.0389985556090515,0.0057775637939335,0.0072219547424169,0
07400826,Marienhöhe,07 - Tempelhof-Schöneberg,13.72,-0.5689999999999854,1,1.0097610232245036,7.32,997.4221340898276,0.0345199512639918,0,1.0,1.0097610232245036,1.0097610232245036,0.0,0.0124537192864355,0.4328508919555705,0.5348367553012454,0.0090878492090205,0.008078088185796,0.0010097610232245,0.0016829350387075,0
07400927,Rathaus Tempelhof,07 - Tempelhof-Schöneberg,11.91,0.6499999999998717,0,1.757679180887372,4.36,1399.9376414611495,-0.356672414775592,0,0.2640597231409215,7.167235494880546,4.948805460750853,0.0,0.2602389078498293,0.1832764505119453,0.4156996587030717,0.024914675767918,0.0658703071672354,0.0440273037542662,0.0064846416382252,0
07400928,Germaniagarten,07 - Tempelhof-Schöneberg,13.51,0.6249999999999172,0,1.31521262604121,5.91,632.227017445773,-0.2932686953874093,0,0.3965254678786684,3.507233669443227,2.1920210434020166,0.0,0.0635686102586584,0.8167470407715914,0.0868040333187198,0.0017536168347216,0.0092064883822884,0.0083296799649276,0.0131521262604121,0
07501029,Ringstraße,07 - Tempelhof-Schöneberg,17.77,2.493999999999629,0,1.5054744525547443,10.81,600.0291628678399,-0.3968522191796809,0,0.4168600394726352,1.3686131386861315,0.9124087591240876,0.0,0.156706204379562,0.1375456204379562,0.6300182481751825,0.0244069343065693,0.0323905109489051,0.0,0.0184762773722627,0
07501030,Machonstraße,07 - Tempelhof-Schöneberg,18.33,1.7389999999997798,0,1.641068798653482,11.13,600.0001773213196,-0.4054650002144241,0,0.9999814983446982,2.524721228697665,2.103934357248054,0.0,0.1918788133810225,0.2316431727330107,0.4426677887649905,0.0673258994319377,0.0366084578161161,0.0044182621502209,0.0244056385440774,0
07501031,Eisenacher Straße,07 - Tempelhof-Schöneberg,14.6,1.5579999999997487,0,1.9626168224299063,7.729999999999999,607.5435461318511,-0.3402301630891972,0,0.492302863096076,1.4953271028037383,1.4953271028037383,0.0,0.0579439252336448,0.2779439252336448,0.5299065420560748,0.068411214953271,0.0579439252336448,0.0,0.0069158878504672,0
07501032,Imbrosweg,07 - Tempelhof-Schöneberg,12.16,0.7769999999998688,0,0.8905013192612138,4.44,628.4710765777454,-0.1485991678091108,0,0.6014068356975951,0.6596306068601583,0.32981530343007914,0.0,0.0072559366754617,0.070910290237467,0.6972295514511874,0.0257255936675461,0.1560026385224274,0.0036279683377308,0.0385883905013192,0
07501133,Fritz-Werner-Straße,07 - Tempelhof-Schöneberg,12.45,1.1979999999998134,0,6.102973812694185,5.369999999999999,620.8671759797785,-0.2680718667180271,0,0.4596886584860046,1.5534842432312472,0.8877052818464269,0.0,0.0492676431424767,0.1504660452729693,0.563249001331558,0.1571238348868175,0.0679094540612516,0.0071016422547714,0.0046604527296937,0
07501134,Hundsteinweg,07 - Tempelhof-Schöneberg,12.04,0.7329999999998643,0,1.6278629566534166,1.6499999999999986,676.9569394952374,0.0105388012674499,0,0.7246749841759146,1.3250047321597578,1.3250047321597578,0.0,0.0357751277683134,0.1188718531137611,0.5809199318568995,0.0848003028582245,0.1378004921446148,0.0204429301533219,0.0210107893242475,0
07501135,Birnhornweg,07 - Tempelhof-Schöneberg,13.0,2.1220000000000123,1,2.232558139534884,5.17,669.9944241888222,0.1102896918895518,0,0.99965628327321,1.86046511627907,1.86046511627907,0.0,0.0065116279069767,0.1469767441860465,0.4753488372093023,0.2111627906976744,0.12,0.0288372093023255,0.013953488372093,0
07601236,Marienfelder Allee Nordwest,07 - Tempelhof-Schöneberg,10.95,0.5449999999999137,0,1.1660548477650614,4.119999999999999,661.2553909513562,-0.013192475328893,0,0.8344148613668201,1.0796804145972791,0.4318721658389117,0.0,0.0127402288922478,0.1403584538976462,0.6683221766357158,0.107536169293889,0.0693154826171453,0.0,0.0008637443316778,0
07601237,Kirchstraße,07 - Tempelhof-Schöneberg,12.64,0.5839999999999584,1,1.6564952048823016,4.98,661.6626397311113,0.0758477607530503,0,0.8168888752585819,4.3591979075850045,3.4873583260680037,0.0,0.081081081081081,0.086312118570183,0.5571054925893636,0.1285963382737576,0.0789014821272885,0.0448997384481255,0.0213600697471665,0
07601238,Marienfelde Nordost,07 - Tempelhof-Schöneberg,13.5,1.072000000000018,1,0.8118081180811807,6.15,654.0392775865278,-0.0193225464097295,0,0.1960030771536593,0.7380073800738007,0.7380073800738007,0.0,0.0324723247232472,0.0464944649446494,0.7114391143911439,0.07380073800738,0.1047970479704797,0.0125461254612546,0.0154981549815498,0
07601339,Tirschenreuther Ring West,07 - Tempelhof-Schöneberg,7.99,0.3789999999999136,0,1.300433477825942,1.8600000000000003,776.7254681923638,-0.1596085179007462,0,0.8314573436014052,0.33344448149383127,0.33344448149383127,0.0,0.0,0.0120040013337779,0.9276425475158386,0.0043347782594198,0.0276758919639879,0.0,0.0273424474824941,0
07601340,Tirschenreuther Ring Ost,07 - Tempelhof-Schöneberg,9.44,0.6079999999999363,0,2.4552894816611093,3.1499999999999995,687.8896501967171,-0.2625512930977428,0,0.9996265676710158,0.0,0.0,0.0,0.0,0.005153076689906,0.8878448014549863,0.0175810851773264,0.0733555622916035,0.0,0.0151561079114883,0
07601341,Diedersdorfer Weg,07 - Tempelhof-Schöneberg,10.6,0.6799999999998365,1,0.9442870632672332,2.4499999999999997,449.4247234539244,-0.0085769697495022,0,0.1528607669536823,0.9442870632672333,0.9442870632672333,0.0,0.0377714825306893,0.3182247403210576,0.2880075542965061,0.0727101038715769,0.23890462700661,0.0084985835694051,0.0358829084041548,0
07601442,Kettinger Straße,07 - Tempelhof-Schöneberg,11.83,0.8869999999998764,0,1.5416825275980206,4.46,667.6455578688386,0.0892946207786678,0,0.9991932250852787,1.903311762466692,1.5226494099733536,0.0,0.0110392082223068,0.0961172440045679,0.6176246669204416,0.129425199847735,0.1214312904453749,0.0119908641035401,0.0114198705748001,0
07601443,Töpchiner Weg,07 - Tempelhof-Schöneberg,10.54,0.7369999999998681,0,1.825633383010432,2.969999999999999,669.9995251125032,0.1103479019854928,0,0.9634253262181524,0.37257824143070045,0.37257824143070045,0.0,0.0158345752608047,0.0732116244411326,0.4994411326378539,0.2203800298062593,0.1087928464977645,0.0210506706408345,0.0609165424739195,0
07601544,John-Locke-Straße,07 - Tempelhof-Schöneberg,9.75,0.4299999999999743,0,1.526384648931531,2.71,615.7728768161527,-0.0469566737535989,0,0.9999930915228892,0.21805494984736154,0.21805494984736154,0.0,0.021151330135194,0.0298735281290885,0.7919755778456171,0.0497165285651984,0.0451373746184038,0.0034888791975577,0.0590928914086349,0
07601545,Nahariyastraße,07 - Tempelhof-Schöneberg,8.49,0.1079999999999892,0,1.6029593094944512,1.8600000000000003,608.4037837946947,-0.0726370025833488,0,0.9997112358862552,0.7398273736128237,0.4932182490752158,0.0,0.0165228113440197,0.0197287299630086,0.8458692971639951,0.075462392108508,0.033292231812577,0.0059186189889025,0.0034525277435265,0
07601546,Franziusweg,07 - Tempelhof-Schöneberg,13.04,0.9229999999998164,1,1.552511415525114,5.23,640.0,0.0645385211375711,0,0.9066370019704708,2.4353120243531206,1.82648401826484,0.0,0.0977168949771689,0.1808219178082191,0.3948249619482496,0.1394216133942161,0.115372907153729,0.0532724505327245,0.0197869101978691,0
07601547,Horstwalder Straße,07 - Tempelhof-Schöneberg,9.53,0.4429999999999305,1,2.134831460674157,2.0699999999999994,640.0,0.0645385211375709,0,0.9931087179438448,0.0,0.0,0.0,0.0674157303370786,0.1213483146067415,0.3421348314606741,0.3151685393258427,0.1117977528089887,0.0196629213483146,0.0224719101123595,0
07601548,Wittelsbacherstraße,07 - Tempelhof-Schöneberg,12.58,0.315999999999978,1,2.0216606498194944,4.64,640.0,0.0645385211375711,0,0.778359370344554,0.7220216606498194,0.7220216606498194,0.0,0.0353790613718411,0.1732851985559566,0.4115523465703971,0.2173285198555956,0.1083032490974729,0.0252707581227436,0.0303249097472924,0
08100101,Hasenheide,08 - Neukölln,20.28,0.475999999999909,1,1.757188498402556,11.73,2387.564215321633,-0.4472195306184689,0,0.2158684429090941,15.974440894568689,13.178913738019169,0.0,0.694888178913738,0.0123801916932907,0.121405750798722,0.0335463258785942,0.0139776357827476,0.0,0.1226038338658147,0
08100102,Schillerpromenade Nord,08 - Neukölln,19.68,2.098999999999609,0,1.9263698630136987,11.95,2784.214857297216,-0.2569679302144759,0,0.4584528420944033,18.621575342465754,13.48458904109589,0.0,0.8193493150684932,0.0612157534246575,0.0869006849315068,0.0222602739726027,0.004708904109589,0.0,0.0042808219178082,0
08100103,Schillerpromenade Süd,08 - Neukölln,12.9,0.7509999999999939,0,2.242451154529307,5.220000000000001,2792.7468301635854,-0.2539082070172212,0,0.4218148732680973,13.987566607460035,9.769094138543517,0.0,0.6813943161634103,0.1787300177619893,0.1105683836589698,0.0126554174067495,0.0066607460035523,0.0,0.0086589698046181,0
08100104,Wartheplatz,08 - Neukölln,16.0,1.3029999999998516,0,1.3928368391131325,8.3,2200.0239359524726,-0.4924509469810397,0,0.3127615606178077,16.770892552586698,9.948834565093804,0.0,0.6645821489482661,0.2239909039226833,0.0545764638999431,0.03439454235361,0.0110858442296759,0.0054007959067652,0.0054007959067652,0
08100105,Silbersteinstraße,08 - Neukölln,18.75,1.361999999999811,0,5.994152046783626,10.16,1493.4496250034513,-0.4077227599640609,0,0.7622521972388597,11.330409356725145,6.578947368421052,0.0,0.3611111111111111,0.0347222222222222,0.1845760233918128,0.0573830409356725,0.1374269005847953,0.0051169590643274,0.2160087719298245,0
08100206,Flughafenstraße,08 - Neukölln,15.68,1.374999999999785,0,1.9327406262079627,8.26,2202.4507028037115,-0.4913631492663258,0,0.8727494729681002,28.991109393119444,16.814843448009277,0.0,0.8533049864708157,0.0268650947042906,0.0380749903362968,0.0340162350212601,0.0255121762659451,0.0,0.0222265172013915,0
08100207,Rollberg,08 - Neukölln,13.62,1.2459999999997902,1,1.8744421303183576,6.859999999999999,2200.0,-0.492476485097794,0,0.7672028934045139,11.603689378161262,5.950609937518595,0.0,0.245462659922642,0.0565307944064266,0.4641475751264504,0.1806010116036893,0.016661707825052,0.0008925914906277,0.0357036596251115,0
08100208,Körnerpark,08 - Neukölln,16.0,1.370999999999797,0,2.108345534407028,8.35,2200.0698554826918,-0.4924447331097616,0,0.6642975590279614,13.616398243045388,8.052708638360176,0.0,0.7590043923865301,0.1575402635431918,0.0450951683748169,0.0254758418740849,0.0096632503660322,0.0008784773060029,0.0014641288433382,0
08100209,Glasower Straße,08 - Neukölln,18.56,1.4129999999998026,0,3.409621672115834,10.71,1465.541918758052,-0.3792843436333996,0,0.7141132930445925,17.281644091546006,9.574964969640353,0.0,0.6835590845399346,0.0929472209248015,0.0644558617468472,0.0317608594114899,0.0590845399346099,0.0079402148528724,0.0616534329752452,0
08100310,Maybachufer,08 - Neukölln,19.71,0.8859999999999345,0,1.403589507593189,11.78,2800.1982196360805,-0.3566358083822283,0,1.0,21.859180855959504,13.115508513575703,0.0,0.7291762540266912,0.0379659456971928,0.1631385181776346,0.0301426599171652,0.0361251725724804,0.0,0.0011504832029452,0
08100311,Reuterplatz,08 - Neukölln,17.22,2.201999999999534,0,1.4496142155716625,9.61,2777.242602688405,-0.3610372098249975,0,1.0,19.406125789104514,13.327098433481414,0.0,0.7210661678746785,0.093991115267711,0.1285948094458733,0.0252513444002805,0.0259527706336216,0.0046761748889408,0.0,0
08100312,Weichselplatz,08 - Neukölln,17.66,2.1899999999996185,0,1.5450898826325954,9.41,2439.827938378184,-0.4324660751935986,0,1.0,19.46218986777596,11.736740454612985,0.0,0.6942504828405883,0.0582380032684593,0.182439459218541,0.0157480314960629,0.0371415837171297,0.0026741940276333,0.0102510771059277,0
08100313,Bouchéstraße,08 - Neukölln,15.0,1.9699999999997704,1,1.1289622231871472,8.129999999999999,2199.8824532968238,-0.4924426636280118,0,0.9999999988469148,7.815892314372557,4.342162396873643,0.0,0.2040816326530612,0.4198871037776813,0.3139383412939644,0.0243161094224924,0.0,0.0,0.038211029092488,0
08100314,Donaustraße,08 - Neukölln,14.86,1.4369999999997911,0,1.5308525671219972,7.05,2200.0324523414006,-0.4924678393351934,0,0.9136544070898952,23.08054639660857,11.304757418747057,0.0,0.8278379651436646,0.0350918511540273,0.0753650494583137,0.044041450777202,0.0117757889778615,0.0011775788977861,0.005181347150259,0
08100415,Ganghoferstraße,08 - Neukölln,18.51,1.4019999999999495,0,2.4746571258199164,10.910000000000002,2200.0,-0.492476485097794,0,0.9398230382936182,13.714967203339297,5.366726296958855,0.0,0.7107930828861061,0.1457960644007155,0.1001788908765653,0.0268336314847942,0.0035778175313059,0.0059630292188431,0.0065593321407274,0
08100416,Alt-Rixdorf,08 - Neukölln,16.8,1.5519999999997274,0,3.606557377049181,9.25,2200.0,-0.492476485097794,0,0.9648784237401296,16.09538002980626,10.432190760059614,0.0,0.8128166915052161,0.025037257824143,0.0831594634873323,0.0503725782414307,0.0095380029806259,0.0017883755588673,0.0163934426229508,0
08100417,Braunschweiger Straße,08 - Neukölln,18.68,2.2459999999996816,0,3.475204998047637,11.11,2200.0,-0.492476485097794,0,0.996456430796851,17.180788754392815,9.3713393205779,0.0,0.7210074189769621,0.1124560718469347,0.1044513861772745,0.0437329168293635,0.0095665755564232,0.0019523623584537,0.0076142131979695,0
08100418,Hertzbergplatz,08 - Neukölln,17.82,2.325999999999606,0,1.6505406943653955,10.18,2200.0,-0.492476485097794,0,0.6477491284139132,16.884841586036803,10.813887307911212,0.0,0.5634604439385316,0.2576361221779548,0.1696072851451337,0.0037943464238284,0.0039840637450199,0.0,0.0020868905331056,0
08100419,Treptower Straße Nord,08 - Neukölln,17.0,2.6449999999994818,1,3.137039075399009,9.25,2199.983103954932,-0.4924689131237601,0,0.7925659904549213,10.181618051733627,6.053935057787562,0.0,0.3247110621904238,0.1053935057787562,0.4529444138690148,0.0498073747936158,0.066042927903137,0.0,0.0,0
08100520,Weiße Siedlung,08 - Neukölln,8.49,0.0480000000000057,0,2.253116011505273,1.46,568.3368081891819,-0.3336875751113494,0,0.2560601106041585,3.835091083413231,1.4381591562799616,0.0,0.0239693192713326,0.1433365292425695,0.8322147651006712,0.0,0.0,0.0,0.0,0
08100521,Schulenburgpark,08 - Neukölln,7.36,0.1769999999999823,0,1.7422434367541766,1.0,527.7758188938832,-0.5048403255780837,0,0.6484036372801452,4.057279236276849,3.1026252983293556,0.0,0.0443914081145584,0.3279236276849642,0.4658711217183771,0.1422434367541766,0.0193317422434367,0.0009546539379474,0.0,0
08200622,Jahnstraße,08 - Neukölln,19.4,2.1539999999996784,0,2.070552147239264,11.749999999999998,1186.6943978003444,-0.3720181624045545,0,0.5000191606475818,2.3006134969325154,1.1503067484662577,0.0,0.2093558282208589,0.1230828220858895,0.5157208588957055,0.036042944785276,0.0191717791411042,0.0195552147239263,0.0786042944785276,0
08200623,Park am Buschkrug,08 - Neukölln,13.5,-0.1269999999998934,0,2.161785216178522,6.72,600.0,-0.5108256237659907,0,0.3829377342509256,1.7433751743375174,1.0460251046025104,0.0,0.1872384937238493,0.2214086471408647,0.3675034867503486,0.0690376569037656,0.0794979079497908,0.0240585774058577,0.0502092050209205,0
08200624,Tempelhofer Weg,08 - Neukölln,10.09,0.6149999999999232,0,1.306122448979592,3.05,966.6008648032616,-0.4092481346152896,0,0.4424291287489406,2.857142857142857,1.8367346938775508,0.0,0.0922448979591836,0.2532653061224489,0.5963265306122449,0.0312244897959183,0.0195918367346938,0.0,0.0071428571428571,0
08200725,Mohriner Allee Nord,08 - Neukölln,10.92,0.4897142857142857,1,1.5690376569037656,2.77,637.1313847649594,0.0540662763608294,0,0.3022482682171409,5.230125523012552,4.184100418410042,0.0,0.0313807531380753,0.1903765690376569,0.1976987447698744,0.2280334728033473,0.2238493723849372,0.0815899581589958,0.0491631799163179,0
08200726,Hufeisensiedlung,08 - Neukölln,10.06,0.9229999999998278,0,1.8593120545398203,2.630000000000001,907.33959885901,-0.0602293646152956,0,0.6945243068369797,3.0988534242330337,1.8593120545398203,0.0,0.0625968391695072,0.5636814378679889,0.3173225906414627,0.0334676169817167,0.0123954136969321,0.0009296560272699,0.0055779361636194,0
08200727,Parchimer Allee Süd,08 - Neukölln,9.76,0.5599999999999639,1,1.238522314755499,2.64,661.52807195469,-0.2645615667039411,0,0.6369275353980381,0.42707666026051677,0.21353833013025839,0.0,0.0,0.3079222720478325,0.6860986547085202,0.0061926115737774,0.0,0.0,0.0,0
08200728,Ortolanweg,08 - Neukölln,,,1,0.684931506849315,,600.0,-0.5076219457625263,0,0.0844020451794348,4.5662100456621,4.5662100456621,0.0,0.0091324200913242,0.3767123287671233,0.182648401826484,0.4155251141552511,0.0,0.0,0.0,2
08200729,Britzer Garten,08 - Neukölln,,,1,0.7389162561576355,,625.3331788002344,-0.0479506376427336,0,0.1095363665114257,2.4630541871921183,1.2315270935960592,0.0,0.0172413793103448,0.0874384236453202,0.5369458128078818,0.1083743842364532,0.0665024630541872,0.0135467980295566,0.1650246305418719,2
08200730,Handwerker-Siedlung,08 - Neukölln,8.73,0.3249999999998862,1,5.290396779758482,-0.0199999999999995,437.27452917674736,0.0594252418163222,0,0.7532486219351103,0.5750431282346176,0.0,0.0,0.0161012075905692,0.3064979873490512,0.5261644623346751,0.0414031052328924,0.0914318573893041,0.0115008625646923,0.0063254744105807,0
08200831,Buckow West,08 - Neukölln,8.73,0.3200000000000066,0,1.1854951185495115,1.8100000000000005,565.9880865294568,-0.1693527117993921,0,0.999937825086924,1.3947001394700138,0.6973500697350069,0.0,0.00278940027894,0.0388191538819153,0.7110646211064621,0.0734542073454207,0.1557415155741515,0.0099953509995351,0.009065550906555,0
08200832,Buckow Mitte,08 - Neukölln,12.27,1.072999999999798,0,1.571132596685083,5.319999999999999,588.5855272488279,-0.1415831513455209,0,0.8411610914787826,2.4171270718232045,2.4171270718232045,0.0,0.0086325966850828,0.0219267955801104,0.7619129834254144,0.0419544198895027,0.137085635359116,0.0169198895027624,0.011567679558011,0
08200833,Buckow Ost,08 - Neukölln,13.5,1.9429999999996728,0,6.275487086542817,5.48,586.6624459306644,-0.0796870190157369,0,0.9965552250601996,0.45310376076121434,0.22655188038060717,0.0,0.0099682827367467,0.0242410512007249,0.7822836429542365,0.0638876302673312,0.0897145446307204,0.0111010421386497,0.019030357951971,0
08300934,Gropiusstadt Nord-West,08 - Neukölln,8.06,0.2699999999999475,0,1.4423076923076923,1.2300000000000004,578.1447541360108,-0.2482630110568451,0,1.0,0.31017369727047145,0.31017369727047145,0.0,0.0004652605459057,0.0,0.9968982630272952,0.0018610421836228,0.0009305210918114,0.0,0.0,0
08300935,Gropiusstadt Süd-West,08 - Neukölln,10.65,0.4069999999999177,1,1.6075650118203308,3.890000000000001,575.0675229059036,-0.2584581389374935,0,1.0,0.23640661938534277,0.23640661938534277,0.0,0.0,0.0,0.9957446808510638,0.0042553191489361,0.0,0.0,0.0,0
08301036,Gropiusstadt Mitte,08 - Neukölln,8.54,0.1849999999999108,0,2.304665542439573,2.049999999999999,575.0344224463256,-0.2650199764145333,0,1.0,0.5621135469364812,0.2810567734682406,0.0,0.0,0.0,0.9738617200674536,0.0050590219224283,0.0033726812816188,0.0,0.0171444631815626,0
08301037,Gropiusstadt Süd-Ost,08 - Neukölln,8.74,0.5179999999999091,0,2.22899599923795,2.6500000000000004,575.0058845637907,-0.2655862444247589,0,1.0,0.19051247856734618,0.0,0.0,0.0009525623928367,0.0,0.900361973709278,0.0,0.0,0.0,0.0984949514193179,0
08401138,Goldhähnchenweg,08 - Neukölln,7.36,0.7789999999997888,1,1.1198945981554678,0.5100000000000007,599.9999999999999,-0.5107598133293698,0,1.0,0.0,0.0,0.0,0.0,0.0085638998682476,0.958498023715415,0.0151515151515151,0.0026350461133069,0.0,0.0158102766798418,0
08401139,Vogelviertel Süd,08 - Neukölln,9.03,0.2409999999999422,1,1.8932038834951457,1.9899999999999995,660.0664719190072,-0.0213026137409001,0,0.7936913424079529,1.4563106796116505,0.4854368932038835,0.0,0.008252427184466,0.0587378640776699,0.6067961165048543,0.1504854368932038,0.1058252427184466,0.0160194174757281,0.0504854368932038,0
08401140,Vogelviertel Nord,08 - Neukölln,9.08,-0.4450000000002934,1,2.618657937806874,2.17,600.0,-0.056141918589103,0,0.986206265128776,1.6366612111292964,1.6366612111292964,0.0,0.0147299509001636,0.1309328968903437,0.4296235679214402,0.1685761047463175,0.2217675941080196,0.0155482815057283,0.0204582651391162,0
08401241,Blumenviertel,08 - Neukölln,12.76,1.2009999999997487,1,2.717237475233513,3.73,600.1394880057285,0.0331526638034983,0,0.9136795050715948,5.660911406736484,0.8491367110104727,0.0,0.0062270025474101,0.1454854231531276,0.444381545428814,0.2114350410416077,0.1016133597509199,0.0328332861590716,0.0554769317860175,0
08401242,Zittauer Straße,08 - Neukölln,7.55,0.4309999999999145,1,2.197802197802198,0.0300000000000002,555.5230376155242,0.0300563239048123,0,0.9682509232123512,1.665001665001665,1.332001332001332,0.0,0.0009990009990009,0.1914751914751915,0.3476523476523476,0.1894771894771894,0.2147852147852147,0.0339660339660339,0.0193140193140193,0
08401243,Alt-Rudow,08 - Neukölln,11.36,0.9739999999998524,0,1.696268209938136,3.9899999999999993,600.0,0.0449608373864862,0,0.7421331145345559,1.9956096587507481,1.197365795250449,0.0,0.0371183396527639,0.0868090201556575,0.6246258231889842,0.1187387746956695,0.0913989223707842,0.0165635601676312,0.0243464378367591,0
08401244,Waßmannsdorfer Chaussee,08 - Neukölln,17.05,2.32399999999966,1,1.4294790343074968,9.86,583.6328913648683,0.041014649664323,0,0.673674533667479,0.6353240152477764,0.6353240152477764,0.0,0.0038119440914866,0.1238881829733163,0.4615628970775095,0.1655019059720457,0.1057814485387547,0.0330368487928843,0.1060991105463786,0
08401245,Frauenviertel,08 - Neukölln,11.2,0.6609999999999105,0,0.7083825265643447,3.43,619.5142372917325,-0.2312859554518015,0,0.6699831240047194,0.5903187721369539,0.5903187721369539,0.0,0.0017709563164108,0.0,0.0100354191263282,0.0023612750885478,0.8476977567886659,0.0312868949232585,0.1086186540731995,0
08401246,Waltersdorfer Chaussee Ost,08 - Neukölln,7.36,0.1239999999999793,0,1.920838183934808,0.4700000000000006,600.0000066050085,0.046323478738435,0,0.6832245807275389,4.365541327124563,1.7462165308498254,0.0,0.0014551804423748,0.059953434225844,0.2610593713620489,0.5078579743888242,0.1201979045401629,0.0212456344586728,0.029685681024447,0
09100101,Alt-Treptow,09 - Treptow-Köpenick,18.13,1.2449999999998436,0,1.4435324087178034,10.64,2013.921717464422,-0.2884677360360835,0,0.3664850554468131,15.284460798188508,10.189640532125672,0.0,0.4252759694310784,0.1303424851401075,0.1787432776677045,0.0227851684121143,0.1292103028587602,0.0073591848287574,0.105434474950467,0
09100202,Plänterwald West,09 - Treptow-Köpenick,12.21,0.9349999999998024,1,0.5338078291814947,5.240000000000001,872.0739547548375,-0.462249691349985,0,0.4204729624875669,16.459074733096084,11.12099644128114,0.0,0.3153914590747331,0.1543594306049822,0.4395017793594306,0.0062277580071174,0.0662811387900355,0.0142348754448398,0.0040035587188612,0
09100203,Plänterwald Ost,09 - Treptow-Köpenick,12.13,0.4020000000001137,0,1.8693551774837216,5.300000000000001,509.9651476875061,-0.3165724206389957,0,0.6657253645126665,1.890359168241966,1.260239445494644,0.0,0.0050409577819785,0.2934257508926696,0.6698172652804033,0.0,0.0065112371350556,0.0,0.0254148288174753,0
09100304,Baumschulenweg West,09 - Treptow-Köpenick,13.95,0.7019999999998594,0,1.162625832978874,6.98,558.5861515147708,-0.3674300063204985,0,1.0,2.835672763363108,1.5596200198497094,0.0,0.2448603431164043,0.1746774422231674,0.4935488444633489,0.0039699418687083,0.0354459095420388,0.0014178363816815,0.0460796824046505,0
09100305,Baumschulenweg Ost,09 - Treptow-Köpenick,16.36,1.5679999999998215,1,1.3948082138705928,8.44,542.4866151007402,-0.3852680701882642,0,1.0,4.261913986826811,1.5497869043006587,0.0,0.3118946144905075,0.4362650135606354,0.221232080588919,0.0,0.0038744672607516,0.0,0.0255714839209608,0
09100306,Späthsfelde,09 - Treptow-Köpenick,8.76,,1,1.1484098939929328,0.8899999999999997,466.8342254451146,0.1414667543261137,0,0.2416120533309267,6.183745583038869,4.41696113074205,0.0,0.0265017667844522,0.3206713780918728,0.1051236749116607,0.0768551236749116,0.3295053003533569,0.1042402826855123,0.0371024734982332,0
09100407,Johannisthal West,09 - Treptow-Köpenick,17.01,0.6019999999999405,0,1.345004269854825,10.240000000000002,507.4712017738446,-0.0177353330841808,0,0.4862948619215153,3.6293766011955593,1.4944491887275833,0.0,0.0335183603757472,0.1861656703672075,0.6458155422715628,0.0296754910333048,0.0155849701110162,0.0192143467122117,0.0698121263877028,0
09100408,Johannisthal Ost,09 - Treptow-Köpenick,13.66,0.6809999999999314,0,1.915301127899553,6.19,509.33650405467154,-0.2601222928942968,0,1.0,2.1281123643328366,1.7024898914662694,0.0,0.1715258565652266,0.4728665673547563,0.1481166205575654,0.0557565439455203,0.0691636518408172,0.0153224090231964,0.069802085550117,0
09100409,Landschaftspark Adlershof,09 - Treptow-Köpenick,11.0,1.019999999999815,0,1.053283767038414,3.62,672.8050010184222,0.2308941827741411,0,0.2281299548250132,3.717472118959108,1.858736059479554,0.0,0.0086741016109045,0.0489467162329615,0.0105328376703841,0.1201982651796778,0.1313506815365551,0.298636926889715,0.3798017348203222,0
09200510,Helmholtz-Kiez,09 - Treptow-Köpenick,14.0,1.0849999999998388,0,1.8476277372262773,5.619999999999999,739.1819536686093,-0.4844722792378087,0,0.2761529216927477,3.6496350364963503,1.3686131386861315,0.0,0.4215328467153285,0.1530565693430657,0.1453010948905109,0.0136861313868613,0.0650091240875912,0.0,0.2005018248175182,0
09200511,Griechischer Park,09 - Treptow-Köpenick,9.66,0.4509999999999164,0,1.113025043063469,1.7400000000000002,701.0681863591865,-0.5374629652140679,0,0.9275435159286128,6.360143103219823,5.5651252153173445,0.0,0.2842188949251358,0.3398701470783092,0.23638531866967,0.0,0.0597588445740029,0.0058301311779515,0.073274148668345,0
09200512,Wuhlheide,09 - Treptow-Köpenick,10.67,-0.4789999999999131,0,1.2693375644585485,1.4399999999999995,688.8224759080825,-0.5550159401941682,0,0.1399486625415829,1.190003966679889,1.190003966679889,0.0,0.2725109083696945,0.0479968266560888,0.2760809202697342,0.0035700119000396,0.0971836572788576,0.002776675922253,0.2986909956366521,0
09200613,Bahnhof Schöneweide,09 - Treptow-Köpenick,19.66,1.3939999999998072,0,1.5836230204712245,11.46,666.9131225464071,-0.194830829594773,0,0.3488931116177809,5.6006179992275005,4.828118964851294,0.0,0.3603707995365006,0.1037079953650058,0.2070297412128234,0.0036693704132869,0.0762842796446504,0.0,0.2468134414831981,0
09200614,Oberspree,09 - Treptow-Köpenick,17.26,0.366000000000041,0,1.8388318009734992,11.36,444.8449039117921,-0.0914459369326205,0,0.4463026656471022,1.081665765278529,0.5408328826392645,0.0,0.0016224986479177,0.2623039480800432,0.5516495402920497,0.1400757166035695,0.0394808004326663,0.0032449972958355,0.0,0
09200715,Wista,09 - Treptow-Köpenick,15.42,1.1519999999997752,0,1.095100864553314,5.1,792.2374641500463,-0.3412816991386621,0,0.1147912582297333,7.492795389048991,7.492795389048991,0.0,0.0380403458213256,0.001729106628242,0.0121037463976945,0.0040345821325648,0.0299711815561959,0.0,0.9152737752161384,0
09200716,Dörpfeldstraße West,09 - Treptow-Köpenick,14.24,1.2199999999998337,0,1.5496595444940129,6.61,484.045610237374,-0.3412230710096525,0,1.0,3.052359708851843,1.8783752054472882,0.0,0.2362056820849964,0.4160601080065743,0.1920638647569852,0.0084526884245127,0.0784221648274242,0.0044611411129373,0.0645691476872505,0
09200717,Dörpfeldstraße Ost,09 - Treptow-Köpenick,13.2,0.7609999999998924,0,1.6451441712365116,5.629999999999999,456.3120716560797,-0.2820171644762496,0,0.6292564554449024,3.007252786131258,2.1227666725632406,0.0,0.2244825756235627,0.2427029895630638,0.273836900760658,0.0199893861666371,0.1500088448611357,0.0284804528568901,0.0606757473907659,0
09200818,Spindlersfeld,09 - Treptow-Köpenick,20.0,1.1499999999998851,0,1.3966480446927374,12.63,653.7468938935202,-0.156337294152708,0,0.8015723946622298,1.86219739292365,1.3966480446927374,0.0,0.2830540037243947,0.1205772811918063,0.3831471135940409,0.0144320297951582,0.0297951582867784,0.0032588454376163,0.1638733705772811,0
09200819,Köllnische Vorstadt,09 - Treptow-Köpenick,11.05,0.5529999999998969,0,1.6760992599042228,4.050000000000001,586.7113898417654,-0.2682367392309043,0,0.4453471914500512,2.1767522855898997,0.8707009142359599,0.0,0.1284283848498041,0.0770570309098824,0.2189812799303439,0.3415324336090553,0.1062255115367871,0.0106660861993905,0.1158032215933826,0
09300920,Dorf Altglienicke,09 - Treptow-Köpenick,17.67,2.4749999999995853,0,1.9422762751860592,9.45,489.6335701952379,0.0522699775045677,0,0.7933120055650573,3.267380649845707,2.7228172082047557,0.0,0.0771464875658014,0.1613722998729352,0.0600834997277182,0.0530041749863859,0.342167362497731,0.0795062624795788,0.2270829551642766,0
09300921,Preußen Siedlung,09 - Treptow-Köpenick,12.08,0.7379999999997998,1,2.4539877300613497,3.1999999999999997,489.689649133158,0.0645678527997489,0,0.7876739010388444,1.5337423312883436,1.5337423312883436,0.0,0.1081288343558282,0.2783742331288343,0.0682515337423312,0.0506134969325153,0.2116564417177914,0.0989263803680981,0.1809815950920245,0
09300922,Kosmos Viertel,09 - Treptow-Köpenick,6.7,0.0800000000000019,1,1.8076178179470628,1.0499999999999998,499.98569699101546,-0.1821933893829299,0,0.9971061723548956,0.32278889606197547,0.32278889606197547,0.0,0.0,0.0,0.0,0.4748224661071659,0.4845061329890252,0.0,0.0403486120077469,0
09300923,Kölner Viertel,09 - Treptow-Köpenick,9.95,0.6489999999998849,0,0.9507829977628636,2.77,495.096691262508,-0.0384212351502295,0,0.929705688154817,1.1185682326621924,0.5592841163310962,0.0,0.0055928411633109,0.0559284116331096,0.0254474272930648,0.0422259507829977,0.7757270693512305,0.0623601789709172,0.0338366890380313,0
09301024,Falkenberg,09 - Treptow-Köpenick,15.5,0.8539999999998464,1,4.591104734576758,5.98,442.62951735523336,0.0634284538711659,0,0.8415047114782717,2.152080344332855,1.4347202295552368,0.0,0.1305595408895265,0.0817790530846484,0.0781922525107604,0.0150645624103299,0.127690100430416,0.1025824964131994,0.4648493543758967,0
09301025,Alt-Bohnsdorf,09 - Treptow-Köpenick,13.06,0.3009999999998729,0,2.255786582973715,5.94,414.811028966932,0.1340752907905199,0,0.6801385070151256,4.511573165947431,1.9615535504119261,0.0,0.0608081600627697,0.3087485288348371,0.1035700274617497,0.1174970576696743,0.2308748528834837,0.1041584935268732,0.0731659474303648,0
09301126,Grünau,09 - Treptow-Köpenick,18.55,1.1809999999998115,0,1.606805293005671,10.53,698.9495662269522,-0.2928388317869962,0,0.1555284776434507,4.489603024574669,3.544423440453686,0.0,0.1784026465028355,0.1089319470699432,0.3003308128544423,0.0427693761814744,0.150992438563327,0.0198487712665406,0.1989603024574669,0
09301227,Karolinenhof,09 - Treptow-Köpenick,15.0,1.037999999999856,1,2.5612472160356345,6.970000000000001,430.0,0.1236139559671766,0,0.3578947945828624,4.4543429844097995,3.34075723830735,0.0,0.0278396436525612,0.3418708240534521,0.086859688195991,0.0935412026726058,0.3151447661469933,0.066815144766147,0.0712694877505567,0
09301228,Schmöckwitz/Rauchfangswerder,09 - Treptow-Köpenick,16.85,1.3039999999997822,1,6.333072713057075,8.670000000000002,341.4861590413159,0.1022122874580295,0,0.0992736499730432,20.32838154808444,17.982799061767004,0.0,0.107896794370602,0.2681782642689601,0.0789679437060203,0.0351837372947615,0.2634870992963252,0.1118060985144644,0.1383893666927287,0
09401329,Kietzer Feld/Nachtheide,09 - Treptow-Köpenick,16.07,1.9909999999996768,0,1.0171215460247498,9.41,592.8102180393996,-0.0396501571629358,0,0.1348571220574247,1.525682319037125,1.0171215460247498,0.0,0.0140701813866757,0.1785048313273436,0.4446516358704865,0.0608577725038142,0.1627394473639599,0.0513646380742498,0.0874724529581285,0
09401330,Wendenschloß,09 - Treptow-Köpenick,14.11,0.8719999999998533,0,2.3178807947019866,5.479999999999999,750.0,0.0,0,0.5521142010357631,3.3112582781456954,3.3112582781456954,0.0,0.1445916114790287,0.2737306843267108,0.0949227373068432,0.0463576158940397,0.2958057395143488,0.0717439293598234,0.0673289183222958,0
09401431,Allende I,09 - Treptow-Köpenick,14.0,1.8859999999996888,0,0.9539473684210528,7.61,548.5826726665151,-0.2282508422540181,0,0.9367294038011068,0.0,0.0,0.0,0.0108552631578947,0.0197368421052631,0.7404605263157895,0.0309210526315789,0.0835526315789473,0.0052631578947368,0.1101973684210526,0
09401432,Siedlung Kämmereiheide,09 - Treptow-Köpenick,10.67,0.4479999999999214,1,2.989130434782609,2.5500000000000007,492.325805278107,-0.0723924885502656,0,0.4062127917304072,5.434782608695652,2.717391304347826,0.0,0.0,0.1195652173913043,0.3559782608695652,0.0326086956521739,0.422554347826087,0.0217391304347826,0.0339673913043478,0
09401433,Allende II,09 - Treptow-Köpenick,7.02,0.312999999999945,0,1.019974500637484,1.13,500.0,-0.1823981634095266,0,0.160806035812196,0.8499787505312367,0.8499787505312367,0.0,0.0,0.0,0.1338716532086697,0.856353591160221,0.0,0.0059498512537186,0.0029749256268593,0
09401534,Altstadt Köpenick,09 - Treptow-Köpenick,9.14,-0.0989999999999767,0,1.7280813214739517,2.0200000000000005,955.5928721662012,-0.2998981599243985,0,0.7444831020182349,2.2871664548919948,1.7789072426937738,0.0,0.2513341804320203,0.0752223634053367,0.0246505717916137,0.4271918678526048,0.1252858958068615,0.0121982210927573,0.0853875476493011,0
09401635,Müggelheim,09 - Treptow-Köpenick,14.92,0.4469999999999337,0,2.15625,6.119999999999999,380.0,0.1410785982599056,0,0.1270815274142648,7.5,6.5625,0.0,0.015625,0.1978125,0.0996875,0.06,0.3740625,0.1334375,0.12,0
09501736,Hirschgarten,09 - Treptow-Köpenick,9.2,0.5529999999999382,0,1.5541922290388548,2.579999999999999,602.4155060252788,-0.0638892277557638,0,0.3612462990906279,6.134969325153374,2.4539877300613497,0.0,0.10920245398773,0.2646216768916155,0.4777096114519427,0.014723926380368,0.0429447852760736,0.0175869120654396,0.0740286298568507,0
09501737,Alt-Friedrichshagen,09 - Treptow-Köpenick,10.2,0.1730000000000348,0,1.5239862178637689,3.0699999999999994,659.3492445498841,-0.0534324324352265,0,0.2621245761941094,3.0479724357275377,2.5178902729923136,0.0,0.2861118473363371,0.116087993639014,0.4219454015372382,0.0056983832494036,0.0731513384574609,0.0315398886827458,0.0659952292605353,0
09501838,Rahnsdorf,09 - Treptow-Köpenick,14.84,0.296999999999986,0,2.0199916701374425,5.43,469.8085802092669,0.1367390731944671,0,0.1916477818100965,6.663890045814244,6.663890045814244,0.0,0.1286963765097876,0.2584339858392336,0.0605997501041232,0.0560183256976259,0.1963765097875885,0.1289046230737192,0.1709704289879217,0
09501939,Bahnhofstraße,09 - Treptow-Köpenick,17.38,1.2579999999998672,0,3.654850233580654,9.43,712.0994329730936,-0.5955845389813536,0,0.9051335350920402,2.4732069249793898,1.9236053860950812,0.0,0.2124209947787853,0.3055784556196757,0.0596317669689475,0.0129156361637812,0.1393239901071723,0.0186864523220665,0.2522671063478978,0
09501940,Güterbahnhof Köpenick,09 - Treptow-Köpenick,13.77,0.8699999999998776,0,3.1755542240862797,6.71,685.6604819677376,-0.6309598535235397,0,0.7656354427089255,2.396644697423607,2.396644697423607,0.0,0.3493109646494907,0.3499101258238466,0.1599760335530257,0.0437387657279808,0.0125823846614739,0.0227681246255242,0.0581186339125224,0
09501941,Friedrichshagener Straße,09 - Treptow-Köpenick,17.13,0.8079999999998811,0,0.5341246290801187,8.659999999999998,672.4947612353069,-0.5173096368141316,0,0.9468220810345412,0.5934718100890207,0.0,0.0,0.1275964391691394,0.0830860534124629,0.1667655786350148,0.0658753709198813,0.3359050445103858,0.001780415430267,0.2178041543026706,0
09502042,Mittelheide,09 - Treptow-Köpenick,15.81,0.8709999999998971,0,3.0603804797353185,6.32,535.5367424869681,-0.0649876728596764,0,0.2612378055329172,1.6542597187758479,1.2406947890818858,0.0,0.064929693961952,0.6153846153846154,0.0909842845326716,0.0239867659222497,0.1062861869313482,0.0281224152191894,0.0703060380479735,0
09502043,Dammheide,09 - Treptow-Köpenick,13.79,0.8409999999998781,0,0.779532280631621,6.999999999999999,544.1350274253226,-0.0919992679384663,0,0.3855265890501885,2.3985608634819107,1.3991605036977814,0.0,0.0463721766939836,0.2440535678592844,0.4683190085948431,0.0345792524485308,0.1077353587847291,0.0575654607235658,0.042374575254847,0
10100101,Marzahn West,10 - Marzahn-Hellersdorf,6.88,0.2809999999999512,0,1.1303191489361704,1.1399999999999997,473.8984086940738,-0.1448633874071389,0,0.5962830454250868,0.0,0.0,0.0,0.0009973404255319,0.0166223404255319,0.0029920212765957,0.9481382978723404,0.0136303191489361,0.0113031914893617,0.0049867021276595,0
10100102,Rosenbecker Straße,10 - Marzahn-Hellersdorf,12.65,0.2049999999999594,0,1.060070671378092,6.21,499.99356846655024,-0.1821082542675675,0,0.9482487770561304,0.5047955577990914,0.0,0.0,0.0,0.0,0.0,0.9192327107521454,0.0100959111559818,0.0045431600201918,0.0676426047450782,0
10100103,Wittenberger Straße,10 - Marzahn-Hellersdorf,8.26,0.3619999999999237,0,0.5612244897959183,2.53,500.0,-0.1823215567939548,0,0.6785493426036175,0.0,0.0,0.0,0.0,0.0,0.0,0.9283163265306122,0.0288265306122448,0.0,0.0426020408163265,0
10100104,Golliner Straße,10 - Marzahn-Hellersdorf,7.77,0.3619999999999604,0,1.3308977035490606,1.8199999999999996,500.0,-0.1823215567939544,0,0.548622974494144,0.0,0.0,0.0,0.0,0.0,0.0,0.9895615866388308,0.0106993736951983,0.0,0.0,0
10100205,Gewerbegebiet Bitterfelder Straße,10 - Marzahn-Hellersdorf,,,1,,,,,0,,0.0,0.0,1.0,0.3,0.3,0.0,0.3,0.0,0.0,0.6,4
10100206,Wuhletalstraße,10 - Marzahn-Hellersdorf,14.01,1.4029999999996643,0,1.9395811877789224,8.16,500.0,-0.1823215567939547,0,0.8782065103062789,0.8582217645039478,0.0,0.0,0.0,0.0,0.0,0.961723309303124,0.0235152763474081,0.0,0.0144181256436663,0
10100207,Ahrensfelder Berge,10 - Marzahn-Hellersdorf,7.33,0.2159999999999468,0,0.8742714404662781,1.9400000000000004,500.0,-0.1823215567939546,0,0.4982650333422673,0.20815986677768528,0.0,0.0,0.0,0.0,0.0,0.990632805995004,0.0029142381348875,0.0,0.0062447960033305,0
10100208,Bürgerpark,10 - Marzahn-Hellersdorf,8.26,0.257999999999954,0,1.1904761904761905,1.8999999999999997,500.0,-0.1823215567939546,0,0.955695580197595,0.0,0.0,0.0,0.0022108843537414,0.0,0.1039115646258503,0.7937074829931973,0.0414965986394557,0.0,0.0574829931972789,0
10100209,Lea-Grundig-Straße,10 - Marzahn-Hellersdorf,11.7,0.8019999999999229,0,2.012922465208748,5.68,463.4034572328648,-0.1282439621385947,0,0.9108128086152812,0.24850894632206758,0.24850894632206758,0.0,0.0,0.0126739562624254,0.0047216699801192,0.9490556660039762,0.0176441351888668,0.0121769383697813,0.0034791252485089,0
10100210,Marzahner Promenade,10 - Marzahn-Hellersdorf,6.86,0.1719999999999746,0,1.099845334249871,1.0900000000000007,499.9998543531586,-0.1823213627667236,0,0.5362193906707173,0.17185083347654237,0.17185083347654237,0.0,0.0,0.0,0.0,0.9941570716617976,0.0,0.0,0.0051555250042962,0
10100311,Marzahner Chaussee,10 - Marzahn-Hellersdorf,22.5,5.04699999999914,1,1.873327386262266,15.09,557.8254239067975,0.046442015532026,0,0.1678606217083507,6.244424620874219,4.460303300624442,0.0,0.0071364852809991,0.1953612845673505,0.247992863514719,0.264049955396967,0.119536128456735,0.055307760927743,0.1141837644959857,0
10100312,Springpfuhl,10 - Marzahn-Hellersdorf,7.34,0.0839999999999716,0,1.753155680224404,1.2999999999999998,500.0300897355239,-0.1821729635144708,0,0.8190556773971579,0.1168770453482936,0.1168770453482936,0.0,0.0,0.0,0.5199859747545582,0.453833567087424,0.005610098176718,0.0,0.0205703599812996,0
10100313,Alt-Marzahn,10 - Marzahn-Hellersdorf,8.26,0.0619999999999765,0,1.0224144710971292,1.54,456.0022747609073,-0.0101925544482929,0,0.8788890189878178,3.539127015336217,2.359418010224145,0.0,0.0114038537160833,0.0436492331891466,0.3075108139992135,0.3955957530475816,0.1128588281557215,0.0971293747542273,0.0338183248132127,0
10100314,Auersbergstraße,10 - Marzahn-Hellersdorf,6.88,0.0479999999999969,0,1.8433179723502304,1.6399999999999997,506.0480146349808,-0.1351116745064093,0,1.0,0.2880184331797235,0.2880184331797235,0.0,0.0,0.0040322580645161,0.0043202764976958,0.9006336405529954,0.0682603686635944,0.0043202764976958,0.0178571428571428,0
10100315,Bärenstein,10 - Marzahn-Hellersdorf,15.0,2.6769999999995044,0,2.5561580170410534,9.5,500.86058449236606,-0.1325686254256844,0,0.9133599828244822,0.0,0.0,0.0,0.0,0.00284017557449,0.1275497030725536,0.7838884585592564,0.0077459333849728,0.008262328943971,0.0707461915827523,0
10100316,Landsberger Tor,10 - Marzahn-Hellersdorf,10.52,0.7179999999998863,0,0.778642936596218,3.39,591.0770739949639,-0.2179277572018417,0,0.1832180718762638,0.5561735261401557,0.5561735261401557,0.0,0.0,0.0,0.0,0.0812013348164627,0.7241379310344828,0.0016685205784204,0.1941045606229143,0
10200417,Zossener Straße,10 - Marzahn-Hellersdorf,13.0,0.9729999999998946,0,0.7503001200480192,6.88,492.8549860415722,-0.1774774452701289,0,0.995233547415364,0.0,0.0,0.0,0.0,0.0,0.3643457382953181,0.5624249699879952,0.0,0.0,0.0729291716686674,0
10200418,Kyritzer Straße,10 - Marzahn-Hellersdorf,14.91,1.4859999999997848,0,3.189749182115594,8.16,500.0,-0.1823215567939547,0,0.9272372476845188,0.8178844056706652,0.8178844056706652,0.0,0.0027262813522355,0.0,0.025081788440567,0.833969465648855,0.0408942202835332,0.0,0.0978735005452562,0
10200419,Havelländer Ring,10 - Marzahn-Hellersdorf,14.11,0.8489999999998761,0,4.439252336448598,6.459999999999999,500.0,-0.1823215567939546,0,0.9999999999999996,0.4672897196261682,0.0,0.0,0.0,0.0,0.0,0.8289719626168224,0.0,0.0,0.1705607476635514,0
10200420,Gut Hellersdorf,10 - Marzahn-Hellersdorf,14.92,1.323999999999967,1,1.7484342379958244,8.8,500.0,-0.1823215567939546,0,0.9375537597974504,0.2609603340292275,0.2609603340292275,0.0,0.005741127348643,0.0067849686847599,0.0433194154488517,0.9237995824634656,0.0049582463465553,0.0,0.0156576200417536,0
10200421,Helle Mitte,10 - Marzahn-Hellersdorf,12.59,0.720999999999901,0,5.490654205607477,4.5600000000000005,500.0,-0.1823215567939546,0,0.1549690586174974,3.5046728971962615,0.0,0.0,0.0046728971962616,0.0,0.0,0.0128504672897196,0.9789719626168224,0.0,0.0,0
10200422,Hellersdorfer Promenade,10 - Marzahn-Hellersdorf,11.59,0.7309999999999232,0,1.3259327782917052,5.03,500.0,-0.1823215567939546,0,0.9664201238546948,0.0,0.0,0.0,0.0,0.0,0.0,0.8609312365094048,0.0009250693802035,0.0,0.1381436941103916,0
10200423,Böhlener Straße,10 - Marzahn-Hellersdorf,15.83,2.163000000000153,0,1.1494252873563218,9.32,500.0,-0.1823215567939546,0,0.998770030707515,0.7927070947284979,0.7927070947284979,0.0,0.0,0.0,0.0,0.9346016646848988,0.0,0.0,0.0657946888624653,0
10200524,Adele-Sandrock-Straße,10 - Marzahn-Hellersdorf,13.46,1.414999999999781,0,1.303538175046555,6.960000000000001,499.9992845572339,-0.1823191122907721,0,0.9999655876840584,0.0,0.0,0.0,0.0,0.0,0.0,0.7223632977822922,0.0983578804807855,0.0,0.1794481124090062,0
10200525,Schleipfuhl,10 - Marzahn-Hellersdorf,6.77,0.0099999999999969,1,0.902314633189486,1.1099999999999994,499.9913883627779,-0.1742754317699434,0,1.0,0.0,0.0,0.0,0.0,0.0,0.0,0.7901137701059239,0.2036092585327579,0.0062769713613181,0.0015692428403295,0
10200526,Boulevard Kastanienallee,10 - Marzahn-Hellersdorf,9.26,0.2594285714285429,1,0.5012531328320802,2.8999999999999995,500.0,-0.1721054775600571,0,0.999999999999994,0.35803795202291444,0.0,0.0,0.0010741138560687,0.0,0.0,0.8950948800572861,0.0769781596849266,0.0,0.0268528464017185,0
10200627,Am Kienberg,10 - Marzahn-Hellersdorf,6.9,0.1440000000000117,1,0.6525285481239804,1.3100000000000005,497.9554671114189,-0.1744208732241752,0,0.8134369084090486,0.0,0.0,0.0,0.0027188689505165,0.0027188689505165,0.0,0.9276780859162588,0.0152256661228928,0.0201196302338227,0.0331702011963023,0
10200628,Neue Grottkauer Straße,10 - Marzahn-Hellersdorf,6.88,0.4599999999997938,1,2.255639097744361,1.2299999999999995,500.0,-0.1814394460364893,0,0.9999999999999892,0.3007518796992481,0.0,0.0,0.0,0.0,0.0,0.9867669172932332,0.0,0.0,0.0123308270676691,0
10200629,Teterower Ring,10 - Marzahn-Hellersdorf,16.5,2.156999999999744,0,0.864260294865277,10.61,495.1642849411444,-0.1591989419245493,0,0.8740110446825899,0.5083884087442806,0.5083884087442806,0.0,0.0,0.0010167768174885,0.0,0.8833248601931876,0.005592272496187,0.0027961362480935,0.1082867310625317,0
10200630,Cecilienplatz,10 - Marzahn-Hellersdorf,6.8,-0.8090000000003753,0,0.9098428453267164,1.13,500.00000000000006,-0.1768373128088923,0,1.0,0.0,0.0,0.0,0.0,0.0,0.0,0.9823545629997242,0.0110283981251723,0.0,0.006341328921974,0
10300731,Oberfeldstraße,10 - Marzahn-Hellersdorf,13.84,0.730999999999947,1,1.962757926522396,5.49,556.0642856139315,0.0802713837492807,0,0.8759401839732674,1.509813789632612,1.0065425264217414,0.0,0.0528434826371414,0.2682435832913941,0.229491696024157,0.0910920986411675,0.2058379466532461,0.0790135883241067,0.0732259687971816,0
10300732,Buckower Ring,10 - Marzahn-Hellersdorf,10.53,0.360999999999963,0,1.0894941634241244,3.379999999999999,460.2202788085124,0.0131717261203044,0,0.4512515868901554,1.0376134889753568,0.5188067444876784,0.0,0.0067444876783398,0.0417639429312581,0.0438391699092088,0.5753566796368352,0.159533073929961,0.0274967574578469,0.1468223086900129,0
10300733,Alt-Biesdorf,10 - Marzahn-Hellersdorf,14.0,0.7849999999999784,1,1.9494904740806376,5.039999999999999,508.6160808799352,0.1225755556070559,0,0.4827002085153104,2.215330084182543,0.0,0.0,0.0194949047408063,0.128932210899424,0.1369073992024811,0.028799291094373,0.0824102791315906,0.1320336730172795,0.4736375719982277,0
10300734,Biesdorf Süd,10 - Marzahn-Hellersdorf,17.65,1.2719999999997855,0,0.964630225080386,8.11,545.0024129565139,0.1127764688840291,0,0.7080126731215927,4.134129536058796,2.9857602204869087,0.0,0.0231970601745521,0.157556270096463,0.0702802021129995,0.0459347726228755,0.3031694993109784,0.214745062011943,0.1851171336701883,0
10400835,Kaulsdorf Nord,10 - Marzahn-Hellersdorf,14.0,1.716999999999734,0,1.2441249654409732,6.9,499.9736670521122,0.0832278669873153,0,1.0,1.3823610727121924,0.8294166436273154,0.0,0.0309648880287531,0.2062482720486591,0.0497649986176389,0.2181365772739839,0.3184959911528891,0.0987005805916505,0.0771357478573403,0
10400836,Alt-Kaulsdorf,10 - Marzahn-Hellersdorf,15.96,1.3499999999998409,1,1.5881418740074114,8.3,505.2913833927118,0.0938961868636206,0,0.8521984348511042,1.0587612493382743,0.5293806246691372,0.0,0.1678136580201164,0.2747485442032821,0.0645844362096347,0.1572260455267337,0.189518263631551,0.0958178930651138,0.0492323980942297,0
10400837,Kaulsdorf Süd,10 - Marzahn-Hellersdorf,13.79,0.5809999999998663,0,1.2850467289719625,5.69,510.4777718570736,0.1031334075374339,0,0.6646071815354071,3.5046728971962615,2.920560747663551,0.0,0.0219042056074766,0.2269275700934579,0.0811915887850467,0.0899532710280373,0.3195093457943925,0.1556658878504672,0.1051401869158878,0
10400938,Mahlsdorf Nord,10 - Marzahn-Hellersdorf,13.9,0.3519999999999392,0,0.8374830239927569,5.120000000000001,480.0003849634572,0.0205667032080641,0,1.0,3.1688546853779993,1.810774105930285,0.0,0.0405160706201901,0.2419646899049343,0.0629244001810774,0.0373472159348121,0.314622000905387,0.1530104119511091,0.1511996378451788,0
10400939,Alt-Mahlsdorf,10 - Marzahn-Hellersdorf,14.85,0.7929999999998456,1,1.2505789717461788,6.109999999999999,480.00089165076656,0.01092760614137,0,1.0,2.7790643816581753,2.7790643816581753,0.0,0.1032885595182955,0.2269569245020843,0.0917091245947197,0.0407596109309865,0.2774432607688745,0.0870773506252894,0.1727651690597499,0
10400940,Elsensee,10 - Marzahn-Hellersdorf,14.35,1.2149999999998278,1,1.2620638455827766,5.629999999999999,500.71039915408994,0.0705669797221915,0,1.0,0.3711952487008166,0.3711952487008166,0.0,0.046399406087602,0.2156644394951744,0.1035634743875278,0.0538233110616184,0.3043801039346696,0.1655530809205642,0.1109873793615441,0
10400941,Pilgramer Straße,10 - Marzahn-Hellersdorf,14.43,0.9499999999998674,0,1.2749188687992583,6.129999999999999,505.0,0.0681906749768428,0,1.0,1.3908205841446453,1.1590171534538711,0.0,0.0602688919796013,0.1824292999536393,0.0857672693555864,0.057487250811312,0.3064441353732035,0.1699119146963375,0.1388502549837737,0
11100101,Dörfer Malchow-Wartenberg,11 - Lichtenberg,10.38,0.5979999999998978,1,1.8543956043956045,3.280000000000001,399.08849139593815,0.0685358444458359,0,0.1488940085975922,2.0604395604395607,2.0604395604395607,0.0,0.0652472527472527,0.1572802197802197,0.1778846153846154,0.0494505494505494,0.2541208791208791,0.1353021978021978,0.1572802197802197,0
11100102,Dorf Falkenberg,11 - Lichtenberg,16.8,1.4099999999998296,0,1.399825021872266,8.33,401.8869273481106,0.0861445183586363,0,0.2239698122305969,2.6246719160104988,2.6246719160104988,0.0,0.0218722659667541,0.0454943132108486,0.0883639545056867,0.0288713910761154,0.0804899387576553,0.1916010498687664,0.5415573053368329,0
11100203,Falkenberg Ost,11 - Lichtenberg,6.58,-0.1209999999999781,0,0.9851088201603664,0.5,499.9914691392348,-0.1823075968679935,0,0.5227978132881075,0.0,0.0,0.0,0.0,0.0,0.0,0.9873997709049256,0.0,0.0,0.0132875143184421,0
11100204,Falkenberg West,11 - Lichtenberg,7.59,0.4059999999999419,0,0.8747949699289228,1.81,500.0,-0.1823215567939546,0,0.5643960358991649,0.0,0.0,0.0,0.0,0.0,0.0,1.0,0.0,0.0,0.0,0
11100205,Wartenberg Süd,11 - Lichtenberg,7.56,0.433999999999935,0,0.4047322540473225,1.59,498.05929046554496,-0.1799947091328549,0,0.8435085041630148,0.6226650062266501,0.6226650062266501,0.0,0.0,0.0015566625155666,0.0024906600249066,0.962640099626401,0.0261519302615193,0.0,0.0077833125778331,0
11100206,Wartenberg Nord,11 - Lichtenberg,7.78,0.3579999999999227,0,0.8588298443370908,1.7300000000000004,494.41022829078713,-0.1662801416887238,0,0.941058258641141,0.2683843263553409,0.2683843263553409,0.0,0.0,0.0,0.0,0.971551261406334,0.000805152979066,0.0064412238325281,0.0201288244766505,0
11100307,Zingster Straße Ost,11 - Lichtenberg,10.47,0.96099999999987,0,1.1551419862024708,4.590000000000001,500.00000000000006,-0.1823215567939544,0,0.999058180189245,0.32087277394513075,0.32087277394513075,0.0,0.0,0.0,0.0,0.9996791272260548,0.0,0.0,0.0,0
11100308,Zingster Straße West,11 - Lichtenberg,7.56,0.4059999999999384,0,1.5517580043213517,1.5699999999999994,491.1479693959298,-0.1699569271764145,0,0.6757450418796804,0.0,0.0,0.0,0.0,0.0117855038302887,0.0033392260852484,0.9795717933608328,0.0045177764682773,0.0005892751915144,0.0005892751915144,0
11100309,Mühlengrund,11 - Lichtenberg,14.5,1.9099999999996624,0,3.532136653155762,8.5,500.0,-0.1823215567939546,0,0.8801330480394649,0.0,0.0,0.0,0.0,0.0,0.0,0.8601621308627678,0.0,0.0,0.1407064273306311,0
11200410,Malchower Weg,11 - Lichtenberg,10.99,1.182999999999803,0,7.681536307261452,2.4700000000000006,594.6361851514772,0.0222518928111978,0,0.8019154500324268,2.4004800960192036,1.4002800560112023,0.0,0.0058011602320464,0.1808361672334467,0.4050810162032406,0.0908181636327265,0.1746349269853971,0.0352070414082816,0.1064212842568513,0
11200411,Hauptstraße,11 - Lichtenberg,14.55,1.9849999999996664,0,1.0762331838565022,8.0,673.8314058929822,-0.2988458887991825,0,0.2671644092962636,0.0,0.0,0.0,0.0194319880418535,0.1437967115097159,0.0768310911808669,0.5698056801195814,0.0866965620328849,0.0233183856502242,0.0801195814648729,0
11200512,Orankesee,11 - Lichtenberg,17.67,2.072999999999752,1,3.077889447236181,9.240000000000002,895.3797762959431,0.0132652712281482,0,0.4158934039045543,7.537688442211055,7.537688442211055,0.0,0.1978643216080402,0.207286432160804,0.246859296482412,0.0138190954773869,0.2418341708542713,0.0709798994974874,0.0213567839195979,0
11200513,Große-Leege-Straße,11 - Lichtenberg,15.0,1.3809999999998022,0,1.438474870017331,7.35,909.091894029814,-0.3804074304281459,0,0.8621964265810752,1.3864818024263432,1.0398613518197573,0.0,0.0746967071057192,0.3880415944540727,0.2097053726169844,0.0318890814558058,0.1133448873483535,0.0362218370883882,0.1462738301559792,0
11200514,Landsberger Allee,11 - Lichtenberg,13.61,0.8899999999998949,0,1.2513156355981758,6.43,603.6373253475816,-0.2879627989447761,0,0.8478201323960158,0.1169453865045024,0.1169453865045024,0.0,0.000467781546018,0.049584843877909,0.5512805519822243,0.2030171909718161,0.1384633376213308,0.000935563092036,0.0566015670681791,0
11200515,Weiße Taube,11 - Lichtenberg,16.0,1.1999999999998103,0,1.0905125408942202,8.16,608.2355627527644,-0.0638037198557467,0,0.7845732728929015,1.0905125408942202,0.5452562704471101,0.0,0.0109051254089422,0.2142857142857142,0.1401308615049073,0.1608505997818975,0.2688113413304253,0.0354416575790621,0.1679389312977099,0
11300616,Hohenschönhauser Straße,11 - Lichtenberg,8.19,0.3989999999997766,1,0.7880664227413453,,600.016326871269,-0.2876843773790237,0,0.6451122990560533,1.4072614691809737,0.5629045876723895,0.0,0.0,0.0,0.9425837320574164,0.0,0.0565719110610751,0.0,0.0,1
11300617,Fennpfuhlpark,11 - Lichtenberg,7.56,0.205999999999958,0,0.9818731117824772,1.2799999999999994,799.6524762720483,-0.2232345292739772,0,0.999999999999868,1.5105740181268883,0.3776435045317221,0.0,0.0,0.0,0.5736404833836858,0.3697129909365559,0.0249244712990936,0.0,0.0317220543806646,0
11300618,Storkower Bogen,11 - Lichtenberg,8.76,0.2939999999999035,1,1.0869565217391304,0.96,733.8665427106743,-0.2758503749682405,0,0.9401726601722418,1.3043478260869565,0.0,0.0,0.088695652173913,0.2021739130434782,0.5534782608695652,0.0795652173913043,0.0060869565217391,0.0,0.0717391304347826,0
11300619,Rudolf-Seiffert-Park,11 - Lichtenberg,8.48,0.1340000000000336,1,0.8669987087253275,1.8200000000000005,799.9999999999999,-0.2231435513142098,0,1.0,1.1068068622025455,0.9223390518354547,0.0,0.0,0.0169710385537723,0.7939494558199595,0.0,0.0,0.042796532005165,0.1459140380003689,0
11300620,Fennpfuhl Ost,11 - Lichtenberg,7.56,0.3299999999999004,0,1.431683784624961,0.92,799.99999401273,-0.2231435528110272,0,0.9572965447003408,0.778089013383131,0.4668534080298786,0.0,0.0308123249299719,0.0096483037659508,0.8118580765639589,0.1170245876128229,0.0028011204481792,0.0,0.0283224400871459,0
11300721,Herzbergstraße,11 - Lichtenberg,16.4,0.4609999999996807,0,6.616481774960381,6.349999999999998,513.0194499289682,-0.1714156146638839,0,0.1323637558519114,4.3581616481774965,1.5847860538827259,0.0,0.044770206022187,0.0269413629160063,0.3363708399366085,0.3565768621236133,0.0,0.0,0.2385103011093502,0
11300722,Rathaus Lichtenberg,11 - Lichtenberg,12.41,1.304999999999797,0,1.7359284587059445,4.67,840.2045744632601,-0.2507462065158729,0,0.8590886677286886,3.156233561283535,0.8767315448009819,0.0,0.0934595826757846,0.3945291951604419,0.2560056110818867,0.0755742591618446,0.0087673154480098,0.0,0.1707873049272313,0
11300723,Bornitzstraße,11 - Lichtenberg,11.55,,1,1.30718954248366,,711.6632124286639,-0.0579971530750761,0,0.2893300817541252,2.1786492374727673,0.0,0.0,0.0108932461873638,0.0,0.0457516339869281,0.0,0.0,0.2244008714596949,0.6993464052287581,1
11300724,Roedeliusplatz,11 - Lichtenberg,11.07,0.5669999999999266,0,0.6218905472636816,2.640000000000001,939.2606793948972,-0.2877092725052808,0,0.7774227126200873,3.7313432835820897,2.0729684908789388,0.0,0.1811774461028192,0.3752072968490879,0.3138474295190713,0.087893864013267,0.005804311774461,0.0,0.0352404643449419,0
11300725,Nibelungenviertel,11 - Lichtenberg,15.0,1.02799999999986,0,1.3296011196641009,7.54,925.8301303399992,-0.2778551531905688,0,0.974551377366977,3.6738978306508048,2.7991602519244223,0.0,0.2200839748075577,0.300034989503149,0.2330300909727082,0.0346396081175647,0.0516095171448565,0.0066480055983205,0.1544786564030791,0
11300826,Frankfurter Allee Süd,11 - Lichtenberg,7.78,0.3219999999999923,0,1.0216663730843756,1.12,831.8831072896244,-0.226718494346356,0,0.4390360980203544,2.9945393693852385,1.9376431213669192,0.0,0.0063413774881099,0.005636779989431,0.8555575127708297,0.1287651928835652,0.0,0.0,0.0036991368680641,0
11400927,Victoriastadt,11 - Lichtenberg,13.5,1.0769999999997668,1,1.0828625235404896,5.19,1300.089190242588,-0.1429634439228167,0,0.7499581727079416,13.653483992467043,9.416195856873822,0.0,0.6779661016949152,0.0484934086629001,0.0291902071563088,0.0,0.1285310734463277,0.0108286252354048,0.1049905838041431,0
11400928,Nöldnerplatz,11 - Lichtenberg,15.5,0.7360000000000092,0,0.8600469116497262,8.36,694.7374524304274,-0.2539739941302105,0,0.3767602611986829,13.291634089132135,8.600469116497262,0.0,0.2306489444878811,0.0562939796716184,0.1853010164190774,0.1008600469116497,0.1743549648162627,0.0070367474589523,0.2431587177482408,0
11400929,Weitlingkiez,11 - Lichtenberg,14.58,1.7289999999996402,0,1.8673218673218677,6.9,1465.9986276172351,-0.2756626682949288,0,0.9999656442758365,5.503685503685503,2.85012285012285,0.0,0.2804914004914005,0.3965601965601966,0.2133660933660933,0.0127764127764127,0.022997542997543,0.0002948402948402,0.0735135135135135,0
11400930,Zachertstraße,11 - Lichtenberg,14.0,0.8959999999998847,0,0.9234828496042216,6.52,600.0,-0.3436804614088855,0,0.992066278584626,1.978891820580475,1.6490765171503958,0.0,0.0732189973614775,0.3255277044854881,0.4630606860158311,0.0089050131926121,0.0577176781002638,0.0046174142480211,0.0676121372031662,0
11400931,Massower Straße,11 - Lichtenberg,19.19,0.6249999999999107,0,0.9581442259203228,12.14,785.968846400178,-0.2212320948044333,0,1.0,2.017145738779627,1.5128593040847202,0.0,0.0774079677256681,0.0458900655572365,0.0337871911245587,0.7420574886535553,0.0340393343419062,0.0007564296520423,0.0663136661623802,0
11401032,Rosenfelder Ring,11 - Lichtenberg,16.23,1.2769999999998043,0,1.9916142557651992,8.46,703.7503734189439,-0.459604952326921,0,1.0,3.668763102725367,2.620545073375262,0.0,0.0893605870020964,0.1029874213836478,0.5374737945492662,0.125,0.0131027253668763,0.0157232704402515,0.1160901467505241,0
11401033,Gensinger Straße,11 - Lichtenberg,13.16,1.3289999999997868,0,0.7653812187224022,5.72,495.6211599437967,-0.2266789210785271,0,0.9706609263448248,3.532528701795702,1.766264350897851,0.0,0.0220783043862231,0.0209007948189579,0.0329702678834265,0.6941418899028554,0.1427730350309096,0.0,0.0874300853694436,0
11401034,Tierpark,11 - Lichtenberg,17.78,3.2819999999994467,0,1.4786418400876231,10.71,618.2567018813908,-0.1923905063278324,0,0.1519974913011726,2.190580503833516,1.6429353778751368,0.0,0.0301204819277108,0.1423877327491785,0.0175246440306681,0.7102957283680176,0.0273822562979189,0.0,0.0717415115005476,0
11401135,Dolgenseestraße,11 - Lichtenberg,9.21,0.71299999999988,0,1.06312292358804,2.530000000000001,600.0813971559729,-0.2231730970612971,0,0.9344767262464132,0.4983388704318936,0.16611295681063123,0.0,0.0011627906976744,0.0009966777408637,0.8131229235880398,0.0,0.0360465116279069,0.0,0.1480066445182724,0
11401136,Volkradstraße,11 - Lichtenberg,9.25,0.6929999999998772,0,1.0638297872340423,2.79,600.0,-0.2231435513142097,0,0.8961067839820797,1.9342359767891684,0.9671179883945842,0.0,0.0,0.0040618955512572,0.9063829787234042,0.0709864603481624,0.006963249516441,0.004448742746615,0.0052224371373307,0
11401137,Erieseering,11 - Lichtenberg,7.02,0.2579999999999672,0,1.1632825719120137,0.0299999999999993,641.4364748876933,-0.2075341682844287,0,0.8738620655119883,0.4230118443316413,0.4230118443316413,0.0,0.0059221658206429,0.012901861252115,0.7988578680203046,0.1032148900169204,0.0196700507614213,0.0088832487309644,0.0499153976311336,0
11501238,Rummelsburg,11 - Lichtenberg,18.0,2.258999999999634,0,0.3611971104231166,9.01,1607.1517921109132,-0.0520917002307904,0,0.2185095686150687,20.63983488132095,17.543859649122805,0.0,0.1176470588235294,0.1449948400412796,0.0128998968008255,0.0,0.2817337461300309,0.2234262125902992,0.2203302373581011,0
11501339,Karlshorst West,11 - Lichtenberg,12.28,1.0539999999998306,0,1.2912231722212528,4.339999999999999,714.99306045782,-0.4307736339454956,0,1.0,1.5704065608096318,1.0469377072064212,0.0,0.2167161053917292,0.1919385796545105,0.2373058803001221,0.1523294363985342,0.0246030361193509,0.0064561158611062,0.1704763566567789,0
11501340,Karlshorst Nord,11 - Lichtenberg,13.5,0.9439999999998364,0,1.8245341614906831,5.67,628.4499965524487,-0.0486179735876254,0,0.6091703714475724,3.299689440993789,2.329192546583851,0.0,0.1040372670807453,0.4305124223602484,0.1946816770186335,0.0114518633540372,0.076863354037267,0.0403726708074534,0.1418866459627329,0
11501341,Karlshorst Süd,11 - Lichtenberg,18.72,2.073999999999745,0,3.1847133757961785,8.54,578.8178911481974,-0.2723188255424447,0,0.9393853013363632,11.077263915812795,3.600110772639158,0.0,0.2999169205206314,0.2301301578510108,0.0559401827748546,0.0891719745222929,0.060648019939075,0.0852949321517585,0.1786208806424813,0
12100101,Letteplatz,12 - Reinickendorf,13.18,0.6399999999999192,0,1.9417475728155336,5.62,683.1441992024166,-0.3810541367427132,0,0.9239233477013196,2.696871628910464,1.6181229773462784,0.0,0.1783531103919453,0.3649766271125494,0.3074433656957929,0.0575332614167565,0.0690399137001078,0.0,0.0242718446601941,0
12100102,Hausotterplatz,12 - Reinickendorf,16.15,1.6269999999997586,0,1.9074675324675323,9.06,820.4155046520725,-0.1979610161241951,0,0.8226404981580663,1.4204545454545454,1.0146103896103895,0.0,0.2286931818181818,0.153612012987013,0.4620535714285714,0.0734577922077922,0.0742694805194805,0.0,0.0077110389610389,0
12100103,Breitkopfbecken,12 - Reinickendorf,12.34,0.9889999999998432,0,0.9699769053117784,5.28,650.0,-0.4307829160924544,0,0.9887779749928712,1.8475750577367205,0.9237875288683602,0.0,0.082217090069284,0.2371824480369515,0.5688221709006929,0.018013856812933,0.08729792147806,0.0,0.0062355658198614,0
12100204,Schäfersee,12 - Reinickendorf,14.84,2.098999999999656,0,3.607214428857716,7.27,607.9628568248219,-0.3591703509586241,0,0.83925983679933,4.809619238476953,2.6052104208416833,0.0,0.176753507014028,0.3829659318637274,0.4060120240480961,0.0234468937875751,0.0098196392785571,0.0,0.0012024048096192,0
12100205,Teichstraße,12 - Reinickendorf,11.73,0.8199999999998498,0,2.5966614352974746,3.9300000000000006,680.7203948786961,-0.3331824457496704,0,0.3765977719282156,1.8547581680696248,0.998715936652875,0.0,0.0684833785133399,0.3147381937508917,0.4732486802682266,0.0529319446426023,0.0263946354686831,0.0009987159366528,0.0624910828934227,0
12100206,Humboldtstraße,12 - Reinickendorf,10.85,0.5799999999998968,1,1.1649755730928222,4.369999999999999,630.8359325425643,-0.4112136430360359,0,0.5214141532131901,1.1273957158962795,0.37579857196542654,0.0,0.0161593385945133,0.4919203307027433,0.4411875234874107,0.0210447200300638,0.0281848928974069,0.0011273957158962,0.0,0
12200307,Reinickes Hof,12 - Reinickendorf,12.26,1.421999999999804,1,1.434159061277705,5.8,716.9668130618902,-0.1831716593410308,0,0.5795447341325879,1.303780964797914,1.303780964797914,0.0,0.0319426336375488,0.4869621903520209,0.4400260756192959,0.0162972620599739,0.0,0.0247718383311603,0.0,0
12200308,Meller Bogen,12 - Reinickendorf,11.18,0.6489999999997685,0,1.256198347107438,,531.9850504107227,-0.4859811896310582,0,1.0,1.6528925619834711,0.6611570247933884,0.0,0.0624793388429752,0.0446280991735537,0.8171900826446281,0.0482644628099173,0.0171900826446281,0.0049586776859504,0.004297520661157,1
12200309,Scharnweberstraße,12 - Reinickendorf,13.59,1.0459999999998515,0,2.137687258037368,6.65,637.5511286556392,-0.4501208033527816,0,1.0,1.3465746507322,1.178252819390675,0.0,0.158390843292375,0.3588621444201313,0.3253660999831678,0.0451102507995287,0.0358525500757448,0.0,0.0750715367783201,0
12200310,Klixstraße,12 - Reinickendorf,9.44,0.7459999999998699,0,2.108511185394703,2.68,525.5865045828012,-0.6432082148178768,0,1.0,1.7999485728979172,1.2856775520699408,0.0,0.1249678580611982,0.041398817176652,0.6235536127539213,0.0516842375932116,0.1470815119568012,0.0,0.0107996914373875,0
12200411,Schumacher-Quartier,12 - Reinickendorf,,,1,9.523809523809524,,370.6564871427858,-0.568809707323645,0,0.8445857803972978,11.904761904761903,0.0,0.0,0.0595238095238095,0.4464285714285714,0.4702380952380952,0.0,0.0,0.0,0.0357142857142857,2
12200412,Waldidyll/Flughafensee,12 - Reinickendorf,14.13,1.3519999999997978,0,1.662971175166297,6.19,554.040938666497,0.0385544285547242,0,0.1966112569538541,2.5868440502586845,1.4781966001478197,0.0,0.0787139689578714,0.4497413155949741,0.2468588322246858,0.0657797487065779,0.0384331116038433,0.0332594235033259,0.0905395417590539,0
12200413,Tegel Süd,12 - Reinickendorf,9.75,0.7789999999998627,0,1.5829318651066755,3.12,594.5516847207971,-0.3862359393135068,0,0.7448440284968673,0.22941041523285155,0.0,0.0,0.0454232622161046,0.1899518238128011,0.6554255563202569,0.0082587749483826,0.0984170681348933,0.0011470520761642,0.0013764624913971,0
12200414,TXL,12 - Reinickendorf,17.42,,1,1.444043321299639,,319.6180109414446,0.1601228570332789,0,0.9819631843612594,1.8050541516245489,1.8050541516245489,0.0,0.0324909747292418,0.427797833935018,0.4530685920577617,0.03971119133574,0.0252707581227436,0.0,0.0126353790613718,1
12200515,Alt-Tegel,12 - Reinickendorf,20.0,2.227999999999657,0,2.888086642599278,11.84,1184.7456716175016,-0.3425678741332725,0,0.3611997252681319,2.04049599748862,0.6278449223041909,0.0,0.4354104536179564,0.0687490189923089,0.2990111442473709,0.026369486736776,0.0959033118819651,0.016637890441061,0.0580756553131376,0
12400616,Konradshöhe/Tegelort,12 - Reinickendorf,16.71,1.0959999999998624,0,2.1403508771929824,8.340000000000002,650.0000579644359,0.1313360912371382,0,0.7105949259257484,0.7017543859649122,0.0,0.0,0.0845614035087719,0.16,0.3319298245614035,0.2298245614035087,0.107719298245614,0.0473684210526315,0.0396491228070175,0
12400617,Alt-Heiligensee,12 - Reinickendorf,13.73,1.0619999999998664,1,2.707275803722504,4.82,670.0,0.0615578929994333,0,0.4287335018482113,1.6920473773265652,1.353637901861252,0.0,0.0473773265651438,0.182741116751269,0.2615905245346869,0.1922165820642978,0.1641285956006768,0.0954314720812182,0.0565143824027072,0
12400618,Heiligensee Nord,12 - Reinickendorf,14.02,1.6599999999997168,1,1.5854374633000587,5.35,502.9148972653068,0.0750788479815598,0,0.3489170138905553,2.3487962419260127,1.7615971814445097,0.0,0.007046388725778,0.3546682325308279,0.2982971227246036,0.1180270111567821,0.095713446858485,0.0211391661773341,0.1068702290076335,0
12400619,Heiligensee,12 - Reinickendorf,14.89,1.4909999999997654,1,2.8443948689347462,6.290000000000001,669.6176985568551,0.0609971672948592,0,0.1165646843781347,1.1154489682097044,0.5577244841048522,0.0,0.0217512548800892,0.2261572783045175,0.3335192414947016,0.2038482989403234,0.1491912994980479,0.0312325711098717,0.0348577802565532,0
12400720,Frohnau West,12 - Reinickendorf,14.47,0.726999999999925,1,2.3002720751916894,5.98,749.9956521450831,3.2206571285183463e-06,0,0.987782871176216,1.4840465001236705,0.7420232500618352,0.0,0.0304229532525352,0.3138758347761563,0.3851100667820925,0.1535988127627999,0.0759337125896611,0.0215186742517932,0.0195399455849616,0
12400721,Frohnau Ost,12 - Reinickendorf,12.62,0.5289999999999089,1,2.713487629688747,4.52,685.1513980815771,0.0070296110004964,0,0.5309333360111659,2.128225591912743,1.3301409949454641,0.0,0.0452247938281457,0.3362596435222134,0.3115190210162277,0.1362064378824155,0.0784783187017823,0.0502793296089385,0.0428305400372439,0
12400722,Hermsdorf West,12 - Reinickendorf,13.31,0.7869999999999017,0,2.8308245338126263,4.16,658.3786015460572,0.0786832961382633,0,0.7145164372217248,1.1233430689732644,0.6740058413839587,0.0,0.1770388676701864,0.2257919568636261,0.2954392271399685,0.107391597393844,0.0930128061109862,0.0208941810829027,0.081554706807459,0
12400723,Hermsdorf Ost/Waldsee,12 - Reinickendorf,15.0,1.0689999999998208,0,2.581453634085213,6.539999999999999,660.0019743729029,0.0787789107156509,0,0.7769091733132679,1.0025062656641603,0.7518796992481204,0.0,0.1822055137844611,0.1922305764411027,0.3280701754385965,0.12531328320802,0.1012531328320802,0.0223057644110275,0.0471177944862155,0
12500824,Ziekowstraße/Freie Scholle,12 - Reinickendorf,10.78,0.81099999999989,0,1.5470189466365374,4.119999999999999,579.5277419845311,-0.1376068371837235,0,0.6931379463086984,0.6952894142186685,0.5214670606640014,0.0,0.0653572049365548,0.4853120111246306,0.4051799061359291,0.0170345906483573,0.018772814183904,0.0043455588388666,0.003650269424648,0
12500825,Borsigwalde,12 - Reinickendorf,15.47,1.7069999999997665,0,2.8703703703703702,8.11,570.5023700123995,-0.2713064577557348,0,0.4035024011718409,0.9259259259259259,0.0,0.0,0.1773148148148148,0.5023148148148148,0.2703703703703703,0.0127314814814814,0.0215277777777777,0.0122685185185185,0.0011574074074074,0
12500926,Wittenau Mitte,12 - Reinickendorf,12.77,0.7879999999998907,0,1.436077057793345,5.38,504.32168526665976,0.1959047174310163,0,1.0,0.3502626970227671,0.3502626970227671,0.0,0.0528896672504378,0.5667250437828372,0.201401050788091,0.0322241681260945,0.0311733800350262,0.0049036777583187,0.1099824868651488,0
12500927,Wittenau Nord,12 - Reinickendorf,12.92,-0.1309999999998838,0,1.6758074344911638,5.79,464.501080211181,0.0521104287811966,0,0.6012610871597391,0.9140767824497258,0.9140767824497258,0.0,0.0396099939061547,0.1429006703229738,0.4177330895795246,0.1291895185862279,0.1636197440585009,0.0091407678244972,0.0981109079829372,0
12500928,Waidmannslust,12 - Reinickendorf,15.0,1.2249999999998236,1,2.460592079969243,7.64,519.880217275813,0.0800432585105814,0,0.7136564131711871,1.9223375624759709,1.9223375624759709,0.0,0.2948865820838139,0.1910803537101115,0.3175701653210304,0.0857362552864283,0.0561322568242983,0.0153787004998077,0.0399846212995001,0
12500929,Lübars,12 - Reinickendorf,14.0,0.7459999999998725,1,1.7090069284064664,6.55,476.4979000459719,0.0750023210546386,0,0.3105523538776424,1.3856812933025404,0.9237875288683602,0.0,0.0466512702078521,0.277136258660508,0.2318706697459584,0.2073903002309468,0.1094688221709006,0.0443418013856812,0.0836027713625866,0
12500930,Wittenau Süd,12 - Reinickendorf,10.98,0.0860000000000475,0,1.5981248668229278,4.140000000000001,502.92955025825006,0.0550637741531499,0,0.9176763233333192,0.6392499467291711,0.21308331557639035,0.0,0.0347325804389516,0.3609631365864053,0.5422970381419134,0.0294054975495418,0.0294054975495418,0.0012784998934583,0.0012784998934583,0
12601031,Lübarser Straße,12 - Reinickendorf,16.13,3.019999999998713,1,1.4666666666666666,,474.10849579716586,-0.0899836849387866,0,0.5621345746770406,10.0,0.6666666666666666,0.0,0.0433333333333333,0.1313333333333333,0.606,0.104,0.0713333333333333,0.02,0.026,1
12601032,Rollbergesiedlung,12 - Reinickendorf,7.9,1.0029999999997783,0,2.217125382262997,1.8100000000000005,537.2600130121052,-0.2464769403263761,0,0.8133789853063249,1.146788990825688,0.0,0.0,0.0,0.007262996941896,0.922782874617737,0.0194954128440367,0.0409021406727828,0.0045871559633027,0.0042048929663608,0
12601133,Treuenbrietzener Straße,12 - Reinickendorf,7.89,0.4339999999999187,0,0.9147528221097704,1.8999999999999997,549.9985269642417,-0.3101576065542593,0,0.4781550022934492,0.19462826002335537,0.19462826002335537,0.0,0.006033476060724,0.0,0.9935772674192292,0.0007785130400934,0.0,0.0,0.0,0
12601134,Märkisches Zentrum,12 - Reinickendorf,8.64,0.6029999999998993,0,1.6878245816503177,2.4700000000000006,549.669954940799,-0.3088852797734527,0,0.9999967733025096,0.0,0.0,0.0,0.0,0.0,0.9239757645701095,0.0,0.0,0.0,0.0755914598961338,0
12601235,Dannenwalder Weg,12 - Reinickendorf,7.45,0.1139999999999656,0,1.0765270301895624,1.38,543.8284009430797,-0.2859967017539285,0,0.9919383450034488,0.0,0.0,0.0,0.0,0.0028083313831032,0.9307278258834544,0.0306576175988766,0.021062485373274,0.0007020828457758,0.0135736016849988,0
12601236,Schorfheidestraße,12 - Reinickendorf,10.42,0.8999999999998999,1,1.851851851851852,3.01,478.5184895613884,0.0699195441188205,0,0.9999999999999828,4.2087542087542085,2.5252525252525255,0.0,0.0092592592592592,0.1085858585858585,0.4259259259259259,0.191077441077441,0.1952861952861952,0.0479797979797979,0.021043771043771,0
