plr_id,plr_name,bzr_name,bez,brw_gewerbe_2021,brw_misch_kern_2021,brw_sonstige_2021,brw_wohnen_2021,cov_gewerbe_2021,cov_misch_kern_2021,cov_sonstige_2021,cov_wohnen_2021,coverage_2021,brw_gewerbe_2022,brw_misch_kern_2022,brw_sonstige_2022,brw_wohnen_2022,cov_gewerbe_2022,cov_misch_kern_2022,cov_sonstige_2022,cov_wohnen_2022,coverage_2022,brw_gewerbe_2023,brw_misch_kern_2023,brw_sonstige_2023,brw_wohnen_2023,cov_gewerbe_2023,cov_misch_kern_2023,cov_sonstige_2023,cov_wohnen_2023,coverage_2023,brw_gewerbe_2024,brw_misch_kern_2024,brw_sonstige_2024,brw_wohnen_2024,cov_gewerbe_2024,cov_misch_kern_2024,cov_sonstige_2024,cov_wohnen_2024,coverage_2024,brw_gewerbe_2025,brw_misch_kern_2025,brw_sonstige_2025,brw_wohnen_2025,cov_gewerbe_2025,cov_misch_kern_2025,cov_sonstige_2025,cov_wohnen_2025,coverage_2025
01100101,Stülerstraße,Tiergarten Süd,01 - Mitte,,10399.0454626649,,5390.604025509908,,0.858968016855348,,0.4681702865037525,1.0,320.0,12973.209154346256,124.99999999999999,5390.607005540904,0.0386036856220552,0.858968016855348,0.1158110568661656,0.468166714724585,1.0,,10973.152631347804,27.5,4846.836552159894,,0.858968016855348,0.0772073712441104,0.468166714724585,1.0,,9172.971037756282,27.5,3890.58491287862,,0.858968016855348,0.0772073712441104,0.468166714724585,1.0,,8173.016302214147,30.0,3890.58491287862,,0.858968016855348,0.0772073712441104,0.468166714724585,1.0
01100102,Großer Tiergarten,Tiergarten Süd,01 - Mitte,,11144.46193250792,4280.0931102407585,5270.657980887926,,0.1876588628749722,0.0774870106226471,0.03259670470944904,0.2977425782070683,320.0,13815.523225620289,326.8916137777451,5259.410425522054,0.6501825471402173,0.18552100652637132,1.0,0.03401017495222611,1.0,,11515.118204294213,272.43900033547743,4500.150063968119,,0.18552100652637132,1.0,0.03401017495222611,1.0,,9173.131989333484,214.73940168148175,3440.0204384386634,,0.18552100652637132,1.0,0.03401017495222611,1.0,,8210.174668832298,209.23148034075848,3440.0193894530853,,0.18552100652637132,1.0,0.03401017495222611,1.0
01100103,Lützowstraße,Tiergarten Süd,01 - Mitte,,9085.314765521522,,5499.953298536494,,0.9999533821763443,,0.9982090524712947,1.0,,9257.76086885016,,5499.976649268248,,0.9999533821763443,,0.9982090524712945,1.0,,7715.101970412331,,4725.08627194867,,0.9999533821763443,,0.9982090524712945,1.0,,6255.984339207686,,3541.826020402285,,0.9999533821763443,,0.9982090524712945,1.0,,5713.34188797038,,3541.826020402285,,0.9999533821763443,,0.9982090524712945,1.0
01100104,Körnerstraße,Tiergarten Süd,01 - Mitte,,9000.0,,5499.812578965388,,0.999807142067682,,0.9999945620831138,1.0,,9000.0,166.25,5499.906289464846,,0.9998071420319868,2.175166756065285e-05,0.9999945620831148,1.0,,7499.999999999999,307.5,4699.906289464846,,0.9998071420319868,1.0875833780326425e-05,0.9999945620831148,1.0,,6000.0,307.5,3499.906289464846,,0.9998071420319868,1.0875833780326425e-05,0.9999945620831148,1.0,,5500.0,309.99999999999994,3499.906289464846,,0.9998071420319868,1.0875833780326425e-05,0.9999945620831148,1.0
01100205,Wilhelmstraße,Regierungsviertel,01 - Mitte,,14553.9451597802,,11999.999999999998,,0.8475596325108451,,0.15078947275708598,0.998349105267931,320.0,17592.284515271353,125.00000000000001,13000.0,0.0016508188808096033,0.8475596325108746,0.00495245664242881,0.15078947275708598,1.0,,15336.759796120461,27.500000000000004,11000.0,,0.8475596325108746,0.0033016377616192066,0.15078947275708598,1.0,,11730.403221646586,27.500000000000004,9000.0,,0.8475596325108746,0.0033016377616192066,0.15078947275708598,1.0,,10719.529285625107,30.0,9000.0,,0.8475596325108746,0.0033016377616192066,0.15078947275708598,1.0
01100206,Unter den Linden,Regierungsviertel,01 - Mitte,,14625.922897022314,,12000.0,,0.9967433432161689,,0.0012198235221886928,0.9979631667383577,320.0,17552.59965561319,124.99999999999999,13999.953537491141,0.0019064744371565419,0.9967433432161513,0.005719423311469626,0.0012198235221886928,1.0,,15522.059056519232,27.5,13999.860612473423,,0.9967433432161513,0.0038129488743130838,0.0012198235221886928,1.0,,11695.374100027979,27.5,11999.860612473423,,0.9967433432161513,0.0038129488743130838,0.0012198235221886928,1.0,,10514.500732765886,29.999999999999996,11999.860612473423,,0.9967433432161513,0.0038129488743130838,0.0012198235221886928,1.0
01100207,Leipziger Straße,Regierungsviertel,01 - Mitte,,12415.427713932442,,9649.523915599426,,0.7804811584210652,,0.21949123367544784,0.9999723920965131,,14995.722632416191,,10083.465427797799,,0.7804811584210716,,0.21949123367544784,0.9999723920965193,,13138.71528059002,,9691.892957818303,,0.7804811584210716,,0.21949123367544784,0.9999723920965193,,9827.354195814547,,7300.66757601334,,0.7804811584210716,,0.21949123367544784,0.9999723920965193,,8743.242815101921,,7300.66757601334,,0.7804811584210716,,0.21949123367544784,0.9999723920965193
01100308,Charitéviertel,Alexanderplatz,01 - Mitte,,12868.418612914513,3999.9999999999995,5993.658598772603,,0.281802243419649,0.39584079194939703,0.2992731736268915,0.9769162089959376,320.0,13680.77987000461,4132.5050320371965,6863.073788672228,0.005831089926328013,0.35613494760748304,0.3506635426499026,0.3050836836341724,1.0,,12182.34987513338,3860.5104041474924,5990.967462564337,,0.35613494760748315,0.33317027287091855,0.29925259370784435,0.9885578141862461,,9093.678664961924,2890.419830922571,4494.576641247721,,0.3725652130656109,0.3176816312044596,0.2983109699161757,0.9885578141862462,,8320.253685314541,2890.511606608565,4494.576641247721,,0.3725652130656109,0.3176816312044596,0.2983109699161757,0.9885578141862462
01100309,Oranienburger Straße,Alexanderplatz,01 - Mitte,,12000.028855314751,4000.0,8996.850059533146,,0.2216803109287319,1.4204910171984547e-05,0.7783054841610879,0.9999999999999917,,14135.66963685471,,8996.850059533146,,0.22169451583890337,,0.7783054841610879,0.9999999999999912,,12135.669636854707,,7996.850059533147,,0.22169451583890337,,0.7783054841610879,0.9999999999999912,,9135.724144525628,,6996.850059533147,,0.22169451583890337,,0.7783054841610879,0.9999999999999912,,8067.889326098275,,6996.850059533147,,0.22169451583890337,,0.7783054841610879,0.9999999999999912
01100310,Alexanderplatzviertel,Alexanderplatz,01 - Mitte,,12901.827059144069,,8998.65396319331,,0.825740007468937,,0.12780149349427042,0.9535415009632076,,15278.227642665068,15.000000000000002,8998.824999565142,,0.8257400074689367,2.3401296945194686e-05,0.12780149349427042,0.9535649022601522,,13196.23408364135,15.000000000000002,7998.951390666671,,0.8257400074689367,1.1700648472597343e-05,0.12780149349427042,0.9535532016116796,,10087.359113232784,15.000000000000002,6998.94786909984,,0.8257400074689367,1.1700648472597343e-05,0.12780149349427042,0.9535532016116796,,8648.732856532983,15.000000000000002,6998.94786909984,,0.8257400074689367,1.1700648472597343e-05,0.12780149349427042,0.9535532016116796
01100311,Karl-Marx-Allee,Alexanderplatz,01 - Mitte,,13932.758498389338,,2502.793106153581,,0.21689241506228266,,0.7831075849377218,1.0,,15569.235397833576,,2502.7931070968725,,0.21689241506228266,,0.7831075849377218,1.0,,13578.200931381663,,2102.4206928172894,,0.21689241506228266,,0.7831075849377218,1.0,,10271.169398594655,,1501.6758642581233,,0.21689241506228266,,0.7831075849377218,1.0,,8619.895015588174,,1501.6758642581233,,0.21689241506228266,,0.7831075849377218,1.0
01100312,Heine-Viertel West,Alexanderplatz,01 - Mitte,,7449.894039604781,,5634.141509565132,,0.40734824146104476,,0.5658881694952577,0.9732364109563024,,7476.55069411688,,5877.974491571506,,0.40734824146104476,,0.5658881694952577,0.9732364109563024,,6476.290840328912,,4999.912786059755,,0.40734824146104476,,0.5658881694952577,0.9732364109563024,,4975.661617719304,,3999.912786059755,,0.40734824146104476,,0.5658881694952577,0.9732364109563024,,4475.511278965007,,3999.912786059755,,0.40734824146104476,,0.5658881694952577,0.9732364109563024
01100313,Heine-Viertel Ost,Alexanderplatz,01 - Mitte,5000.0,6806.5731204563,,5999.438408089606,4.903702965111683e-07,0.4708339425273582,,0.5285446402633664,0.999379073161021,7000.0,7154.107016601915,,5999.445482952558,4.903702965111683e-07,0.4708414212891458,,0.5285446402633664,0.9993865519228087,6000.0,6153.973447959101,,4999.556386362046,4.903702965111683e-07,0.4708414212891458,,0.5285446402633664,0.9993865519228087,3999.9999999999995,4653.63634958747,,3999.445914497793,4.903702965111683e-07,0.4708414212891458,,0.5285446402633664,0.9993865519228087,3000.0,4153.439173387845,,3999.4464841601807,4.903702965111683e-07,0.4708414212891458,,0.5290886030190821,0.9999305146785243
01100414,Nordbahnhof,Brunnenstraße Süd,01 - Mitte,,9000.0,,5997.255767351276,,0.25613592821089826,,0.2617710420447626,0.5179069702556609,,10000.0,23.333333333333336,6996.742278254336,,0.25606267224998647,1.0,0.26683119822274887,1.0,,9000.0,15.0,5997.176641153757,,0.25606267224998647,0.9542122590543733,0.26683119822274887,1.0,,7000.0,15.0,4497.872168200685,,0.25606267224998647,0.9542122590543733,0.26683119822274887,1.0,,6000.0,17.500000000000004,4497.872168200685,,0.25606267224998647,0.9542122590543733,0.26683119822274887,1.0
01100415,Invalidenstraße,Brunnenstraße Süd,01 - Mitte,,9000.0,4000.0,6995.561704966344,,0.08943611326982379,0.0001183708895531394,0.904498654557096,0.9940531387164727,,10000.0,23.38539427407358,6996.4777096212665,,0.09540022719605326,0.0003033476851706451,0.9044986545570786,1.0,,9000.0,15.069514325491685,5997.001096433718,,0.09540022719605326,0.00020223296603080488,0.9044986545570786,1.0,,7000.0,15.052070329132416,4997.001057567186,,0.09540022719605326,0.00020223296603080488,0.9044986545570786,1.0,,6000.0,17.5520267191415,4997.001057567186,,0.09540022719605326,0.00020223296603080488,0.9044986545570786,1.0
01100416,Arkonaplatz,Brunnenstraße Süd,01 - Mitte,,,,6999.767611890434,,,,1.0,1.0,,,,6999.811577208459,,,,1.0,1.0,,,,5999.836700247332,,,,1.0,1.0,,,,4999.836700247332,,,,1.0,1.0,,,,4999.836700247332,,,,1.0,1.0
01200517,Huttenkiez,Moabit West,01 - Mitte,1009.0389246750696,10000.0,,3208.3605567721934,0.6981343645186734,7.503911338104827e-05,,0.07782321028985265,0.7760326139219071,1050.0945929384923,,79.6031533734422,1187.400165667452,0.9163445937462109,,1.0,0.2957927542222887,1.0,1230.687428097643,,14.95170573107345,2988.685270041069,0.6983000107003939,,0.44208479460776606,0.07774817117647159,1.0,1066.4016433088984,7000.0,14.95170573107345,2134.240301765344,0.6982998832702654,1.274301285228822e-07,0.44208479460776606,0.07774829860660012,1.0,902.2112308785934,7000.0,17.484575065581506,2134.240301765344,0.6982998832702654,1.274301285228822e-07,0.44208479460776606,0.07774829860660012,1.0
01200518,Beusselkiez,Moabit West,01 - Mitte,3998.8539379002277,,,2523.7697436712037,0.10810831469463303,,,0.8918916853054013,1.0,4998.55923621743,,,2855.462735232809,0.10810831469463303,,,0.8918916853054013,1.0,4498.72295937454,,,2539.616239452006,0.10810831469463303,,,0.8918916853054013,1.0,3499.0504056887607,,,1731.692991561605,0.10810831469463303,,,0.8918916853054013,1.0,2499.3778520029814,,,1731.692991561605,0.10810831469463303,,,0.8918916853054013,1.0
01200519,Emdener Straße,Moabit West,01 - Mitte,500.0,,,2799.994166288318,0.0002165437473701636,,,0.9997834562525532,0.9999999999999233,800.0,,,3499.986388006075,0.0002165437473701636,,,0.9997834562525535,0.9999999999999237,800.0,,,2999.990277147196,0.0002165437473701636,,,0.9997834562525535,0.9999999999999237,800.0,,,2099.9922217177573,0.0002165437473701636,,,0.9997834562525535,0.9999999999999237,800.0,,,2099.9922217177573,0.0002165437473701636,,,0.9997834562525535,0.9999999999999237
01200520,Bremer Straße,Moabit West,01 - Mitte,500.0,,,2800.0,0.00015861230366726896,,,0.967980963413266,0.9681395757169333,481.71911408001716,,170.0,3500.0,0.029524472961688798,,0.08809758197406459,0.9704755270383063,1.0,800.0,,15.0,3000.0,0.00015861230366726896,,0.029365860658021527,0.9704755270383063,0.9999999999999951,800.0,,15.0,2100.0,0.00015861230366726896,,0.029365860658021527,0.9704755270383063,0.9999999999999951,800.0,,20.0,2100.0,0.00015861230366726896,,0.029365860658021527,0.9704755270383063,0.9999999999999951
01200521,Zwinglistraße,Moabit West,01 - Mitte,,,,2758.087129072588,,,,0.8791162337145427,0.8791162337145427,480.00000000000006,,170.00000000000003,3402.456383019037,0.11860285473651955,,0.35580856420955864,0.8813971452634842,1.0,,,15.000000000000002,2930.3259878707404,,,0.11860285473651955,0.8813971452634842,1.0,,,15.000000000000002,2044.2607902965926,,,0.11860285473651955,0.8813971452634842,1.0,,,20.0,2044.2607902965926,,,0.11860285473651955,0.8813971452634842,1.0
01200522,Elberfelder Straße,Moabit West,01 - Mitte,4035.43161635938,,,3874.1437410774042,0.009748846156228957,,,0.8205162207326334,0.8302650668888624,1752.2188173635222,,170.0,4347.974505082864,0.03504342970180027,,0.07588375063671395,0.8205162207326334,0.9314434010711478,4544.289520449225,,15.0,3726.8168082337693,0.009748846156228957,,0.02529458354557132,0.8205162207326334,0.8555596504344337,3526.573712269535,,15.0,2657.261167557718,0.009748846156228957,,0.02529458354557132,0.8205162207326334,0.8555596504344337,2535.4316163593803,,20.0,2657.261167557718,0.009748846156228957,,0.02529458354557132,0.8205162207326334,0.8555596504344337
01200623,Stephankiez,Moabit Ost,01 - Mitte,500.0,10000.0,1200.0,2928.5502174677954,1.790712783484942e-05,0.01432146207105831,0.42073160609015187,0.5792504908509805,1.0,800.0,,33.59262588509959,2820.5951927388433,1.7907127834849416e-05,,0.8374609545314375,0.9959685426216629,1.0,800.0,,32.63512285336845,2399.492849197716,1.7907127834849416e-05,,0.8374571876182482,0.9959685426216629,1.0,800.0,,31.438111413082307,1708.703064741585,1.7907127834849416e-05,,0.8374571876182482,0.9959685426216629,1.0,800.0,,33.926152543771266,1708.703064741585,1.7907127834849416e-05,,0.8374571876182482,0.9959685426216629,1.0
01200624,Heidestraße,Moabit Ost,01 - Mitte,500.0,10000.0,3998.632945413337,7697.49948722078,0.00013969545901420998,0.8737723450854507,0.00016217622769569806,0.9307386101278297,1.0,3958.5064074435686,10923.920389033487,215.8710122443263,6681.8102082657615,0.13999558938362625,0.40956939193168285,0.9903057321090278,0.55391197584653,1.0,7982.899002210933,9739.136311226788,341.0194031755874,6853.699038445346,0.05881570872696767,0.40956939193168285,0.4739503327137133,0.47273209518987136,1.0,800.0,7646.514853498062,259.20775976304185,5265.962177066454,0.00013969545901420998,0.4682454051996363,0.4739503327137133,0.5314081084578247,1.0,800.0,7484.886140123545,262.942283117367,5265.962177066454,0.00013969545901420998,0.4682454051996363,0.4739503327137133,0.5314081084578247,1.0
01200625,Lübecker Straße,Moabit Ost,01 - Mitte,,,1200.0,2800.0,,,1.4585875240521953e-05,0.9704084874793353,0.9704230733545758,480.0,,170.09927789690877,3500.0,0.05533487808776118,,0.16601922013852405,0.9446505360370044,1.0,,,15.28592281664272,3000.0,,,0.055349463963001694,0.9446505360370044,1.0,,,15.220041983314905,2100.0,,,0.055349463963001694,0.9446505360370044,1.0,,,20.21872436664835,2100.0,,,0.055349463963001694,0.9446505360370044,1.0
01200626,Thomasiusstraße,Moabit Ost,01 - Mitte,6000.0,,1200.0,3744.3374720121446,0.15980127858293797,,0.15195303399757268,0.5501592790022368,0.8619135915827475,4553.098991669443,,465.2935532741591,4399.616606596324,0.29500669361454107,,0.5492262239927965,0.48795536951472346,1.0,7000.0,,572.4904983830733,3899.645218429875,0.15980127858293797,,0.27952882297065174,0.48795536951472346,0.927285471068313,5000.0,,444.0511684315204,2731.1591626770037,0.15980127858293797,,0.27952882297065174,0.48795536951472346,0.927285471068313,4500.0,,446.46962055382266,2731.1591626770037,0.15980127858293797,,0.27952882297065174,0.48795536951472346,0.927285471068313
01200627,Zillesiedlung,Moabit Ost,01 - Mitte,,10000.0,1200.0,2502.927523803483,,1.4647397806330507e-05,0.00019813031659900068,0.999801869683361,1.0,,,129.7518942418103,2703.25672918656,,,0.00041664978911150065,0.9999515273352729,1.0,,,117.28679490012742,2303.084638458906,,,0.00040200239130517017,0.9999515273352729,1.0,,,96.25130629808662,1602.1888301342387,,,0.00040200239130517017,0.9999515273352729,1.0,,,98.63204165259174,1602.1888301342387,,,0.00040200239130517017,0.9999515273352729,1.0
01200628,Lüneburger Straße,Moabit Ost,01 - Mitte,,13217.860916057934,4000.0,4820.503909367011,,0.5436122656775183,1.602094805361847e-06,0.38797944469463064,0.9315933124669544,320.0,15701.489339316633,234.65674003731473,4869.885247243865,0.0686596332782301,0.5214826381363805,0.24336326960771096,0.3616702341624486,1.0,,13701.489339316631,197.80831542985007,4218.191948390555,,0.5214826381363805,0.1594534753303765,0.3616702341624486,1.0,,10357.78385766551,154.6355481975984,3338.8542002340478,,0.5214826381363805,0.1594534753303765,0.3616702341624486,1.0,,9357.783857665509,157.2667167595717,3338.8542002340478,,0.5214826381363805,0.1594534753303765,0.3616702341624486,1.0
01200629,Hansaviertel,Moabit Ost,01 - Mitte,6000.0,,5000.0,2805.4535237241175,0.0009983293969606408,,7.48893033456643e-06,0.9481733257327608,0.949179144060056,478.8825479842933,,125.31017457794492,2917.695685956794,0.04825683819682908,,0.14178319911501636,0.9481733257327608,1.0,7000.0,,27.893935626376372,2489.106943226771,0.0009983293503096318,,0.09452469026849693,0.9481733257327608,1.0,5000.0,,27.814705943372143,2060.5182004967473,0.0009983293967000967,,0.0945246902221087,0.9481733257327608,1.0,4500.0,,30.274899109633406,2057.1203835737165,0.0009983293967000967,,0.0945246902221087,0.9481733257327608,1.0
01300730,Drontheimer Straße,Osloer Straße,01 - Mitte,1999.8632578913425,,,1679.28138640721,0.22751613320111164,,,0.77248386679885,0.9999999999999617,1999.8710717261229,,,1378.1913005605072,0.22751613320111164,,,1.0,1.0,1799.8906063130742,,,1142.7661467696225,0.22751613320111164,,,1.0,1.0,1399.9218616521955,,,882.017579911318,0.22751613320111164,,,1.0,1.0,1199.9374893217566,,,876.9540285555904,0.22751613320111164,,,1.0,1.0
01300731,Koloniestraße,Osloer Straße,01 - Mitte,250.0,,,1950.44968387547,0.2967566748238316,,,0.439076278663128,0.7358329534869597,348.5695481250234,,21.531889651165564,1590.3834682146623,0.30065899316633005,,0.8002749761548702,0.9961659234652611,1.0,399.99999999999994,,10.07378582925085,1580.6670164495067,0.29675988794670966,,0.2642177542224658,0.7358472744624157,1.0,399.99999999999994,,10.07378582925085,1188.7167438112874,0.29675988794670966,,0.2642177542224658,0.7358472744624157,1.0,399.99999999999994,,15.07378582925085,1188.113405381274,0.29675988794670966,,0.2642177542224658,0.7358472744624157,1.0
01300732,Soldiner Straße,Osloer Straße,01 - Mitte,,,,2076.5867102477073,,,,0.7173778942960959,0.7173778942960959,270.0,,15.011921134566615,2075.465333921445,0.0003219102963126635,,0.2772456245116703,0.7237970103093522,1.0,,,15.011473801849498,1675.880847097282,,,0.27658354866668733,0.723626927535017,1.0,,,14.99692529119763,1275.9013774500077,,,0.27658354866668733,0.723626927535017,1.0,,,15.002909702130372,1275.899324414735,,,0.27658354866668733,0.723626927535017,1.0
01300733,Gesundbrunnen,Osloer Straße,01 - Mitte,,2500.0,,2500.0,,0.040617798442050504,,0.9591876064615537,0.9998054049036043,272.18561739151016,2500.0,38.654285161343154,2499.731789875479,0.00031669013433881086,0.0541774011002463,0.0009500704030164325,0.945753382553224,1.0,,1999.9999999999998,22.814382608489847,2100.0,,0.0541774011002463,0.00031669013433881086,0.9456296456593213,1.0,,1800.0,23.201601172928534,1700.0,,0.0541774011002463,0.0003166901337456403,0.9456296456596184,1.0,,1800.0,26.50906836892394,1700.0,,0.0541774011002463,0.0003166901337456403,0.9456296456596184,1.0
01300834,Brunnenstraße,Brunnenstraße Nord,01 - Mitte,5000.0,2500.0,,3319.2254787371594,3.8862121868091927e-07,1.542323551584191e-05,,0.8430447483891408,0.8430605602458754,279.9843890839102,2500.0,111.36555895559873,4014.40544534688,0.15716972275063673,2.0367853745343427e-05,0.47150800238825413,0.843316419189928,1.0,6000.0,2000.0,15.032227011530637,3413.4126956963582,3.8862121868091927e-07,2.0367853745343427e-05,0.15716933412941805,0.8430631642927654,1.0,3999.9999999999995,1800.0,15.040283764413294,2413.493123918108,3.8862121868091927e-07,2.0367853745343427e-05,0.15716933412941805,0.8430631642927654,1.0,3000.0,1800.0,20.032227011530637,2413.493123918108,3.8862121868091927e-07,2.0367853745343427e-05,0.15716933412941805,0.8430631642927654,1.0
01300835,Humboldthain Süd,Brunnenstraße Nord,01 - Mitte,4138.004880030384,,,3300.0288935160743,0.2811160137151644,,,0.4435540199549747,0.724670033670139,3139.341695178114,,111.12019581139423,4000.0234271751956,0.5547426615297786,,0.8259898989896605,0.4435540199549748,1.0,5138.004880030384,,14.999999999999998,3400.0203035518366,0.2811160137151644,,0.2770332848451596,0.4435540199549748,1.0,3482.8029280182304,,14.999999999999998,2400.020303551836,0.2811160137151644,,0.2770332848451596,0.4435540199549748,1.0,2569.002440015192,,19.969257872457007,2400.020303551836,0.2811160137151644,,0.2770332848451596,0.4435540199549748,1.0
01300836,Humboldthain Nordwest,Brunnenstraße Nord,01 - Mitte,4878.845708781709,2500.0,,2500.103532593886,0.2141425463666331,0.006090786252909032,,0.6283571759449886,0.8485905085645308,3588.6114791491004,2500.0,75.66543781410088,2245.8912580542055,0.4314814659811144,0.010937627196819334,0.609977241073031,0.7093720137769242,1.0,3839.6606260381604,2000.0000000000002,15.0,2100.0088424328096,0.31690193309246256,0.010937627196819334,0.26374802488309984,0.6244002049461173,1.0,2857.5127973220524,1800.0,15.0,1699.7613318193085,0.31690193309246256,0.010937627196819334,0.26374802488309984,0.6244002049461177,1.0,2202.4699007773984,1800.0,17.780644035827073,1699.7613318193085,0.31690193309246256,0.010937627196819334,0.26374802488309984,0.6244002049461177,1.0
01400937,Afrikanische Straße,Parkviertel,01 - Mitte,2000.0,,250.0,1485.311546467217,0.010215827155641882,,0.2537899684097009,0.1906053741181389,0.4546111696834817,352.15686393969685,800.0,98.84312528323704,736.6068241229775,0.533527122122662,8.615067488434197e-05,1.0,0.7287390526756831,1.0,1800.0,,69.726699954262,1455.5502092787572,0.010215827155641882,,1.0,0.20551390838354727,1.0,1400.0,,60.112660014549746,1036.806424378431,0.010215827155641882,,1.0,0.20551390838354727,1.0,1200.0,,62.16912171657025,1035.7708954461143,0.010215827155641882,,1.0,0.20551390838354727,1.0
01400938,Kameruner Straße,Parkviertel,01 - Mitte,,2500.0,600.0,1968.77312366234,,0.00908111796455456,0.2891507919067036,0.39894563561874186,0.69717754549,320.0,2500.0,179.41846876210795,1325.2779741866627,0.3028290380309843,0.012079895460281145,1.0,0.6987550319126941,1.0,,2100.0,220.202359133421,1838.4902849189937,,0.012079895460281145,0.8948231486890322,0.3959259938817097,1.0,,1900.0,187.88702698642558,1364.0476139578227,,0.012079895460281145,0.8948231486890322,0.3959259938817097,1.0,,1900.0,189.5791436827507,1358.259526742328,,0.012079895460281145,0.8948231486890322,0.3959259938817097,1.0
01400939,Glasgower Straße,Parkviertel,01 - Mitte,,2500.0,,2196.6884057197367,,0.007423792872855268,,0.6060018339336785,0.6134256268065337,360.0,2500.0,15.0,1638.4338864351785,0.38652386426191293,0.01794149060537353,0.7730477285238258,1.0,1.0,,2100.0,15.0,1894.4076468992407,,0.01794149060537353,0.7730477285238258,0.6290766503542101,1.0,,1900.0,15.0,1417.5861811027162,,0.01794149060537353,0.7730477285238258,0.6290766503542101,1.0,,1900.0,17.5,1416.519631691536,,0.01794149060537353,0.7730477285238258,0.6290766503542101,1.0
01400940,Schillerpark,Parkviertel,01 - Mitte,400.0,,,1000.0338609469859,0.024092066291261444,,,0.5870356152696589,0.6111276815609202,366.05264431687056,,15.000000000000002,757.2078265430744,0.3582377970187137,,0.7776907277319042,1.0,1.0,500.0,,15.0,670.0243220361014,0.024092066291261444,,0.7229910945934044,1.0,1.0,500.0,,15.0,545.0153013996794,0.024092066291261444,,0.7229910945934044,1.0,1.0,500.0,,17.310856476837863,535.0156456390855,0.024092066291261444,,0.7229910945934044,1.0,1.0
01400941,Londoner Straße,Parkviertel,01 - Mitte,,,,999.9963015478661,,,,0.9999107322840662,0.9999107322840662,,,13.338693829182034,871.6863426106185,,,0.00026366185558189103,1.0,1.0,,,15.0,761.8824221477067,,,8.802862102219442e-05,1.0,1.0,,,15.0,588.1569334996301,,,8.802862102219442e-05,1.0,1.0,,,15.0,580.9412311087476,,,8.802862102219442e-05,1.0,1.0
01400942,Westliche Müllerstraße,Parkviertel,01 - Mitte,,2499.9999999999995,600.0,2182.8354593554336,,0.06372329076678794,1.85101349386517e-05,0.9362581990981642,0.9999999999998909,,2500.0,699.9999999999999,2271.6698644765775,,0.08649004747335405,0.19721892374399014,0.7162910287825525,0.9999999999998965,,2100.0,650.0,2023.8899548255258,,0.08649004747335405,0.19721892374399014,0.7162910287825525,0.9999999999998965,,1927.0207217617667,550.0,1471.6698644765772,,0.08649004747335405,0.19721892374399014,0.7162910287825525,0.9999999999998965,,1927.0207217617667,550.0,1471.6698644765772,,0.08649004747335405,0.19721892374399014,0.7162910287825525,0.9999999999998965
01401043,Antonstraße,Wedding Zentrum,01 - Mitte,,2500.0000000000005,,2500.0,,0.005860457802093999,,0.9941395421979015,0.9999999999999953,,2500.0,,2500.0,,0.016882580078462266,,0.9831174199215145,0.9999999999999768,,2100.0,,2099.9999999999995,,0.016882580078462266,,0.9831174199215145,0.9999999999999768,,2000.0,,1700.0,,0.016882580078462266,,0.9831174199215145,0.9999999999999768,,2000.0,,1700.0,,0.016882580078462266,,0.9831174199215145,0.9999999999999768
01401044,Uferstraße,Wedding Zentrum,01 - Mitte,1500.0,2500.0,,2499.982836675457,2.681177403250249e-06,0.005702342515973581,,0.99429497630656,0.9999999999999368,2314.3844756470785,2500.0,,2499.9594930076405,7.22239535889349e-06,0.014177585644948523,,0.9858311101158362,1.0,1988.6306853882468,2000.0,,2099.966994302522,7.22239535889349e-06,0.014177585644948523,,0.9858311101158362,1.0,1588.630685388247,1800.0,,1699.973341552037,7.22239535889349e-06,0.014177585644948523,,0.9858311101158359,1.0,1325.7537902588313,1800.0,,1699.9731107429636,7.22239535889349e-06,0.014177585644948523,,0.9858311101158359,1.0
01401045,Schwedenstraße,Wedding Zentrum,01 - Mitte,2000.0,2500.0,,2497.348092223331,1.4973263284335218e-10,0.03977030091503382,,0.9602296989353453,1.0,2000.0,2500.0,,2493.7226010424965,1.4973263284335218e-10,0.0538961025610925,,0.9477970613084563,1.0,1799.9999999999998,2000.0,,2094.8837743119716,1.4973263284335218e-10,0.0538961025610925,,0.9477970613084563,1.0,1400.0,1800.0,,1695.8663055399893,1.4973263284335218e-10,0.0538961025610925,,0.947797061308456,1.0,1200.0,1800.0,,1695.830577131698,1.4973263284335218e-10,0.0538961025610925,,0.947797061308456,1.0
01401046,Nordufer,Wedding Zentrum,01 - Mitte,,,600.0,2100.0,,,0.07945876257796113,0.8844966747704099,0.963955437348371,320.0,,316.74279161045257,2126.191444447779,0.03603999615432974,,0.2915117723366198,0.8886882084350147,1.0,,,400.4206887068727,2000.0,,,0.18339178387363056,0.8526482122806851,1.0,,,339.72451725697147,1400.0,,,0.18339178387363056,0.8526482122806851,1.0,,,340.70711297072387,1400.0,,,0.18339178387363056,0.8526482122806851,1.0
01401047,Sparrplatz,Wedding Zentrum,01 - Mitte,,2500.0,,2254.266074016544,,0.026593147084420496,,0.9324452884419285,0.959038435526349,320.0,2500.0,564.8512674937193,2308.7424884134075,0.0006784877486642949,0.037171716293363015,0.015562943002529228,0.9506577794473762,1.0,,2100.0,586.3015538509826,2036.7066739185368,,0.037171716293363015,0.013527479756536342,0.9499792916987119,1.0,,1999.9999999999998,496.3328052130325,1510.1200217556102,,0.037171716293363015,0.013527479756536342,0.9499792916987119,1.0,,1999.9999999999998,496.5835864970838,1510.1200217556102,,0.037171716293363015,0.013527479756536342,0.9499792916987119,1.0
01401048,Leopoldplatz,Wedding Zentrum,01 - Mitte,2500.0,2500.0,,2431.8699442274456,0.1012848858975249,0.0204552927967345,,0.8781013038683808,0.9998414825626403,2996.08154358827,2500.0000000000005,14.999999999999998,2342.0943986763928,0.10143544285260919,0.050416550591046175,0.00030111391016854675,0.8881803943220364,1.0,2500.0,2100.0,14.999999999999998,1971.5492078636462,0.1012848858975249,0.050416550591046175,0.00030111391016854675,0.8880298373669522,1.0,1999.9999999999998,1927.0151608837339,14.999999999999998,1596.2512832744835,0.1012848858975249,0.050416550591046175,0.00030111391016854675,0.8880298373669522,1.0,1800.0,1927.0151608837339,17.50000000000001,1595.3530259868166,0.1012848858975249,0.050416550591046175,0.00030111391016854675,0.8880298373669522,1.0
01401049,Schulstraße,Wedding Zentrum,01 - Mitte,,,,1476.4052401487827,,,,1.0,1.0,,,,1076.3096103078,,,,1.0,1.0,,,,939.9559787693188,,,,1.0,1.0,,,,763.0413674675267,,,,1.0,1.0,,,,754.9291715148645,,,,1.0,1.0
02100101,Askanischer Platz,Südliche  Friedrichstadt,02 - Friedrichshain-Kreuzberg,,8248.209308050547,,4000.0,,0.8509565379125967,,0.6386520889645618,1.0,,9747.187668258743,166.25,4500.0,,0.8509565379125968,0.5956540818903331,0.6386520889645622,1.0,,8122.252226324179,307.5,3800.0,,0.8509565379125968,0.29782704094516654,0.6386520889645622,1.0,,6247.827604285517,307.5,2700.0,,0.8509565379125968,0.29782704094516654,0.6386520889645622,1.0,,5373.854032102061,310.0,2700.0,,0.8509565379125968,0.29782704094516654,0.6386520889645622,1.0
02100102,Mehringplatz,Südliche  Friedrichstadt,02 - Friedrichshain-Kreuzberg,,8382.773137859765,,4000.0,,0.9998798744638393,,0.7233711185361142,1.0,600.0,9935.882393003672,167.5,4499.991255960468,0.00010747516480544056,0.9998798744638393,0.00042990065922176223,0.7233711185361142,1.0,,8297.605079217696,27.5,3799.9930047683747,,0.9998798744638393,0.00021495032961088112,0.7233711185361142,1.0,,6382.7731378597655,27.5,2699.9947535762813,,0.9998798744638393,0.00021495032961088112,0.7233711185361142,1.0,,5468.023024866825,27.5,2699.9947535762813,,0.9998798744638393,0.00021495032961088112,0.7233711185361142,1.0
02100103,Am Berlin Museum,Südliche  Friedrichstadt,02 - Friedrichshain-Kreuzberg,,8559.934937086799,,4000.0,,0.6469605253132923,,0.7908056670565486,1.0,600.0,10179.10492870423,167.5,4281.729311826888,0.005877746716833253,0.6483126156064062,0.023510986867333012,0.7921577573496625,1.0,,8523.551041887307,27.5,3625.3834494615107,,0.6483126156064062,0.011755493433666506,0.7921577573496625,1.0,,6556.577724528699,27.5,2569.037587096133,,0.6483126156064062,0.011755493433666506,0.7921577573496625,1.0,,5589.606106524362,27.5,2569.037587096133,,0.6483126156064062,0.011755493433666506,0.7921577573496625,1.0
02100104,Moritzplatz,Südliche  Friedrichstadt,02 - Friedrichshain-Kreuzberg,8000.0,11993.074759911653,,4096.538786161527,0.28553592956450313,0.002168738608151012,,0.7122953318273982,1.0,9000.0,14988.457933186088,,4096.538786161527,0.28553592956450313,0.002168738608151012,,0.7122953318273982,1.0,8000.0,12989.996875427943,,3477.231028929222,0.28553592956450313,0.002168738608151012,,0.7122953318273982,1.0,6000.0,9992.305288790725,,2458.055275858986,0.28553592956450313,0.002168738608151012,,0.7122953318273982,1.0,5000.0,7994.613702153508,,2458.055275858986,0.28553592956450313,0.002168738608151012,,0.7122953318273982,1.0
02100105,Prinzenstraße,Südliche  Friedrichstadt,02 - Friedrichshain-Kreuzberg,,3533.8972337388827,,4047.238693096647,,0.012282328440370157,,0.9878366249762426,1.0,,3543.582157664278,,4047.2989021502312,,0.012282328440370157,,0.9878366249762426,1.0,,2835.8342185239617,,3437.8391217201847,,0.012282328440370157,,0.9878366249762426,1.0,,2029.0547717761851,,2428.379341290139,,0.012282328440370157,,0.9878366249762426,1.0,,1826.1492945985667,,2428.379341290139,,0.012282328440370157,,0.9878366249762426,1.0
02100106,Wassertorplatz,Südliche  Friedrichstadt,02 - Friedrichshain-Kreuzberg,,3500.0,,4018.6063474630087,,0.0686247184673335,,0.6618706769110687,0.7304953953784022,600.0,3771.851858427561,167.5,4021.7942455479247,0.26509232878126804,0.07303699543977142,1.0,0.6662829527396057,1.0,,3023.5226417618737,27.5,3417.4353964383395,,0.07303699543977142,0.5301846575625361,0.6662829527396057,1.0,,2181.234572285041,27.5,2413.0765473287547,,0.07303699543977142,0.5301846575625361,0.6662829527396057,1.0,,1963.111119755119,27.5,2413.0765473287547,,0.07303699543977142,0.5301846575625361,0.6662829527396057,1.0
02200207,Gleisdreieck,Tempelhofer Vorstadt,02 - Friedrichshain-Kreuzberg,6996.176586971786,9001.938517713752,,5048.051776563447,0.15377166384664248,0.06692235619438897,,0.12207573476371474,0.34276975480474614,7846.295755301329,9002.468090659175,166.24948606631867,5273.9784668318725,0.15575085131423436,0.06700133893429887,1.0,0.1221882403001135,1.0,7093.02548179755,7502.351260305811,307.4979530339853,4474.090414670176,0.1568554726900552,0.06699789696193784,1.0,0.12218479832775245,1.0,4786.470761143895,6001.659713157042,307.4979530339853,3274.0904146701755,0.1568554726900552,0.06699789696193784,1.0,0.12218479832775245,1.0,3633.1934008170683,5501.521403727288,309.9979590018163,3274.0904146701755,0.1568554726900552,0.06699789696193784,1.0,0.12218479832775245,1.0
02200208,Rathaus Yorckstraße,Tempelhofer Vorstadt,02 - Friedrichshain-Kreuzberg,4000.0,7000.0,,4453.336040478724,0.1219447374245391,0.07739883688095721,,0.8293213614424119,1.0,4389.444275120912,8000.0,166.7539549098566,4966.108291584775,0.1415924884265126,0.07739883688095721,0.1949356045322124,0.8291025808760719,1.0,4500.0,6500.0,194.61410019212786,4175.425319743675,0.1219447374245391,0.07739883688095721,0.0974678022661062,0.8291025808760719,1.0,3199.9999999999995,5000.0,194.61410019212786,2984.778800799491,0.1219447374245391,0.07739883688095721,0.0974678022661062,0.8291025808760719,1.0,2000.0,4500.0,196.10619037241474,2984.9431840046327,0.12198410633314084,0.07739883688095721,0.0974678022661062,0.8292819925338165,1.0
02200209,Viktoriapark,Tempelhofer Vorstadt,02 - Friedrichshain-Kreuzberg,,,,4324.068914504013,,,,0.7353430184013108,0.7353430184013108,599.9886768621718,3200.0,218.3006991395027,4877.499820296016,0.2588642138325141,3.6639439650281885e-05,0.7765560020578922,0.7412090650142208,1.0,,,15.002830383846726,4102.141338734936,,,0.25890085327216456,0.7411724255745704,1.0,,,15.002830383846726,3006.296730170149,,,0.25890085327216456,0.7411724255745704,1.0,,,20.002122787885042,3006.2967301701487,,,0.25890085327216456,0.7411724255745791,1.0
02200210,Urbanstraße,Tempelhofer Vorstadt,02 - Friedrichshain-Kreuzberg,,7000.0,,4491.013962522741,,0.014738788836767738,,0.8200938886615561,0.8348326774983239,600.0,8000.0,167.5,5474.610816895173,0.17782423916597823,0.014738788836767743,0.7112969566639129,0.8221757608340411,1.0,,6500.0,27.5,4676.400694432757,,0.014738788836767743,0.35564847833195645,0.8221757608340411,1.0,,5000.0,233.3763935646007,3474.8370176912576,,0.014738788836767743,0.4653542232391005,0.7124200521566822,1.0,,4500.0,233.3763935646007,3474.837017691258,,0.014738788836767743,0.4653542232391005,0.7124200521566821,1.0
02200211,Chamissokiez,Tempelhofer Vorstadt,02 - Friedrichshain-Kreuzberg,,,,4500.0,,,,0.5556216775323147,0.5556216775323147,559.9999969897292,3200.0,79.99999982798451,3911.82032218373,0.8884896595390802,0.4442448249934786,1.0,0.999999990447869,1.0,,,21.666666750285298,4999.752789989633,,,1.0,0.5557551654543905,1.0,,,21.666666750285298,3999.587983316055,,,1.0,0.5557551654543905,1.0,,,25.000000071673114,3999.5879833160557,,,1.0,0.5557551654543893,1.0
02200212,Graefekiez Süd,Tempelhofer Vorstadt,02 - Friedrichshain-Kreuzberg,,,,4499.941353536029,,,,0.9999284247595931,0.9999284247595931,367.40502692560125,3200.0,73.47957607516645,5504.927897052986,8.481286704393703e-05,1.3237626656451337e-05,0.00035787620193742845,0.999941662386264,1.0,,,26.018695121433865,4702.958860467684,,,0.0001563881074314276,0.9999284247596075,1.0,,,460.8187616349238,3505.0104052047227,,,0.00031121612277706386,0.9997735967442393,1.0,,,448.7911602786295,3505.0104301389074,,,0.000321166781221863,0.9997686214150727,1.0
02200213,Graefekiez Nord,Tempelhofer Vorstadt,02 - Friedrichshain-Kreuzberg,,,,4489.252136174996,,,,0.8034448298343524,0.8034448298343524,600.0,5000.0,167.5,5467.813988355337,0.19655516675312504,5.514087374565123e-06,0.7862206670125002,0.8034448298343223,1.0,,4200.0,27.499999999999996,4672.115990912709,,5.5140873745651374e-06,0.3931103335062501,0.8034448298343223,1.0,,3000.0,384.3959081856071,3476.0685718751356,,5.5140873745651374e-06,0.29463848157600553,0.7924198569636307,1.0,,3000.0,384.3959081856071,3476.0685718751356,,5.5140873745651374e-06,0.29463848157600553,0.7924198569636307,1.0
02300314,Oranienplatz,Nördliche Luisenstadt,02 - Friedrichshain-Kreuzberg,8000.0,3499.9999999999995,,4873.014180158262,2.0670808674425912e-05,0.022922538873618267,,0.977056749328614,0.9999999590109065,9000.0,4874.268078871946,,5001.229219558655,2.0670808674425912e-05,0.2734692033808082,,0.9770568048725062,1.0,8000.0,4082.65020694715,,4200.983375646924,2.0670808674425912e-05,0.2734692033808082,,0.9770568048725062,1.0,6000.0,2916.178719247964,,3001.3195223100724,2.0670808674425912e-05,0.2734692033808082,,0.9770568048725062,1.0,5000.0,2899.414463097557,,3001.3195223100724,2.0670808674425912e-05,0.2734692033808082,,0.9770568048725062,1.0
02300315,Lausitzer Platz,Nördliche Luisenstadt,02 - Friedrichshain-Kreuzberg,,,,4683.413842628448,,,,0.9999777599948894,0.9999777599948894,,5000.0,218.33333333333331,4999.999999999999,,0.6331580561395099,6.644132107292543e-05,0.9999778528929377,1.0,,4200.0,27.5,4200.0,,0.6331580561395089,4.429421404861695e-05,0.9999778528929367,1.0,,3000.0,27.5,3000.0000000000005,,0.6331580561395089,4.429421404861695e-05,0.9999778528929367,1.0,,3000.0,30.0,3000.0000000000005,,0.6331580561395089,4.429421404861695e-05,0.9999778528929367,1.0
02300316,Köpenicker Straße,Nördliche Luisenstadt,02 - Friedrichshain-Kreuzberg,5000.0,,,4500.426467975394,0.34517262668544807,,,0.6545790442399577,0.9997516709254058,7000.0,5000.0,,5000.284311983596,0.34517262668544807,0.6543929395734696,,0.6545790442399577,1.0,6000.0,4200.0,,4200.22467608214,0.33709220235871284,0.6624733639001972,,0.6626594685666853,1.0,4000.0000000000005,3000.0,,3000.280845102675,0.33709220235871284,0.6624733639001972,,0.6626594685666853,1.0,3000.0,3000.0,,3000.280845102675,0.33709220235871284,0.6624733639001972,,0.6626594685666853,1.0
02300417,Reichenberger Straße West,Südliche Luisenstadt,02 - Friedrichshain-Kreuzberg,,3500.0,,4458.366765003223,,0.022275176047274355,,0.9573646317473925,0.979639807794667,,4962.870220081664,218.33333333333331,4916.835502675836,,0.8998912502147883,0.06108040754950008,0.957364686696504,1.0,,4165.345538742886,27.5,4133.522335157584,,0.8998912502147888,0.04072027169966672,0.9573646866965044,1.0,,2975.246813387776,27.5,2950.128268113959,,0.8998912502147888,0.04072027169966672,0.9573646866965044,1.0,,2970.2961760653307,30.0,2950.128268113959,,0.8998912502147888,0.04072027169966672,0.9573646866965044,1.0
02300418,Reichenberger Straße Ost,Südliche Luisenstadt,02 - Friedrichshain-Kreuzberg,,,,4499.1679420077735,,,,0.6699836717434687,0.6699836717434687,,5000.0,218.33333333333331,4999.104912205753,,0.6695815919565811,0.9900480003375413,0.6699839691374865,1.0,,4200.0,27.5,4199.317530737614,,0.6695815919565811,0.6600320002250275,0.6699839691374865,1.0,,2999.9999999999995,27.5,2999.479375647288,,0.6695815919565811,0.6600320002250275,0.6699839691374865,1.0,,2999.9999999999995,30.0,2999.479375647288,,0.6695815919565811,0.6600320002250275,0.6699839691374865,1.0
02300419,Wrangelkiez,Südliche Luisenstadt,02 - Friedrichshain-Kreuzberg,5999.690515866673,,,4500.0,0.17476032786364454,,,0.7156149986197249,0.8903753264833695,6999.690515866672,5000.0,218.33333333333337,5000.0,0.17476032786364454,0.7156149986197246,0.3287708485278966,0.7156149986197246,1.0,5999.690515866673,4200.0,27.5,4200.0,0.17476032786364454,0.7156149986197246,0.21918056568526442,0.7156149986197246,1.0,3999.8452579333366,3000.0,27.5,3000.0,0.17476032786364454,0.7156149986197246,0.21918056568526442,0.7156149986197246,1.0,3499.6905158666727,3000.0,29.999999999999996,3000.0,0.17476032786364454,0.7156149986197246,0.21918056568526442,0.7156149986197246,1.0
02400520,Barnimkiez,Karl-Marx-Allee Nord,02 - Friedrichshain-Kreuzberg,,14000.0,1200.0,3991.261870282257,,5.177538531396459e-06,0.11363443052318065,0.3141598149984443,0.42779942306015634,480.0,15000.0,187.86390493724585,4000.4406223646597,0.5807643342709587,5.177538531396459e-06,1.0,0.31399376310795385,1.0,,13000.0,105.11343583997238,3400.388685877661,,5.177538531396459e-06,1.0,0.31399376310795385,1.0,,10000.0,84.34997136071607,2400.6929692199633,,5.177538531396459e-06,1.0,0.31399376310795385,1.0,,8500.0,86.6422834857311,2400.6929692199633,,5.177538531396459e-06,1.0,0.31399376310795385,1.0
02400521,Friedenstraße,Karl-Marx-Allee Nord,02 - Friedrichshain-Kreuzberg,,,1200.0,3913.2026471910285,,,0.0008097119888004023,0.7262209234772309,0.7270306354660313,480.0,,138.36302456080878,4006.131109574871,0.2729751447271895,,1.0,0.7262136405495555,1.0,,,16.609784097841718,3405.313628298222,,,0.546761504177639,0.7262136405495555,1.0,,,16.238866102947313,2405.7401144035466,,,0.546761504177639,0.7262136405495555,1.0,,,18.735156922998367,2405.7401144035466,,,0.546761504177639,0.7262136405495555,1.0
02400522,Richard-Sorge-Viertel,Karl-Marx-Allee Nord,02 - Friedrichshain-Kreuzberg,,,,4954.449935096539,,,,0.9938891291546268,0.9938891291546268,480.00000000000006,,137.5,4954.660400726794,0.006110549684921734,,0.024442198739686935,0.9938894503150916,1.0,,,15.000000000000002,4227.323971503143,,,0.012221099369843468,0.9938894503150916,1.0,,,15.000000000000002,3290.9196224248512,,,0.012221099369843468,0.9938894503150916,1.0,,,17.5,3290.9196224248512,,,0.012221099369843468,0.9938894503150916,1.0
02400623,Andreasviertel,Karl-Marx-Allee Süd,02 - Friedrichshain-Kreuzberg,750.0,13998.461425071811,,3999.8799488097225,0.0006296338976380431,0.3002298038402801,,0.6503027522198499,0.9511621899577681,1669.3750698194224,16997.883013514085,14.999999999999998,3989.872263750997,0.003910881695689358,0.2909330799265938,0.002651613900413271,0.6622510900339497,0.9597466655566459,3250.0,14998.097616602954,15.000000000000002,3399.8950848510995,0.00037091084536170014,0.2913772584015509,0.0026516139004132706,0.6595994761335363,0.9539992592808622,2600.0,10998.626056435467,15.000000000000002,2399.935996234091,0.00037091084536170014,0.2913772584015509,0.0026516139004132706,0.6595994761335363,0.9539992592808622,2100.0,8998.943120334974,20.0,2399.947620007791,0.00037091084536170014,0.2913772584015509,0.0026516139004132706,0.6596042678735689,0.9540040510208947
02400624,Weberwiese,Karl-Marx-Allee Süd,02 - Friedrichshain-Kreuzberg,750.0,,,4737.009231574768,0.012690665720801663,,,0.9873093342791642,0.9999999999999659,3500.0,,,5228.34871929128,0.025381331441603327,,,0.9873093342791642,1.0,3250.0,,,4431.812924204674,0.025381331441603327,,,0.9873093342791642,1.0,2600.0000000000005,,,3431.812924204675,0.025381331441603327,,,0.9873093342791642,1.0,2100.0,,,3431.812924204675,0.025381331441603327,,,0.9873093342791642,1.0
02400625,Wriezener Bahnhof,Karl-Marx-Allee Süd,02 - Friedrichshain-Kreuzberg,751.3207897227146,13803.058693344548,,4026.624397500449,0.2906263001435525,0.42617862461930656,,0.016410474671928063,0.7332153994347872,3136.1147485858314,16805.711266259525,14.999999999999998,1889.9113821126066,0.6718224252535876,0.4262079187090921,0.09066014407951316,0.10707061875144122,1.0,3250.4203003862117,14734.411525922971,15.0,3437.013435898849,0.5662121835882857,0.43369039546833255,0.09065460672432508,0.016414255894248532,1.0,2600.2139711057075,10863.60341605636,15.0,2436.6104287528765,0.5662121835882857,0.43369039546833255,0.09065460672432508,0.016414255894248532,1.0,2100.137552853669,8867.160004080331,20.0,2436.5733350176088,0.5662121835882857,0.43369039546833255,0.09065460672432508,0.01641386645093379,1.0
02500726,Hausburgviertel,Frankfurter Allee Nord,02 - Friedrichshain-Kreuzberg,,4500.0,,5498.089995736715,,6.235755470887408e-05,,1.0,1.0,,6000.0,,5498.5455806916625,,6.235755470887408e-05,,1.0,1.0,,5000.0,,4698.749028374499,,6.235755470887408e-05,,1.0,1.0,,3500.0000000000005,,3798.9269736729584,,6.235755470887408e-05,,1.0,1.0,,3500.0000000000005,,3798.9269736729584,,6.235755470887408e-05,,1.0,1.0
02500727,Forckenbeckplatz,Frankfurter Allee Nord,02 - Friedrichshain-Kreuzberg,499.99999999999994,,,5182.255132923619,6.478882089321299e-06,,,0.9999935211179343,1.0,600.0,,,5574.913092600846,6.478882089321299e-06,,,0.9999935211179652,1.0,700.0,,,4660.215894160556,6.478882089321299e-06,,,0.9999935211179652,1.0,700.0,,,3660.5013126635595,6.478882089321299e-06,,,0.9999935211179652,1.0,700.0,,,3660.5013126635595,6.478882089321299e-06,,,0.9999935211179652,1.0
02500728,Samariterviertel,Frankfurter Allee Nord,02 - Friedrichshain-Kreuzberg,500.0,,,5499.9651078192655,6.306191459250282e-06,,,0.9999936938085171,0.9999999999999764,600.0,,,6000.0165764015055,6.306191459250282e-06,,,0.9999936938085169,0.9999999999999762,700.0,,,5000.025880983034,6.306191459250282e-06,,,0.9999936938085169,0.9999999999999762,700.0,,,4000.0258809830348,6.306191459250282e-06,,,0.9999936938085169,0.9999999999999762,700.0,,,4000.0258809830348,6.306191459250282e-06,,,0.9999936938085169,0.9999999999999762
02500729,Pettenkofer Straße,Frankfurter Allee Nord,02 - Friedrichshain-Kreuzberg,,,,5266.539781020967,,,,0.6547191989452161,0.6547191989452161,200.0,,15.062393927753563,5733.79581957746,0.33795027862517524,,0.33825177658103966,0.6619492220562256,1.0,,,15.0,4781.109601311875,,,0.3380507779437967,0.6619492220562256,1.0,,,15.0,3826.358465182188,,,0.3380507779437967,0.6619492220562256,1.0,,,20.0,3826.358465182188,,,0.3380507779437967,0.6619492220562256,1.0
02500830,Niederbarnimstraße,Frankfurter Allee Süd FK,02 - Friedrichshain-Kreuzberg,,,,5057.597032986201,,,,0.9999999999998622,0.9999999999998622,,,,5762.612707537537,,,,0.9999999999998622,0.9999999999998622,,,,4880.586832074551,,,,0.9999999999998622,0.9999999999998622,,,,3880.5868320745503,,,,0.9999999999998622,0.9999999999998622,,,,3880.5868320745503,,,,0.9999999999998622,0.9999999999998622
02500831,Wismarplatz,Frankfurter Allee Süd FK,02 - Friedrichshain-Kreuzberg,,,,5500.0,,,,1.0,1.0,,,,6499.771915481331,,,,1.0,1.0,,,,5499.771915481331,,,,1.0,1.0,,,,4499.771915481331,,,,1.0,1.0,,,,4499.771915481331,,,,1.0,1.0
02500832,Traveplatz,Frankfurter Allee Süd FK,02 - Friedrichshain-Kreuzberg,523.4057900911354,,,5493.070486052684,0.00019552788525115577,,,0.9970145292368963,0.9972100571221474,799.5845301247545,,15.0,6477.908904350982,0.0029854707630816288,,0.002789942877830473,0.9998044721147273,1.0,729.3490661554727,,15.0,5493.070486052684,0.00019552788525115577,,0.002789942877830473,0.9970145292368968,0.9999999999999785,617.8298281930123,,15.0,4494.302399643318,0.00019552788525115577,,0.002789942877830473,0.9970145292368968,0.9999999999999785,506.31059023055184,,20.0,4494.302399643318,0.00019552788525115577,,0.002789942877830473,0.9970145292368968,0.9999999999999785
02500833,Boxhagener Platz,Frankfurter Allee Süd FK,02 - Friedrichshain-Kreuzberg,,,,5490.3362575197025,,,,1.0,1.0,,,,6483.893762532838,,,,1.0,1.0,,,,5486.4707605275835,,,,1.0,1.0,,,,4486.470760527584,,,,1.0,1.0,,,,4486.470760527584,,,,1.0,1.0
02500834,Revaler Straße,Frankfurter Allee Süd FK,02 - Friedrichshain-Kreuzberg,750.0,,,5500.0,0.00020685297487605222,,,0.9992795930575541,0.9994864460324302,4941.963915793108,,15.0,6497.305204223101,0.04785790816569534,,0.0005135539675337704,0.9528624987766816,1.0,4489.0772100296135,,15.0,5500.0,0.04734435419816157,,0.00051355396753377,0.9523489448091478,1.0,3492.135591221321,,15.0,4500.0,0.04734435419816157,,0.00051355396753377,0.9523489448091478,1.0,2992.135591221321,,20.0,4500.0,0.04734435419816157,,0.00051355396753377,0.9523489448091478,1.0
02500835,Stralauer Kiez,Frankfurter Allee Süd FK,02 - Friedrichshain-Kreuzberg,2611.6938091295624,9372.38381704478,,4576.631576766041,0.2913120129442939,0.14820481533679566,,0.28404638833005147,0.7235632166111411,2867.176387483837,12663.83534074679,20.35483005237063,3529.5052226042126,0.5553062235342723,0.1482145876124814,0.2791822850143232,0.44327494195611494,1.0,3662.5523375447037,10247.857837912004,21.80761980338941,3947.535056648079,0.33588470631281,0.1482145876124814,0.2194260624360466,0.2836051020983451,0.9871304584596831,2444.9900443945235,8331.819882725764,21.60213995938207,2862.773978646003,0.34076143557317545,0.1482145876124814,0.2169753625730755,0.2836174373311335,0.9895688230898657,1950.952579493349,6623.88935895623,25.281691019437954,2859.8016661940846,0.33548614864633775,0.1482145876124814,0.2169753625730755,0.2888927242579712,0.9895688230898659
02500836,Stralauer Halbinsel,Frankfurter Allee Süd FK,02 - Friedrichshain-Kreuzberg,4301.005985377876,,,2470.0961860347725,0.04230361292504049,,,0.4112180185072481,0.4535216314322886,5690.501764795867,,29.581921663110865,2869.650638003271,0.042675303766727825,,0.005167935190426684,0.41132476683469765,0.45916800579185213,4790.8011641152025,,16.309360645881213,2529.2269195796907,0.04230361292504049,,0.004663245112585027,0.4112180185072481,0.45818487654487355,3639.2740651128993,,16.309360645881213,2074.5109445358235,0.04230361292504049,,0.004663245112585027,0.4112180185072481,0.45818487654487355,2857.5959067800827,,21.025285385154824,2076.1482591044405,0.04122436090337714,,0.004663245112585027,0.4122972705289114,0.45818487654487355
03100101,Bucher Forst,Buch,03 - Pankow,99.99999999999999,,11.494413890088616,498.35375720743997,0.041290570181702256,,0.6568485167821022,0.0534949881489991,0.7516340751128036,243.75218975382944,,13.978133225084354,421.6111243554578,0.6049690036271977,,1.0,0.6881918517746531,1.0,191.8538460700791,,18.466244781643923,518.7501463918484,0.046951211549713615,,1.0,0.053677847636727505,1.0,191.8538460700791,,12.731102144232327,444.9666835036563,0.046951211549713615,,1.0,0.053677847636727505,1.0,191.8538460700791,,7.437063018953546,429.1309668056902,0.046951211549713615,,1.0,0.058486008612848424,1.0
03100102,Klinikum Buch,Buch,03 - Pankow,100.00000000000001,,200.0,455.60555727589804,0.06512889021633579,,0.18160917560732523,0.18752429997207457,0.43426236579573557,123.1668302976224,,23.153107948590506,360.4615452892241,0.6169524762774561,,1.0,0.7528991128567575,1.0,164.22244039682982,,35.8014494726097,480.26570730192117,0.6169524762774561,,1.0,0.20107276304825464,1.0,164.22244039682982,,32.975423444635794,433.6059204870149,0.6169524762774561,,1.0,0.20107276304825464,1.0,164.31291700299442,,35.5040165347912,420.8691779576269,0.6040100138605635,,1.0,0.2010727630482546,1.0
03100103,Karower Chaussee,Buch,03 - Pankow,,,198.8770899451436,583.4264655011541,,,0.1696884711472164,0.4507233794752282,0.6204118506224446,120.0,,53.6472445738167,681.2657340981788,0.3801728234644962,,1.0,0.45077033130952937,1.0,160.0,,84.13408688767032,587.5976652462372,3.691331763295501e-05,,0.5489270311177022,0.4507334179918965,0.9996973624272317,160.0,,77.98692033287203,492.6918416487574,3.691331763295501e-05,,0.5489270311177022,0.4507334179918965,0.9996973624272317,160.0,,81.44061009345077,491.43170025593105,3.691331763295501e-05,,0.5489270311177022,0.4507334179918965,0.9996973624272317
03200204,Blankenfelde,Blankenfelde/Niederschönhausen,03 - Pankow,,,2.5430709459135854,260.0245553602584,,,0.66616523307002,0.0646235902301426,0.7307888233001627,254.25990456688854,,17.86291516472627,333.58178927577586,0.3019501749781375,,1.0,0.32857908321511137,1.0,,,15.135329583704113,276.49683775307864,,,1.0,0.14822151907215306,1.0,,,12.74687788738466,276.49355458811203,,,0.9594711722791692,0.14822151907215306,1.0,,,13.497383758376523,256.4936973344149,,,0.9594711722791692,0.14822151907215306,1.0
03200205,Uhlandstraße,Blankenfelde/Niederschönhausen,03 - Pankow,,,,1009.5788786599145,,,,1.0,1.0,200.0,,20.14478933765341,896.5488384442959,0.40057038714956356,,1.0,1.0,1.0,,,38.332340286051604,829.7667852601263,,,0.42414821695485183,1.0,1.0,,,38.332340286051604,723.5900979461057,,,0.42414821695485183,1.0,1.0,,,38.61028357170967,699.3794262073058,,,0.42414821695485183,1.0,1.0
03200206,Pastor-Niemöller-Platz,Blankenfelde/Niederschönhausen,03 - Pankow,,,,1003.6316016291304,,,,1.0,1.0,239.99624299712235,,16.11986398883091,1099.302375401659,0.1312410438349436,,0.6561682387012664,1.0,1.0,,,14.999545085121081,1019.5817423107649,,,0.13548495614379982,1.0,1.0,,,14.999545085121081,900.4496109585092,,,0.13548495614379982,1.0,1.0,,,19.999545085121085,866.7962766869513,,,0.13548495614379982,1.0,1.0
03200207,Herthaplatz,Blankenfelde/Niederschönhausen,03 - Pankow,199.99999999999997,,,892.3124721518918,0.1878419228587281,,,0.9174272922208832,1.0,224.06561481885166,,20.099999999999998,846.3287553676486,0.4427768998988195,,1.0,1.0,1.0,306.6590408146298,,40.0,784.8217079690826,0.18806704403119454,,0.25470985586762496,1.0,1.0,306.6590408146298,,40.0,687.6652357438121,0.18806704403119454,,0.25470985586762496,1.0,1.0,306.6590408146298,,40.0,663.2975751016829,0.18806704403119454,,0.25470985586762496,1.0,1.0
03200308,Nisbléstraße,Buchholz,03 - Pankow,200.0,,3.8,624.222831439439,0.006316697517129552,,6.529893995541942e-05,1.0,1.0,298.10747328415215,,20.373913947160656,745.282034837727,0.006407782093939518,,0.0008582118080375706,1.0,1.0,350.0,,27.329967953101672,662.9676688500098,0.006286513105918398,,0.00018656792797654018,1.0,1.0,350.0,,27.329967953101672,555.7941354680453,0.006286513105918398,,0.00018656792797654018,1.0,1.0,350.0,,27.329967953101672,539.4140134899834,0.006286513105918398,,0.00018656792797654018,1.0,1.0
03200309,Eddastraße,Buchholz,03 - Pankow,299.9869642125122,,14.9794114176219,592.8724708122085,0.02250482033637597,,0.029192554352737425,0.8657678275562571,0.9174652022453704,273.50552521909117,,18.16933931398966,610.9298754667848,0.8344921496334047,,1.0,1.0,1.0,449.9869642125122,,24.70277225228627,630.3326352296903,0.02250482033637597,,0.833364837590932,0.8708260208899182,1.0,449.9869716885746,,23.919420854651847,537.3994910098461,0.022517734323157356,,0.8333356023417193,0.8708260208899242,1.0,449.9869716885746,,26.50194141518209,518.5057974559646,0.022517734323157356,,0.8333356023417193,0.8708260208899242,1.0
03200310,Krugpfuhl,Buchholz,03 - Pankow,,,3.8,634.5520360393484,,,0.2066301926030469,1.0,1.0,270.0,,22.98766020169854,704.0773382586058,0.01949536241515608,,0.8332924318367491,1.0,1.0,,,17.5458960510044,621.2914551708486,,,0.5876715144033899,1.0,1.0,,,17.5458960510044,521.4595903445913,,,0.58767151440339,1.0,1.0,,,19.166876525062158,505.78979650180224,,,0.58767151440339,1.0,1.0
03300411,Karow Nord,Karow,03 - Pankow,,,,485.22517084020666,,,,0.8960928038347725,0.8960928038347725,120.0,,37.12,575.49766550074,0.10320164046152748,,0.5160082023076374,0.8960928038347725,1.0,,,15.0,538.3150960862204,,,0.10320164046152748,0.8960928038347725,0.9992944442963,,,15.0,470.10997717057637,,,0.10320164046152748,0.8960928038347725,0.9992944442963,,,20.0,454.87306035579354,,,0.10320164046152748,0.8960928038347725,0.9992944442963
03300412,Karow Bahnhof,Karow,03 - Pankow,,,3.8,490.0,,,0.025572069639523288,0.6853991566190292,0.7109712262585524,261.2570960705603,,18.254507358295058,549.4004897851412,0.5945478549154141,,1.0,0.9653461681534697,1.0,,,23.935417068289585,590.0,,,0.5945478549154141,0.6853991566190292,1.0,,,12.723537522892007,530.0,,,0.47239923302985193,0.6853991566190285,1.0,,,17.45352967008253,500.0,,,0.4790453149262501,0.6820761156708296,1.0
03300413,Karow Ost,Karow,03 - Pankow,,,3.8,490.0223669437384,,,0.040904483026800616,0.9590131410190355,0.9999176240458362,270.00000000000006,,6.489802651490948,590.0164841336781,8.058611368184335e-05,,0.12295520742144739,0.9590534340758765,1.0,,,3.8416840973038053,590.0223669437383,,,0.040985069140482465,0.9590131410190355,0.999998210159518,,,3.81102172926032,530.0223669437385,,,0.04094477608364153,0.9590131410190355,0.9999579171026771,,,3.815942144108677,500.0223669437384,,,0.04094477608364153,0.9590131410190355,0.9999579171026771
03300514,Blankenburg,Blankenburg/Heinersdorf/Märchenland,03 - Pankow,149.99999808503856,,3.8,477.00465789874113,0.016396217533346708,,0.027866218409541857,0.6193965848845268,0.6636590208274153,268.2570425966933,,18.302772205889802,532.2392859677675,0.6584987427431916,,1.0,0.9408068842542306,1.0,249.99999808503856,,24.248134435481,574.8416048066264,0.016396217533346708,,0.684916518150172,0.6197556216493081,1.0,249.99999808503856,,22.304008427196067,517.0118187542753,0.016396217533346708,,0.5801988712670395,0.619679379583205,1.0,249.99999808503856,,25.127229187618248,489.17651562856275,0.016396217533346708,,0.5801988712670395,0.619679379583205,1.0
03300515,Blankenburger Süden,Blankenburg/Heinersdorf/Märchenland,03 - Pankow,100.0,,3.8,490.0,3.995360006691194e-06,,0.6682359211748952,0.1942862209984885,0.8625261375333904,269.0366236799439,,15.495627059485804,565.839419799676,0.07985535878255293,,1.0,0.23426931313075874,1.0,200.0,,10.880611463432231,590.0,3.995360006691194e-06,,0.8453806276245373,0.1942862209984885,1.0,200.0,,10.88070247886867,530.0,3.995360006691194e-06,,0.8453828061131322,0.1942862209984885,1.0,200.0,,11.120209041958017,500.0,3.995360006691194e-06,,0.8453828061131322,0.1942862209984885,1.0
03300516,Heinersdorf,Blankenburg/Heinersdorf/Märchenland,03 - Pankow,206.79436115985942,,3.8,535.2753281640194,0.22545016263395418,,0.002820306705554463,0.4481954091685627,0.6764658785080714,255.73489523023585,,17.44906819864561,566.820265460097,0.49364307256660045,,0.9669153942039215,0.5892204033416493,1.0,299.2566950493729,,20.619767061335555,579.0808083912344,0.2180029751185511,,0.4415828164218202,0.46658481926097456,1.0,299.2566950493729,,20.782350324757683,558.9276247783833,0.2180029751185511,,0.45857563972484494,0.45809133684718484,1.0,299.2566453510027,,24.00370596052554,532.9934408128441,0.21800319507653826,,0.45857563972484494,0.4580911168891977,1.0
03300517,Märchenland,Blankenburg/Heinersdorf/Märchenland,03 - Pankow,250.0,,3.8,274.97015045591695,0.03449666682292497,,0.6129293759429562,0.11583687147738889,0.76326291424327,272.0228282622771,,18.305114925973868,290.5198141378837,0.04084518160268496,,1.0,0.22548668866514318,1.0,350.0,,10.052823194483661,324.9703812161831,0.03449666682292497,,0.8560040760688263,0.11582777805829736,1.0,350.0,,10.052823194483665,296.92418983757807,0.03449666682292497,,0.8560040760688259,0.11582777805829736,1.0,350.0,,10.730379854530751,285.5710154844348,0.03449666682292497,,0.8560040760688259,0.11582777805829736,1.0
03400618,Rosenthal,Schönholz/Wilhelmsruh/Rosenthal,03 - Pankow,150.0,,3.8,641.7130900034273,4.311911650569396e-05,,0.00038069479788734875,0.6037823758603792,0.6042061897747723,199.99498730258068,,20.10589297376348,528.1241680619406,0.3996721860094664,,1.0,0.9994588954637674,1.0,250.0,,39.95553054602084,522.4623225933751,9.211765093994188e-05,,0.4015316730043662,0.9994588954637674,1.0,250.0,,39.95553054602084,514.0709730397737,9.211765093994188e-05,,0.4015316730043662,0.9994588954637674,1.0,250.0,,39.95723527464282,483.51328521071565,9.211765093994188e-05,,0.4015316730043662,0.9994588954637674,1.0
03400619,Wilhelmsruh,Schönholz/Wilhelmsruh/Rosenthal,03 - Pankow,250.0,,,707.4439997809325,0.1355082485866948,,,1.0,1.0,299.3088518550585,,21.54912127109139,823.8033409531824,0.13695391551642042,,0.34030699011781695,1.0,1.0,350.0,,10.080170730769785,784.6430349564198,0.13545301939788604,,0.11252359877258337,1.0,1.0,350.0,,10.080170730769785,672.4472225072851,0.13545301939788604,,0.11252359877258337,1.0,1.0,350.0,,15.077475085471706,650.1936431763057,0.13545301939788604,,0.11252359877258337,1.0,1.0
03400620,Schönholz,Schönholz/Wilhelmsruh/Rosenthal,03 - Pankow,,,,779.5532436136339,,,,0.5278859237751113,0.5278859237751113,249.33370999528955,,16.11982198824965,878.7904012394999,0.6554548164618613,,1.0,0.5485922081726691,1.0,400.0,,14.99938549060948,832.9112371846816,0.05564340452682477,,0.5999351119568288,0.5484185412810862,1.0,400.0,,14.99938549060948,761.2308287731502,0.05564340452682477,,0.5999351119568288,0.5484185412810862,1.0,400.0,,19.99938549060948,723.2457904554093,0.05564340452682477,,0.5999351119568288,0.5484185412810862,1.0
03400721,Florakiez,Pankow Zentrum,03 - Pankow,,,,2499.959378062018,,,,0.8955820212447569,0.8955820212447569,268.0369681258936,,18.012492571547245,1605.4706213555035,0.22650446875040486,,0.7091557723701859,1.0,1.0,,,24.34565604196455,1525.0029003832453,,,0.22650446875040486,1.0,1.0,,,12.663585989508864,1274.9970996167547,,,0.22650446875040486,1.0,1.0,,,17.66358598950886,1259.9976796934036,,,0.22650446875040486,1.0,1.0
03400722,Parkstraße,Pankow Zentrum,03 - Pankow,,,,1884.3313926114522,,,,0.7896048102178519,0.7896048102178519,200.0,,12.5,1525.879012424868,0.21353540041166147,,0.4270708008233228,1.0,1.0,,,12.5,1413.8881095800882,,,0.4270708008233228,1.0,1.0,,,12.5,1227.4075772727422,,,0.4270708008233228,1.0,1.0,,,17.500000000000004,1191.0571585368125,,,0.4270708008233228,1.0,1.0
03400723,Garbátyplatz,Pankow Zentrum,03 - Pankow,,,,2354.4406413229412,,,,0.9996705885606949,0.9996705885606949,270.0,,18.233333333333334,1651.3645077299282,0.0006588228787958367,,0.00197646863638751,1.0,1.0,,,25.0,1499.130115239972,,,0.0006588228787958367,1.0,1.0,,,13.82781806299095,1246.9128780999313,,,0.0004302861760630879,1.0,1.0,,,18.82781806299095,1232.7139854174857,,,0.0004302861760630879,1.0,1.0
03400724,Wolfshagener Straße,Pankow Zentrum,03 - Pankow,,,,1406.6383808669038,,,,0.9374121374723857,0.9374121374723857,269.9833919849496,,18.23242641126308,1329.193453798996,0.12514603323806098,,0.37540840789698987,1.0,1.0,,,24.99406997299598,1207.6614578194956,,,0.12517572505525398,1.0,1.0,,,24.98794935952611,935.490925215558,,,0.12509847118726267,1.0,1.0,,,27.490665335191615,929.3149820248467,,,0.12509847118726267,1.0,1.0
03400725,Schlosspark,Pankow Zentrum,03 - Pankow,200.0,,,976.151062447812,0.026007045681343356,,,0.77692501182786,0.8029320575092034,242.6890023280022,,16.293092626273577,881.2729639432225,0.5099175453452386,,1.0,1.0,1.0,349.99999999999994,,17.431825614902948,824.8770817906039,0.026007045681343356,,0.6940043320106799,1.0,1.0,349.99999999999994,,17.43164112832921,665.94257922706,0.026007045681343356,,0.6939874149374352,1.0,1.0,349.99999999999994,,21.445312902663364,652.1647955857212,0.026007045681343356,,0.6939874149374352,1.0,1.0
03400826,Tiroler Viertel,Pankow Süd,03 - Pankow,,,,1482.2639447922302,,,,0.8602453239737827,0.8602453239737827,270.0,,18.233333333333327,1505.7996408068336,0.27943185775402546,,0.8382955732620765,1.0,1.0,,,24.999999999999996,1476.2604072024476,,,0.27943185775402546,0.8605582886816611,1.0,,,12.54945257313902,1057.8445933480518,,,0.2740116257683254,0.8605582886816614,1.0,,,17.54945257313902,1057.8350338250425,,,0.2740116257683254,0.8605582886816614,1.0
03400827,Trelleborger Viertel,Pankow Süd,03 - Pankow,,,,2021.0275059070955,,,,0.9999999999999817,0.9999999999999817,,,,2222.859919417252,,,,0.9999999999999812,0.9999999999999812,,,,1961.3045247813905,,,,0.9999999999999812,0.9999999999999812,,,,1374.8163238923269,,,,0.9999999999999812,0.9999999999999812,,,,1374.8163238923269,,,,0.9999999999999812,0.9999999999999812
03400828,Spiekermann Straße,Pankow Süd,03 - Pankow,500.00000000000006,,,1621.6669455919139,3.0714912333844395e-05,,,0.9999692850876651,0.999999999999999,500.00000000000006,,,1761.800141289808,3.0714912333844395e-05,,,0.9999692850876633,0.9999999999999971,500.00000000000006,,,1521.6706724273392,3.0714912333844395e-05,,,0.9999692850876633,0.9999999999999971,500.00000000000006,,,1061.157766091366,3.0714912333844395e-05,,,0.9999692850876633,0.9999999999999971,500.00000000000006,,,1061.157766091366,3.0714912333844395e-05,,,0.9999692850876633,0.9999999999999971
03400829,Arnold-Zweig-Straße,Pankow Süd,03 - Pankow,500.00000000000006,,,1136.5404142903194,3.0289955558641424e-05,,,0.9878382544466885,0.9878685444022471,500.00000000000006,,10.0,1247.5387599044327,3.028995555864144e-05,,0.01212502046627429,0.9878382544466885,0.9999935648685214,500.00000000000006,,10.0,1047.5387599044327,3.028995555864144e-05,,0.01212502046627429,0.9878382544466885,0.9999935648685214,500.00000000000006,,10.0,735.6540699283245,3.028995555864144e-05,,0.01212502046627429,0.9878382544466885,0.9999935648685214,500.00000000000006,,14.999999999999998,735.6540699283245,3.028995555864144e-05,,0.01212502046627429,0.9878382544466885,0.9999935648685214
03400830,Kissingenviertel,Pankow Süd,03 - Pankow,250.0,,,1421.1750027152864,0.0012663471711868838,,,0.9179872759956219,0.9192536231668088,300.0,,32.0134045291069,1588.5477692955085,0.0012663471711868832,,0.0884711033663221,0.9179872759956219,1.0,350.0,,33.641018083286355,1392.4250637084115,0.0012663471711868832,,0.08074637683320719,0.9179872759956219,1.0,350.0,,33.641018083286355,997.9537612934045,0.0012663471711868832,,0.08074637683320719,0.9179872759956219,1.0,350.0,,34.70084840273863,997.3721671314693,0.0012663471711868832,,0.08074637683320719,0.9179872759956219,1.0
03400831,Pankower Tor,Pankow Süd,03 - Pankow,249.93340404253394,,,1514.3333526142574,0.1037203591975151,,,0.04310274494959679,0.1468231041471119,271.7152354878649,,18.23333333333333,511.12138141131794,1.0,,1.0,0.8963534182187735,1.0,349.9334040425339,,24.999999999999996,1519.081643395141,0.1037203591975151,,1.0,0.04317652236597035,1.0,349.9334040425339,,20.136912279274057,1089.9372305172485,0.1037203591975151,,1.0,0.04317652236597035,1.0,349.9334040425339,,23.852684209455543,1089.885968341188,0.1037203591975151,,1.0,0.04317652236597035,1.0
03500932,Bühringstraße,Weißensee,03 - Pankow,617.7511039026939,,,917.9122742468376,0.13355807206997347,,,0.5783573760470767,0.7119154481170502,668.6846484419231,,12.404973944090264,995.8498671698525,0.13357188082201843,,0.5538986340094284,0.6973938059111164,1.0,694.1704427390554,,14.616144190464103,888.0584036181383,0.13357188082201843,,0.2880238409396023,0.6973918504562457,1.0,620.6278256304522,,14.616144190464103,726.3544706099676,0.13357188082201843,,0.2880238409396023,0.6973918504562457,1.0,596.1136199275846,,15.000805552757223,712.5196928155175,0.13357188082201843,,0.2880238409396023,0.6973918504562457,1.0
03500933,Weißer See,Weißensee,03 - Pankow,250.00000000000003,,,2150.5489026534674,0.004467950310955872,,,0.9799079103595707,0.9843758606705265,300.0,,12.5,2553.1070350931195,5.4885182349321e-07,,0.09236111604279015,0.9888427132778412,1.0,350.0,,15.0,2301.6946726011547,5.4885182349321e-07,,0.04618055802139508,0.9538188931267527,0.9999999999999714,350.0,,15.0,1704.8226151198344,5.4885182349321e-07,,0.04618055802139508,0.9538188931267527,0.9999999999999714,350.0,,15.0,1700.8749549191375,5.4885182349321e-07,,0.04618055802139508,0.9538188931267527,0.9999999999999714
03500934,Weißenseer Spitze,Weißensee,03 - Pankow,400.30072722763896,,,2456.2611373263717,0.06539255584537323,,,0.9206249286626746,0.9860174845080479,749.3582955848733,,12.499999999999998,2956.4345059549155,0.07024032918003321,,0.0003557426136769419,0.9306002257543675,1.0,749.3582955848733,,15.0,2566.8147860589743,0.07024032918003321,,0.0001778713068384709,0.9306002257543675,1.0,749.3582955848733,,15.0,1868.1091274909757,0.07024032918003321,,0.0001778713068384709,0.9306002257543675,1.0,749.3582955848733,,15.0,1868.076296221015,0.07024032918003321,,0.0001778713068384709,0.9306002257543675,1.0
03500935,Behaimstraße,Weißensee,03 - Pankow,400.0,,,2494.784587779334,0.10874727074846682,,,0.8912461502651648,0.9999934210136316,750.0,,,3000.0,0.10859965758073424,,,0.8914003424192511,0.9999999999999855,750.0,,,2599.9999999999995,0.10859965758073424,,,0.8914003424192511,0.9999999999999855,750.0,,,1900.0,0.10859965758073424,,,0.8914003424192511,0.9999999999999855,750.0,,,1900.0,0.10859965758073424,,,0.8914003424192511,0.9999999999999855
03500936,Komponistenviertel Weißensee,Weißensee,03 - Pankow,250.0,,,2016.2132805731826,0.05470918521270086,,,0.5509323409613979,0.6056415261740987,300.0,,13.325906035902502,2445.8436616782856,0.4439030308708029,,1.0,0.5597700905062737,1.0,350.0,,13.32590586793318,2147.397663862546,0.05470928417407301,,1.0,0.5508468751994432,1.0,350.0,,13.32590586793318,1554.2066690661886,0.05470928417407301,,1.0,0.5508468751994432,1.0,350.0,,16.65181173586636,1554.2066690661886,0.05470928417407301,,1.0,0.5508468751994432,1.0
03501037,Rathaus Weißensee,Weißensee Ost,03 - Pankow,250.00000000000003,,,806.7254021590644,0.4416782456232829,,,0.7470027875654885,1.0,302.18050792575235,,104.41680552244594,883.9341007205577,0.4359980133130132,,0.4315320672188368,0.7595599109757906,1.0,352.17283222029295,,37.35513602073188,1020.0200905854326,0.4375382115390026,,0.14910208554344714,0.41335970291754925,0.9999999999999991,352.17283222029295,,37.35513602073188,772.4287502344046,0.4375382115390026,,0.14910208554344714,0.41335970291754925,0.9999999999999991,352.17283222029295,,37.35513602073188,764.5142168795446,0.4375382115390026,,0.14910208554344714,0.41335970291754925,0.9999999999999991
03501038,Hansastraße,Weißensee Ost,03 - Pankow,250.00000000000003,,,839.9699158714698,0.03522211120542307,,,1.0,1.0,248.03456483492266,,66.10260448232552,892.9870941668195,0.2524512768343144,,1.0,1.0,1.0,350.00000000000006,,21.941372042069602,862.4476974758873,0.03317162624861863,,0.7039950027507782,0.5490548019344451,1.0,350.00000000000006,,21.941372042068952,692.2197697837285,0.04603041214150984,,0.7039950027506962,0.5361960160415951,1.0,350.00000000000006,,24.402166315172355,679.3240920936512,0.04603041214150984,,0.7039950027506962,0.5361960160415951,1.0
03601139,Norweger Viertel,Prenzlauer Berg Nordwest,03 - Pankow,,,,3598.799557964584,,,,0.47879087176254714,0.47879087176254714,270.0,,18.233333333333334,2233.6918850531256,1.0,,1.0,1.0,1.0,,,25.000000000000004,3560.3013019601813,,,1.0,0.47879087176254714,1.0,,,12.500000000000002,2844.989544517862,,,1.0,0.47879087176254714,1.0,,,17.5,2844.989544517862,,,1.0,0.47879087176254714,1.0
03601140,Malmöer Straße,Prenzlauer Berg Nordwest,03 - Pankow,,,,4799.980862078985,,,,0.7924661452931764,0.7924661452931764,270.000146712247,,18.23470411476128,4451.958621566108,0.4150616199513074,,1.0,0.9999939105376846,1.0,,,24.99985328775298,4699.978365828419,,,0.4150616199513074,0.7924661452931764,1.0,,,23.314625604098712,3799.9825262460304,,,0.41506161995130936,0.7924661452931764,1.0,,,26.512194116425885,3799.9825262460304,,,0.41506161995130936,0.7924661452931764,1.0
03601141,Arnimplatz,Prenzlauer Berg Nordwest,03 - Pankow,,6067.02608767504,,4800.0,,0.10249334527147792,,0.897506654728513,0.9999999999999909,,6557.809033419636,,5500.0,,0.1263570197187023,,0.8736429802813153,1.0,,5557.809033419635,,4700.0,,0.1263570197187023,,0.8736429802813153,1.0,,5000.0,,3800.0,,0.12635701971870456,,0.8736429802813152,1.0,,5000.0,,3800.0,,0.12635701971870456,,0.8736429802813152,1.0
03601142,Falkplatz,Prenzlauer Berg Nordwest,03 - Pankow,,7000.000000000001,,5519.609030060009,,0.06363997850841238,,0.4179993971535615,0.48163937566197385,270.00067518516533,7500.0,18.239641813395142,3250.458842116413,1.0,0.08138935679320314,1.0,0.9185406825364499,1.0,,6500.0,24.999324814834623,5889.903578502816,,0.08138935679320314,1.0,0.4004905957329438,1.0,,5000.0,27.49915601854328,4467.711577202618,,0.08138935679320314,1.0,0.4004905957329438,1.0,,5000.0,29.999324814834623,4467.711577202618,,0.08138935679320314,1.0,0.4004905957329438,1.0
03601243,Rodenbergstraße,Prenzlauer Berg Nord,03 - Pankow,,6073.403400861519,,4285.489148891012,,0.02521721687825697,,0.9747827831217597,1.0,,6583.264197425281,,4750.155162904071,,0.04336082421058789,,0.9566391757894337,1.0,,5583.264197425281,,4063.1867096725077,,0.04336082421058789,,0.9566391757894337,1.0,,5000.0,,3172.6907055742663,,0.043360824210585985,,0.9566391757894337,1.0,,5000.0,,3172.6907055742663,,0.043360824210585985,,0.9566391757894337,1.0
03601244,Humannplatz,Prenzlauer Berg Nord,03 - Pankow,,,1500.0000000000002,4382.2757949963925,,,1.620444390548595e-05,0.9999837955560884,0.9999999999999939,,,1700.0,4833.025795555381,,,1.5605726698641397e-05,0.9999843942732962,0.9999999999999949,,,1500.0000000000002,4509.279683622569,,,1.5605726698641397e-05,0.9999843942732941,0.9999999999999928,,,1200.0,3575.605574980633,,,1.5605726698641397e-05,0.9999843942732941,0.9999999999999928,,,1200.0,3575.605574980633,,,1.5605726698641397e-05,0.9999843942732941,0.9999999999999928
03601245,Ostseestraße,Prenzlauer Berg Nord,03 - Pankow,400.0,,1500.0,2466.775553339255,0.06584485218976792,,0.052819710088689686,0.8813354377215308,0.9999999999999883,750.0,,1700.0,2862.5587015599676,0.08815389928216136,,0.00020732987497186652,0.9116387708428677,1.0,750.0,,1500.0,2409.926871034869,0.08815389928216136,,0.00020732987497186652,0.9116387708428685,1.0,750.0,,1200.0,1719.8804939943866,0.08815389928216136,,0.00020732987497186652,0.9116387708428685,1.0,750.0,,1200.0,1719.8804939943866,0.08815389928216136,,0.00020732987497186652,0.9116387708428685,1.0
03601346,Gethsemanekirche,Helmholtzplatz,03 - Pankow,,7000.0,,6000.0,,0.08131872946377873,,0.9186812705362232,1.0,,7500.000000000001,,6999.999999999999,,0.13671736488193145,,0.863282635118069,1.0,,6500.0,,6000.0,,0.13671736488193145,,0.863282635118069,1.0,,5000.0,,5000.0,,0.13671736488193145,,0.863282635118069,1.0,,5000.0,,5000.0,,0.13671736488193145,,0.863282635118069,1.0
03601347,Helmholtzplatz,Helmholtzplatz,03 - Pankow,,7000.0,,6000.105065186203,,0.00026914190333383057,,0.9997308580966646,0.9999999999999987,,7500.0,,7000.035013902214,,4.567597712484941e-05,,0.9999543240228693,0.9999999999999943,,6500.0,,6000.070027804428,,4.567597712484941e-05,,0.9999543240228693,0.9999999999999943,,5000.0,,5000.035013902214,,4.567597712484941e-05,,0.9999543240228693,0.9999999999999941,,5000.0,,5000.035013902214,,4.567597712484941e-05,,0.9999543240228693,0.9999999999999941
03601348,Senefelderstraße,Helmholtzplatz,03 - Pankow,,,1500.0000000000002,6000.147508856206,,,0.00011744140075910462,0.9998825585992376,0.9999999999999968,,,1700.0,7000.023529385939,,,0.00011744140075910394,0.9998825585992376,0.9999999999999968,,,1500.0,6000.047058771876,,,0.00011744140075910394,0.9998825585992376,0.9999999999999968,,,1200.0,5000.023529385938,,,0.00011744140075910394,0.9998825585992376,0.9999999999999968,,,1200.0,5000.023529385938,,,0.00011744140075910394,0.9998825585992376,0.9999999999999968
03601449,Michelangelostraße,Prenzlauer Berg Ost,03 - Pankow,3000.0,,,1176.671741255686,0.0029534752511096492,,,0.9970322626761495,0.9999857379272593,3982.218888202396,,13.333333333333332,1276.7949507859687,0.002967737323850544,,4.2786218222682613e-05,0.9970322626761516,1.0,3494.8707601204646,,13.333333333333332,1076.7348964826624,0.0029582923276119067,,2.833498871591046e-05,0.997032262676152,1.0,2496.499090240952,,13.333333333333332,788.4768070421602,0.0029582923276119067,,2.833498871591046e-05,0.997032262676152,1.0,1997.3132553011958,,16.666666666666664,788.4764194267018,0.0029582923276119067,,2.833498871591046e-05,0.997032262676152,1.0
03601450,Volkspark Prenzlauer Berg,Prenzlauer Berg Ost,03 - Pankow,3000.0,,,1088.373025189015,0.2644461706277054,,,0.3350010829699589,0.5994472535976644,1771.357029711271,,13.333333333333334,1188.4357295465754,0.6649989170300254,,1.0,0.3350010829699589,1.0,2942.7605126582744,,13.333333333333334,1100.2199778713048,0.32128128819087043,,1.0,0.3350010829699589,1.0,2119.661937211203,,13.333333333333334,911.9764981459871,0.32128128819087043,,1.0,0.3350010829699589,1.0,1708.1126494876678,,16.666666666666668,884.023040181894,0.32128128819087043,,1.0,0.3350010829699589,1.0
03601451,Anton-Saefkow-Park,Prenzlauer Berg Ost,03 - Pankow,,,,3207.461916135958,,,,1.0,1.0,,,,3628.774324904659,,,,1.0,1.0,,,,3134.4500226440596,,,,1.0,1.0,,,,2387.332345285947,,,,1.0,1.0,,,,2387.332345285947,,,,1.0,1.0
03601452,Velodrom,Prenzlauer Berg Ost,03 - Pankow,3000.0,,,2500.0120036621092,0.0022569852908255273,,,0.9977430129487439,0.9999999982395695,2766.5161587324574,,137.5,3000.0148219927178,0.0034745384122323378,,0.004870212485627241,0.9965254615877261,1.0,3500.0,,15.0,2600.0124504738833,0.0022569852908255273,,0.0024351062428136206,0.9965254615877261,1.0,2500.0,,15.0,1900.0112647144656,0.0022569852908255273,,0.0024351062428136206,0.9965254615877261,1.0,2000.0,,17.5,1900.0112647144656,0.0022569852908255273,,0.0024351062428136206,0.9965254615877261,1.0
03601453,Alter Schlachthof,Prenzlauer Berg Ost,03 - Pankow,500.4099499697551,4500.0,,1930.885073581368,0.2768680476056829,0.13059500110870326,,0.8503438536275635,1.0,471.3531980319095,6000.0,15.0,2705.734250941016,0.4086982671719278,0.13059500110870326,0.13183021956624488,0.8503438536275635,1.0,700.4591439661257,5000.0,15.0,2313.8113752247427,0.2768680476056829,0.13059500110870326,0.13183021956624488,0.8503438536275635,1.0,700.2951639782236,3500.0,15.0,1821.7196925024932,0.2768680476056829,0.13059500110870326,0.13183021956624488,0.8503438536275635,1.0,700.2131739842727,3500.0,20.0,1821.7196925024932,0.2768680476056829,0.13059500110870326,0.13183021956624488,0.8503438536275635,1.0
03701554,Teutoburger Platz,Prenzlauer Berg Südwest,03 - Pankow,,,,7000.198659740847,,,,0.9999999999999842,0.9999999999999842,,,,7000.198659740846,,,,0.9999999999999849,0.9999999999999849,,,,6000.396145275554,,,,0.9999999999999849,0.9999999999999849,,,,5000.198659740846,,,,0.9999999999999849,0.9999999999999849,,,,5000.198659740846,,,,0.9999999999999849,0.9999999999999849
03701555,Sredzkistraße,Prenzlauer Berg Südwest,03 - Pankow,,,,7467.849834549589,,,,1.0,1.0,,,,7467.849834549589,,,,1.0,1.0,,,,6935.699669099177,,,,1.0,1.0,,,,5467.849834549589,,,,1.0,1.0,,,,5467.849834549589,,,,1.0,1.0
03701556,Kollwitzplatz,Prenzlauer Berg Südwest,03 - Pankow,,13999.999999999998,,7453.358587727248,,3.6217163766011692e-09,,0.9999880133114523,0.9999880169331686,,15000.0,15.0,7453.353591081713,,3.6217163766011692e-09,1.923358500820527e-06,0.999999034699041,1.0,,13000.0,15.0,6906.68342431303,,3.6217163766011692e-09,9.616792504102635e-07,0.999999034699041,1.0,,10000.0,15.0,5453.353591081713,,3.6217163766011692e-09,9.616792504102635e-07,0.999999034699041,1.0,,8500.0,15.0,5453.353591081713,,3.6217163766011692e-09,9.616792504102635e-07,0.999999034699041,1.0
03701657,Thälmannpark,Prenzlauer Berg Süd,03 - Pankow,,,1500.0,4130.904905544332,,,0.3784005599149185,0.6215994400850887,1.0,,,1700.0,4422.871945003426,,,0.3718195521778722,0.6281804478221485,1.0,,,1500.0,3807.6920452112654,,,0.3718195521778722,0.6281804478221485,1.0,,,1200.0,3002.4342393707143,,,0.3718195521778722,0.6281804478221485,1.0,,,1200.0,3002.4342393707143,,,0.3718195521778722,0.6281804478221485,1.0
03701658,Christburger Straße,Prenzlauer Berg Süd,03 - Pankow,,,,7000.0,,,,0.9999999999999998,0.9999999999999998,,,,7000.0,,,,0.9999999999999998,0.9999999999999998,,,,5999.999999999999,,,,0.9999999999999998,0.9999999999999998,,,,5000.0,,,,0.9999999999999998,0.9999999999999998,,,,5000.0,,,,0.9999999999999998,0.9999999999999998
03701659,Immanuelkirchstraße,Prenzlauer Berg Süd,03 - Pankow,,13999.999999999998,,6274.912588511063,,7.6019674412938495e-06,,0.7285368002592971,0.7285444022267384,,15000.0,15.0,6325.648961441808,,7.6019674412938495e-06,0.5312096978208576,0.7343875491221206,1.0,,13000.0,15.0,5415.562433249567,,7.6019674412938495e-06,0.2656048489104288,0.7343875491221206,0.9999999999999907,,10000.0,15.0,4415.562433249568,,7.6019674412938495e-06,0.2656048489104288,0.7343875491221206,0.9999999999999907,,8500.0,15.0,4415.562433249568,,7.6019674412938495e-06,0.2656048489104288,0.7343875491221206,0.9999999999999907
03701660,Bötzowstraße,Prenzlauer Berg Süd,03 - Pankow,,,,6448.606986704089,,,,0.9126940756575842,0.9126940756575842,480.0,,120.40202540627149,6509.769470003982,0.06590908306959287,,0.3064025627554867,0.9127078016919273,1.0,,,15.000000000000002,5583.287594361828,,,0.15320128137774336,0.9127078016919273,1.0,,,15.000000000000002,4619.980835974522,,,0.15320128137774336,0.9127078016919273,1.0,,,17.151061742985135,4619.980835974522,,,0.15320128137774336,0.9127078016919273,1.0
04100101,Jungfernheide/Plötzensee,Charlottenburg Nord,04 - Charlottenburg-Wilmersdorf,300.0,,150.0,999.985493217073,0.08345579504410619,,0.042658676766551704,0.1733813526416879,0.2994958244523458,327.90488576174243,800.0,69.67076166476375,882.1533011236033,0.477332949894943,1.4318535311523357e-05,1.0,0.25170482568304,1.0,456.0400833628235,,39.838158847252956,949.95427667245,0.08815382210073627,,1.0,0.17338754098920936,1.0,451.90628754142307,,39.838158847252956,649.9883201276668,0.08815382210073627,,1.0,0.17338754098920936,1.0,481.1326373364483,,42.40359996067223,649.9866670137179,0.08815382210073627,,1.0,0.17338754098920936,1.0
04100102,Paul-Hertz-Siedlung,Charlottenburg Nord,04 - Charlottenburg-Wilmersdorf,,,,1000.0,,,,0.833172841207875,0.833172841207875,350.0,,13.711068177280922,985.805491065679,0.16241502322349516,,0.3422839051910901,0.9955865419223942,1.0,,,11.78473205072978,950.0,,,0.17114195259554504,0.833171518698899,1.0,,,11.78473205072978,650.0,,,0.17114195259554504,0.833171518698899,1.0,,,16.657251189963368,650.0,,,0.17114195259554504,0.833171518698899,1.0
04200203,Olympiagelände,Heerstraße,04 - Charlottenburg-Wilmersdorf,,,200.0,720.2680665179741,,,0.0603584277225802,0.07920522173292312,0.1395636494555033,399.9732843055974,,81.95468928730162,985.0383383055288,0.8567876090584944,,1.0,0.9395836282524672,1.0,,,160.20062012665835,823.0402344247653,,,1.0,0.08289167691064663,1.0,,,159.7416853690566,766.6301851024923,,,1.0,0.08289167691064663,1.0,,,161.3701267526493,727.6527550484244,,,1.0,0.08289167691064663,1.0
04200204,Angerburger Allee,Heerstraße,04 - Charlottenburg-Wilmersdorf,,,,1818.2002361717653,,,,0.743938427061218,0.743938427061218,250.0338404188202,,175.0609658158884,1715.84801089465,0.2560900901096462,,0.5127662839147266,0.9998986372423005,1.0,,,175.22662144661336,1544.315356717094,,,0.5119695363397078,0.7439384270611792,1.0,,,175.22662144661336,1199.1096874088482,,,0.5119695363397078,0.7439384270611792,1.0,,,175.22710112337123,1195.8445725058345,,,0.5119695363397078,0.7439384270611792,1.0
04200205,Flatowallee,Heerstraße,04 - Charlottenburg-Wilmersdorf,,,,1400.0539331307784,,,,0.6277639463098442,0.6277639463098442,531.7267557567995,,47.31642362246652,1499.1904817856005,0.37196559617234937,,1.0,0.7550108881812568,1.0,,,77.69308653758829,1599.8906375988488,,,0.8709076823324111,0.6280343981935446,1.0,,,77.69308653758829,1499.7315565534207,,,0.8709076823324111,0.6280343981935446,1.0,,,79.82859184841625,1399.8290976253256,,,0.8709076823324111,0.6280343981935446,1.0
04200206,Kranzallee,Heerstraße,04 - Charlottenburg-Wilmersdorf,,,0.6,1647.2761496710316,,,0.278099753631737,0.5837174883718174,0.8618172420035544,244.85432649101733,799.9999999999999,79.33120097815578,1778.3782145224288,0.34953912353464195,0.27811815075440877,1.0,0.6523328377207366,1.0,,,57.73916198346641,1807.7470457946617,,,0.420980207065153,0.5836990893308508,1.0,,,57.73916198346641,1692.6011759874002,,,0.420980207065153,0.5836990893308508,1.0,,,57.77250482350391,1597.8481912132354,,,0.420980207065153,0.5836990893308508,1.0
04200207,Eichkamp,Heerstraße,04 - Charlottenburg-Wilmersdorf,,,6.189546825601867,1000.2256569987057,,,0.875865865753009,0.031397312566582465,0.9072631783195915,299.99107079612764,800.0,72.15557619895353,1225.3064083480333,0.9201493920976168,0.8717823118125535,1.0,0.06289156245412164,1.0,,,6.824048702895586,1100.25623515999,,,0.8938681381273766,0.031397312566582465,0.925265450693959,,,5.45412003785653,1063.639866547308,,,0.8938681381273766,0.031397312566582465,0.925265450693959,,,5.5022003828320365,996.0361210403385,,,0.891013452267929,0.03425199842602996,0.925265450693959
04200308,Branitzer Platz,Westend,04 - Charlottenburg-Wilmersdorf,1199.8653009795776,4000.0000000000005,550.0,2186.6404718622302,0.03261003386732283,0.0009617350593701055,0.056979003796584896,0.2929463974156525,0.3834971701389303,284.78886471179857,4500.0,35.424825112098496,1342.7565087639505,0.6478549480949852,0.0027269328285792487,1.0,0.7964207811929956,1.0,690.0741430479856,3800.0,34.230356992350316,2164.5453820787684,0.14260310264293588,0.0027269328285792487,1.0,0.2911811996464451,1.0,621.4803171281956,2700.0,30.990210886083265,1916.2702307789928,0.14260310264293588,0.0027269328285792487,1.0,0.2911811996464451,1.0,575.7510998483356,2700.0,32.795604888080135,1843.0866493885867,0.14260310264293588,0.0027269328285792487,1.0,0.2911811996464451,1.0
04200309,Neu Westend,Westend,04 - Charlottenburg-Wilmersdorf,,4000.0,,2135.7291616416746,,0.0005268001385171905,,0.9630948738045978,0.963621673943115,413.5773615414687,4500.0,77.739926881501,2188.7591369018173,0.03637831551471622,0.0005577930191853336,0.21077851706584771,0.9969519505055113,1.0,,3800.0,151.65215777141242,1920.7526231920604,,0.0005577930191853336,0.10663438149948813,0.9630638809239238,1.0,,2700.0,151.65215777141242,1453.344099917803,,0.0005577930191853336,0.10663438149948813,0.9630638809239238,1.0,,2700.0,153.35790759633596,1438.6108911825302,,0.0005577930191853336,0.10663438149948813,0.9630638809239238,1.0
04200310,Fürstenplatz,Westend,04 - Charlottenburg-Wilmersdorf,,4000.0000000000005,1200.0,2397.8201048736887,,0.07895280195980636,0.030806080540606864,0.8697289314682012,0.9794878139686144,600.0,4500.0,442.57419929611024,2554.1249630295383,0.02051212607233358,0.12013354831369574,0.0923424587576076,0.8285481851322224,1.0,,3800.0,566.1016309520077,2326.8879454460543,,0.12013354831369574,0.07183033268527401,0.8285481851322224,1.0,,2700.0000000000005,437.43977158578025,1984.4141253185633,,0.12013354831369574,0.07183033268527401,0.8285481851322224,1.0,,2700.0000000000005,438.867589424395,1936.1463127662898,,0.12013354831369574,0.07183033268527401,0.8285481851322224,1.0
04200311,Königin-Elisabeth-Straße,Westend,04 - Charlottenburg-Wilmersdorf,,,1200.0,5470.106631671781,,,0.545157661556859,0.3260209374793769,0.8711785990362358,1394.063570027019,,610.1845600553012,3325.8651013926456,0.5501192050192503,,1.0,0.6948846679501022,1.0,,,985.3777363749557,4692.919461451731,,,0.6396446534720279,0.3644375139971607,1.0,,,758.8304049255497,3508.281057838773,,,0.6396446534720279,0.3644375139971607,1.0,,,760.0227063182512,3508.2745579027746,,,0.639644653472028,0.3644375139971607,1.0
04300412,Schlossgarten,Schloss Charlottenburg,04 - Charlottenburg-Wilmersdorf,1000.0,,,5499.0309144367975,0.03248291970928234,,,0.18688061405150824,0.2193635337607906,431.56923125331554,,12.499996430598337,5796.128185828909,0.8120129257751127,,1.0,0.19387530854765125,1.0,480.264391060142,,12.488669262490307,4999.42636001272,0.8049786871161134,,1.0,0.18684106988865187,1.0,472.19388677743746,,12.488669262490307,3999.4622125119245,0.8049786871161134,,1.0,0.18684106988865187,1.0,468.15863463608514,,17.488669262490305,3999.4622125119245,0.8049786871161134,,1.0,0.18684106988865187,1.0
04300413,Klausenerplatz,Schloss Charlottenburg,04 - Charlottenburg-Wilmersdorf,2500.0,,,5499.999999999999,0.0809033008662727,,,0.8682740616000573,0.94917736246633,1689.7746369691486,,12.5,5744.2949169913845,0.1317260758145905,,0.10164553104524388,0.9491772208081074,1.0,1524.8121974742903,,12.5,4795.435933593108,0.1317260758145905,,0.10164553104524388,0.9491772208081074,1.0,1317.7812063434494,,12.5,3788.0179926542073,0.1422813344442275,,0.10164553104524388,0.949177220808107,1.0,1124.9409382671272,,17.5,3788.0179926542073,0.1422813344442275,,0.10164553104524388,0.949177220808107,1.0
04300414,Schloßstraße,Schloss Charlottenburg,04 - Charlottenburg-Wilmersdorf,2500.0,,1200.0,5677.439631853313,5.290747949487972e-06,,0.00550940924689192,0.9944852578422512,0.9999999578370926,1400.349369561592,,13.333328946977577,6076.262182620473,0.01653356198806636,,0.016528314739557983,1.0,1.0,2185.729191697977,,14.999960523213765,5159.687766808858,5.334247390600443e-06,,0.005509496245774144,0.9944905472536647,1.0,1788.9910907384394,,14.999960523213765,4159.688830820571,5.334247390600443e-06,,0.005509496245774144,0.9944905472536647,1.0,1491.4375150187861,,19.999960523213765,4159.688830820571,5.334247390600443e-06,,0.005509496245774144,0.9944905472536647,1.0
04300415,Lietzensee,Schloss Charlottenburg,04 - Charlottenburg-Wilmersdorf,,,1200.0,7500.0,,,0.044308720699218464,0.44635095357168186,0.49065967427090035,1340.9190341825233,,13.970967097977995,4347.055421861023,1.0,,1.0,0.9379107233695043,1.0,,,15.273719486283028,7000.0,,,0.542929954346531,0.45706836076360435,0.9999983151101355,,,15.209816104271427,6000.0,,,0.542929954346531,0.45706836076360435,0.9999983151101355,,,20.208751047904567,6000.0,,,0.542929954346531,0.45706836076360435,0.9999983151101353
04300416,Amtsgerichtsplatz,Schloss Charlottenburg,04 - Charlottenburg-Wilmersdorf,,7499.999999999999,,7047.36969661664,,5.153954930890385e-07,,0.9030465728591961,0.9030470882546893,1397.6463409310545,7999.999999999999,13.352947158907877,6069.13920192087,0.284172969734158,5.153954930890385e-07,0.28417296973415807,1.0,1.0,,6999.999999999999,15.0,6095.159443754678,,5.153954930890385e-07,0.09695381086926588,0.9030456737351927,0.9999999999999517,,5500.0,15.0,5095.159443754679,,5.153954930890385e-07,0.09695381086926588,0.9030456737351927,0.9999999999999517,,5500.0,19.999999999999996,5095.159443754679,,5.153954930890385e-07,0.09695381086926588,0.9030456737351927,0.9999999999999517
04300517,Tegeler Weg,Mierendorffplatz,04 - Charlottenburg-Wilmersdorf,2992.0074392720235,,,3800.0,0.06241144896675797,,,0.8507667939781323,0.9131782429448903,1671.8169463033373,,12.5,3580.989708485062,0.17176734735651736,,0.2187519670985854,0.9373107695151497,1.0,3476.853183650846,,10.012801084096498,3400.0,0.06267210880800798,,0.10965672855007604,0.8282155309666404,1.0,2484.6240901549304,,10.012801084096498,2500.0,0.06267210880800798,,0.10965672855007604,0.8282155309666404,1.0,1988.509543406973,,15.012801084096498,2500.0,0.06267210880800798,,0.10965672855007604,0.8282155309666404,1.0
04300518,Kaiserin-Augusta-Allee,Mierendorffplatz,04 - Charlottenburg-Wilmersdorf,2032.0536513355546,,,3801.208982033327,0.45136676951007537,,,0.23438831712241542,0.6857550866324907,1782.231560462109,,12.22259243682209,2349.3583073655886,0.63426686187065,,0.4817180716758687,0.43416632873670924,1.0,2198.8101220037647,,10.172253461401018,3401.143452337826,0.4351034326691351,,0.28115948106108796,0.23500289953519438,0.9512658132654175,1713.8562096983,,10.172253461401018,2501.0560280898917,0.4312645189312562,,0.28115948106108796,0.23884181327307322,0.9512658132654175,1378.5113272105652,,15.159848033990206,2501.0560280898917,0.4312645189312562,,0.28115948106108796,0.23884181327307322,0.9512658132654175
04300619,Alt-Lietzow,Otto-Suhr-Allee/Kantstraße,04 - Charlottenburg-Wilmersdorf,,,,5500.0,,,,0.9999949746796377,0.9999949746796377,,,,6000.0,,,,0.9999949746796377,0.9999949746796377,,,,5000.0,,,,0.9999949746796377,0.9999949746796377,,,,4000.0,,,,0.9999949746796377,0.9999949746796377,,,,4000.0,,,,0.9999949746796377,0.9999949746796377
04300620,Spreestadt,Otto-Suhr-Allee/Kantstraße,04 - Charlottenburg-Wilmersdorf,5779.302456815581,,5000.0,3601.684942729435,0.7429241329804753,,0.0675983690155668,0.16941027710572593,0.979932779101768,7771.349497781632,,5963.120456314007,4001.768997559188,0.7233392297696596,,0.08811592056594969,0.16921514364660162,0.9806702939822111,6773.259226543328,,4979.146887078231,3401.4123811273726,0.7231548510495494,,0.08793154184583941,0.16921514364660162,0.9803015365419905,4779.381684518729,,3978.43465478213,2701.151961103455,0.7431584781564096,,0.06792791473897766,0.16921514364660162,0.9803015365419888,4279.372050860601,,3481.162555593201,2701.151961103455,0.7431584781564096,,0.06792791473897772,0.16921514364660162,0.9803015365419888
04300621,Richard-Wagner-Straße,Otto-Suhr-Allee/Kantstraße,04 - Charlottenburg-Wilmersdorf,,,,5622.428213887831,,,,1.0,1.0,,,,6081.6188092585535,,,,1.0,1.0,,,,5081.618809258554,,,,1.0,1.0,,,,4081.6188092585535,,,,1.0,1.0,,,,4081.6188092585535,,,,1.0,1.0
04300622,Ernst-Reuter-Platz,Otto-Suhr-Allee/Kantstraße,04 - Charlottenburg-Wilmersdorf,,10515.802543742137,5000.0,5555.603372003089,,0.3051926979938286,0.4615023592417589,0.23323642992403867,0.9999314871596261,320.0,11999.578674075336,5999.987589331458,6037.0689146687255,3.249682219080981e-07,0.3051926979938286,0.46150333414642547,0.23323642992403867,0.9999327870325145,,10247.569342674304,4999.9929972093305,5037.068914668725,,0.3051926979938286,0.46150300917820347,0.23323642992403867,0.9999321370960708,,8249.442204289939,3999.994405513135,4037.0689146687255,,0.3051926979938286,0.46150300917820347,0.23323642992403867,0.9999321370960708,,7488.431741595469,3499.9949750708324,4037.0689146687255,,0.31787754779316946,0.4488181593788619,0.23323642992403867,0.9999321370960701
04300623,Karl-August-Platz,Otto-Suhr-Allee/Kantstraße,04 - Charlottenburg-Wilmersdorf,,5500.716593489896,,7000.0,,0.045809052833413993,,0.8857612522913938,0.9315703051248078,1400.0,7000.238197392178,13.333333333333334,6226.375950526587,0.20528908462548406,0.06890602104976283,0.20528908462548406,0.9995236738253677,1.0,,6000.238197392177,15.000000000000002,6000.0,,0.06890602104976283,0.06842969487516135,0.8626642840750449,0.999999999999969,,4500.238197392178,15.000000000000002,5000.0,,0.06890602104976283,0.06842969487516135,0.8626642840750449,0.999999999999969,,4500.238197392178,20.0,5000.0,,0.06890602104976283,0.06842969487516135,0.8626642840750449,0.999999999999969
04300624,Savignyplatz,Otto-Suhr-Allee/Kantstraße,04 - Charlottenburg-Wilmersdorf,,9997.790104536125,,7000.0,,0.21050224927359548,,0.7555406915556886,0.966042940829284,1399.9999999999998,10001.586477682411,13.333333333333332,6534.018425763192,0.10187117751204415,0.21050224927359548,0.10187117751204415,0.8234548098970513,1.0,,8502.691425414348,15.000000000000002,5999.999999999999,,0.21050224927359548,0.033957059170681377,0.7555406915556886,0.9999999999999654,,7001.922446724534,15.000000000000002,5000.0,,0.21050224927359548,0.033957059170681377,0.7555406915556886,0.9999999999999654,,7000.768978689814,20.0,5000.0,,0.21050224927359548,0.033957059170681377,0.7555406915556886,0.9999999999999654
04400725,Güterbahnhof Grunewald,Grunewald,04 - Charlottenburg-Wilmersdorf,,,,2853.602619345894,,,,0.009169789120503832,0.009169789120503832,1400.0,,13.333333333333336,1357.4031272291168,1.0,,1.0,1.0,1.0,,,15.0,2957.461462242567,,,0.9908312854522863,0.009168714439469944,0.9999999998917564,,,15.0,2857.4575921509027,,,0.9908312854522863,0.009168714439469944,0.9999999998917564,,,20.0,2757.458075912361,,,0.9908312854522863,0.009168714439469944,0.9999999998917564
04400726,Bismarckallee,Grunewald,04 - Charlottenburg-Wilmersdorf,,,,2680.712192752366,,,,0.9295289888067721,0.9295289888067721,1399.9999999999998,,13.333333333333334,2693.840049241611,0.09128523930837526,,0.09128523930837526,0.9903857852559054,1.0,,,15.0,2761.5367400782375,,,0.030428413102791745,0.9295289590503218,0.9599573721531136,,,15.0,2627.9104096232495,,,0.030428413102791745,0.929528959050322,0.9599573721531136,,,20.0,2531.8774922375896,,,0.030428413102791745,0.929528959050322,0.9599573721531136
04400727,Flinsberger Platz,Grunewald,04 - Charlottenburg-Wilmersdorf,750.0,,,2764.296337889888,0.00015018257872017815,,,0.9998497749094039,0.999999957488124,1000.0,,,2620.438864802732,0.00015018257872017815,,,1.0,1.0,1000.0,,,2389.1343755864837,0.00015018257872017815,,,1.0,1.0,1000.0,,,1969.3106765292298,0.00015018257872017815,,,1.0,1.0,1000.0,,,1918.4877681678097,0.00015018257872017815,,,1.0,1.0
04400728,Hagenplatz,Grunewald,04 - Charlottenburg-Wilmersdorf,,,,2883.3187899772756,,,,0.9999999999999706,0.9999999999999706,1399.9999999999998,,13.333333333333332,2977.5848806570393,1.262023910937033e-05,,1.262023910937033e-05,1.0,1.0,,,15.0,2975.758909462015,,,4.20674636979011e-06,1.0,1.0,,,15.0,2873.9193285048973,,,4.20674636979011e-06,1.0,1.0,,,20.0,2774.53252215727,,,4.20674636979011e-06,1.0,1.0
04400729,Hundekehle,Grunewald,04 - Charlottenburg-Wilmersdorf,,,0.6,2746.6672396020685,,,0.6803081215069163,0.2440995447507208,0.9244076662576372,362.7443480807932,800.0,74.9473569641418,2667.964119417004,0.7680233352128254,0.6802918817933511,1.0,0.2801373110129958,1.0,,,2.9348794960424662,2847.175720787916,,,0.7344768372874151,0.24657454114093585,0.9810513784283509,,,2.9348794960424662,2746.954864105528,,,0.7344768372874151,0.24657454114093585,0.9810513784283509,,,3.0490645057743753,2647.0284829996567,,,0.7344768372874151,0.24657454114093585,0.9810513784283509
04400830,Forckenbeckstraße,Schmargendorf,04 - Charlottenburg-Wilmersdorf,3500.0,,,2293.204620335359,0.16244007722428327,,,0.45914097315407076,0.6215810503783541,2039.0693281891392,,115.99999999999999,2188.7513711551182,0.5408457057513422,,1.0,0.7870876918068581,1.0,4000.0,,12.5,2017.099729541655,0.1605646240368651,,0.7605621634289541,0.7870876918068581,1.0,3000.0,,12.5,1729.908744651177,0.1605646240368651,,0.7605621634289541,0.7870876918068581,1.0,2000.0,,14.999999999999998,1679.3491794222734,0.1605646240368651,,0.7605621634289541,0.7870876918068581,1.0
04400831,Messelpark,Schmargendorf,04 - Charlottenburg-Wilmersdorf,,,,2342.806005249652,,,,0.9999999646803535,0.9999999646803535,,,,2442.5283170254143,,,,1.0,1.0,,,,2442.3748432862412,,,,1.0,1.0,,,,2342.2213695470687,,,,1.0,1.0,,,,2242.2725274601266,,,,1.0,1.0
04400832,Breite Straße,Schmargendorf,04 - Charlottenburg-Wilmersdorf,,,900.0,2101.678672383951,,,0.1160961390561438,0.8839054635938898,1.0,1000.0,,996.7291773329482,2051.2319734835687,8.623079442694493e-05,,0.11652729302827852,1.0,1.0,,,998.5352380776201,1901.6082465165262,,,0.1162686006449977,1.0,1.0,,,948.6094032382468,1651.9845195494834,,,0.1162686006449977,1.0,1.0,,,898.6872766569049,1601.8590952051643,,,0.1162686006449977,1.0,1.0
04400833,Schlangenbader Straße,Schmargendorf,04 - Charlottenburg-Wilmersdorf,3500.0,,900.0000000000001,2158.568541177979,2.6777894181000614e-05,,0.003735718130234629,0.9960041255551807,0.9997666215795964,1385.5291846072132,,801.5190396992523,2092.3597615077283,0.00024310125763628233,,0.004817334947511034,1.0,1.0,4000.0000000000005,,897.5044993741778,1932.347571610316,2.6777894181001136e-05,,0.004168364857145191,1.0,1.0,3000.0,,852.6941449754853,1674.139733813694,2.6777894181001136e-05,,0.004168364857145191,1.0,1.0,2000.0000000000002,,808.1432728568582,1625.0419098640887,2.6777894181001136e-05,,0.004168364857145191,1.0,1.0
04400834,Binger Straße,Schmargendorf,04 - Charlottenburg-Wilmersdorf,3500.0,,900.0,3630.9723658988705,0.0005552527863728824,,0.012120776811578493,0.9873741979361172,1.0,4392.348676062633,,993.62094761476,4045.277228901864,0.0005728729378610631,,0.012208877569019396,0.9873741979361172,1.0,4000.0,,997.1372367395328,3441.1155068232183,0.0005552527863728824,,0.012156017114554855,0.9873741979361172,1.0,3000.0,,947.2821867780374,2812.471423181742,0.0005552527863728824,,0.012156017114554855,0.9873741979361172,1.0,2000.0,,897.4343843184674,2800.230242400326,0.0005552527863728824,,0.012156017114554855,0.9873741979361172,1.0
04400835,Rüdesheimer Platz,Schmargendorf,04 - Charlottenburg-Wilmersdorf,,,,4103.381573368393,,,,1.0,1.0,1000.0,,116.0,4564.250219758821,2.3317676362509223e-05,,0.0001165883818125461,1.0,1.0,,,12.499999999999998,3853.6326355848623,,,4.663535272501845e-05,1.0,1.0,,,12.499999999999998,3131.838801173369,,,4.663535272501845e-05,1.0,1.0,,,15.0,3126.251049341325,,,4.663535272501845e-05,1.0,1.0
04500936,Droysenstraße,Halensee,04 - Charlottenburg-Wilmersdorf,,8754.746045107824,,5999.999999999999,,0.0907034289733309,,0.9074881920993175,0.9981916210726484,1400.0,10506.28922481828,13.333333333333334,6479.504721205603,0.005425136782109188,0.09299893365155393,0.005425136782109188,0.9088094452758005,1.0,,9193.003071715995,14.999999999999998,5500.0,,0.09299893365155393,0.0018083789273697292,0.9051926874210611,0.9999999999999847,,7223.0738420625685,14.999999999999998,4500.0,,0.09299893365155393,0.0018083789273697292,0.9051926874210611,0.9999999999999847,,6753.14461240914,20.0,4500.0,,0.09299893365155393,0.0018083789273697292,0.9051926874210611,0.9999999999999847
04500937,Halensee,Halensee,04 - Charlottenburg-Wilmersdorf,4996.964211476507,6500.0,,5219.68487459861,0.05559107454996018,0.13995575849691494,,0.4292421701792071,0.6247890032260822,1663.3469528346445,7000.0,13.333333333333334,2880.8222216552817,1.0,0.13995575849691494,1.0,1.0,1.0,5996.428515402147,6000.0,15.0,4719.658140333717,0.055591074201576246,0.13995575849691494,0.3752110047776905,0.42924217017920724,1.0,3997.8571092412885,5000.0,15.0,3752.1736038480412,0.055591074201576246,0.13995575849691494,0.3752110047776905,0.42924217017920724,1.0,3498.2142577010736,4500.0,20.0,3752.1736038480412,0.055591074201576246,0.13995575849691494,0.3752110047776905,0.42924217017920724,1.0
04500938,Hochmeisterplatz,Halensee,04 - Charlottenburg-Wilmersdorf,751.3295951104037,12000.0,,5999.804020012231,0.10490179936515259,0.003774541329895197,,0.8913145570419324,0.9999908977369801,1001.9807913811295,16000.0,13.333333333333332,6499.657119464254,0.10492912513184247,0.0058432523191772785,2.7335286108448824e-05,0.8892968876958672,1.0,1001.564229683599,14000.0,14.999999999999998,5499.80357134043,0.10490178984573402,0.0058432523191772785,9.111762036149609e-06,0.8892786641717949,1.0,1000.9385378101597,11000.0,14.999999999999998,4499.064204838951,0.10490178984571975,0.0058432523191772785,9.111762036149609e-06,0.8892786641717919,1.0,1000.6256918734398,9500.0,20.0,4499.064204838951,0.10490178984571975,0.0058432523191772785,9.111762036149609e-06,0.8892786641717919,1.0
04500939,Eisenzahnstraße,Halensee,04 - Charlottenburg-Wilmersdorf,4911.713547641253,,,3912.8535607836443,0.3108785921204533,,,0.689113052060119,0.9999916441805723,6875.199659285813,7499.999999999999,116.0,4681.277903281722,0.3108870923511574,0.11979644075269412,4.2501153520552247e-05,0.8737371079958586,1.0,5896.133585460297,6000.0,12.499999999999998,4039.464359711828,0.3108785921204533,0.11979644075269412,1.70004614082209e-05,0.8737371079958586,1.0,3937.680151276882,5000.0,12.499999999999998,3115.697428405671,0.3108785921203789,0.11979644075269412,1.70004614082209e-05,0.8737371079959424,1.0,2958.4534341845874,4000.0,15.0,3086.735824545681,0.3108785921203789,0.11979644075269412,1.70004614082209e-05,0.8737371079959424,1.0
04501040,Hindemithplatz,Lietzenburger Straße,04 - Charlottenburg-Wilmersdorf,,8046.293047596179,,6000.0,,0.9961801369251387,,0.0017301026637572756,0.9979102395888959,1400.0,9054.216454722327,13.333333333333334,1727.3306745667971,0.0062690794500147445,0.997579931971624,0.0062690794500147445,0.004509693917281963,1.0,,7935.027456524395,15.0,5503.400581257801,,0.997579931971624,0.002089693150004915,0.0003303076172721325,0.9999999327389011,,6256.243959227496,15.0,4503.400581257801,,0.997579931971624,0.002089693150004915,0.0003303076172721325,0.9999999327389011,,6083.133235124793,20.0,4503.400581257801,,0.997579931971624,0.002089693150004915,0.0003303076172721325,0.9999999327389011
04501041,George-Grosz-Platz,Lietzenburger Straße,04 - Charlottenburg-Wilmersdorf,,10971.218500890302,,6000.0,,0.9985229994252591,,0.00028229003860822044,0.9988052894638673,1400.0,13466.890305193385,13.333333333333334,1999.802192494974,0.0035841316081250056,0.9985229994252586,0.0035841316081250056,0.0026717111106915573,1.0,,12000.274770195037,15.0,7500.0,,0.9985229994252586,0.0011947105360416686,0.00028229003860822044,0.9999999999999085,,9800.367463486997,15.0,6500.0,,0.9985229994252586,0.0011947105360416686,0.00028229003860822044,0.9999999999999085,,9333.762592348305,20.0,6500.0,,0.9985229994252586,0.0011947105360416686,0.00028229003860822044,0.9999999999999085
04501042,Breitscheidplatz,Lietzenburger Straße,04 - Charlottenburg-Wilmersdorf,,16089.717335491467,,6000.0,,0.9463105007851927,,0.05341244002252557,0.9997229408077182,320.0,19555.34015154781,125.00000000000001,6004.124947350313,0.00027705919229546467,0.9463105007851004,0.000831177576886394,0.05341244002261142,1.0,,16692.688490679637,27.5,5006.874912250521,,0.9463105007851004,0.0005541183845909293,0.05341244002261142,1.0,,13425.965039577963,27.5,4006.874912250522,,0.9463105007851004,0.0005541183845909293,0.05341244002261142,1.0,,12463.17220423501,30.0,4006.874912250522,,0.9463105007851004,0.0005541183845909293,0.05341244002261142,1.0
04501043,Preußenpark,Lietzenburger Straße,04 - Charlottenburg-Wilmersdorf,,11879.555313423822,,5999.959507132707,,0.016232478769031323,,0.9837675212309643,0.9999999999999956,,8350.231227640503,,6787.023195100437,,0.23820167447189972,,0.7617983255280949,0.9999999999999946,,6799.7347990353555,,6074.113788118507,,0.23820167447189972,,0.7617983255280949,0.9999999999999946,,5597.749084614758,,5074.124246416071,,0.23820167447189972,,0.7617983255280951,0.999999999999995,,4551.356685333125,,5074.123084383009,,0.23820167447189972,,0.7617983255280951,0.999999999999995
04501044,Ludwigkirchplatz,Lietzenburger Straße,04 - Charlottenburg-Wilmersdorf,,,,6000.0,,,,0.9999999999999991,0.9999999999999991,,7500.0,,6947.288700463086,,0.00017163160586710475,,0.9998283683941308,0.999999999999998,,6000.0,,6445.292412992812,,0.00017163160586710475,,0.9998283683941308,0.999999999999998,,5000.000000000001,,5448.0518062909605,,0.00017163160586710475,,0.9998283683941308,0.999999999999998,,4000.0,,5448.0518062909605,,0.00017163160586710475,,0.9998283683941308,0.999999999999998
04501045,Schaperstraße,Lietzenburger Straße,04 - Charlottenburg-Wilmersdorf,,11759.997962027828,,5999.999999999999,,2.1497706631543736e-05,,0.9999785022933698,1.0,,15519.995924040048,,6652.211396233935,,2.149770663084448e-05,,0.9999785022933722,1.0,,13519.995924040048,,6078.329710638091,,2.149770663084448e-05,,0.9999785022933722,1.0,,10639.996943030033,,5078.329710638091,,2.149770663084448e-05,,0.9999785022933722,1.0,,9879.998981010012,,5078.329710638091,,2.149770663084448e-05,,0.9999785022933722,1.0
04501146,Barstraße,Volkspark Wilmersdorf,04 - Charlottenburg-Wilmersdorf,,,,4174.09916710493,,,,0.6290236392626527,0.6290236392626527,1000.0,7500.000000000001,116.00000000000001,3871.2270226297633,0.3709763899733605,0.0648356859827491,1.0,0.5641879240441167,1.0,,6000.0,12.5,3359.033960198533,,0.0648356859827491,0.741952779946721,0.5641879240441167,1.0,,5000.0,12.5,2652.060000092348,,0.0648356859827491,0.741952779946721,0.5641879240441167,1.0,,4000.0,15.0,2627.9137700140272,,0.0648356859827491,0.741952779946721,0.5641879240441167,1.0
04501147,Leon-Jessel-Platz,Volkspark Wilmersdorf,04 - Charlottenburg-Wilmersdorf,,,,6000.0,,,,0.9999999999999991,0.9999999999999991,,7500.0,,5544.918712662271,,0.10070371235343187,,0.8992962876465875,1.0,,6000.000000000001,,4726.951227597362,,0.10070371235343187,,0.8992962876465875,1.0,,5000.0,,3817.967485064908,,0.10070371235343187,,0.8992962876465875,1.0,,4000.0,,3817.967485064908,,0.10070371235343187,,0.8992962876465875,1.0
04501148,Brabanter Platz,Volkspark Wilmersdorf,04 - Charlottenburg-Wilmersdorf,3500.0,,,4431.98671561119,1.1023066805566027e-05,,,0.7298780834167031,0.7298891064835087,1000.1211091047813,,116.0,4463.207632543744,0.31856179507846566,,1.0,0.6814381761736665,1.0,4000.0,,12.5,3770.633565833064,1.1023066805566027e-05,,0.6371015440233202,0.6814381761736665,1.0,3000.0,,12.5,2849.6841690871875,1.1023066805566027e-05,,0.6371015440233202,0.6814381761736665,1.0,2000.0,,15.0,2849.515564300453,1.1023066805566027e-05,,0.6371015440233202,0.6814381761736665,1.0
04501149,Nikolsburger Platz,Volkspark Wilmersdorf,04 - Charlottenburg-Wilmersdorf,,,,6000.000000000001,,,,1.0,1.0,,,,5694.617873891101,,,,0.9999999999999998,0.9999999999999998,,,,4816.77072433466,,,,0.9999999999999998,0.9999999999999998,,,,3877.84714955644,,,,0.9999999999999998,0.9999999999999998,,,,3877.84714955644,,,,0.9999999999999998,0.9999999999999998
04501150,Wilhelmsaue,Volkspark Wilmersdorf,04 - Charlottenburg-Wilmersdorf,,,,6000.0,,,,1.0,1.0,,,,5754.65593524998,,,,1.0,1.0,,,,4852.793561149989,,,,1.0,1.0,,,,3901.862374099993,,,,1.0,1.0,,,,3901.862374099993,,,,1.0,1.0
04501151,Hildegardstraße,Volkspark Wilmersdorf,04 - Charlottenburg-Wilmersdorf,,,,6000.0,,,,0.9999999999999998,0.9999999999999998,,,,6000.0,,,,0.9999999999999998,0.9999999999999998,,,,5000.0,,,,0.9999999999999998,0.9999999999999998,,,,4000.0000000000005,,,,0.9999999999999998,0.9999999999999998,,,,4000.0000000000005,,,,0.9999999999999998,0.9999999999999998
04501152,Prager Platz,Volkspark Wilmersdorf,04 - Charlottenburg-Wilmersdorf,,,,6000.0,,,,1.0,1.0,,,,5798.009254550585,,,,1.0,1.0,,,,4878.805552730351,,,,1.0,1.0,,,,3919.203701820234,,,,1.0,1.0,,,,3919.203701820234,,,,1.0,1.0
04501153,Babelsberger Straße,Volkspark Wilmersdorf,04 - Charlottenburg-Wilmersdorf,,,,5999.765231107069,,,,0.9999883887422223,0.9999883887422223,320.0,,12.5,5535.615912938409,1.161125773662001e-05,,2.322251547324002e-05,0.9999883887422251,1.0,,,15.0,4721.338245243988,,,1.161125773662001e-05,0.9999883887422251,0.9999999999999617,,,15.0,3814.215062656306,,,1.161125773662001e-05,0.9999883887422251,0.9999999999999617,,,15.0,3814.215062656306,,,1.161125773662001e-05,0.9999883887422251,0.9999999999999617
05100101,Hakenfelde Nord,Hakenfelde,05 - Spandau,,,11.97215446759963,495.84685900656,,,0.8417983862354542,0.03780887125250671,0.879607257487961,160.76902506211957,,32.00078213434367,347.8263459677992,0.9684215975779651,,1.0,0.825646850345914,1.0,,,16.102272601948453,534.6294601642594,,,1.0,0.03437764421940481,1.0,,,15.177826294563642,496.71032316370275,,,1.0,0.03437764421940481,1.0,,,15.596990513679623,475.72408404632404,,,1.0,0.03437764421940481,1.0
05100102,Am Forstacker,Hakenfelde,05 - Spandau,,,0.6,751.4293415882747,,,0.02376211239770953,0.9762208172253404,0.99998292962305,159.99999999999997,,29.892739354440796,753.5967551827798,0.023850217622854067,,0.1427558059675747,0.9999999952802656,1.0,,,0.6974199056362176,630.9688919940295,,,0.02385021762285407,0.9761929651286052,1.0,,,0.6974199056362176,498.2469958901065,,,0.02385021762285407,0.9761929651286052,1.0,,,0.7064738002120743,498.24049128383945,,,0.02385021762285407,0.9761929651286052,1.0
05100103,Mertensstraße,Hakenfelde,05 - Spandau,150.0,,,968.4964974668532,0.48824849549479066,,,0.37563694006523307,0.8638854355600236,185.81447727204161,,23.9,880.7290645007549,0.7565498853212713,,0.5366027796529617,0.5097944893854446,1.0,250.0,,27.5,924.7351536994246,0.48824849549479066,,0.26830138982648083,0.3756437944722042,1.0,250.0,,27.5,756.0072242244726,0.48824849549479066,,0.26830138982648083,0.3756437944722042,1.0,250.0,,30.0,756.0072242244726,0.48824849549479066,,0.26830138982648083,0.3756437944722042,1.0
05100104,Maselake,Hakenfelde,05 - Spandau,151.60367861301614,,,1537.674141351529,0.06237239691304818,,,0.9347690395718226,0.9971414364848706,201.60367861301614,,,1682.4422993524483,0.06237239691304821,,,0.9347690395718224,0.9971414364848706,251.60367861301614,,,1468.3253997226943,0.06237239691304818,,,0.9347690395718224,0.9971414364848706,251.60367861301614,,,1223.0691905460899,0.06237239691304818,,,0.9347690395718224,0.9971414364848706,251.60367861301614,,,1223.0691905460899,0.06237239691304818,,,0.9347690395718224,0.9971414364848706
05100105,Amorbacher Weg,Hakenfelde,05 - Spandau,200.0,,189.09734155587702,395.9475193998351,0.008794588637862063,,0.07667926984782546,0.584393573219027,0.6698674317047144,200.41077957484242,,29.853183756870777,494.64230160140636,0.6622158371501061,,1.0,0.5885861905153938,1.0,300.0,,35.56664992866229,473.1079846651158,0.008794588637862063,,0.7259079010637026,0.584393573219027,1.0,300.0,,33.872812978296764,433.2872398380777,0.008794588637862063,,0.7249505876035892,0.5843910180355827,1.0,300.0,,36.06701298906453,416.1106980779539,0.008794588637862063,,0.7249505876035892,0.5843910180355827,1.0
05100206,Griesingerstraße,Falkenhagener Feld,05 - Spandau,,,179.65294602123683,321.27494445919007,,,0.2490160751918379,0.2683246759238206,0.5173407511156585,198.86033505593335,,48.03395600432464,380.63404706916776,0.891839223175565,,1.0,0.28572457616681624,1.0,,,66.3381915162696,367.1427027694375,,,1.0,0.2603146287068961,1.0,,,61.595705675922694,343.6511561699803,,,1.0,0.2603146287068961,1.0,,,64.92815295978914,346.1883200739352,,,1.0,0.2508339534416563,1.0
05100207,An der Tränke,Falkenhagener Feld,05 - Spandau,,,,440.0,,,,0.814138603070386,0.814138603070386,200.0,,32.33641627899152,530.0,0.033657450543111096,,0.3202803358345206,0.8141386030703865,1.0,,,3.210643116722726,530.0,,,0.18565053366207618,0.8141386030703865,0.9997891367324627,,,3.210643116722726,480.00000000000006,,,0.18565053366207618,0.8141386030703865,0.9997891367324627,,,4.117116421140339,460.0,,,0.18565053366207618,0.8141386030703865,0.9997891367324627
05100208,Im Spektefeld,Falkenhagener Feld,05 - Spandau,,,,542.6330192410429,,,,0.6618164283340046,0.6618164283340046,200.0,,60.35465641172177,641.9965890645736,0.3442119014133514,,1.0,0.6618164283340046,1.0,,,14.911486285385767,562.5534876551948,,,0.3442119014133514,0.6618164283340046,1.0,,,14.911486285385767,501.67849207049755,,,0.3442119014133514,0.6618164283340046,1.0,,,19.822972570771526,493.7463609805795,,,0.3442119014133514,0.6618164283340046,1.0
05100209,Westerwaldstraße,Falkenhagener Feld,05 - Spandau,,,,663.213008945861,,,,0.9754045733325394,0.9754045733325394,200.0,,16.412436220669825,790.486987520102,0.04918536649703367,,0.09838719350773846,0.9754045733325742,1.0,,,12.500278885687,645.9645818136937,,,0.04918536649703367,0.9754045733325742,1.0,,,12.500278885687,500.34797979887685,,,0.04918536649703379,0.9754045733325742,1.0,,,15.000557771374002,499.2537834904685,,,0.04918536649703379,0.9754045733325742,1.0
05100210,Germersheimer Platz,Falkenhagener Feld,05 - Spandau,,,200.00000000000003,646.420861449805,,,0.010290739199697517,0.957873558329189,0.9681642975288863,200.0,,66.60927665351153,744.2776959077974,0.04357025681785515,,0.13766413986556086,0.957873558329189,1.0,,,66.21530765736043,626.4251790379143,,,0.053860996017552676,0.957873558329189,1.0,,,62.37933017617281,502.14316554200775,,,0.05386408400388202,0.957873558329189,1.0,,,63.47173092261984,495.71366891598444,,,0.05386408400388202,0.957873558329189,1.0
05100211,An der Kappe,Falkenhagener Feld,05 - Spandau,,,,436.274400192124,,,,0.8530668575754965,0.8530668575754965,200.00000000000003,,59.67695145551225,518.5652791275969,0.1348779327034276,,0.7105468956753518,0.8530668578054446,1.0,,,19.548572875503854,495.1175038135521,,,0.15898275414223678,0.8530668578054446,1.0,,,19.548572875503854,442.76290860836235,,,0.15898275414223678,0.8530668578054446,1.0,,,24.16952513587853,425.889278650235,,,0.15898275414223678,0.8530668578054446,1.0
05100312,Eckschanze,Spandau Mitte,05 - Spandau,,,,1199.9905200466249,,,,0.6396733509155638,0.6396733509155638,200.0,,73.75000000000001,1299.9905200466249,0.36032664908439155,,1.0,0.6396733509155638,1.0,,,40.0,1099.9926993462514,,,0.36032664908439155,0.6396733509155638,0.9999999999999554,,,40.0,999.9935710661019,,,0.36032664908439155,0.6396733509155638,0.9999999999999554,,,40.0,999.9933531361393,,,0.36032664908439155,0.6396733509155638,0.9999999999999554
05100313,Eiswerder,Spandau Mitte,05 - Spandau,302.8758282808736,2500.0,,1060.9010748794938,0.21265420992830014,0.029243623567413904,,0.24907475906216883,0.49097259255788284,340.381595129791,1527.2044081347944,192.41129054982275,1207.52172419863,0.22134587777837303,0.06263210256771808,0.13674727768045788,0.2499432340487357,0.6706684920752848,389.9791241810032,2200.0,218.97928327211343,1000.6345748590356,0.21274192198835584,0.029243623567413904,0.11686763249206535,0.24627027088611467,0.6051234489339498,364.2705460020137,1800.0000000000002,218.04781632698015,803.2774598298114,0.21274192198835584,0.029243623567413904,0.11686763249206535,0.24627027088611467,0.6051234489339498,364.2705460020137,1800.0000000000002,219.51344685514186,803.2774598298114,0.21274192198835584,0.029243623567413904,0.11686763249206535,0.24627027088611467,0.6051234489339498
05100314,Kurstraße,Spandau Mitte,05 - Spandau,200.0,,,1228.8922703421433,0.00020917566233776466,,,0.8147716631393399,0.8149808388016776,998.749097950343,,15.0,1333.7076487325005,0.1254148930336558,,0.12520571737131805,0.8147716631393399,1.0,897.748754682081,,207.32951880090602,1128.4502595652607,0.12567726797314036,,0.25018986244263414,0.6895251431286307,1.0,798.1239622350674,,187.34723113327942,1017.0701557391565,0.12567726797314036,,0.25018986244263414,0.6895251431286307,1.0,798.1239622350674,,189.84944517482612,1017.0701557391565,0.12567726797314036,,0.25018986244263414,0.6895251431286307,1.0
05100315,Ackerstraße,Spandau Mitte,05 - Spandau,,,,1174.859285486514,,,,0.9153748279957838,0.9153748279957838,395.6756527389567,,69.1993666020483,1274.859285486514,0.0846234422614931,,0.2771037966541932,0.9153748279957838,1.0,900.0000000000001,,33.67676274330795,1077.3733569378624,0.020698434126918852,,0.0846234422614931,0.9153748279957838,1.0,800.0,,33.67676274330795,974.8592854865138,0.020698434126918852,,0.0846234422614931,0.9153748279957838,1.0,800.0,,34.94141019464635,974.8592854865138,0.020698434126918852,,0.0846234422614931,0.9153748279957838,1.0
05100316,Carl-Schurz-Straße,Spandau Mitte,05 - Spandau,300.0,2000.0,,1019.2600092437591,2.3542067207713612e-06,0.09494687140823135,,0.6021158639512397,0.697065089566192,611.1900115767269,2700.0,52.96919971860277,1138.3275376342115,0.27547088904026096,0.09494709955743537,0.8109974954536049,0.6021158639512397,1.0,900.0024940587043,2200.0,15.000241482268516,948.5145421437437,0.14158889184273526,0.09494709955743537,0.27546839798460776,0.6021158639512397,1.0,800.0008313529015,2000.0,15.000241482268516,787.5074146109353,0.14158889184273526,0.09494709955743537,0.27546839798460776,0.6021158639512397,1.0,799.9975059412959,2000.0,20.000221358746142,787.5074146109353,0.14158889184273526,0.09494709955743537,0.27546839798460776,0.6021158639512397,1.0
05100317,Freiheit,Spandau Mitte,05 - Spandau,254.32096284944404,,137.75650171789445,1198.8565166884396,0.525051894220049,,0.18444574551443538,0.09224521646206818,0.8017428561965527,320.37425949618137,,75.4078906693915,1563.5575919437392,0.730723438471072,,0.4894912875521863,0.09226358270848302,1.0,392.65990627022046,,94.7691775815245,1275.8526523225748,0.5787428384488095,,0.3871399192722033,0.09225141723878214,1.0,388.1451075023718,,91.12336256286383,1175.9817884617075,0.5787428384488095,,0.3871399192722033,0.09225141723878214,1.0,385.1352416571393,,93.72890363442059,1175.8860348575913,0.5787428384488095,,0.3871399192722033,0.09225141723878214,1.0
05200418,Isenburger Weg,Brunsbütteler Damm,05 - Spandau,100.0,,,433.42809464636696,0.0068324520374882436,,,0.930848001011163,0.9376804530486513,200.0,,45.63551131574519,515.0580066495422,0.0068324520374882436,,0.12843526924949877,0.9886052345355507,1.0,250.00000000000003,,72.39452186943053,515.0580066495422,0.0068324520374882436,,0.06855497730924541,0.9886052345355507,1.0,250.00000000000003,,72.39452186943053,465.6637114328918,0.0068324520374882436,,0.06855497730924541,0.9886052345355507,1.0,250.00000000000003,,72.87235930810195,446.26941621624127,0.0068324520374882436,,0.06855497730924541,0.9886052345355507,1.0
05200419,Am Heideberg,Brunsbütteler Damm,05 - Spandau,,,,449.4752475033403,,,,1.0,1.0,,,21.666666666666668,539.4350547380456,,,0.21496682721544022,0.9283443909281893,1.0,,,21.666666666666668,539.4350547380456,,,0.21496682721544022,0.9283443909281893,1.0,,,21.666666666666668,489.4350547380456,,,0.21496682721544022,0.9283443909281893,1.0,,,25.000000000000004,469.4350547380456,,,0.21496682721544022,0.9283443909281893,1.0
05200420,Staakener Straße,Brunsbütteler Damm,05 - Spandau,179.5821103955629,,,429.46354008659546,0.3086575362396513,,,0.48680154397019376,0.795459080209845,229.5834086738409,250.0,31.57474024188977,510.2704629081967,0.308658056378209,0.10800089848628534,0.8261078408467869,0.4909968688532163,1.0,279.5831558996721,,22.717399254076458,504.07222838431903,0.308658056378209,,0.5147384344486154,0.4909968688532163,1.0,279.58298738355955,,22.717399254076458,459.96573566157565,0.308658056378209,,0.5147384344486154,0.4909968688532163,1.0,279.58298738355955,,25.74194439874072,441.06685788091676,0.308658056378209,,0.5147384344486154,0.4909968688532163,1.0
05200421,Spandauer Straße,Brunsbütteler Damm,05 - Spandau,100.0,,,597.4804943181656,0.1857355765797654,,,0.8020529021317282,0.9877884787114936,199.99910067578978,,21.814444198575405,649.0802927613811,0.1857355765797654,,0.6288035676024922,0.867523586387624,1.0,249.9991006757898,,21.83971309658483,603.6301707774724,0.1857355765797654,,0.6264804916205996,0.867523586387624,1.0,249.9991006757898,,21.83971309658483,523.3300894548664,0.1857355765797654,,0.6264804916205996,0.867523586387624,1.0,249.9991006757898,,25.166866200278236,509.3901057193876,0.1857355765797654,,0.6264804916205996,0.867523586387624,1.0
05200422,Werkstraße,Brunsbütteler Damm,05 - Spandau,128.8900318648794,,,391.20913316009444,0.38564079922878364,,,0.33344701267317145,0.7190878119019551,200.0,,47.768565296268605,464.1190083667585,0.3753872606805026,,0.5467813775401819,0.34071694331526015,1.0,250.0,,22.058189342661848,464.1150889834876,0.3753872606805026,,0.4448691675003232,0.34071694331526015,1.0,250.0,,22.058189342661848,421.50550920463365,0.3753872606805026,,0.4448691675003232,0.34071694331526015,1.0,250.0,,25.579996449732022,401.50603178906977,0.3753872606805026,,0.4448691675003232,0.34071694331526015,1.0
05200423,Magistratsweg,Brunsbütteler Damm,05 - Spandau,,,,889.6386334396522,,,,0.763787848597779,0.763787848597779,,250.0,29.737175599053842,717.1479113846415,,0.23510397934568417,1.0,1.0,1.0,,,9.656609885377904,642.8612006818344,,,0.7086364542067138,1.0,1.0,,,9.656609885377904,543.4316298896407,,,0.7086364542067138,1.0,1.0,,,12.989943218711234,533.336524650015,,,0.7086364542067138,1.0,1.0
05200524,Döberitzer Weg,Heerstraße,05 - Spandau,150.0,,1.4578266083805205,376.7449180005852,1.1360612466752422e-06,,0.40297952727289915,0.5316970776878472,0.9346777410219931,100.00038516607245,250.0,30.49565544814283,448.82667959694527,0.2949536129818656,0.0011051410104301162,0.9608380157420726,0.5355808256825357,1.0,250.0,,1.4051448072625696,437.44724676500635,1.1360612466752422e-06,,0.4664072413081406,0.5355808256825357,1.0,250.0,,1.4051448072625696,389.1025241427913,1.1360612466752422e-06,,0.4664072413081406,0.5355808256825357,1.0,250.0,,1.4288395725353065,370.61978185371646,1.1360612466752422e-06,,0.4664072413081406,0.5355808256825357,1.0
05200525,Pillnitzer Weg,Heerstraße,05 - Spandau,,,,505.00274613200827,,,,0.22232105794812845,0.22232105794812845,,250.0,29.75999982981632,584.5305073748066,,0.7772516375346161,1.0,0.22232105794812845,1.0,,,9.59999993662909,522.8040119710537,,,1.0,0.22232105794812845,1.0,,,9.59999993662909,448.65970082909234,,,1.0,0.22232105794812845,1.0,,,12.933333233542358,434.83519837955754,,,1.0,0.22232105794812845,1.0
05200526,Rudolf-Wissell-Großsiedlung,Heerstraße,05 - Spandau,,,,680.6825165067801,,,,0.7027066007081217,0.7027066007081217,,250.0,29.759999999999998,826.454047846861,,0.29729339929193743,1.0,0.7027066007081217,1.0,,,9.6,685.510183290376,,,0.8918801978758123,0.7027066007081217,1.0,,,9.6,635.5056390511518,,,0.8918801978758123,0.7027066007081217,1.0,,,12.933333333333332,634.2981543253497,,,0.8918801978758123,0.7027066007081222,1.0
05200527,Maulbeerallee,Heerstraße,05 - Spandau,250.0,,,626.7366548199523,0.1745252074850839,,,0.5782353937640334,0.7527606012491174,300.0,250.0,32.01633926531873,746.5965090708096,0.1745252074850839,0.12212695277964658,1.0,0.5494206881507587,1.0,350.0,,10.924133670503707,637.9621195623283,0.1745252074850839,,0.6742351615079839,0.5494206881507587,1.0,350.0,,10.924133670503707,594.6843041403858,0.1745252074850839,,0.6742351615079839,0.5494206881507587,1.0,350.0,,15.02219799426567,593.841148771588,0.1916022860737376,,0.6752513918433112,0.5318354943945518,1.0
05200528,Weinmeisterhornweg,Heerstraße,05 - Spandau,250.0,,3.0,543.2057726989569,4.040110129492445e-06,,0.3613777685880116,0.5417973246962697,0.9031791333944109,138.91349441530372,250.00000000000003,14.25946357076188,575.0344769530586,0.4289901619187782,1.3046561885185329e-05,1.0,0.9707807890420485,1.0,280.00418310797824,,5.951623028668427,608.8800807106949,0.06760707840502686,,0.525754259429168,0.5417973246962697,1.0,280.00418310797824,,5.951623028668427,562.5291757659578,0.06760707840502686,,0.525754259429168,0.5417973246962697,1.0,280.00418310797824,,6.594811245107873,541.9174241430114,0.06760707840502686,,0.525754259429168,0.5417973246962697,1.0
05200629,Borkumer Straße,Wilhelmstadt,05 - Spandau,307.0620373571174,2000.0,,1044.8320860859785,0.3739780327581661,0.02312213329260505,,0.3995149594721565,0.7966151255229277,463.39516882469474,640.5404992573029,27.52920523751083,1248.0853490158402,0.4877226086781658,0.10360957017008315,0.5488814800636932,0.3995149594722044,1.0,493.88003787408473,1800.0,14.054358450666987,1039.9821073191406,0.456389553783413,0.02312213329260505,0.387906606308737,0.3995149594722044,1.0,466.62306470466393,1600.0,14.01912671685168,938.4722712745887,0.456389553783413,0.02312213329260505,0.387906606308737,0.3995149594722044,1.0,457.57309286806975,1600.0,17.56898612814485,933.0085740408624,0.456389553783413,0.02312213329260505,0.387906606308737,0.3995149594722044,1.0
05200630,Wilhelmstadt West,Wilhelmstadt,05 - Spandau,250.0,,,1118.3626001517862,0.2649499068612204,,,0.7173694128639191,0.9823193197251393,300.0,,214.10173026116087,1250.295788186231,0.009657628666499022,,0.35046941003174026,0.7475515920392409,1.0,350.0,,224.92662338701302,1036.7877750600373,0.009657628666499022,,0.33279593550084874,0.7475515920392409,1.0,350.0,,207.0508650192665,955.9388156246617,0.009657628666499022,,0.33279593550084874,0.7475515920392409,1.0,350.0,,207.3801558670926,956.296836497313,0.018410183662856263,,0.33290909255190193,0.7387168830878657,1.0
05200631,Wilhelmstadt Ost,Wilhelmstadt,05 - Spandau,200.0,,,1299.970758460928,0.14742266374190371,,,0.8366669196401116,0.9840895833820154,249.99973925414267,,256.99014566253527,1599.9627835923225,0.14742650782702119,,0.03183490713733834,0.8366690912179952,1.0,300.0,,257.2472826541995,1299.9787334813273,0.14742266374190371,,0.031806409279410607,0.8366690912179952,1.0,300.0,,257.2472826541995,1199.9840501109954,0.14742266374190371,,0.031806409279410607,0.8366690912179952,1.0,300.0,,259.7472827266204,1199.9813917961612,0.14742266374190371,,0.031806409279410607,0.8366690912179952,1.0
05200632,Tiefwerder,Wilhelmstadt,05 - Spandau,200.09596024974965,,200.0,894.4959679172936,0.14829975162390088,,6.381475822722372e-06,0.1748667287630757,0.3231728618627993,245.62315616119793,,68.4629236182908,481.9684945047299,1.0,,1.0,0.8072461537905316,1.0,250.1599337495714,,36.82363405012691,705.4856352337479,0.14829975162389752,,1.0,0.2549049563269512,1.0,250.1583909327373,,36.879287546588955,658.5842281731744,0.14974427467418625,,1.0,0.2549049563269512,1.0,250.1583909327373,,37.4967516580378,646.9780636848272,0.14974427467418625,,1.0,0.2549049563269512,1.0
05200633,Graetschelsteig,Wilhelmstadt,05 - Spandau,249.99999999999997,,,777.7140041350293,0.17766764565462165,,,0.41730321335852116,0.5949708590131427,300.0,,88.33333333333333,853.1594995372451,0.17770683465111167,,1.0,0.39174999395576976,1.0,350.0,,147.49999999999997,739.6321108818922,0.17770683465111167,,0.8610878971693748,0.39174999395576976,1.0,350.0,,147.49999999999997,643.9956453044985,0.17770683465111167,,0.8610878971693748,0.39174999395576976,1.0,350.0,,150.0,635.3475998796997,0.1822475612716545,,0.8610878971693748,0.3872092673352272,1.0
05200634,Börnicker Straße,Wilhelmstadt,05 - Spandau,200.0,,3.0,708.4071136760115,0.002508092213000007,,8.28305981232649e-06,0.29419909779380815,0.2967154730666205,252.50588508921322,,120.23371637832363,712.4347576021128,0.4433349842147074,,1.0,0.5416777622225516,1.0,342.78000429104503,,58.131609353883825,841.6818422929476,0.0188470408005094,,0.6494451138721722,0.24355893378598256,0.9118510884586642,342.78000429104503,,58.131609353883825,826.2420186902556,0.0188470408005094,,0.6494451138721722,0.24355893378598256,0.9118510884586642,342.78000429104503,,59.1870978584068,785.1018050697355,0.0188470408005094,,0.6494451138721722,0.24355893378598256,0.9118510884586642
05300735,Haveleck,Haselhorst,05 - Spandau,200.0,,,1272.444558043553,0.061097482011113015,,,0.2872537310873425,0.34835121309845546,249.73402860909474,,123.86083639727745,1349.492769680423,0.06142422373555747,,1.0,0.2872537310873425,1.0,300.0,,49.82544558786025,1132.0201574902771,0.02449718681173569,,1.0,0.32385156342636817,1.0,300.0,,50.16140502993621,871.3819474800398,2.8911405787389992e-09,,1.0,0.3465835720070415,1.0,,,53.46342843424269,871.3819477187673,,,1.0,0.3465835748981886,1.0
05300736,Zitadellenweg,Haselhorst,05 - Spandau,249.21167018163243,,100.0,856.0713424985327,0.6011306191910621,,0.06040685644738076,0.08428405654091825,0.7458215321793611,707.2041572640177,,131.30966300999899,925.0716897482301,1.0,,0.5058506403322548,0.09688442310519788,1.0,812.0649428941335,,107.97062067740413,898.9991300496526,0.9182802823725436,,0.47107897261676773,0.13234252752198816,1.0,700.1727909569258,,108.50418617821582,716.9827470314976,0.9107162099812445,,0.48056543299261245,0.13674444645467534,1.0,627.6854310245989,,110.67753284156886,726.6607965929892,0.8969791080067245,,0.48056543299261245,0.15048154842919273,1.0
05300737,Gartenfelder Straße,Haselhorst,05 - Spandau,300.0,,,914.1397617928998,0.20079807769894029,,,0.7920072639213854,0.9928053416203256,947.5377574740669,,134.9999992888344,741.2654515797332,0.40291893424374586,,0.003968336561112233,1.0,1.0,975.0,,134.9999992888344,660.1311867009639,0.40159615539788107,,0.003968336561112233,1.0,1.0,825.0,,134.9999992888344,564.4058728141127,0.40159615539788107,,0.003968336561112233,1.0,1.0,725.0,,136.66666597525565,549.8148238060306,0.40159615539788107,,0.003968336561112233,1.0,1.0
05300838,Gartenfeld,Siemensstadt,05 - Spandau,150.0,,,240.0,0.6755658819818532,,,0.00011969662183735427,0.6756855786036905,200.0,,128.5605459363326,290.0,0.6755658819818532,,0.006787049570615015,0.00011969662183735427,0.6824726281743054,250.0,,228.69089677581982,290.0,0.6755658819818532,,0.0018253458048002416,0.00011969662183735427,0.6775109244084908,250.0,,228.69089677581982,290.0,0.6755658819818532,,0.0018253458048002416,0.00011969662183735427,0.6775109244084908,412.00840272044206,,229.0431133580377,1599.4998953801016,0.3597526027045861,,0.0018253458048002416,0.31593297589890357,0.6775109244082899
05300839,Rohrdamm,Siemensstadt,05 - Spandau,300.0,,,819.4417143894254,0.008179129035332897,,,0.7072992519579447,0.7154783809932777,949.6148399664495,,46.701022002321494,839.4141063134067,0.016454295869586504,,1.0,0.8037608611460784,1.0,975.0,,20.547670130883546,719.0182771938851,0.01644454581243392,,0.49769220541340664,0.8037608611460784,1.0,825.0,,20.547670130883546,581.5817802913556,0.01644454581243392,,0.49769220541340664,0.8037608611460784,1.0,725.0,,24.160777086332875,574.27496797257,0.01644454581243392,,0.49769220541340664,0.8037608611460784,1.0
05300840,Nonnendammallee,Siemensstadt,05 - Spandau,264.45438237420734,,,1499.5483229059898,0.7864499598019002,,,0.010851959946682222,0.7973019197485823,796.7567137546696,,11.075174871733442,1504.3759109097723,1.0,,0.6388302515603854,0.010856271242999186,1.0,826.866748259539,,1.7016200790796219,1203.8701493045678,1.0,,0.21084348855651083,0.010851505321620186,1.0,707.5150424501325,,1.7016200790796219,902.8490579913786,1.0,,0.21084348855651083,0.010851505321620186,1.0,627.9472385771949,,1.8146470739088658,902.8490579913786,1.0,,0.21084348855651083,0.010851505321620186,1.0
05300841,Siemensdamm,Siemensstadt,05 - Spandau,300.0,,,1339.2096645864326,0.05210551270834333,,,0.9478944872916252,0.9999999999999685,950.0,,,1710.5773962555786,0.10421102541668666,,,0.9478944872916253,1.0,975.0,,,1374.9554014641735,0.10421102541668666,,,0.9478944872916253,1.0,825.0,,,1039.1477935432645,0.10421102541668666,,,0.9478944872916253,1.0,725.0,,,1039.1477935432645,0.10421102541668666,,,0.9478944872916253,1.0
05400942,Alt-Gatow,Gatow/Kladow,05 - Spandau,,,13.880709792970652,516.6265550492944,,,0.6804609640852392,0.11574982820188316,0.7962107922871224,169.15122698197902,,46.41498169708621,500.1052539848101,0.7074393713120304,,1.0,0.5160084094155252,1.0,,,22.44476204599817,631.7920564748179,,,0.8445866662128503,0.12221961732649109,0.9668062835393413,,,21.750553897427096,605.0195878161132,,,0.8445866662128503,0.12221961732649109,0.9668062835393413,,,22.185440820084974,577.5823564764606,,,0.8445866662128503,0.12221961732649109,0.9668062835393413
05400943,Jägerallee,Gatow/Kladow,05 - Spandau,,,112.54731943904154,481.89154072368103,,,0.054272779294854606,0.41932616215687146,0.47359894145172604,120.15905492299163,,98.9622388508385,541.1413250521107,0.2648143104384255,,1.0,0.6840140404481109,1.0,,,97.36192168039547,577.8458494552773,,,0.998682220758101,0.4195507301743009,1.0,,,92.67672799670353,577.8457631312285,,,0.998682220758101,0.4195507301743009,1.0,,,94.00078936866355,548.4366048215288,,,0.998682220758101,0.4195507301743009,1.0
05400944,Kladower Damm,Gatow/Kladow,05 - Spandau,,,1.7719979262140173,497.2436834593382,,,0.004435184010672567,0.20621263334511122,0.21064781735578378,120.0,,76.79067096466223,517.7700579545141,0.25066214681674087,,1.0,0.41111349043546147,1.0,,,18.368822909705315,595.046689024281,,,0.7141245209170813,0.20621477148002768,0.920339292397109,,,18.367591476600015,595.046689024281,,,0.7141245209170813,0.20621477148002768,0.920339292397109,,,20.122584527748504,565.0466890242811,,,0.7141245209170813,0.20621477148002768,0.920339292397109
05400945,Kafkastraße,Gatow/Kladow,05 - Spandau,,,188.05056506556653,509.99963812067506,,,0.2770864627230859,0.6606468858831561,0.9377333486062419,120.0,,161.2674468823901,609.9996220165541,0.062210013464972784,,0.6047414781948766,0.7228568993481288,1.0,,,235.52217919096682,609.9995864236288,,,0.4015064896561888,0.6606468858831561,1.0,,,222.54697100414398,609.9995864236288,,,0.4015064896561888,0.6606468858831561,1.0,,,223.32167845056964,579.9995864236287,,,0.4015064896561888,0.6606468858831561,1.0
06100101,Fichtenberg,Schloßstraße,06 - Steglitz-Zehlendorf,,7000.0,800.0,1665.06160884293,,0.00010732659549996742,0.02192652177134285,1.0,1.0,,7000.0,900.0,1817.559640387855,,0.00010635015115467968,0.021929732447970557,1.0,1.0,,6000.0,900.0,1722.7386754767156,,0.00010635015115467968,0.021929732447970557,1.0,1.0,,5000.0,850.0,1517.9525873346818,,0.00010635015115467968,0.021929732447970557,1.0,1.0,,5000.0,800.0,1448.8488721129356,,0.00010635015115467968,0.021929732447970557,1.0,1.0
06100102,Schloßstraße,Schloßstraße,06 - Steglitz-Zehlendorf,,7000.0,,3605.5838023190718,,0.062160742020013,,0.9378899735680825,1.0,,7000.0,,3776.712739666885,,0.09449168550877264,,0.905559024288832,1.0,,5999.999999999999,,3243.5394311018867,,0.09449168550877264,,0.905559024288832,1.0,,5000.0,,2544.48507903128,,0.09449168550877264,,0.905559024288832,1.0,,5000.0,,2544.3302709597974,,0.09449168550877264,,0.905559024288832,1.0
06100103,Markelstraße,Schloßstraße,06 - Steglitz-Zehlendorf,,7000.0,,3768.9151577357206,,0.058539100280534606,,0.9482660388429576,1.0,,6999.999999999999,,3966.252823396288,,0.10043894309573974,,0.9063661960277348,1.0,,5999.999999999999,,3373.0899288037167,,0.10043894309573974,,0.9063661960277348,1.0,,5000.0,,2679.755646741542,,0.10043894309573974,,0.9063661960277348,1.0,,5000.0,,2679.0048311050664,,0.10043894309573974,,0.9063661960277348,1.0
06100204,Munsterdamm,Albrechtstraße,06 - Steglitz-Zehlendorf,250.0,,,1642.635905322608,0.05586914449050036,,,0.49967744606024606,0.5555465905507463,394.4380033419888,3200.0,21.686143664614242,1806.6657445903736,0.49714707372890665,8.852144345251492e-05,1.0,0.5030618897464236,1.0,400.0,,12.502749782544312,1685.705536435971,0.05586914449050039,,0.8824704321952088,0.5029733683029711,1.0,1200.0,,12.502749782544312,1438.7875538831966,0.05586914449050039,,0.8824704321952088,0.5588425127934715,1.0,1200.0,,15.003009328365788,1388.3635472499489,0.05586914449050039,,0.8824704321952088,0.5588425127934715,1.0
06100205,Südende,Albrechtstraße,06 - Steglitz-Zehlendorf,249.00297846092454,,400.0,1677.1407494726182,0.006407122971044895,,2.4653214469568613e-05,0.9935682238144835,0.999999999999998,347.3923744910446,,480.0,1817.9855555261267,0.006390454934268339,,2.4653214469568613e-05,1.0,1.0,397.3923744910447,,430.0,1707.8427862733038,0.006390454934268339,,2.4653214469568613e-05,1.0,1.0,1183.4850384432825,,370.0,1399.6925357520834,0.006390454934268339,,2.4653214469568613e-05,1.0,1.0,1183.4850384432825,,370.0,1338.90927109348,0.006390454934268339,,2.4653214469568613e-05,1.0,1.0
06100206,Stadtpark,Albrechtstraße,06 - Steglitz-Zehlendorf,300.0,,489.39634536478127,2494.515840100315,0.0023007880797240175,,0.0007537347970116139,0.996945477123265,1.0,400.0,,587.2756144377374,2610.63347454392,0.0023007880797240175,,0.0007537347970116139,0.996945477123265,1.0,449.99999999999994,,581.973787120128,2358.9863778747354,0.0023007880797240175,,0.0007537347970116139,0.996945477123265,1.0,449.99999999999994,,530.9134216566063,1784.958555268621,0.0023007880797240175,,0.0007537347970116139,0.996945477123265,1.0,449.99999999999994,,486.2152489742156,1768.8409208250157,0.0023007880797240175,,0.0007537347970116139,0.996945477123265,1.0
06100207,Mittelstraße,Albrechtstraße,06 - Steglitz-Zehlendorf,,,500.0,2480.546743538367,,,1.640562786236269e-05,0.9999835943721535,1.0,,,600.0,2598.315048230363,,,1.640562786236269e-05,0.9999835943721535,1.0,,,600.0,2351.619962306351,,,1.640562786236269e-05,0.9999835943721535,1.0,,,550.0,1781.219891690413,,,1.640562786236269e-05,0.9999835943721535,1.0,,,500.0,1763.451586998417,,,1.640562786236269e-05,0.9999835943721535,1.0
06100208,Bergstraße,Albrechtstraße,06 - Steglitz-Zehlendorf,1231.6968487249922,,,2627.165753494419,0.14992328720235304,,,0.8277544845990277,0.9776777718013808,1165.708552159392,,21.666666666666668,2727.165753494419,0.17224554110070414,,0.06696676169505325,0.8277544845990277,1.0,1223.772636543744,,12.5,2427.165753494419,0.14992328720235304,,0.04464450779670217,0.8277544845990277,1.0,1015.848424362496,,12.5,1795.3743151208141,0.14992328720235304,,0.04464450779670217,0.8277544845990277,1.0,911.886318271872,,15.0,1795.3743151208141,0.14992328720235304,,0.04464450779670217,0.8277544845990277,1.0
06100209,Feuerbachstraße,Albrechtstraße,06 - Steglitz-Zehlendorf,1999.0836097070965,,,3079.518507178617,0.055508785111333225,,,0.9444808362453284,0.9999896213566617,1998.952707157779,,21.666666666666664,3200.720987759041,0.06139095636813512,,3.113592998433907e-05,0.9386090436318547,1.0,1799.3784551188778,,12.5,2840.5050172030387,0.06138057772480702,,2.0757286656226044e-05,0.9386090436318547,1.0,1399.5856367459185,,12.5,2140.4922665500585,0.06138057772480702,,2.0757286656226044e-05,0.9386090436318547,1.0,1199.689227559439,,15.0,2140.4922665500585,0.06138057772480702,,2.0757286656226044e-05,0.9386090436318547,1.0
06100210,Bismarckstraße,Albrechtstraße,06 - Steglitz-Zehlendorf,,,,2899.9828392772274,,,,0.9994522145775516,0.9994522145775516,400.11204263676956,3200.0,21.700711371718377,2999.982493744876,0.000579273491560236,2.028229043909729e-07,0.001737617651776317,0.9994211321542564,1.0,,,12.504815175025106,2699.9828387400394,,,0.0011583441602160812,0.9994209293313521,1.0,,,12.504815175025106,1999.9656774800785,,,0.0011583441602160812,0.9994209293313521,1.0,,,15.005252918209205,1999.9656774800785,,,0.0011583441602160812,0.9994209293313521,1.0
06200311,Alt-Lankwitz,Lankwitz,06 - Steglitz-Zehlendorf,208.97934834907971,,400.0,1022.7844396961548,0.18614395437580522,,0.0008795048188410335,0.8129765408053486,0.999999999999995,217.95746184550165,,480.0,1143.2427624103552,0.1861572037361029,,0.0008795048188410335,0.8129672211037702,1.0,267.9574618455017,,430.0,1071.7965588299521,0.1861572037361029,,0.0008795048188410335,0.8129672211037702,1.0,267.9574618455017,,370.0,903.1406302287918,0.1861572037361029,,0.0008795048188410335,0.8129672211037702,1.0,267.9574618455017,,370.0,873.7560513007709,0.1861572037361029,,0.0008795048188410335,0.8129672211037702,1.0
06200312,Komponistenviertel Lankwitz,Lankwitz,06 - Steglitz-Zehlendorf,300.0,,400.0,1000.1031499525832,0.16304639805822907,,0.15332957300353234,0.6836240289382371,0.9999999999999984,400.0,,480.0,1200.0970961370829,0.16304639805822907,,0.15332957300353234,0.6836240289382371,0.9999999999999984,450.0,,429.99999999999994,1200.0789346905817,0.16304639805822907,,0.15332957300353234,0.6836240289382371,0.9999999999999984,450.0,,370.0,1100.0453516149464,0.16304639805822907,,0.15332957300353234,0.6836240289382371,0.9999999999999984,450.0,,370.0,1000.0515156358416,0.16304639805822907,,0.15479202328135727,0.6821615786603971,0.9999999999999835
06200313,Lankwitz Kirche,Lankwitz,06 - Steglitz-Zehlendorf,,,400.0,1469.8359278901462,,,0.025715563641237973,0.9742844363587502,0.9999999999999881,,,480.0,1574.0470299666777,,,0.025715563641237973,0.9742844363587502,0.9999999999999881,,,430.0,1384.7505139221328,,,0.025715563641237973,0.9742844363587502,0.9999999999999881,,,370.0,1001.9132647917677,,,0.025715563641237973,0.9742844363587502,0.9999999999999881,,,370.0,997.6595460255026,,,0.029670942758890578,0.9703290572411245,1.0
06200314,Kaiser-Wilhelm-Straße,Lankwitz,06 - Steglitz-Zehlendorf,600.0,,,1177.365729672413,0.09221109633086624,,,0.9077889036691509,1.0,600.0,,,1306.7268456584002,0.09221109633086624,,,0.9077889036691509,1.0,600.0,,,1208.7442661010093,0.09221109633086624,,,0.9077889036691509,1.0,600.0,,,985.1832820103148,0.09221109633086624,,,0.9077889036691509,1.0,600.0,,,955.8221660243278,0.09221109633086624,,,0.9077889036691509,1.0
06200315,Gallwitzallee,Lankwitz,06 - Steglitz-Zehlendorf,,,450.0,1286.9406038192656,,,0.26264234449542423,0.6416285026931529,0.904270847188577,,,253.79255298205996,1396.5613691362507,,,0.5977041076122048,0.6256957760318844,1.0,,,353.77410141792194,1256.7458210927518,,,0.3743042239681073,0.6256957760318844,0.9999999999999919,,,279.9717490809821,961.8533137355078,,,0.3629393661663086,0.637060633833683,0.9999999999999917,,,281.5105728107131,946.1836400766421,,,0.3629393661663086,0.637060633833683,0.9999999999999917
06200316,Belßstraße,Lankwitz,06 - Steglitz-Zehlendorf,250.00000000000003,,450.0,1348.5688416325227,0.11539262341027974,,0.1317566309839556,0.7528507456057777,1.0,300.0,,550.0,1585.1505057445345,0.11539262341027974,,0.13187373265262467,0.7527336439371127,1.0,350.0,,500.0,1389.7644011642387,0.11539262341027974,,0.13187373265262467,0.7527336439371127,1.0,350.0,,400.0,997.8387181487217,0.11539262341027974,,0.13187373265262467,0.7527336439371127,1.0,350.0,,400.0,996.6852442937956,0.11539262341027974,,0.13187373265262467,0.7527336439371127,1.0
06200317,Lankwitz Süd,Lankwitz,06 - Steglitz-Zehlendorf,249.95516333295035,,450.0,790.1574294163077,0.07040980304056682,,0.022965007131723374,0.86514661246233,0.9585214226346203,299.95516333295035,,131.1109356299487,949.6151195254337,0.07040980304056682,,0.10584222274898691,0.8651836945061485,1.0,349.95516333295035,,187.97773326959577,946.0935394112046,0.07040980304056682,,0.06440650245331273,0.8651836945061485,1.0,349.95516333295035,,152.31221920587893,889.9351332521444,0.07040980304056682,,0.06440650245331273,0.8651836945061485,1.0,349.95516333295035,,152.31222914530983,840.8242463623831,0.07040980304056682,,0.06440650245331273,0.8651836945061485,1.0
06200418,Landweg,Ostpreußendamm,06 - Steglitz-Zehlendorf,,,,799.9999999999999,,,,1.0480018626353845e-05,1.0480018626353845e-05,200.0,,12.499999999999998,849.9999999999999,0.9996925418835352,,1.0,1.110331535834515e-05,1.0,,,15.0,699.9999999999999,,,0.9996925418835352,1.110331535834515e-05,0.9997036451988937,,,15.0,560.8667836373709,,,0.9996925418835352,1.110331535834515e-05,0.9997036451988937,,,20.0,560.8667836373709,,,0.9996925418835352,1.110331535834515e-05,0.9997036451988937
06200419,Thermometersiedlung,Ostpreußendamm,06 - Steglitz-Zehlendorf,,,,802.9560749436326,,,,0.9987849465977643,0.9987849465977643,200.0,,12.5,858.8675267929927,0.0011365952858239778,,0.0022731905716479556,0.998863569393998,1.0,,,15.0,717.7350535859856,,,0.0011365952858239778,0.998863569393998,1.0,,,15.0,611.9963944705368,,,0.0011365952858239778,0.998863569393998,1.0,,,20.0,609.0405522062058,,,0.0011365952858239778,0.998863569393998,1.0
06200420,Lichterfelde Süd,Ostpreußendamm,06 - Steglitz-Zehlendorf,200.04786293545752,,,755.8356792567406,0.034829004922334726,,,0.7090137100092395,0.7438427149315743,208.44643281579485,,23.387026691928885,808.342690443763,0.20637318765751086,,0.8332954476223026,0.8381927309206605,1.0,300.0478629354576,,12.277721665901437,826.1481931648613,0.034829004922318836,,0.3765696777250906,0.7133233244702533,1.0,300.0478629354576,,12.277721665901437,724.2967752249339,0.034829004922318836,,0.3765696777250906,0.981209322219799,1.0,300.0478629354576,,17.27772166590144,697.3594792846151,0.034829004922318836,,0.3765696777250906,0.981209322219799,1.0
06200421,Königsberger Straße,Ostpreußendamm,06 - Steglitz-Zehlendorf,263.30881681235616,,,1043.9880802621467,0.19309350235400094,,,0.7383560840119013,0.9314495863659024,291.5213178287605,,16.884640877761132,1232.3874321025498,0.23474308215728343,,0.13675780187509246,0.7383560840119011,1.0,370.2320862688919,,10.0,1208.6896514233292,0.17868771055150692,,0.08295618169554851,0.7383560840119011,0.9999999762589566,370.2320862688919,,10.0,1085.2715874028734,0.17868771055150692,,0.08295618169554851,0.7383560840119011,0.9999999762589566,370.2320862688919,,15.0,994.2896144288048,0.17868771055150692,,0.08295618169554851,0.7383560840119011,0.9999999762589566
06200422,Oberhofer Platz,Ostpreußendamm,06 - Steglitz-Zehlendorf,453.7806572946494,,,847.6356509311865,0.05126107880158217,,,0.9486705392295793,0.9999316180311614,482.6445244302711,,10.0,997.9516316386919,0.051329460770425585,,6.913943347366277e-05,0.9486705392295789,1.0,512.2693145057528,,10.0,990.8884544762248,0.051260321336951915,,6.913943347366277e-05,0.9486705392295789,1.0,512.2693145057528,,10.0,931.1195282634537,0.051260321336951915,,6.913943347366277e-05,0.9486705392295789,1.0,512.2693145057528,,15.000000000000002,880.768171600639,0.051260321336951915,,6.913943347366277e-05,0.9486705392295789,1.0
06200423,Schütte-Lanz-Straße,Ostpreußendamm,06 - Steglitz-Zehlendorf,350.0,,,783.8172834297403,7.223481604423192e-05,,,0.9055085256500733,0.9055807604661177,200.15340161747272,,12.499954841646062,921.2767066222905,0.09417738513360602,,0.1882121090072585,0.9055125132095244,1.0,450.0,,14.99986164249006,902.9504413213482,7.223481604423192e-05,,0.09410605450362924,0.9055125132095244,0.9996908025291981,450.0,,14.99986164249006,834.8403787116745,7.223481604423192e-05,,0.09410605450362924,0.9055125132095244,0.9996908025291981,450.0,,19.999813601688,791.1644122693174,7.223481604423192e-05,,0.09410605450362924,0.9055125132095244,0.9996908025291981
06300524,Berlepschstraße,Teltower Damm,06 - Steglitz-Zehlendorf,273.82615042157494,,,951.6585924661041,0.09853605482316041,,,0.6931074503606895,0.79164350518385,266.38491902830947,,51.513377098027135,1052.8073566478913,0.3103705954164501,,1.0,0.9021547139135082,1.0,416.0766094379494,,12.500101889003608,1130.9422154067324,0.09735613607776769,,0.42601155632016563,0.6891576169320249,1.0,416.0766094379494,,12.500101889003608,1052.2412378537026,0.09735613607776769,,0.42601155632016563,0.6891576169320249,1.0,416.0766094379494,,15.000203778007213,973.5402603006722,0.09735613607776769,,0.42601155632016563,0.6891576169320249,1.0
06300525,Zehlendorf Süd,Teltower Damm,06 - Steglitz-Zehlendorf,200.0,,,943.7969110288229,0.026982822832962147,,,0.5070560306416232,0.5340388534745854,243.3249325053092,,20.000000000000004,1133.3358833147083,0.4865653672960586,,1.0,0.5129856810799176,1.0,350.0,,12.5,1120.7824995918763,0.026963283428006017,,0.919204167736105,0.5129856810799176,1.0,350.0,,12.5,1016.0065961489948,0.026963283428006017,,0.919204167736105,0.5129856810799176,1.0,350.0,,17.5,930.0607682903616,0.026963283428006017,,0.919204167736105,0.5129856810799176,1.0
06300526,Zehlendorf Mitte,Teltower Damm,06 - Steglitz-Zehlendorf,399.83666024847923,3946.6250721449255,,1252.2370665829978,0.04228609387698737,0.038920391724319374,,0.8017789694099654,0.8829854550112721,308.8361337845087,4431.6352128823555,26.199164978576466,1404.8643401399377,0.15948040351053996,0.03743586438716125,0.31285546485588284,0.8188732185973633,1.0,499.89110683231957,3545.308170305884,14.409525104678371,1361.3799676625283,0.04228609387698737,0.03743586438716125,0.13288767707571617,0.8031798511551997,1.0,499.89110683231957,2465.8176064411773,14.409525104678371,1224.5114048762691,0.04228609387698737,0.03743586438716125,0.13288767707571617,0.8031798511551997,1.0,499.89110683231957,2465.8176064411773,18.819050209356742,1142.9456862693987,0.04228609387698737,0.03743586438716125,0.13288767707571617,0.8031798511551997,1.0
06300527,Sundgauer Straße,Teltower Damm,06 - Steglitz-Zehlendorf,250.00000000000003,,600.0,1397.4742933436091,0.041217122929677615,,0.00039276138461036584,0.958390122122324,1.0,350.0,,700.0,1549.4709083977214,0.041217122929677615,,0.00039276138461036584,0.958390122122324,1.0,400.0,,650.0,1405.4481723242275,0.041217122929677615,,0.000509253770154443,0.9582736297367808,1.0,400.0,,600.0,1161.5323617303482,0.041217122929677615,,0.000509253770154443,0.9582736297367808,1.0,400.0,,550.0,1109.510817674181,0.041217122929677615,,0.000509253770154443,0.9582736297367808,1.0
06300528,Teltower Damm,Teltower Damm,06 - Steglitz-Zehlendorf,200.0,,,999.1700657836835,0.026388967805281976,,,0.8637214554009932,0.8901104232062752,252.87616225438404,,12.536058798122562,1198.3653256773648,0.12296661357912195,,0.1936207402934521,0.8770333995929166,1.0,350.0,,14.98798040062581,1198.3653256773648,0.02638896780528198,,0.09681037014672605,0.8770333995929166,1.0,350.0,,14.98798040062581,1098.365325677365,0.02638896780528198,,0.09681037014672605,0.8770333995929166,1.0,350.0,,19.987978955445683,999.1826636251578,0.02638896780528198,,0.09681039819584658,0.8770333855683561,1.0
06300629,Botanischer Garten,Drakestraße,06 - Steglitz-Zehlendorf,,,767.3229311978805,1626.1106806804394,,,0.38709216403567825,0.6129078545105154,1.0,,,867.3401727834209,1703.7529919260885,,,0.38729651547372934,0.9670530331507532,1.0,,,852.2034293497885,1582.7375923040154,,,0.400650139974113,0.9536994089762681,1.0,,,802.2034293497885,1400.9358405691785,,,0.400650139974113,0.9536994089762681,1.0,,,752.2034293497884,1339.8916688141471,,,0.400650139974113,0.9536994089762681,1.0
06300630,Hindenburgdamm,Drakestraße,06 - Steglitz-Zehlendorf,300.0,,500.0,1675.0622989084636,0.00441339075565665,,0.3768257787176193,0.618760906895241,1.0,400.0,,600.0,1821.8384409654782,0.00441339075565665,,0.3768257787176193,0.618760906895241,1.0,450.00000000000006,,600.0,1690.0927651555899,0.00441339075565665,,0.3768257787176193,0.618760906895241,1.0,450.00000000000006,,550.0,1356.2399994374598,0.00441339075565665,,0.36628016079649794,0.6293065248163622,1.0,450.00000000000006,,500.0,1310.2483380855197,0.00441339075565665,,0.36628016079649794,0.6293065248163622,1.0
06300631,Goerzwerke,Drakestraße,06 - Steglitz-Zehlendorf,189.30792113376322,,,893.9386675767572,0.6931200247470672,,,0.16148646671851016,0.8546064914655774,265.0366071009912,,24.18242293474895,853.3470897121942,0.7866185505088669,,0.5054653917011753,0.24273981501150343,1.0,323.8096772709155,,11.957123170555109,893.1783590110723,0.6931205161623898,,0.2388659941110343,0.16131004163451315,1.0,323.8096772709155,,11.957123170555109,736.349528491403,0.6931205161623898,,0.2388659941110343,0.16131004163451315,1.0,323.8096772709155,,16.70450745155333,714.5940413101093,0.6931205161623898,,0.23886599411103426,0.16131004163451315,1.0
06300632,Schweizer Viertel,Drakestraße,06 - Steglitz-Zehlendorf,200.2799001715348,,,990.4149146501002,0.007585603561611331,,,0.7675469689320095,0.7751325724936209,204.8363579471749,,12.5,1182.680851793087,0.23197320383585604,,0.4487752005484961,0.7680267864384093,1.0,350.27990017149085,,12.551339720262918,1163.5954282200705,0.0075856035616079925,,0.4397446535483807,0.7680267864384093,1.0,350.27990017149085,,12.551339720262918,1051.7448369754006,0.0075856035616079925,,0.4397446535483807,0.7680267864384093,1.0,350.27990017149085,,15.099724630672336,984.1166689540961,0.0075856035616079925,,0.45277415114160663,0.7615120376417966,1.0
06300633,Augustaplatz,Drakestraße,06 - Steglitz-Zehlendorf,,,500.00000000000006,1339.019280537291,,,4.243786048758558e-05,0.9999575621395114,0.9999999999999989,,,600.0,1530.0950877879702,,,4.243786048758558e-05,1.0,1.0,,,600.0,1486.1427581385622,,,4.243786048758558e-05,1.0,1.0,,,550.0,1339.8784447123355,,,4.243786048758558e-05,1.0,1.0,,,500.00000000000006,1255.0109798899612,,,4.243786048758558e-05,1.0,1.0
06300634,Lichterfelde West,Drakestraße,06 - Steglitz-Zehlendorf,,,600.0,1217.5691250004484,,,0.024215341354267166,0.9757846586457295,0.9999999999999967,,,700.0,1421.3526984300415,,,0.024215341354267166,1.0,1.0,,,650.0,1403.8988428656028,,,0.024215341354267166,1.0,1.0,,,600.0,1292.262939155977,,,0.024215341354267166,1.0,1.0,,,550.0,1199.1068935019885,,,0.024215341354267166,1.0,1.0
06400735,Wannsee,Zehlendorf Südwest,06 - Steglitz-Zehlendorf,,,12.28990996565736,1303.1644407603292,,,0.49448446267935026,0.1471456735799309,0.6416301362592811,243.31754152346045,,152.39071939587853,698.8973263508346,0.6999046470259639,,1.0,0.6699103240697113,1.0,,,29.161881919330042,1439.521236598458,,,0.6422152326520403,0.13697701371528095,0.7791922463673213,,,28.25908293547145,1347.154499185942,,,0.6422152326520403,0.13697701371528095,0.7791922463673213,,,27.08651029108963,1254.198696454153,,,0.6420512757803072,0.1371409706764175,0.7791922464567247
06400736,Düppel,Zehlendorf Südwest,06 - Steglitz-Zehlendorf,,,0.6,910.0848449359326,,,0.36873108761274576,0.2876335748461145,0.6563646624588603,331.762746957766,,92.99487224529575,894.8846432125737,0.8899832725019422,,1.0,0.8705761192905659,1.0,,,7.741731464931927,1087.19412244953,,,1.0,0.2876253307822788,1.0,,,7.741731464931927,1015.3956040990247,,,1.0,0.2876253307822788,1.0,,,9.366732473235013,943.5970857485194,,,1.0,0.2876253307822788,1.0
06400737,Nikolassee,Zehlendorf Südwest,06 - Steglitz-Zehlendorf,,,0.6,1329.0991533340182,,,0.5099298420847587,0.18014203444500704,0.6900718765297656,282.28876231743027,800.0,32.429844361287216,992.4708220294198,0.6728306285944148,2.5643685910693215e-05,1.0,0.7693895272149787,1.0,,,3.1392787797652337,1628.3863563531527,,,0.6759216778730002,0.17876324691755638,0.8546849247905566,,,3.1392787797652337,1529.0941624361997,,,0.6759216778730002,0.17876324691755638,0.8546849247905566,,,3.759609029935975,1429.8019685192469,,,0.6759216778730002,0.17876324691755638,0.8546849247905566
06400838,Krumme Lanke,Zehlendorf Nord,06 - Steglitz-Zehlendorf,,,0.6,1560.9155770366192,,,0.5958145842053341,0.35191452469937173,0.9477291089047057,240.0,800.0,18.506325888172324,1160.5116458367856,0.6099397780425657,3.922748495669859e-06,1.0,0.9501292471767363,1.0,,,0.9334801214455724,1766.7363566644433,,,0.6099397780425657,0.3543185857198968,0.9642583637624624,,,0.9334801214455724,1666.7363566644435,,,0.6099397780425657,0.3543185857198968,0.9642583637624624,,,1.0492718302808404,1566.7363566644433,,,0.6099397780425657,0.3543185857198968,0.9642583637624624
06400839,Fischerhüttenstraße,Zehlendorf Nord,06 - Steglitz-Zehlendorf,,,,1522.984111996886,,,,1.0,1.0,,,,1720.0743129732152,,,,1.0,1.0,,,,1715.7081322554254,,,,1.0,1.0,,,,1612.7968510494711,,,,1.0,1.0,,,,1514.2522446220678,,,,1.0,1.0
06400840,Fischtal,Zehlendorf Nord,06 - Steglitz-Zehlendorf,,,0.6,1587.1352567330243,,,0.07718033071126162,0.922819669288744,1.0,240.0,,18.533333333333328,1710.637957275731,0.07718033071126162,,0.23154099213378487,1.0,1.0,,,0.6,1717.1655026925007,,,0.07718033071126162,0.9228196692887447,1.0,,,0.6,1547.871022519023,,,0.07718033071126162,0.9228196692887447,1.0,,,0.6,1470.9691825768487,,,0.07718033071126162,0.9228196692887447,1.0
06400841,Zehlendorf Eiche,Zehlendorf Nord,06 - Steglitz-Zehlendorf,,3000.0,,1414.5742067584358,,0.02357584713995262,,0.9764645284797245,1.0,,3500.0,,1601.7463825881043,,0.029014378502377543,,0.9709856214976241,1.0,,2800.0,,1584.1975409751856,,0.029014378502377543,,0.970985621497622,0.9999999999999996,,2000.0,,1473.1089314404937,,0.029014378502377543,,0.970985621497622,0.9999999999999996,,2000.0,,1378.6532362078394,,0.029014378502377543,,0.970985621497622,0.9999999999999996
06400842,Hüttenweg,Zehlendorf Nord,06 - Steglitz-Zehlendorf,,,0.6,1585.6479970702624,,,0.6565727282849596,0.34342727089682185,0.9999999991817815,240.0,800.0,18.547572247493953,1129.5943397345663,0.6565727457211883,8.782216774107786e-05,1.0,0.9999121770140188,1.0,,,0.6,1756.1443759215708,,,0.6565727457211883,0.34342725346056974,0.9999999991817581,,,0.6,1652.6562725777212,,,0.6565727457211883,0.34342725346056974,0.9999999991817581,,,0.6,1553.8189736923375,,,0.6565727457211883,0.34342725346056974,0.9999999991817581
06400843,Thielallee,Zehlendorf Nord,06 - Steglitz-Zehlendorf,,,832.0699849047371,1892.3516585606594,,,0.3137007507083247,0.6862989915073653,0.99999974221569,,,932.069984904737,1993.8717186760496,,,0.3137007507083247,0.686310150783815,1.0,,,910.7828850939302,1993.6283437161976,,,0.3393074126970818,0.6607034887950582,1.0,,,860.7828850939302,1893.6249657178555,,,0.3393074126970818,0.6607034887950582,1.0,,,810.7828850939302,1793.6266547170267,,,0.3393074126970818,0.6607034887950582,1.0
06400844,Dahlem,Zehlendorf Nord,06 - Steglitz-Zehlendorf,,,798.4102637611476,2478.8153128101594,,,0.18354710991034298,0.8384942982693331,1.0,240.0,,831.5503053499232,2568.7375631375608,0.007184072557445927,,0.19791639520181653,0.8456789871557743,1.0,,,894.4913111152719,2576.001199928542,,,0.18354825008692469,0.8384949145983284,1.0,,,846.4483094941841,2468.1107497328626,,,0.18354825008692469,0.8384949145983284,1.0,,,798.4053078730964,2370.740718338092,,,0.18354825008692469,0.8384949145983284,1.0
07100101,Wittenbergplatz,Schöneberg Nordwest,07 - Tempelhof-Schöneberg,,11775.673471871114,,5988.327922692431,,0.4599126552547454,,0.5402642175138112,1.0,,14845.455484266151,,5996.000180237953,,0.45991265525474784,,0.5402642175138112,1.0,,12687.657825793074,,4997.698322736343,,0.45991265525474784,,0.5402642175138112,1.0,,10147.892425401342,,3998.465548490896,,0.45991265525474784,,0.5402642175138112,1.0,,10067.25143122742,,3998.465548490896,,0.45991265525474784,,0.5402642175138112,1.0
07100102,Kalckreuthstraße,Schöneberg Nordwest,07 - Tempelhof-Schöneberg,,8723.837527450685,,4501.908418597855,,0.3524840493894764,,0.64874971349392,1.0,,10583.548895293772,,5493.0444692595875,,0.35248404939052225,,0.6487497134928631,1.0,,9038.172810499596,,4693.564414565654,,0.35248404939052225,,0.6487497134928631,1.0,,7224.977893703403,,3789.1660152099475,,0.35248404939052225,,0.6487497134928631,1.0,,6994.394390370223,,3789.1660152099475,,0.35248404939052225,,0.6487497134928631,1.0
07100103,Frobenstraße,Schöneberg Nordwest,07 - Tempelhof-Schöneberg,,6088.610774773745,,4503.6192033878415,,0.1095094677800829,,0.8937251051482732,1.0,,6573.842312311437,,5318.962471444044,,0.1095094677801092,,0.8937251051482685,1.0,,5559.07384984915,,4518.962471444044,,0.1095094677801092,,0.8937251051482685,1.0,,4544.305387386862,,3509.2541932941185,,0.1095094677801092,,0.8937251051482685,1.0,,4044.305387386862,,3509.2541932941185,,0.1095094677801092,,0.8937251051482685,1.0
07100204,Barbarossaplatz,Schöneberg Nordost,07 - Tempelhof-Schöneberg,,,,4500.0,,,,0.9999999999999998,0.9999999999999998,,,,5500.0,,,,0.9999999999999998,0.9999999999999998,,,,4700.0,,,,0.9999999999999998,0.9999999999999998,,,,3800.0,,,,0.9999999999999998,0.9999999999999998,,,,3800.0,,,,0.9999999999999998,0.9999999999999998
07100205,Alvenslebenstraße,Schöneberg Nordost,07 - Tempelhof-Schöneberg,,9000.0,,4500.240289526427,,0.00024014478707575616,,0.9993976460279409,0.9996377908150167,560.0,5778.535616268887,124.3589836931388,5016.301917094102,0.00046642099589123086,0.0004198776478534145,0.002400801797271608,0.9996911220727861,1.0,,7499.999999999999,155.65712337297703,4217.1690677870565,,0.0001866671499077991,0.0013170061476086119,0.9994579115748404,1.0,,6000.0,155.65712337297703,3027.414477940823,,0.0001866671499077991,0.0013170061476086119,0.9994579115748404,1.0,,5499.999999999999,158.59981397538817,3027.414477940823,,0.0001866671499077991,0.0013170061476086119,0.9994579115748404,1.0
07100206,Großgörschenstraße,Schöneberg Nordost,07 - Tempelhof-Schöneberg,503.29919964052215,,,4171.995183335968,0.004261049858239579,,,0.7581140133962,0.7623750632544396,561.9813763509194,3200.0,80.01818336456209,4005.1261518880715,0.4103819206117481,0.20309926145867327,1.0,0.9957630688758817,1.0,753.6964832670106,,21.716884969386886,3992.3560369342877,0.004183397694401569,,0.6094048512353735,0.7926638074172085,1.0,752.3523075335522,,21.716884969386886,2956.3811006616456,0.004183397694401569,,0.6094048512353735,0.7926638074172085,1.0,751.9490548135147,,25.05007189367439,2956.3811006616456,0.004183397694401569,,0.6094048512353735,0.7926638074172085,1.0
07200307,Bayerischer Platz,Schöneberg Südwest,07 - Tempelhof-Schöneberg,,,,5901.947055820843,,,,0.9999999999999887,0.9999999999999887,,,,5953.302511411334,,,,0.9999999999999887,0.9999999999999887,,,,4966.847829022595,,,,0.9999999999999887,0.9999999999999887,,,,3965.919971091916,,,,0.9999999999999887,0.9999999999999887,,,,3965.919971091916,,,,0.9999999999999887,0.9999999999999887
07200308,Volkspark (Rudolph-Wilde-Park),Schöneberg Südwest,07 - Tempelhof-Schöneberg,,,,5286.730745331549,,,,0.9429928946233098,0.9429928946233098,320.0,,12.499999999999998,5130.07095730649,0.05700709956796593,,0.11401419913593182,0.9429928946232983,1.0,,,14.999999999999998,4389.854756129062,,,0.05700709956796588,0.9429928946232983,0.9999999941912643,,,14.999999999999998,3491.1861636728618,,,0.05700709956796588,0.9429928946232983,0.9999999941912643,,,14.999999999999998,3491.1861636728618,,,0.05700709956796588,0.9429928946232983,0.9999999941912643
07200409,Belziger Straße,Schöneberg Südost,07 - Tempelhof-Schöneberg,,,,4500.0,,,,1.0,1.0,,,,5004.565295768183,,,,0.9999999999999842,0.9999999999999842,,,,4204.565295768183,,,,0.9999999999999842,0.9999999999999842,,,,3007.3044732290937,,,,0.9999999999999842,0.9999999999999842,,,,3007.3044732290937,,,,0.9999999999999842,0.9999999999999842
07200410,Feurigstraße,Schöneberg Südost,07 - Tempelhof-Schöneberg,5000.0,,,4499.427617029068,0.0002999524728409008,,,0.9997000475271062,0.9999999999999472,7000.000000000001,,,4999.427617029849,0.0002999524728409008,,,0.999700047527154,0.9999999999999949,6000.0,,,4199.599331920894,0.0002999524728409008,,,0.999700047527154,0.9999999999999949,3999.9999999999995,,,2999.8855234059697,0.0002999524728409008,,,0.999700047527154,0.9999999999999949,3500.0000000000005,,,2999.8855234059697,0.0002999524728409008,,,0.999700047527154,0.9999999999999949
07200411,Julius-Leber-Brücke,Schöneberg Südost,07 - Tempelhof-Schöneberg,,,,4290.028719381814,,,,1.0,1.0,,,,4791.04079785786,,,,1.0,1.0,,,,4054.0321820433132,,,,1.0,1.0,,,,2959.625069438025,,,,1.0,1.0,,,,2959.625069438025,,,,1.0,1.0
07200412,Schöneberger Linse,Schöneberg Südost,07 - Tempelhof-Schöneberg,,5000.0,,,,0.8537563894024749,,,0.8537563894024749,560.0,5609.203855233149,80.0,1300.0000000000002,0.2791401034049023,1.0,0.6978502585122558,0.13957005170245115,1.0,,5000.0,21.666666666666664,,,0.8604299482975778,0.41871015510735354,,1.0,,4000.0,21.666666666666664,,,0.8604299482975778,0.41871015510735354,,1.0,,3500.0,24.999999999999996,,,0.8604299482975778,0.41871015510735354,,1.0
07200413,Cheruskerstraße,Schöneberg Südost,07 - Tempelhof-Schöneberg,3765.603322034121,5000.0,,3505.677230168738,0.3370562379473672,0.01801543516643017,,0.36796849268206283,0.7230401657958603,2578.7415578861096,3415.031561221463,80.0,3089.5003209155766,0.7752016745563032,0.2345851845164835,1.0,0.6399223889774008,1.0,4444.695690325206,5000.0,21.666666666666664,3503.4544142936847,0.3420621758561965,0.01801543516643017,0.6497092480501603,0.42335263962734754,1.0,3064.1023803115922,3999.9999999999995,21.666666666666664,2800.9869755124814,0.3420621758561965,0.01801543516643017,0.6497092480501603,0.42335263962734754,1.0,2689.341235250635,3500.0,24.999999999999996,2800.9869755124814,0.3420621758561965,0.01801543516643017,0.6497092480501603,0.42335263962734754,1.0
07200414,Hohenfriedbergstraße,Schöneberg Südost,07 - Tempelhof-Schöneberg,3000.0,,,3563.602349105259,0.1083382303974892,,,0.652118305842505,0.7604565362399941,1494.305029672117,3200.0,80.0,3712.308149066077,0.3988884793846734,0.14527512449359212,0.7263756224679606,0.8916617696025115,1.0,3500.0,,21.666666666666668,3627.2843083175085,0.1083382303974892,,0.4358253734807762,0.7463866451089194,1.0,2500.0,,21.666666666666668,2836.3669452335735,0.1083382303974892,,0.4358253734807762,0.7463866451089194,1.0,2200.0,,25.0,2836.3669452335735,0.1083382303974892,,0.4358253734807762,0.7463866451089194,1.0
07300515,Taunusstraße,Friedenau West,07 - Tempelhof-Schöneberg,,,,4507.719970283667,,,,0.9999997435537762,0.9999997435537762,,,,5004.392648976605,,,,0.9999997435537753,0.9999997435537753,,,,4203.52395393623,,,,0.9999997435537753,0.9999997435537753,,,,3402.606085121126,,,,0.9999997435537753,0.9999997435537753,,,,3402.581498233762,,,,0.9999997435537753,0.9999997435537753
07300516,Odenwaldstraße,Friedenau West,07 - Tempelhof-Schöneberg,,7000.0,,4499.639982008366,,0.0340923211115417,,0.9659076753286088,0.9999999964401505,,7000.0,,4999.995741590309,,0.04156405783313073,,0.9584359386070315,0.9999999964401622,,6000.0,,4199.996593272248,,0.04156405783313073,,0.9584359386070315,0.9999999964401622,,5000.0,,3399.997019113217,,0.04156405783313073,,0.9584359386070315,0.9999999964401622,,5000.0,,3399.997019113217,,0.04156405783313073,,0.9584359386070315,0.9999999964401622
07300517,Perelsplatz,Friedenau West,07 - Tempelhof-Schöneberg,,,,4501.443414231471,,,,0.9774948973136612,0.9774948973136612,320.0,,12.500000000000002,5000.581880961579,0.022505102686386926,,0.04501020537277385,0.9774948973136609,1.0,,,15.0,4200.541583807827,,,0.022505102686386926,0.9774948973136609,1.0,,,15.0,3400.425207615511,,,0.022505102686386926,0.9774948973136609,1.0,,,15.0,3400.425207615511,,,0.022505102686386926,0.9774948973136609,1.0
07300618,Ceciliengärten,Friedenau Ost,07 - Tempelhof-Schöneberg,300.0,7000.0,,4401.2714768266005,0.0002507780709461919,0.0003646257026189893,,0.9658103195312335,0.9664257233047987,320.5931179066641,7000.0,12.5,4877.967352491515,0.0338250547661455,0.0008984215305183035,0.06714855339039862,0.9652765237033365,1.0,450.0,6000.0,15.000000000000002,4107.016408439783,0.0002507780709461919,0.0008984215305183035,0.03357427669519931,0.9652765237033365,1.0,450.0,5000.0,15.000000000000002,3307.033776534737,0.0002507780709461919,0.0008984215305183035,0.03357427669519931,0.9652765237033365,1.0,500.0,5000.0,15.000000000000002,3307.033776534737,0.0002507780709461919,0.0008984215305183035,0.03357427669519931,0.9652765237033365,1.0
07300619,Grazer Platz,Friedenau Ost,07 - Tempelhof-Schöneberg,299.9740546311382,5000.0,,2820.225979069843,0.06838918043658986,0.03236623993375824,,0.3222547313308126,0.42301015170116074,548.3510308439611,3351.8492419654194,79.30112509927571,1892.867551993588,1.0,0.5970546120568295,1.0,0.886909031782961,1.0,449.9730947442069,5000.0,18.11179349627239,2626.0095910389396,0.06594928984250294,0.03237938937599548,1.0,0.32227749281837337,1.0,450.40357883689654,3999.9999999999995,18.11179349627239,1828.966474250863,0.06594928984250294,0.03237938937599548,1.0,0.3223129804686251,1.0,500.3766735811034,3500.0,21.893958220628274,1828.9627755140712,0.06594928984250294,0.03237938937599548,1.0,0.3223129804686251,1.0
07400720,Gontermannstraße,Tempelhof Nord,07 - Tempelhof-Schöneberg,500.00000000000006,,,2664.0558348777154,0.14757347115678465,,,0.6264738436577371,0.7740473148145217,545.4971654663854,3200.0,80.00003774903486,2396.340031290585,0.6105292063953415,0.2314778149803237,1.0,0.8523915359075283,1.0,500.00000000000006,,21.666665655982882,2407.3177523387844,0.14757347115678465,,0.6944335502188806,0.6209137209272045,1.0,500.00000000000006,,21.666665655982882,1762.1374256687382,0.14757347115678465,,0.6944335502188806,0.6209137209272045,1.0,500.00000000000006,,24.99999924198716,1760.807517638158,0.14757347115678465,,0.6944335502188806,0.6209137209272045,1.0
07400721,Paradestraße,Tempelhof Nord,07 - Tempelhof-Schöneberg,251.81618403664532,,,1826.4684189194838,0.0013193135639265358,,,0.16766366295629007,0.16898297652021663,559.7909296569577,3200.0,79.99972132287414,1445.790385998268,1.0,0.8309313122912335,1.0,0.9986537535975109,1.0,351.818959894918,,21.666802136286975,2061.059943297559,0.0013173002004208732,,1.0,0.1677224413062773,1.0,351.818959894918,,21.666802136286975,1919.8318510783306,0.0013173002004208732,,1.0,0.1677224413062773,1.0,351.818959894918,,25.000116116817413,1837.9892530233988,0.0013173002004208732,,1.0,0.1677224413062773,1.0
07400822,Lindenhofsiedlung,Tempelhof Südwest,07 - Tempelhof-Schöneberg,708.8070649784818,,,1101.5427988160745,0.3958167118331838,,,0.15792178216251404,0.5537384939956977,676.6967526416339,3200.0,75.46464198679719,1249.0294094738824,1.0,0.3271081344439927,1.0,0.5020217418626701,1.0,946.4619251677502,,20.9333325983125,1075.0469697844549,0.3958167118331838,,1.0,0.17491360741867737,1.0,867.4903138491695,,20.9333325983125,897.3253647040782,0.3958167118331838,,1.0,0.1749401421359749,1.0,789.8986044122413,,23.91128650730163,867.9327577408378,0.3958167118331838,,1.0,0.1749401421359749,1.0
07400823,Wittekindstraße,Tempelhof Südwest,07 - Tempelhof-Schöneberg,513.6365407115482,,,1390.7055317340391,0.17672958057461183,,,0.7861223787096873,0.9628519592842991,869.9002705087269,3200.0,79.83868347755887,1213.3589114728884,0.2505692244667385,0.03669160317642793,0.18391445342141047,1.0,1.0,999.9999999999998,,21.639136741788644,1091.6864916536379,0.17672958057461183,,0.11053124706855459,1.0,1.0,905.4546162846192,,21.639136741788644,855.0118949921826,0.17672958057461183,,0.11053124706855459,1.0,1.0,800.0,,24.958705112682956,838.8640992882474,0.17672958057461183,,0.11053124706855459,1.0,1.0
07400824,Bosepark,Tempelhof Südwest,07 - Tempelhof-Schöneberg,500.0,,,2000.0,0.06645662914440498,,,0.8832844149690269,0.9497410441134319,735.1220075998168,3200.0,80.0,2151.5469107166855,0.16697454091754463,0.05025895588656983,0.25129477943284917,0.9335433708555967,1.0,1000.0,,21.666666666666668,2000.0,0.06645662914440498,,0.1507768676597095,0.8832844149690269,1.0,900.0000000000001,,21.666666666666668,1400.0,0.06645662914440498,,0.1507768676597095,0.8832844149690269,1.0,800.0,,25.0,1400.0,0.06645662914440498,,0.1507768676597095,0.8832844149690269,1.0
07400825,Friedrich-Karl-Straße,Tempelhof Südwest,07 - Tempelhof-Schöneberg,2500.0,,,1904.560863645179,0.20664620431712194,,,0.8521339310015466,1.0,2500.0,,,2007.863095106137,0.14786606899845844,,,0.9109140663202102,1.0,2200.0,,,1822.1872384265814,0.14786606899845847,,,0.9109140663202102,1.0,1800.0,,,1290.1918725639896,0.14786606899845847,,,0.9109140663202102,1.0,1500.0,,,1287.6107230355335,0.14786606899845847,,,0.9109140663202102,1.0
07400826,Marienhöhe,Tempelhof Südwest,07 - Tempelhof-Schöneberg,281.5131948729195,,,963.578668685224,0.2559827093068795,,,0.5806753770119996,0.8366580863188791,373.2174319383184,3200.0000000000005,13.337308679220742,940.5475188101509,0.25524142624144736,5.814499599734952e-06,0.48754664075524223,0.9741639847510641,1.0,419.4288595861291,,15.000357783263336,859.1229897342006,0.2552297972422479,,0.32502915567029494,0.9741581702514645,1.0,1206.3204728997305,,15.000357783263336,1016.4063302191425,0.2552297972422479,,0.32502915567029494,1.0,1.0,1203.0804197530808,,17.500402506171255,997.4221340898275,0.2552297972422479,,0.32502915567029494,1.0,1.0
07400927,Rathaus Tempelhof,Tempelhof Südost,07 - Tempelhof-Schöneberg,405.7342609963308,,,1999.9058582784935,0.5902776778206941,,,0.2640597231409215,0.8543374009616156,437.8366273714479,3200.0,28.176057094801944,1763.9004987804801,0.6979908457910721,0.014761858825601498,0.3094452107483793,0.37028315138553447,1.0,504.69497485083104,,13.47953897236814,1999.9057616512846,0.5770055587208575,,0.2799143546675765,0.2640597231409215,1.0,478.22286887418073,,13.47953897236814,1399.9383247477056,0.5770055587208575,,0.2799143546675765,0.2640597231409215,1.0,458.3687893916929,,16.582154165250497,1399.9376414611495,0.5770055587208575,,0.2799143546675765,0.2640597231409215,1.0
07400928,Germaniagarten,Tempelhof Südost,07 - Tempelhof-Schöneberg,249.99999999999997,,,847.6918877537404,0.6033976563229845,,,0.39648028501824917,0.9998779413412336,299.9996579954843,,34.08163623957852,993.9413716495964,0.603370347416903,,0.0001541044057790563,0.3965254678786684,1.0,350.0,,17.094534542810045,863.7775101243926,0.6033600296477316,,0.00012315109826334733,0.3965254678786684,1.0,350.0,,17.094534542810045,636.578949807298,0.6033600296477316,,0.00012315109826334733,0.3965254678786684,1.0,350.0,,17.513441451372053,632.227017445773,0.6033600296477316,,0.00012315109826334733,0.3965254678786684,1.0
07501029,Ringstraße,Mariendorf Nord,07 - Tempelhof-Schöneberg,250.0,,,892.3250553222365,0.5741944203258509,,,0.4258055796741571,1.0,300.0,,,999.9660368219035,0.5831963077400578,,,0.4168600394726352,1.0,350.0,,,849.9919901761355,0.5831963077400578,,,0.4168600394726352,1.0,350.0,,,600.037160571726,0.5831963077400578,,,0.4168600394726352,1.0,350.0,,,600.0291628678399,0.5831963077400578,,,0.4168600394726352,1.0
07501030,Machonstraße,Mariendorf Nord,07 - Tempelhof-Schöneberg,2500.0,,,900.0001688775898,8.506218817793024e-07,,,0.9999806539730847,0.9999815045949665,240.73015542701162,,20.0,999.9999577806379,1.9346026907295772e-05,,7.735910655566543e-05,0.9999814983446982,1.0,2200.0,,23.333333333333336,850.0000422193617,6.250268379413634e-09,,5.801932991674907e-05,0.9999814983446982,1.0,1800.0,,23.333333333333336,600.000211096809,6.250268379413634e-09,,5.801932991674907e-05,0.9999814983446982,1.0,1500.0,,25.000000000000004,600.0001773213196,6.250268379413634e-09,,5.801932991674907e-05,0.9999814983446982,1.0
07501031,Eisenacher Straße,Mariendorf Nord,07 - Tempelhof-Schöneberg,250.01042084454167,,,853.7633234920426,0.05624115089220868,,,0.4819173399673605,0.5381584908595691,247.43479857077284,,16.4364158333162,818.7784565236564,0.5076971369039512,,1.0,0.7788409088477558,1.0,350.0076610728975,,17.40851579600896,830.3867800571868,0.06290088152591845,,1.0,0.492302863096076,1.0,350.0060046247035,,17.40851579600896,612.0696738109618,0.06290088152591845,,1.0,0.492302863096076,1.0,350.0047622885579,,19.530937657854423,607.5435461318511,0.06290088152591845,,1.0,0.492302863096076,1.0
07501032,Imbrosweg,Mariendorf Nord,07 - Tempelhof-Schöneberg,250.00000000000003,,,729.157074871756,3.718338618068968e-06,,,0.6014041721242437,0.6014078904628618,239.991865033126,,13.866836783146134,746.4763521274939,0.3799153898427694,,0.8589277055661609,0.9412289340210995,1.0,350.0,,14.0346143851111,775.965404228353,3.7192388483208055e-06,,0.8185896017775797,0.6014068356975951,1.0,350.0,,14.0346143851111,645.5550003508504,3.7192388483208055e-06,,0.8185896017775797,0.6014068356975951,1.0,350.0,,16.46972473749999,628.4710765777454,3.7192388483208055e-06,,0.8185896017775797,0.6014068356975951,1.0
07501133,Fritz-Werner-Straße,Mariendorf Süd,07 - Tempelhof-Schöneberg,249.99999999999997,,,811.7472623617107,0.4042377466025895,,,0.48543673081970223,0.8896744774222917,299.99999999999994,,12.500103689454338,933.1480860517688,0.5403003845643795,,0.2641770489858475,0.45968865848600465,1.0,350.0,,15.0,818.4575779241486,0.5403003845643795,,0.13209400296773544,0.45968865848600465,1.0,350.0,,15.0,628.7140495923885,0.5403003845643795,,0.13209400296773544,0.45968865848600465,1.0,350.0,,19.99958525938433,620.8671759797785,0.5403003845643795,,0.13209400296773544,0.45968865848600465,1.0
07501134,Hundsteinweg,Mariendorf Süd,07 - Tempelhof-Schöneberg,,,,669.8600866889468,,,,0.7220041366913098,0.7220041366913098,232.90850770585425,,27.307816239983094,789.4813988227432,0.2474782549652579,,1.0,0.7685497376272837,1.0,,,21.705221458923955,776.0329483276739,,,0.7264061001457248,0.7246749841759146,1.0,,,21.705221458923955,709.6113064897664,,,0.7264061001457248,0.7246749841759146,1.0,,,23.710663100714807,676.9569394952374,,,0.7264061001457248,0.7246749841759146,1.0
07501135,Birnhornweg,Mariendorf Süd,07 - Tempelhof-Schöneberg,249.50444511991435,,,600.0300266343768,0.0003437167267046273,,,0.9996562832732889,0.9999999999999934,299.5044451200165,,,750.0156037056664,0.00034371672677544336,,,0.9996562832732101,0.9999999999999856,349.5044451200164,,,750.0011807769562,0.00034371672677544336,,,0.9996562832732101,0.9999999999999856,349.5044451200164,,,709.9905780744996,0.00034371672677544336,,,0.9996562832732101,0.9999999999999856,349.5044451200164,,,669.9944241888222,0.00034371672677544336,,,0.9996562832732101,0.9999999999999856
07601236,Marienfelder Allee Nordwest,Marienfelde Nord,07 - Tempelhof-Schöneberg,234.11600202791547,,,670.0367831725779,0.15315480920936558,,,0.8383372780533026,0.9914920872626682,284.1160020279155,,15.0,786.5899993088916,0.15315480920936558,,0.024729486501812732,0.8344148613668201,1.0,334.1160020279155,,14.999999999999998,749.292716109596,0.15315480920936558,,0.012364743250906364,0.8344148613668201,0.999934413827092,334.1160020279155,,14.999999999999998,688.7791074952295,0.15315480920936558,,0.012364743250906364,0.8344148613668201,0.999934413827092,334.1160020279155,,14.999999999999998,661.2553909513562,0.15315480920936558,,0.012364743250906364,0.8344148613668201,0.999934413827092
07601237,Kirchstraße,Marienfelde Nord,07 - Tempelhof-Schöneberg,201.2326635201672,,,613.333024028179,0.09174834139727192,,,0.8143462108882829,0.9060945522855548,225.67026940595457,,16.400000000000002,733.3252794622226,0.18311112474143,,0.36545113337663226,0.8168888752585819,1.0,301.2326635201672,,12.5,733.3252794622226,0.09174834139727192,,0.18272556668831613,0.8168888752585819,1.0,301.2326635201672,,12.5,693.3252794622227,0.09174834139727192,,0.18272556668831613,0.8168888752585819,1.0,301.2326635201672,,17.5,661.6626397311113,0.09174834139727192,,0.18272556668831613,0.8168888752585819,1.0
07601238,Marienfelde Nordost,Marienfelde Nord,07 - Tempelhof-Schöneberg,223.4059637736221,,,666.7998684128119,0.8037934899409213,,,0.1957534114825204,0.9995469014234418,273.41269278203333,,12.5,782.1033070011295,0.8039969228463458,,0.0009151169497874402,0.19600307715365936,1.0,323.41269278203333,,15.0,749.0549323340455,0.8039969228463458,,0.00045755847489372,0.19600307715365936,1.0,323.41269278203333,,15.0,684.8728355931866,0.8039969228463458,,0.00045755847489372,0.19600307715365936,1.0,323.41269278203333,,20.0,654.0392775865278,0.8039969228463458,,0.00045755847489372,0.19600307715365936,1.0
07601339,Tirschenreuther Ring West,Marienfelde Süd,07 - Tempelhof-Schöneberg,,,,911.1390162562562,,,,0.8313829549127982,0.8313829549127982,,,7.8,1018.7946660565957,,,0.33673530454859585,0.8314573436014052,1.0,,,0.6,895.8854978608957,,,0.16836765227429792,0.8314573436014052,0.9998249958757032,,,0.6,788.2893261500175,,,0.16836765227429792,0.8314573436014052,0.9998249958757032,,,0.6,776.7254681923638,,,0.16836765227429792,0.8314573436014052,0.9998249958757032
07601340,Tirschenreuther Ring Ost,Marienfelde Süd,07 - Tempelhof-Schöneberg,,,,894.4238124738768,,,,0.9996265676710158,0.9996265676710158,200.0,,16.4,997.376706944356,0.00012451323033060995,,0.0004980529213224398,0.9996265676710158,1.0,,,12.5,826.9320021842293,,,0.0002490264606612199,0.9996265676710158,0.999875594131677,,,12.5,693.1887320929137,,,0.0002490264606612199,0.9996265676710158,0.999875594131677,,,17.5,687.8896501967171,,,0.0002490264606612199,0.9996265676710158,0.999875594131677
07601341,Diedersdorfer Weg,Marienfelde Süd,07 - Tempelhof-Schöneberg,199.99999999999997,,,453.29600390699323,0.3597254769815896,,,0.15501060248541987,0.5147360794670094,221.37301211656361,,16.400000000000002,535.1080391099713,0.8447771073070184,,1.0,0.15509703775948677,1.0,300.0,,12.5,511.4090756370838,0.3611086270053696,,0.9673369606032975,0.15509703775948677,1.0,300.0,,12.5,472.9036467358909,0.3611086270053696,,0.9673369606032975,0.15509703775948677,1.0,300.0,,17.500000000000004,449.4247234539244,0.36334489781117835,,0.9673369606032975,0.15286076695368234,1.0
07601442,Kettinger Straße,Lichtenrade Nord,07 - Tempelhof-Schöneberg,200.0,,,610.61265765267,0.0008067749147139997,,,0.9991932250852786,0.9999999999999927,250.00000000000003,,,752.7107786826862,0.0008067749147139997,,,0.9991932250852789,0.9999999999999929,300.0,,,749.0390377999039,0.0008067749147139997,,,0.9991932250852789,0.9999999999999929,300.0,,,706.346170622182,0.0008067749147139997,,,0.9991932250852789,0.9999999999999929,300.0,,,667.6455578688386,0.0008067749147139997,,,0.9991932250852789,0.9999999999999929
07601443,Töpchiner Weg,Lichtenrade Nord,07 - Tempelhof-Schöneberg,200.0,,,599.9996678375795,0.03627302731602995,,,0.9634253262181521,0.9996983535341821,249.99999999999997,,,749.9993823874272,0.03627302731602995,,,0.9634253262181525,0.9996983535341823,300.0,,,749.9993823874272,0.03627302731602995,,,0.9634253262181525,0.9996983535341823,300.0,,,709.9994537499651,0.03627302731602995,,,0.9634253262181525,0.9996983535341823,300.0,,,669.9995251125032,0.03627302731602995,,,0.9634253262181525,0.9996983535341823
07601544,John-Locke-Straße,Lichtenrade Süd,07 - Tempelhof-Schöneberg,200.0,,,645.3771424104635,6.9084771143492645e-06,,,0.9999930915228893,1.0,250.0,,,751.1549387406122,6.9084771143492645e-06,,,0.9999930915228891,1.0,300.0,,,705.7777963301486,6.9084771143492645e-06,,,0.9999930915228891,1.0,300.0,,,636.9179765287731,6.9084771143492645e-06,,,0.9999930915228891,1.0,300.0,,,615.7728768161527,6.9084771143492645e-06,,,0.9999930915228891,1.0
07601545,Nahariyastraße,Lichtenrade Süd,07 - Tempelhof-Schöneberg,,,,654.2409981012826,,,,0.9997112358862562,0.9997112358862562,,,,755.8216358603897,,,,0.9997112358862551,0.9997112358862551,,,,701.5806377591072,,,,0.9997112358862551,0.9997112358862551,,,,627.8717117262597,,,,0.9997112358862551,0.9997112358862551,,,,608.4037837946947,,,,0.9997112358862551,0.9997112358862551
07601546,Franziusweg,Lichtenrade Süd,07 - Tempelhof-Schöneberg,200.0,,0.6,600.0,0.00011614828122259691,,0.07718788395799729,0.9225589033507328,0.9998629355899528,250.00000000000003,,0.6,700.0,0.00011614828122259691,,0.07718788395799729,0.9225589033507345,0.9998629355899543,300.0,,0.6,700.0,0.00011614828122259691,,0.07718788395799729,0.9225589033507345,0.9998629355899543,300.0,,0.6,670.0,0.00011614828122259691,,0.07718788395799729,0.9225589033507345,0.9998629355899543,300.00000000000006,,0.6,640.0,0.01603804966146508,,0.07718788395799729,0.9066370019704709,0.9998629355899333
07601547,Horstwalder Straße,Lichtenrade Süd,07 - Tempelhof-Schöneberg,,,0.6,600.0000000000001,,,0.01050495769247224,0.9894561589198418,0.9999611166123141,,,5.300000000000002,700.0,,,0.01370479733693588,0.9931087179438448,1.0,,,0.6,700.0,,,0.006852398668467937,0.9931087179438448,0.9999611166123128,,,0.6,670.0,,,0.006852398668467937,0.9931087179438448,0.9999611166123128,,,0.6,640.0,,,0.006852398668467937,0.9931087179438448,0.9999611166123128
07601548,Wittelsbacherstraße,Lichtenrade Süd,07 - Tempelhof-Schöneberg,,,0.6,600.0,,,0.23244295199175707,0.7670345504386344,0.9994775024303915,,,5.299999999999999,700.0,,,0.4422362641716659,0.778359370344554,1.0,,,0.6,700.0,,,0.221118132085833,0.778359370344554,0.9994775024303869,,,0.6,670.0,,,0.221118132085833,0.778359370344554,0.9994775024303869,,,0.6,640.0,,,0.221118132085833,0.778359370344554,0.9994775024303869
08100101,Hasenheide,Schillerpromenade,08 - Neukölln,,,,3734.0491956985616,,,,0.21710943284507433,0.21710943284507433,280.0744535348529,3199.9999999999995,72.00106376335673,4051.8925692031034,0.7829934644788665,0.00010410112713785028,1.0,0.21721473777542616,1.0,,,27.498836639323574,3423.5002639247164,,,1.0,0.21707486995644484,1.0,,,27.498836639323574,2393.746748653778,,,1.0,0.21707486995644484,1.0,,,29.999004367796122,2387.564215321633,,,1.0,0.21586844290909415,1.0
08100102,Schillerpromenade Nord,Schillerpromenade,08 - Neukölln,,,,3600.0,,,,0.4584645643073695,0.4584645643073695,280.1576694519015,3200.0,72.00225305509495,3799.1686220711567,0.5416879493391606,0.00015251364656058487,1.0,0.45861707795393003,1.0,,,27.497536121277047,3492.1074286486078,,,1.0,0.45845284209440335,1.0,,,27.497536121277047,2784.214857297216,,,1.0,0.45845284209440335,1.0,,,29.99788810395175,2784.214857297216,,,1.0,0.45845284209440335,1.0
08100103,Schillerpromenade Süd,Schillerpromenade,08 - Neukölln,,,,3600.0,,,,0.4218148732680966,0.4218148732680966,280.2478326530456,3200.0,72.00354203402867,3798.4837029506316,0.5784411206561124,0.00025599392421932015,1.0,0.4220708671923159,1.0,,,27.496126757728387,3496.3734150817927,,,1.0,0.42181487326809736,1.0,,,27.496126757728387,2792.7468301635854,,,1.0,0.42181487326809736,1.0,,,29.996680078052904,2792.7468301635854,,,1.0,0.42181487326809736,1.0
08100104,Wartheplatz,Schillerpromenade,08 - Neukölln,250.00000000000003,,,3599.9472308755917,4.083992480235858e-05,,,0.30798639062200545,0.30802723054680775,280.08516506354783,3199.9999999999995,72.00119995008808,3799.105031234747,0.6921174009451087,0.00010379156711105073,1.0,0.3080901821891165,1.0,350.0,,27.498687653013082,3199.985768971326,4.1047242593286234e-05,,1.0,0.30798639062200545,1.0,350.0,,27.498687653013082,2200.0243070670595,4.1047242593286234e-05,,1.0,0.30798639062200545,1.0,350.0,,29.998867315300267,2200.0239359524726,4.1047242593286234e-05,,1.0,0.31276156061780774,1.0
08100105,Silbersteinstraße,Schillerpromenade,08 - Neukölln,,,,2245.2376848558206,,,,0.7381450331288972,0.7381450331288972,280.0,,18.777448071695087,2399.55002135364,0.0033275752636561465,,0.2510581038156897,0.76225219723886,1.0,,,15.345076225838678,2141.755783923519,,,0.2410753780247213,0.7622521972388597,1.0,,,15.345076225838678,1493.4496250034513,,,0.2410753780247213,0.7622521972388597,1.0,,,15.414091471006413,1493.4496250034513,,,0.2410753780247213,0.7622521972388597,1.0
08100206,Flughafenstraße,Neuköllner Mitte/Zentrum,08 - Neukölln,500.00000000000006,3000.0000000000005,,3600.0,0.08564447101726425,0.017721086369142398,,0.8966344426135795,0.9999999999999862,600.0,3000.0,,3800.0000000000005,0.08564447101726425,0.041606056014630126,,0.8727494729680949,0.9999999999999893,600.0,2500.0,,3201.2253514018557,0.08564447101726425,0.041606056014630126,,0.8727494729681002,0.9999999999999946,600.0,2200.0,,2202.4507028037115,0.08564447101726425,0.041606056014630126,,0.8727494729681002,0.9999999999999946,600.0,2200.0,,2202.4507028037115,0.08564447101726425,0.041606056014630126,,0.8727494729681002,0.9999999999999946
08100207,Rollberg,Neuköllner Mitte/Zentrum,08 - Neukölln,,3000.0,,3599.9999999999995,,0.049841234712760335,,0.7870144552094981,0.8368556899222583,280.0,3000.0000000000005,71.99999999999999,3799.9999999999995,0.16314431007774718,0.0696527965177389,0.8157215503887358,0.7672028934045139,1.0,,2500.0,27.5,3200.0,,0.0696527965177389,0.32628862015549437,0.7672028934045139,1.0,,2102.743006407168,27.5,2200.0,,0.0696527965177389,0.32628862015549437,0.7672028934045139,1.0,,2102.743006407168,30.000000000000004,2200.0,,0.0696527965177389,0.32628862015549437,0.7672028934045139,1.0
08100208,Körnerpark,Neuköllner Mitte/Zentrum,08 - Neukölln,,,,3600.0000000000005,,,,0.6642975590279595,0.6642975590279595,280.0,,72.0,3800.0000000000005,0.3357024409720478,,1.0,0.6642975590279595,1.0,,,27.5,3200.034927741345,,,0.6714048819440956,0.6642975590279614,1.0,,,27.5,2200.0698554826913,,,0.6714048819440956,0.6642975590279614,1.0,,,30.0,2200.0698554826913,,,0.6714048819440956,0.6642975590279614,1.0
08100209,Glasower Straße,Neuköllner Mitte/Zentrum,08 - Neukölln,722.4420299322462,,,2141.5062318687305,0.33848347427985975,,,0.6615165257201153,0.9999999999999751,1292.5919022098115,,,2341.506231868731,0.5124612154739018,,,0.661516525720115,1.0,1289.2626478147681,,,2098.3128781370788,0.45986444814941824,,,0.7141132930445925,1.0,1116.25702656376,,,1465.5419187580521,0.45986444814941824,,,0.7141132930445925,1.0,916.2570265637601,,,1465.5419187580521,0.45986444814941824,,,0.7141132930445925,1.0
08100310,Maybachufer,Reuterstraße,08 - Neukölln,,,,4000.1266206639793,,,,1.0,1.0,,5000.0,,4500.322596418645,,0.00018398571313680678,,1.0,1.0,,4200.0,,4000.198219636081,,0.00018398571313680678,,1.0,1.0,,3000.0000000000005,,2800.1982196360805,,0.00018398571313680678,,1.0,1.0,,3000.0000000000005,,2800.1982196360805,,0.00018398571313680678,,1.0,1.0
08100311,Reuterplatz,Reuterstraße,08 - Neukölln,,,,3984.834480567641,,,,1.0,1.0,,,,4473.483136401015,,,,1.0,1.0,,,,3969.6142521569395,,,,1.0,1.0,,,,2777.242602688405,,,,1.0,1.0,,,,2777.242602688405,,,,1.0,1.0
08100312,Weichselplatz,Reuterstraße,08 - Neukölln,,,,3759.9046384061053,,,,0.9999999730139348,0.9999999730139348,,5000.0,,4079.804751932867,,2.058934369524424e-05,,1.0,1.0,,4200.0,,3519.769211881333,,2.058934369524424e-05,,1.0,1.0,,3000.0,,2439.827938378184,,2.058934369524424e-05,,1.0,1.0,,3000.0,,2439.827938378184,,2.058934369524424e-05,,1.0,1.0
08100313,Bouchéstraße,Reuterstraße,08 - Neukölln,,,,3599.685902122534,,,,0.9999999988469148,0.9999999988469148,,5000.0,,3799.6860577987763,,5.189208057583192e-07,,0.9999999988469148,1.0,,4200.0,,3199.803915854437,,5.189208057583192e-07,,0.9999999988469148,1.0,,3000.0,,2199.8824532968233,,5.189208057583192e-07,,0.9999999988469148,1.0,,3000.0,,2199.8824532968233,,5.189208057583192e-07,,0.9999999988469148,1.0
08100314,Donaustraße,Reuterstraße,08 - Neukölln,,3000.0,,3600.021978761447,,0.06604934420476778,,0.9339506557951655,0.9999999999999332,,3000.0,,3800.0424376772157,,0.08634559291005794,,0.9136544070898956,0.9999999999999536,,2500.0,,3200.0374450093086,,0.08634559291005794,,0.9136544070898951,0.999999999999953,,2200.0,,2200.0324523414006,,0.08634559291005794,,0.9136544070898951,0.999999999999953,,2200.0,,2200.0324523414006,,0.08634559291005794,,0.9136544070898951,0.999999999999953
08100415,Ganghoferstraße,Rixdorf,08 - Neukölln,,3000.0,,3600.0,,0.0461977916900669,,0.9538022083099926,1.0,,3000.0,,3800.0,,0.060176961706424954,,0.9398230382936182,1.0,,2500.0,,3200.0,,0.060176961706424954,,0.9398230382936182,1.0,,2199.7746289461097,,2200.0,,0.060176961706424954,,0.9398230382936182,1.0,,2199.7746289461097,,2200.0,,0.060176961706424954,,0.9398230382936182,1.0
08100416,Alt-Rixdorf,Rixdorf,08 - Neukölln,,3000.0,,3600.0,,0.026164016543713954,,0.9738359834562699,0.9999999999999838,,3000.0,,3800.0000000000005,,0.035121576259853134,,0.9648784237401296,0.9999999999999828,,2500.0,,3200.0,,0.035121576259853134,,0.9648784237401296,0.9999999999999828,,2100.0,,2200.0,,0.035121576259853134,,0.9648784237401296,0.9999999999999828,,2100.0,,2200.0,,0.035121576259853134,,0.9648784237401296,0.9999999999999828
08100417,Braunschweiger Straße,Rixdorf,08 - Neukölln,351.983468023511,,,3600.0,0.003543569203157753,,,0.996456430796851,1.0,1200.6818102679842,,,3800.0,0.007080940863138313,,,0.996456430796851,1.0,1125.5751903679313,,,3200.0,0.007080940863138313,,,0.996456430796851,1.0,1025.317074238392,,,2200.0,0.007080940863138313,,,0.996456430796851,1.0,825.319302607805,,,2200.0,0.007080940863138313,,,0.996456430796851,1.0
08100418,Hertzbergplatz,Rixdorf,08 - Neukölln,280.5922152161093,,,3600.0,0.3521670772878748,,,0.6477491284139132,0.9999162057017879,748.1525744369502,,12.5,3800.0,0.4599865817902643,,0.0001675885964019335,0.6477491284139132,1.0,739.6734789279122,,10.0,3200.0,0.4599027874920633,,8.379429820096675e-05,0.6477491284139132,1.0,692.8219645930278,,10.0,2200.0,0.4599027874920633,,8.379429820096675e-05,0.6477491284139132,1.0,599.118935923259,,15.000000000000002,2200.0,0.4599027874920633,,8.379429820096675e-05,0.6477491284139132,1.0
08100419,Treptower Straße Nord,Rixdorf,08 - Neukölln,250.03033892447002,,,3599.9450931322813,0.2072371936449361,,,0.7924975384502422,0.9997347320951783,349.9141667794963,,12.5,3799.954943879817,0.20743400954511326,,0.0005087065451787607,0.7925659904549213,1.0,400.0,,10.0,3199.9718399248854,0.20717965627252388,,0.00025435327258938034,0.7925659904549213,1.0,400.0,,10.0,2199.9831039549317,0.20717965627252388,,0.00025435327258938034,0.7925659904549213,1.0,400.0,,15.0,2199.9831039549317,0.20717965627252388,,0.00025435327258938034,0.7925659904549213,1.0
08100520,Weiße Siedlung,Köllnische Heide,08 - Neukölln,349.98424197550787,,,793.4589376688474,0.23646732475005686,,,0.24541125758528298,0.48187858233533987,726.1389035145369,,12.503733493820372,803.7866920787296,0.9961141776821556,,1.0,0.2560744312797099,1.0,1124.929863069739,,10.000139567914495,694.1322718748495,0.48309240395562253,,0.5130360944020843,0.2560601106041585,1.0,1024.9395374334467,,10.000139567914495,576.404986960626,0.48309240395562253,,0.5130360944020843,0.2560601106041585,1.0,824.9588861608623,,15.000139567914497,568.3368081891819,0.48309240395562253,,0.5130360944020843,0.2560601106041585,1.0
08100521,Schulenburgpark,Köllnische Heide,08 - Neukölln,304.15933348619456,,,874.3772631253863,0.6286609354102196,,,0.3259758882236965,0.954636823633916,823.6243008649496,,78.3282389379652,714.1559208104064,0.8767439271296482,,0.2721252061667777,0.6484130921201667,1.0,800.7914148348173,,24.996764687635032,636.9625303926001,0.8767257324372424,,0.09071978402044464,0.6484036372801452,1.0,740.8294469402534,,24.996764687635032,542.6937874495759,0.8767257324372424,,0.09071978402044464,0.6484036372801452,1.0,625.965088004963,,27.497363580612923,527.7758188938832,0.8767257324372424,,0.09071978402044464,0.6484036372801452,1.0
08200622,Jahnstraße,Britz Nord,08 - Neukölln,252.52285778126017,,,1721.48929826614,0.42332370623578797,,,0.4786929528619072,0.9020166590976951,305.1088303939935,,78.33248383178245,1865.7871579193677,0.42334045847875396,,0.5878912193393946,0.4786929528619072,1.0,350.0645896915694,,24.999775131942414,1693.3731968379955,0.40201425283930875,,0.1959637397797982,0.5000191606475818,1.0,350.05625553781846,,24.999775131942414,1186.6943978003444,0.40201425283930875,,0.1959637397797982,0.5000191606475818,1.0,350.0395872303167,,27.49981260995201,1186.6943978003444,0.40201425283930875,,0.1959637397797982,0.5000191606475818,1.0
08200623,Park am Buschkrug,Britz Nord,08 - Neukölln,249.99999999999997,,,1000.0000000000001,0.2577072727416098,,,0.35695205098371796,0.6146593237253277,265.0108136810467,,70.29353522399875,880.856570952699,0.4063690172694643,,1.0,0.5251271558842954,1.0,350.0,,19.96362228734178,850.0000000000001,0.2641795956360944,,0.7057639251023927,0.38293773425092553,1.0,350.0,,19.96362228734178,600.0,0.2641795956360944,,0.7057639251023927,0.38293773425092553,1.0,350.0,,23.470896827326044,600.0,0.2641795956360944,,0.7057639251023927,0.3829377342509256,1.0
08200624,Tempelhofer Weg,Britz Nord,08 - Neukölln,256.5193135015961,,,1455.3967003189002,0.36213057912269564,,,0.4401137970429517,0.8022443761656474,305.24367621705443,,30.232271746550904,1493.575026729718,0.39167138282824715,,0.472395182986461,0.46912345378323866,1.0,362.936937943909,,12.4173939377058,1376.9887431546883,0.3649770577939492,,0.21928549930921154,0.44242912874894064,1.0,362.936937943909,,12.4173939377058,966.6008648032615,0.3649770577939492,,0.21928549930921154,0.44242912874894064,1.0,362.936937943909,,15.607785360805007,966.6008648032615,0.3649770577939492,,0.21928549930921154,0.44242912874894064,1.0
08200725,Mohriner Allee Nord,Britz,08 - Neukölln,242.8555840160744,,,603.5987243337232,0.18719176832860682,,,0.29426083868089087,0.48145260700949766,225.3447642307739,,55.998598904335466,617.6067322435438,0.6977517317828613,,1.0,0.8098260148850203,1.0,342.981794223423,,12.499999999999998,703.5867140816879,0.19017398511498196,,1.0,0.30224826821714096,1.0,342.981794223423,,12.499999999999998,664.9797091300911,0.19017398511498196,,1.0,0.30224826821714096,1.0,342.981794223423,,17.499798702877044,637.1313847649594,0.19017398511498196,,1.0,0.30224826821714096,1.0
08200726,Hufeisensiedlung,Britz,08 - Neukölln,200.37018185954594,,,963.667352041348,0.003416564516595898,,,0.7074146966273537,0.7108312611439496,200.56543853777782,,56.0,946.077565309984,0.30547148734789575,,1.0,0.9965834354834078,1.0,300.5552727893189,,12.5,1085.1914327995587,0.003416564516595898,,0.6041098456625997,0.6945285126521079,1.0,300.5552727893189,,12.5,975.3253793428096,0.003416564516595898,,0.6041098456625997,0.6945285126521079,1.0,300.5552727893189,,17.5,907.33959885901,0.003416564516595898,,0.6041182572928557,0.6945243068369797,1.0
08200727,Parchimer Allee Süd,Britz,08 - Neukölln,200.0,,,861.8782213744444,0.017448133490451833,,,0.6370494640657921,0.6544975975562439,202.4532148394802,,56.00000000000001,809.8950895349824,0.3630724646019583,,1.0,0.9821861048406331,1.0,300.0,,12.499999999999998,866.1290307891445,0.017813895159363494,,0.6905171388851895,0.6369275353980381,1.0,300.0,,12.499999999999998,686.9117196025384,0.017813895159363494,,0.6905171388851895,0.6369275353980381,1.0,300.0,,17.5,661.52807195469,0.017813895159363494,,0.6905171388851895,0.6369275353980381,1.0
08200728,Ortolanweg,Britz,08 - Neukölln,250.0,,,996.8014482971106,0.057677448929752975,,,0.08053603232021142,0.1382134812499644,299.949336182286,,78.33105999709477,997.1633077402101,0.059284501263968774,,1.0,0.08445210483218986,1.0,350.0,,25.0,848.6259732757366,0.059234441611213724,,1.0,0.08440204517943481,1.0,350.0,,25.0,600.2169515880415,0.059234441611213724,,1.0,0.08440204517943481,1.0,350.0,,27.499999999999996,600.0,0.059234441611213724,,1.0,0.08440204517943481,1.0
08200729,Britzer Garten,Britz,08 - Neukölln,218.77390977045974,,,656.048836081654,0.034661345574322176,,,0.10420234411963435,0.13886368969395652,202.6770678065694,,55.999970324486505,582.7967136108064,0.8904636334885485,,1.0,0.9653377726038518,1.0,318.7739097736111,,12.50001674398425,732.9420779536266,0.03466134557782016,,1.0,0.10953636651142579,1.0,318.7739097736111,,12.50001674398425,650.3778854285146,0.03466134557782016,,1.0,0.10953636651142579,1.0,318.7739097736111,,17.5000115919891,625.3331788002344,0.03466134557782016,,1.0,0.10953636651142579,1.0
08200730,Handwerker-Siedlung,Britz,08 - Neukölln,234.1048245861685,,,412.0464020139211,0.018061861936879822,,,0.7002550917132997,0.7183169536501794,205.93999040098484,,56.0,528.0786853960302,0.25739408611501935,,1.0,0.9924028842801716,1.0,333.82309062172527,,12.5,502.7733066539409,0.018239823769957902,,0.47830852469012286,0.7532486219351103,1.0,333.82309062172527,,12.5,457.0552437942134,0.018239823769957902,,0.47830852469012286,0.7532486219351103,1.0,333.82309062172527,,17.5,437.27452917674736,0.018239823769957902,,0.47830852469012286,0.7532486219351103,1.0
08200831,Buckow West,Buckow,08 - Neukölln,,,,670.4343200479766,,,,0.9999378250869243,0.9999378250869243,200.0,,55.93277903040233,735.6950796104154,6.216834577903989e-05,,0.0003105418018690177,0.99999984346919,1.0,,,12.489494186823105,686.0612425318567,,,0.0001241867280449889,0.999937825086924,1.0,,,12.489494186823105,584.6540527967497,,,0.0001241867280449889,0.999937825086924,1.0,,,17.483456363158226,565.9880865294568,,,0.0001241867280449889,0.999937825086924,1.0
08200832,Buckow Mitte,Buckow,08 - Neukölln,200.0,,,678.107207373763,0.05251449851133592,,,0.7738191501639964,0.8263336486753323,216.56400828689803,,9.628593408562466,784.4632925679683,0.15858065110633893,,0.3182165189244484,0.8412003108535107,1.0,300.0,,3.806432724109707,724.8365727538395,0.05253462438134158,,0.10608524609972551,0.8411610914787826,0.9997809619598496,300.0,,3.806432724109707,607.0133954356016,0.05253462438134158,,0.10608524609972551,0.8411610914787826,0.9997809619598496,300.0,,3.8101296919888497,588.5855272488279,0.05253462438134158,,0.10608524609972551,0.8411610914787826,0.9997809619598496
08200833,Buckow Ost,Buckow,08 - Neukölln,250.0,,,635.3249650138304,0.052572454191412606,,,0.9469854450157672,0.99955789920718,300.0,,,738.791044606559,0.052572454191412606,,,0.9965552250601997,1.0,350.0,,,696.1942709511519,0.052572454191412606,,,0.9965552250601997,1.0,350.0,,,608.4181034130177,0.052572454191412606,,,0.9965552250601997,1.0,350.0,,,586.6624459306644,0.052572454191412606,,,0.9965552250601997,1.0
08300934,Gropiusstadt Nord-West,Gropiusstadt West,08 - Neukölln,,,,741.0642198878807,,,,1.0,1.0,,,,754.7955118499112,,,,1.0,1.0,,,,682.3171857046835,,,,1.0,1.0,,,,593.972321354386,,,,1.0,1.0,,,,578.1447541360108,,,,1.0,1.0
08300935,Gropiusstadt Süd-West,Gropiusstadt West,08 - Neukölln,249.99999999999997,,,744.6733039251486,0.06118382799830832,,,0.9388161720017045,1.0,300.0,,,753.5949707193315,0.06118382799830832,,,1.0,1.0,350.0,,,679.5161660020435,0.06118382799830832,,,1.0,1.0,350.0,,,590.2524420953296,0.06118382799830832,,,1.0,1.0,350.0,,,575.0675229059036,0.06118382799830832,,,1.0,1.0
08301036,Gropiusstadt Mitte,Gropiusstadt Ost,08 - Neukölln,,,,749.532651180759,,,,0.9999565849789576,0.9999565849789576,,,,754.8692455621975,,,,1.0,1.0,,,,679.97248290053,,,,1.0,1.0,,,,590.0550713425941,,,,1.0,1.0,,,,575.0344224463256,,,,1.0,1.0
08301037,Gropiusstadt Süd-Ost,Gropiusstadt Ost,08 - Neukölln,,,,749.919988765696,,,,1.0,1.0,,,,754.9776386575957,,,,1.0,1.0,,,,679.9952923489676,,,,1.0,1.0,,,,590.009415302065,,,,1.0,1.0,,,,575.0058845637907,,,,1.0,1.0
08401138,Goldhähnchenweg,Buckow Nord,08 - Neukölln,,,,999.9341917288383,,,,1.0,1.0,,,,999.946726637631,,,,1.0,1.0,,,,849.9702295916172,,,,1.0,1.0,,,,600.0047005907973,,,,1.0,1.0,,,,599.9999999999999,,,,1.0,1.0
08401139,Vogelviertel Süd,Buckow Nord,08 - Neukölln,,,249.99999999999997,674.2784517245221,,,0.1923092628284482,0.8076907371715535,1.0,,,300.0,775.4838680014308,,,0.1923092628284482,0.8321480152828549,1.0,,,300.0,755.2654871350139,,,0.1923092628284482,0.8321497386079569,1.0,,,250.0,695.1818205822225,,,0.21153846092844092,0.7936913424079529,1.0,,,250.0,660.0664719190072,,,0.21153846092844092,0.7936913424079529,1.0
08401140,Vogelviertel Nord,Buckow Nord,08 - Neukölln,,,,634.6486722952241,,,,0.9498033688154361,0.9498033688154361,,,78.33333333333333,716.8018990474455,,,0.08276240922733835,0.9862062651287756,1.0,,,24.999999999999996,691.7422377029842,,,0.02758746974244612,0.9862062651287756,1.0,,,24.999999999999996,624.9880677311078,,,0.02758746974244612,0.9862062651287761,1.0,,,27.5,600.0,,,0.02758746974244612,0.9862062651287761,1.0
08401241,Blumenviertel,Rudow,08 - Neukölln,200.03286637241786,,,580.5694570702615,0.030275620992240737,,,0.9136011014936337,0.9438767224858743,299.9100497063022,,78.30198020154653,660.5355765978658,0.03032031091715776,,0.33665259861616975,0.9137241182327062,1.0,350.0,,25.000000000000004,660.3835757325973,0.030274855569290958,,0.1122480858741048,0.9136795050715933,1.0,350.0,,25.000000000000004,630.126618973329,0.030274855569290958,,0.1122480858741048,0.9136795050715949,1.0,350.0,,27.5,600.1394880057285,0.030274855569290958,,0.1122480858741048,0.9136795050715949,1.0
08401242,Zittauer Straße,Rudow,08 - Neukölln,,,,539.0744870021015,,,,0.9593968125064786,0.9593968125064786,240.0,,7.152722793664793,613.8836828909507,5.611840219224341e-05,,0.16179318429644546,0.9683070416145426,1.0,280.0,,10.006929843018836,612.5177104953028,5.611840219224341e-05,,0.04049038487575554,0.9682509232123505,1.0,280.0,,10.006929843018835,583.3349569700267,5.611840219224341e-05,,0.04049038487575554,0.9682509232123512,1.0,280.0,,15.006929843018835,555.5230376155242,5.611840219224341e-05,,0.04049038487575554,0.9682509232123512,1.0
08401243,Alt-Rudow,Rudow,08 - Neukölln,200.1512102826777,,,573.6209531556733,0.21282761922749294,,,0.7421331145345559,0.9549607337620489,300.0787816175742,,78.33348966206194,659.998972352594,0.21281991517100934,,0.2702829200584963,0.7421360471077694,1.0,350.0762924284302,,24.99996892331013,660.0000000000001,0.21281698259779588,,0.09009999240260934,0.7421331145345559,1.0,350.05639005579627,,24.99996892331013,630.0000000000001,0.21281698259779588,,0.09009999240260934,0.7421331145345559,1.0,350.0431218073736,,27.499974102758443,600.0,0.21281698259779588,,0.09009999240260934,0.7421331145345559,1.0
08401244,Waßmannsdorfer Chaussee,Rudow,08 - Neukölln,,,,560.179643823806,,,,0.6584249635063147,0.6584249635063147,240.0,,7.855583303890568,624.9502610736863,0.09543706329649458,,1.0,0.7583182856138795,1.0,280.0,,11.415874402676216,638.6205443326218,0.09543706329649458,,0.3370251736880905,0.662881222317385,1.0,280.0,,11.29729437431075,611.2005670959542,0.0846437519464004,,0.3262318623379963,0.673674533667479,1.0,280.0,,16.297294374310752,583.6328913648683,0.0846437519464004,,0.3262318623379963,0.673674533667479,1.0
08401245,Frauenviertel,Rudow,08 - Neukölln,,,,780.7239561768939,,,,0.6699831240047194,0.6699831240047194,,,7.15,876.1746390137017,,,1.0,0.6699831240047194,1.0,,,10.0,742.5738258882006,,,0.3295549629511529,0.6699831240047194,0.9995380869558723,,,10.0,624.1095284573117,,,0.3295549629511529,0.6699831240047194,0.9995380869558723,,,14.999999999999998,619.5142372917325,,,0.3295549629511529,0.6699831240047194,0.9995380869558723
08401246,Waltersdorfer Chaussee Ost,Rudow,08 - Neukölln,200.0,,,572.8398521360131,1.1017875891000657e-05,,,0.6832190401215317,0.6832300579974226,240.00208690612453,,29.998423258149874,618.8142010842929,0.3167715814766073,,1.0,0.9999851443282552,1.0,350.0,,15.003060815816829,660.0000063408081,1.1017875891000657e-05,,0.31680976845620745,0.6832245807275389,1.0,350.0,,15.003060815816829,630.0000058124075,1.1017875891000657e-05,,0.31680976845620745,0.6832245807275389,1.0,350.0,,20.00229333908554,600.0000066050085,1.1017875891000657e-05,,0.31680976845620745,0.6832245807275389,1.0
09100101,Alt-Treptow,Alt-Treptow,09 - Treptow-Köpenick,2971.1057116856177,10000.0,0.6,2687.339472195013,0.12289870888191579,0.02391995024033301,1.7727347766319727e-05,0.3635895611999958,0.5104259476700109,990.939102413277,12999.78262050136,108.17458593847388,1750.2969840756546,0.566792913131011,0.02391546188627177,1.0,0.81321213999397,1.0,3077.23608752791,10999.815227426157,13.240755000512053,2703.8207251720232,0.1200115408396459,0.02391546188627177,0.9472948451987862,0.3664850554468131,1.0,2203.7223301770427,8999.83696537602,13.240755000512053,2013.921717464422,0.1200115408396459,0.02391546188627177,0.9472948451987862,0.3664850554468131,1.0,1623.7851924870104,6999.891310250679,18.12089336990788,2013.921717464422,0.1200115408396459,0.02391546188627177,0.9472948451987862,0.3664850554468131,1.0
09100202,Plänterwald West,Plänterwald,09 - Treptow-Köpenick,250.12093760654727,,,1384.5409534932298,0.07560335104952316,,,0.33925258323176216,0.41485593428128525,288.27453048586773,,101.65561940741827,990.5554015012666,0.6607474310354946,,1.0,1.0,1.0,400.0,,12.499767690624079,1223.3381715869557,0.07810535373660014,,1.0,0.4204729624875669,1.0,400.0,,12.499767690624079,877.8688857565296,0.07810535373660014,,1.0,0.4204729624875669,1.0,400.0,,17.49976769062408,872.0739547548375,0.07810535373660014,,1.0,0.4204729624875669,1.0
09100203,Plänterwald Ost,Plänterwald,09 - Treptow-Köpenick,,,0.6,699.8841393672377,,,0.3887250790998513,0.3330564833481588,0.7217815624480102,215.54359812803412,,54.3637957515746,602.7580518607907,0.6667388215978688,,1.0,1.0,1.0,,,12.318136365290453,624.9564287097617,,,0.9447227875515926,0.6657253645126665,1.0,,,12.318136365290453,524.9564334294585,,,0.9447227875515926,0.6657253645126665,1.0,,,14.475001718093337,509.9651476875061,,,0.9447227875515926,0.6657253645126665,1.0
09100304,Baumschulenweg West,Baumschulenweg,09 - Treptow-Köpenick,400.0,,,806.6088610889203,0.00022711826993662227,,,0.6768910423374024,0.6771181606073391,240.90245250574438,,21.166817366882807,672.5213640928658,0.323090476770948,,1.0,1.0,1.0,500.0,,24.763961947851286,668.9433845033963,0.00022711826993662164,,0.6457618047103664,1.0,1.0,500.0,,24.763961947851286,568.9452438098384,0.00022711826993662164,,0.6457618047103664,1.0,1.0,500.0,,27.311169558281026,558.5861515147708,0.00022711826993662164,,0.6457618047103664,1.0,1.0
09100305,Baumschulenweg Ost,Baumschulenweg,09 - Treptow-Köpenick,400.0,,0.6,797.4598453022205,0.0013205443991291341,,0.27254022758363616,0.7259837329053497,0.9998445048881149,201.20548882336115,,53.12,678.8894049846351,0.2738607719827651,,1.0,1.0,1.0,499.99999999999994,,0.6,657.4866151007401,0.0013205443991291341,,0.27254022758363616,1.0,1.0,499.99999999999994,,0.6,557.4866151007402,0.0013205443991291341,,0.27254022758363616,1.0,1.0,499.99999999999994,,0.6,542.4866151007402,0.0013205443991291341,,0.27254022758363616,1.0,1.0
09100306,Späthsfelde,Baumschulenweg,09 - Treptow-Köpenick,,,0.6,405.25133816767203,,,3.872589820235624e-05,0.2416120533309267,0.24165077922912903,239.99999999999997,,20.014342642284102,390.649757678384,0.7582609278326686,,1.0,0.9998342552653935,1.0,,,24.99937701011327,486.83422544511467,,,1.0,0.2416120533309267,1.0,,,24.99937701011327,486.83422544511467,,,1.0,0.2416120533309267,1.0,,,27.499313179182252,466.8342254451146,,,1.0,0.2416120533309267,1.0
09100407,Johannisthal West,Johannisthal,09 - Treptow-Köpenick,400.0,,0.6,516.5516570027927,3.210731638705969e-05,,0.35805932788615913,0.42082841949816063,0.7789198547007069,240.0113206047831,,14.408241326179974,533.3142046628916,0.5955986071829368,,1.0,0.7073665279544209,1.0,355.5528952178519,,13.809260526133865,576.8354051082273,9.349224255120416e-05,,0.8165937395060715,0.4862948619215153,1.0,355.5528952178519,,13.809260526133865,524.7264753562976,9.349224255120416e-05,,0.8165937395060715,0.4862948619215153,1.0,355.5528952178519,,15.162933317165912,507.4712017738446,9.349224255120416e-05,,0.8165937395060715,0.4862948619215153,1.0
09100408,Johannisthal Ost,Johannisthal,09 - Treptow-Köpenick,476.64313750095897,,,660.6546247718344,0.13015742994335736,,,0.9126708967841058,1.0,559.0604781512283,,27.42514860479397,679.1753533522042,0.1331064655127739,,0.010449448243138705,1.0,1.0,580.5350996200832,,39.22838341681351,619.9949025622723,0.1331064655127739,,0.005068292965542938,1.0,1.0,553.1626669714002,,39.22838341681351,521.5726740286492,0.1331064655127739,,0.005068292965542938,1.0,1.0,550.0409350207897,,39.38270673345081,509.33650405467154,0.1331064655127739,,0.005068292965542938,1.0,1.0
09100409,Landschaftspark Adlershof,Johannisthal,09 - Treptow-Köpenick,989.7064878363476,,,534.0883950164629,0.7461862477416213,,,0.21534952241134397,0.9615357701529653,950.4047115068241,,22.48457580484689,615.6258734987972,0.8324581000626474,,0.5655796455595308,0.301216738227375,1.0,951.0252804583613,,16.34215642365506,731.4431122255477,0.8189429371487903,,0.2930606490396957,0.22812995482501328,1.0,811.1896458307366,,16.34215642365506,707.2344525780501,0.8189429371487903,,0.2930606490396957,0.22812995482501328,1.0,738.6632668338863,,21.071116710735335,672.8050010184222,0.8189429371487903,,0.2930606490396957,0.22812995482501328,1.0
09200510,Helmholtz-Kiez,Oberschöneweide,09 - Treptow-Köpenick,286.94357282908726,,0.6,1199.9274623893655,0.18308377556897065,,0.11782754323022401,0.17961510678722933,0.480526425586424,514.2692128415672,,29.553433505659033,748.8194940335779,0.7604964481268743,,1.0,0.6101668823578079,1.0,887.2513761987055,,40.68614350920732,937.7898910813284,0.3098008266066553,,0.7853830244680854,0.27615292169274774,1.0,743.6220015267696,,40.68614350920732,749.670126878127,0.3098008266066553,,0.7853830244680854,0.27615292169274774,1.0,672.7225211227113,,42.81693784723043,739.1819536686093,0.3098008266066553,,0.7853830244680854,0.27615292169274774,1.0
09200511,Griechischer Park,Oberschöneweide,09 - Treptow-Köpenick,249.9838594145091,,,1199.9895382888374,0.2603294678883033,,,0.5263834650636288,0.786712932951932,1137.4979274882173,,78.12,1021.0281568226413,0.5602800593725419,,0.19852580498290098,0.9671969153577111,1.0,1149.8965889971091,,207.5,875.6439921005087,0.5205562063272605,,0.07941032199316041,0.927510446409832,1.0,1049.9473342495403,,207.5,714.043093838039,0.5205278024461005,,0.07941032199316041,0.9275376736138757,1.0,849.9671396460947,,209.99999999999997,701.0681863591865,0.5205219601313626,,0.07941032199316041,0.9275435159286128,1.0
09200512,Wuhlheide,Oberschöneweide,09 - Treptow-Köpenick,249.99218854958445,,0.6,1199.907228619609,0.04351892956754135,,0.1825166025051172,0.07569522933955793,0.3017307614122165,372.5691362782372,,70.7292713033301,544.8109479741955,0.9012779818991791,,1.0,0.7716507021968957,1.0,1149.7362308940062,,181.1440538229743,855.6743813187929,0.08705933973868712,,1.0,0.13994866254158292,1.0,1049.7687139370644,,181.1440538229743,702.5965984687115,0.08705933973868712,,1.0,0.13994866254158292,1.0,849.8336800231808,,183.33235075509813,688.8224759080825,0.08705933973868712,,1.0,0.13994866254158292,1.0
09200613,Bahnhof Schöneweide,Niederschöneweide,09 - Treptow-Köpenick,313.2040803553893,,0.6,810.3697426905778,0.509750969040382,,0.00017937489379623588,0.32149244328170634,0.8314227872158845,327.06235960374846,,41.261882609583985,734.8126934640968,0.6464779106509873,,0.6775265126363339,0.4581963770681291,1.0,429.47592811364615,,87.3044775476103,742.6451553441957,0.525192086850038,,0.2672378021689508,0.33897210980302656,1.0,429.8729084307711,,87.3044775476103,671.5564105465063,0.5225818035226204,,0.2672378021689508,0.34158562574583634,1.0,431.00564516907804,,89.85884212593419,666.9131225464071,0.5152743176506762,,0.2672378021689508,0.3488931116177809,1.0
09200614,Oberspree,Niederschöneweide,09 - Treptow-Köpenick,150.0888118416353,,0.6,487.44215540226764,0.002280853522813316,,0.0002290805777917281,0.44631528067291365,0.4488252147735187,206.9318356303918,,35.07583956228838,453.73938804517,0.5534682537751242,,1.0,0.997477450873604,1.0,279.7939412684385,,67.59440146060183,503.60505492866855,0.32581691523217954,,0.7790552043472382,0.44630266564710225,1.0,279.7939412684385,,67.59440146060183,455.1549121437,0.32581691523217954,,0.7790552043472382,0.44630266564710225,1.0,279.7939412684385,,71.13185799866787,444.84490391179213,0.32581691523217954,,0.7790552043472382,0.44630266564710225,1.0
09200715,Wista,Adlershof,09 - Treptow-Köpenick,1365.4456002256125,,,1114.4796289761014,1.0,,,0.10375079670322891,1.0,1307.2527087139995,,20.251523035627745,880.2954483162578,1.0,,0.38636181396265534,0.21124512643479929,1.0,1320.4936610923014,,24.86285204360326,1047.760983661409,1.0,,0.1904774902712345,0.11479125822973332,1.0,1055.8212945730056,,24.86285204360326,794.8983242043686,1.0,,0.1904774902712345,0.11479125822973332,1.0,908.0417359729245,,27.397139032702444,792.2374641500463,1.0,,0.1904774902712345,0.11479125822973332,1.0
09200716,Dörpfeldstraße West,Adlershof,09 - Treptow-Köpenick,349.6931273024844,,0.6,680.8909827818918,0.1267862596747687,,3.4493585710238966e-05,0.7628295328950447,0.8896502861555237,325.36398337320657,,26.24548308083018,617.8685775710157,0.23703117434764417,,0.44118982035288945,1.0,1.0,370.71291099944426,,14.995428008902985,597.2075700921274,0.23703117434764417,,0.1103849820071824,1.0,1.0,370.71291099944426,,14.995428008902985,497.3764610758578,0.23703117434764417,,0.1103849820071824,1.0,1.0,370.71291099944426,,19.98908351657441,484.045610237374,0.23703117434764417,,0.1103849820071824,1.0,1.0
09200717,Dörpfeldstraße Ost,Adlershof,09 - Treptow-Köpenick,201.21681890152743,,0.6,604.9792183370246,0.24441179531702026,,0.26732917424874836,0.43199738790472814,0.9437383574704968,201.04387346521457,,18.94743787791913,589.9381591525487,0.24796487995739816,,0.8911704003752745,0.6911779763924593,1.0,251.63912431191108,,5.935691638100485,554.3542021946073,0.24441950205934093,,0.3556944818450882,0.6292564554449024,1.0,251.63912431191108,,5.935691638100485,469.12880189365916,0.24441950205934093,,0.3556944818450882,0.6292564554449024,1.0,251.63912431191108,,6.445294929449681,456.3120716560797,0.24441950205934093,,0.3556944818450882,0.6292564554449024,1.0
09200818,Spindlersfeld,Köllnische Vorstadt/Spindlersfeld,09 - Treptow-Köpenick,,,,764.3742752693596,,,,0.8015942196357745,0.8015942196357745,160.0,,45.120000000000005,776.8354847551498,0.19518589673458125,,0.9759294836729061,0.9967801163703558,1.0,,,105.0,808.7767438381418,,,0.3903717934691625,0.8015723946622298,1.0,,,105.0,660.1878246143732,,,0.3903717934691625,0.8015723946622298,1.0,,,107.49999999999999,653.7468938935202,,,0.3903717934691625,0.8015723946622298,1.0
09200819,Köllnische Vorstadt,Köllnische Vorstadt/Spindlersfeld,09 - Treptow-Köpenick,100.00215665515488,,,767.2170664042358,0.38230122739736155,,,0.44534719145005125,0.8276484188474128,150.8468826297697,,22.70828523022945,714.9915632770261,0.39247053708813073,,0.49676805806903307,0.6079948566407536,1.0,200.74676287447144,,19.69647859976318,727.8938813609658,0.3860009354050183,,0.169117266873815,0.44534719145005125,1.0,200.74676287447144,,19.69647859976318,588.3694567267219,0.3860009354050183,,0.169117266873815,0.44534719145005125,1.0,200.74676287447144,,24.566020860880865,586.7113898417654,0.3860009354050183,,0.169117266873815,0.44534719145005125,1.0
09300920,Dorf Altglienicke,Altglienicke,09 - Treptow-Köpenick,200.0,,0.6,464.69780747030785,1.101874718507684e-05,,0.017877876399254884,0.7921498676892331,0.8100387628356731,240.00348045021008,,19.585577107997096,504.34770388022474,0.18995382528019084,,0.776487114847861,0.983254812098062,1.0,350.0,,23.969858992594787,523.4104002966658,1.101874718507684e-05,,0.3965391466481241,0.7933120055650563,1.0,350.0,,23.969858992594787,517.1263645351763,1.101874718507684e-05,,0.3965391466481241,0.7933120055650573,1.0,350.0,,26.364865994281242,489.6335701952379,1.101874718507684e-05,,0.3965391466481241,0.7933120055650573,1.0
09300921,Preußen Siedlung,Altglienicke,09 - Treptow-Köpenick,,,0.6,459.07058056166903,,,4.2598057657844104e-05,0.7876719355245696,0.7877145335822274,239.99999999999997,,19.999071729164555,494.038237922109,0.21228546641749277,,0.8491824982136341,0.9999593674563371,1.0,,,24.99766507993136,519.3809337477285,,,0.4246115653786487,0.7876739010388444,1.0,,,24.997665079931355,519.3787035458026,,,0.42461156537864847,0.7876739010388444,1.0,,,27.497425846317764,489.68964913315796,,,0.42461156537864847,0.7876739010388444,1.0
09300922,Kosmos Viertel,Altglienicke,09 - Treptow-Köpenick,,,,599.9059430701334,,,,0.9971061723548955,0.9971061723548955,240.0,,127.4999999999999,749.8595636922288,0.0026864944568588027,,0.005372988913717619,0.9971061723548955,1.0,,,15.0,649.9159119894888,,,0.0026864944568588114,0.9971061723548955,0.9997926668117544,,,15.0,500.0004344353788,,,0.0026864944568588114,0.9971061723548955,0.9997926668117544,,,20.0,499.98569699101546,,,0.0026864944568588114,0.9971061723548955,0.9997926668117544
09300923,Kölner Viertel,Altglienicke,09 - Treptow-Köpenick,,,,514.4890717517826,,,,0.929705688154817,0.929705688154817,240.00000000000003,,127.50000000000001,608.6880955750307,0.07002990116484518,,0.14005980232969037,0.929705688154817,1.0,,,15.000000000000002,566.3621451001079,,,0.07002990116484518,0.929705688154817,0.9997355893196622,,,15.000000000000002,511.97952423112366,,,0.07002990116484518,0.929705688154817,0.9997355893196622,,,20.0,495.096691262508,,,0.07002990116484518,0.929705688154817,0.9997355893196622
09301024,Falkenberg,Bohnsdorf,09 - Treptow-Köpenick,200.0,,,415.42606754015367,0.11140136969367301,,,0.8522914657279349,0.963692835421608,440.3288443410341,,20.0,543.3191217619237,0.15859121833845,,0.14558955808644158,0.8778963961263785,1.0,500.0,,25.0,512.4040708771428,0.12219382881683963,,0.07279477904322079,0.8414990066047681,1.0,500.0,,25.0,454.89621622210865,0.12219382881683963,,0.07278336929621278,0.8415047114782717,1.0,500.0,,27.5,442.62951735523336,0.12219382881683963,,0.07278336929621278,0.8415047114782717,1.0
09301025,Alt-Bohnsdorf,Bohnsdorf,09 - Treptow-Köpenick,327.6203154091894,,0.6,362.7622909344876,0.2558592199829987,,0.0006516391032843605,0.6844244368870163,0.9409352959732995,408.5552011315493,,29.828851085591797,490.46780539252075,0.26614008046233223,,0.14808320067692637,0.6854817985192836,1.0,453.0776090722028,,9.148808274342834,486.822262505776,0.255859219982997,,0.12258391074307877,0.6801385070151256,1.0,422.6019688560522,,9.148808274342834,434.3082204511385,0.255859219982997,,0.12258391074307877,0.6801385070151256,1.0,422.6019688560522,,11.548110537069512,414.81102896693204,0.255859219982997,,0.12258391074307877,0.6801385070151256,1.0
09301126,Grünau,Grünau,09 - Treptow-Köpenick,149.88600811726994,,0.6,936.7509202856206,0.0009909289489394135,,0.66778005904602,0.15057183829671694,0.8193428262916764,356.3846757625748,,104.66617810176642,435.0067432607935,1.0,,1.0,0.8661684226280629,1.0,224.94300405863498,,14.370023414143729,829.4430687902403,0.0009909289489394135,,0.800032181380064,0.19707828997343782,0.9981014003024413,224.94300405863498,,14.370023414143729,709.9459659627322,0.0009909289489394135,,0.800032181380064,0.19707828997343782,0.9981014003024413,224.94300405863498,,14.700394110288137,698.9495662269522,0.0009909289489394135,,0.8001476704711507,0.15552847764345076,0.9566670770635409
09301227,Karolinenhof,Schmöckwitz,09 - Treptow-Köpenick,,,0.6,380.0,,,0.3512912290049996,0.35788085921624424,0.7091720882212439,360.00000000000006,,111.32896907988011,386.07588773151707,0.7025281464597343,,1.0,0.7091588678127294,1.0,,,2.7641148507358793,500.0,,,0.3534532933822715,0.3578947945828624,0.7113480879651338,,,2.7641148507358793,450.0,,,0.3534532933822715,0.3578947945828624,0.7113480879651338,,,2.7641148507358793,430.0,,,0.3534532933822715,0.3578947945828624,0.7113480879651338
09301228,Schmöckwitz/Rauchfangswerder,Schmöckwitz,09 - Treptow-Köpenick,,,0.5999999999999999,308.30663652048605,,,0.6185205978697655,0.0959257585013084,0.7144463563710739,431.0906138096311,,104.57632570664644,435.2373202784695,0.7746016890545477,,1.0,0.7127489239129674,1.0,,,0.7327666432927539,398.8743582801153,,,0.6209936537716308,0.09927364997304321,0.7202673037446741,,,0.7327666432927539,360.4974793899266,,,0.6209936537716308,0.09927364997304321,0.7202673037446741,,,0.7788661722138489,341.4861590413159,,,0.6209936537716308,0.09927364997304321,0.7202673037446741
09401329,Kietzer Feld/Nachtheide,Köpenick Süd,09 - Treptow-Köpenick,191.54142930629286,,0.6,616.7874455682099,0.0029699563892814714,,0.5595357762211247,0.12564015151562502,0.6881458841260312,359.8076009124692,,103.0969016711569,458.0737773074581,1.0,,1.0,0.6943928982785493,1.0,383.0828586125857,,1.333756071364672,723.7361139370207,0.0029699563892814714,,0.5650763223590459,0.1348571220574247,0.7029034008057521,383.0828586125857,,1.333756071364672,613.6960432102369,0.0029699563892814714,,0.5650763223590459,0.1348571220574247,0.7029034008057521,383.0828586125857,,1.3556657391935567,592.8102180393996,0.0029699563892814714,,0.5650763223590459,0.1348571220574247,0.7029034008057521
09401330,Wendenschloß,Köpenick Süd,09 - Treptow-Köpenick,200.0,,0.6,750.0,1.649932877802274e-05,,0.032614374281976555,0.5521142010357631,0.5847450746465177,359.9848270983917,,102.94285714285715,870.9959879805565,0.06524524789273113,,0.22830061997383588,0.5847285753177397,0.8782744431843068,400.0,,0.6,900.0,1.649932877802274e-05,,0.032614374281976555,0.5521142010357631,0.5847450746465177,400.0,,0.6,800.0,1.649932877802274e-05,,0.032614374281976555,0.5521142010357631,0.5847450746465177,400.0,,0.6,750.0,1.649932877802274e-05,,0.032614374281976555,0.5521142010357631,0.5847450746465177
09401431,Allende I,Allende-Viertel,09 - Treptow-Köpenick,,,0.6,689.239513633728,,,3.156964859034751e-05,0.6971369421993874,0.6971685118479777,240.13170315489987,,104.51673160570459,771.1391084086682,0.057528733214061205,,0.983781422378953,0.9367609734496972,1.0,,,39.99608550815005,658.9952699935124,,,0.31775367075439614,0.9367294038011069,1.0,,,39.99608550815005,550.3873296881109,,,0.31775367075439614,0.9367294038011069,1.0,,,39.99608550815005,548.5826726665151,,,0.31775367075439614,0.9367294038011069,1.0
09401432,Siedlung Kämmereiheide,Allende-Viertel,09 - Treptow-Köpenick,,,0.6,529.2882564807267,,,0.4503644595864638,0.40621279173040725,0.856577251316871,343.8433509594715,,100.64378893862045,492.96494938710475,1.0,,1.0,0.9931123546059031,1.0,,,5.436420329399228,595.3409071279353,,,0.7306474222079465,0.4062127917304072,1.0,,,5.436420329399228,515.3483894437859,,,0.7306474222079465,0.4062127917304072,1.0,,,7.305106909808095,492.325805278107,,,0.7306474222079465,0.4062127917304072,1.0
09401433,Allende II,Allende-Viertel,09 - Treptow-Köpenick,,,0.6,600.0459657299601,,,0.8434918195422512,0.15473742304842117,0.9982292425906724,360.0,,102.94285714285715,431.5563378457434,1.0,,1.0,0.9982292425906727,1.0,,,0.6,600.0221155212447,,,0.837423206778476,0.16080603581219602,0.998229242590672,,,0.6,499.99999999999994,,,0.837423206778476,0.16080603581219602,0.998229242590672,,,0.6,499.99999999999994,,,0.837423206778476,0.16080603581219602,0.998229242590672
09401534,Altstadt Köpenick,Altstadt Köpenick,09 - Treptow-Köpenick,,,0.6,1289.784096551833,,,0.0010911948570564993,0.7422102015770945,0.7433013964341509,247.12939526272572,,46.78380563518232,1481.3446323762298,0.0367333772420741,,0.051329386742536655,0.7455742968752913,0.8336370608599021,,,16.09188191519643,1233.95161785344,,,0.0379271911888126,0.7444831020182349,0.7824102932070474,,,16.09188191519643,955.9936680852095,,,0.0379271911888126,0.7444831020182349,0.7824102932070474,,,20.64679178921745,955.5928721662013,,,0.0379271911888126,0.7444831020182349,0.7824102932070474
09401635,Müggelheim,Müggelheim,09 - Treptow-Köpenick,100.0,,0.6000000000000001,330.0,0.002536069367233231,,0.6584607479095268,0.1267455148294954,0.7877423321062554,344.98687835634684,,94.82760693882271,387.7360614821001,1.0,,1.0,0.9157047150819709,1.0,200.0,,3.808580065327251,470.0,0.002536069367233231,,0.8299232527946664,0.12708152741426487,0.9595408495761645,200.0,,3.808580065327251,400.0,0.002536069367233231,,0.8299232527946664,0.12708152741426487,0.9595408495761645,200.0,,3.808580065327251,380.0,0.002536069367233231,,0.8299232527946664,0.12708152741426487,0.9595408495761645
09501736,Hirschgarten,Friedrichshagen,09 - Treptow-Köpenick,250.0,,30.70555892183243,642.1594544857335,0.011673727022264987,,0.24498008152722128,0.3638815014260891,0.6205353099755754,206.84392212305468,,28.1607309488434,556.1521656459929,0.5379623747342037,,1.0,0.7538373419830777,1.0,350.0,,18.48243113215848,682.1864257225477,0.011673727022271742,,0.9545910434450675,0.36124629909062794,1.0,350.0,,18.48243113215848,620.6989637126803,0.011673727022271742,,0.9545910434450675,0.36124629909062794,1.0,350.0,,22.21021830857193,602.4155060252788,0.011673727022271742,,0.9545910434450675,0.36124629909062794,1.0
09501737,Alt-Friedrichshagen,Friedrichshagen,09 - Treptow-Köpenick,,1630.1939296948224,22.14881506584587,695.5380981513482,,0.005973328830641687,0.6682995326566452,0.27418183818748904,0.9484546996747759,190.2509728570775,1629.1212560589677,23.921311179588983,524.6707134331127,0.6118226437561679,0.009427085639522817,1.0,0.8778660746470514,1.0,,1329.1212560594395,24.227421073968735,770.8201241851401,,0.00942708563948837,0.6891547071097706,0.2621245761941094,0.9607063689433684,,1046.8409420445796,22.28597403177412,680.4406148623334,,0.00942708563948837,0.6891547071097706,0.2621245761941094,0.9607063689433684,,1046.8409420445796,22.4196470696803,659.3492445498841,,0.00942708563948837,0.6891547071097706,0.2621245761941094,0.9607063689433684
09501838,Rahnsdorf,Rahnsdorf,09 - Treptow-Köpenick,,,0.6,409.7659989091964,,,0.6223912024195454,0.19054950270770835,0.8129407051272537,204.7904689520772,,24.19264657516811,411.56824737487966,0.6817118680270582,,1.0,0.8109037893636796,1.0,,,16.786719740296856,489.79492084091936,,,0.7510130974048089,0.19138845990963074,0.9424015573144396,,,16.770334802673915,489.80858020926695,,,0.7504901276705694,0.1916477818100965,0.942137909480666,,,16.773032096878566,469.8085802092669,,,0.7504901276705694,0.1916477818100965,0.942137909480666
09501939,Bahnhofstraße,Dammvorstadt,09 - Treptow-Köpenick,,2000.0,0.6,1291.8132023880912,,0.014004717017345254,0.014532281283381996,0.5069276983250558,0.5354646966257831,309.98146760676934,2000.0,76.29625760440118,950.904166260513,0.23359186654116773,0.024539807518174837,1.0,1.0,1.0,,1600.0000000000002,200.8213872938006,911.4534770733899,,0.024531716653625,0.45259041542247164,0.9051335350920402,1.0,,1200.0,200.8213872938006,725.6473254849346,,0.024531716653625,0.45259041542247164,0.9051335350920402,1.0,,1200.0,203.241495199891,712.0994329730936,,0.024531716653625,0.45259041542247164,0.9051335350920402,1.0
09501940,Güterbahnhof Köpenick,Dammvorstadt,09 - Treptow-Köpenick,199.99999999999997,2000.0000000000002,0.6,1288.6396866358118,0.14857348359234016,2.1897485323690004e-06,2.720294455980838e-06,0.3777005252527707,0.5262789188880992,152.87780559242694,2000.0,14.9998885993034,809.3135264367459,0.6222995105719509,5.3005642666202995e-06,0.4737287472740666,1.0,1.0,303.1431442022124,1600.0,13.645366055820478,878.7645993050875,0.1340997688079857,5.3005642666202995e-06,0.6498355146180481,0.7656354427089255,1.0,303.1431442022124,1200.0,13.645366055820478,700.4979482668199,0.1340997688079857,5.3005642666202995e-06,0.6498355146180481,0.7656354427089255,1.0,303.1431442022124,1200.0,18.645980580615173,685.6604819677376,0.1340997688079857,5.3005642666202995e-06,0.6497222552357352,0.7656354427089255,1.0
09501941,Friedrichshagener Straße,Dammvorstadt,09 - Treptow-Köpenick,200.0,,,1128.1156555016544,0.16459778460383365,,,0.5269800739025041,0.6915778585063378,297.7978721534671,,120.53161959977862,980.1836130192153,0.16459778460383365,,0.2622874875341852,0.9468220810345414,1.0,347.79787215346704,,11.276555694361805,847.9290630349346,0.16459778460383365,,0.08640262964864162,0.9468220810345411,1.0,347.79787215346704,,11.276555694361805,689.1613192329788,0.16459778460383365,,0.08640262964864162,0.9468220810345411,1.0,347.79787215346704,,16.098343607485305,672.4947612353069,0.16459778460383365,,0.08640262964864162,0.9468220810345411,1.0
09502042,Mittelheide,Köpenick Nord,09 - Treptow-Köpenick,,,0.6,571.495822681659,,,0.7358380682820874,0.2612169709943529,0.9970550392764402,159.8644527054572,,5.330575992412737,530.5343108687345,0.7386645231479521,,1.0,0.9999023286808693,1.0,,,0.6571520752097668,640.6014030161657,,,0.7388267071335507,0.2612378055329172,1.0,,,0.6571520752097668,559.563163864599,,,0.7388267071335507,0.2612378055329172,1.0,,,0.6773776492354981,535.5367424869681,,,0.7388267071335507,0.2612378055329172,1.0
09502043,Dammheide,Köpenick Nord,09 - Treptow-Köpenick,200.0,,0.6,596.5700658049471,0.06876652747661792,,0.5071564203422655,0.38449822763514385,0.9604211754540273,164.97038811703788,,6.756620565370824,606.8328053036058,0.5763387132102545,,1.0,0.6580085202690474,1.0,250.0,,1.481915753881946,652.1238336258293,0.07069649267320682,,0.5450728600408871,0.38552658905018855,1.0,250.0,,1.481915753881946,565.3364647114064,0.07069649267320682,,0.5450728600408871,0.38552658905018855,1.0,250.0,,1.8449811144556008,544.1350274253226,0.07069649267320682,,0.5450728600408871,0.38552658905018855,1.0
10100101,Marzahn West,Marzahn Nord,10 - Marzahn-Hellersdorf,147.7032883002335,,,547.7704752807224,0.021183927988642354,,,0.596283045247675,0.6174669732363173,124.07728387030569,,40.085576015659676,569.1495131156347,0.40371505055630463,,1.0,0.9788141679927491,1.0,247.7032883002335,,14.999849972025405,567.3543387593267,0.021183927988642354,,0.38253656925212726,0.5962830454250868,1.0,247.7032883002335,,14.999849972025405,478.25171541904814,0.021183927988642354,,0.38253656925212726,0.5962830454250868,1.0,295.406576600467,,19.99980366709497,473.8984086940738,0.021183927988642354,,0.38253656925212726,0.5962830454250868,1.0
10100102,Rosenbecker Straße,Marzahn Nord,10 - Marzahn-Hellersdorf,,,,599.8643159385072,,,,0.9487746700060482,0.9487746700060482,120.0,,40.08127118765443,687.1324584416852,0.05137041154692414,,0.35965658200291084,0.9996191886030545,1.0,,,15.0,599.9880557235931,,,0.051434112721365964,0.9482487770561304,0.9996828897774963,,,15.0,499.99540604753594,,,0.051434112721365964,0.9482487770561304,0.9996828897774963,,,20.0,499.99356846655024,,,0.051434112721365964,0.9482487770561304,0.9996828897774963
10100103,Wittenberger Straße,Marzahn Nord,10 - Marzahn-Hellersdorf,,,,600.0000000000001,,,,0.6785493426036175,0.6785493426036175,120.00000000000001,,40.08571428571428,619.6373356509066,0.32145065739636985,,1.0,0.9999999999999875,1.0,,,15.000000000000002,600.0000000000001,,,0.32145065739636985,0.6785493426036175,0.9999999999999875,,,15.000000000000002,500.0,,,0.32145065739636985,0.6785493426036175,0.9999999999999875,,,20.0,500.0,,,0.32145065739636985,0.6785493426036175,0.9999999999999875
10100104,Golliner Straße,Marzahn Nord,10 - Marzahn-Hellersdorf,,,,599.9999999999999,,,,0.548622974494144,0.548622974494144,119.99999999999999,,40.08571428571428,587.2280232090817,0.4508503139504798,,1.0,0.9994732884446238,1.0,,,14.999999999999998,599.9999999999999,,,0.4508503139504798,0.548622974494144,0.9994732884446238,,,14.999999999999998,500.0,,,0.4508503139504798,0.548622974494144,0.9994732884446238,,,20.0,500.0,,,0.4508503139504798,0.548622974494144,0.9994732884446238
10100205,Gewerbegebiet Bitterfelder Straße,Marzahn Mitte,10 - Marzahn-Hellersdorf,119.53966108966537,,,,0.8218732077371462,,,,0.8218732077371462,164.21655705408938,,37.39501805938375,450.0,0.9141412486742327,,0.8009635150701375,0.10215029831949443,1.0,219.77713933302695,,15.0,,0.811938274846835,,0.18806172515317096,,1.0,219.77713933302695,,15.0,,0.811938274846835,,0.18806172515317096,,1.0,234.0611653741965,,20.0,,0.811938274846835,,0.18806172515317096,,1.0
10100206,Wuhletalstraße,Marzahn Mitte,10 - Marzahn-Hellersdorf,,,,600.0,,,,0.8782065103062789,0.8782065103062789,120.0,,40.08571428571428,669.5516275765648,0.1217934896937435,,0.8525544278562045,1.0,1.0,,,15.0,600.0,,,0.1217934896937435,0.8782065103062789,1.0,,,15.0,499.99999999999994,,,0.1217934896937435,0.8782065103062789,1.0,,,20.0,499.99999999999994,,,0.1217934896937435,0.8782065103062789,1.0
10100207,Ahrensfelder Berge,Marzahn Mitte,10 - Marzahn-Hellersdorf,,,,600.0,,,,0.49826503334226735,0.49826503334226735,120.0,,40.08571428571429,574.5962750776959,0.5014940546231614,,1.0,0.9997590879654289,1.0,,,15.0,600.0,,,0.5014940546231614,0.49826503334226735,0.9997590879654289,,,15.0,500.0,,,0.5014940546231614,0.49826503334226735,0.9997590879654289,,,20.0,500.0,,,0.5014940546231614,0.49826503334226735,0.9997590879654289
10100208,Bürgerpark,Marzahn Mitte,10 - Marzahn-Hellersdorf,,,,600.0,,,,0.955695580197595,0.955695580197595,120.0,,40.085714285714275,688.9238950493951,0.04430441980242062,,0.31013093861694435,1.0,1.0,,,15.0,600.0,,,0.04430441980242062,0.955695580197595,1.0,,,15.0,500.0,,,0.04430441980242062,0.955695580197595,1.0,,,20.0,500.0,,,0.04430441980242062,0.955695580197595,1.0
10100209,Lea-Grundig-Straße,Marzahn Mitte,10 - Marzahn-Hellersdorf,,,,526.811097064115,,,,0.9108019380791933,0.9108019380791933,120.0,,40.08571428571428,608.2623651032428,0.08919806192080235,,0.6243864334456164,0.9999999999999956,1.0,,,15.0,554.2569356650719,,,0.08919806192080235,0.9108019380791933,0.9999999999999956,,,15.0,469.5028810273874,,,0.08918719138471769,0.9108128086152811,0.9999999999999988,,,20.0,463.4034572328648,,,0.08918719138471769,0.9108128086152811,0.9999999999999988
10100210,Marzahner Promenade,Marzahn Mitte,10 - Marzahn-Hellersdorf,,1500.0,,599.999708807497,,0.3544637048850246,,0.5364057089830484,0.8908694138680731,120.00000000000001,1500.0,40.08571428571429,657.7266660109595,0.10912233428174448,0.3546582750475246,0.7638563399722114,0.6453417249524613,1.0,,1200.0,15.000000000000002,599.9998179414483,,0.3546582750475246,0.10912233428174448,0.5362193906707169,0.999999999999986,,1000.0,15.000000000000002,499.9998786276322,,0.3546582750475246,0.10912233428174448,0.5362193906707173,0.9999999999999865,,1000.0,20.0,499.99985435315864,,0.3546582750475246,0.10912233428174448,0.5362193906707173,0.9999999999999865
10100311,Marzahner Chaussee,Marzahn Süd,10 - Marzahn-Hellersdorf,219.4302030079242,1300.6024954722623,,532.5112571330976,0.638250031095397,0.007717815365031963,,0.16783811110441627,0.8138059575648452,251.51951975554653,1300.6024954722623,53.00646694055392,482.6291496973955,0.8240327287759347,0.007717815365031963,0.92893066618048,0.3531773961805918,1.0,316.58943014596224,1000.6024954722621,14.999878828588296,657.8086811950226,0.6386868223092608,0.007717815365031963,0.18577766810368243,0.16786062170835073,1.0,316.58943014596224,1000.0,14.999878828588296,586.7520898679521,0.6386868223092608,0.007717815365031963,0.18577766810368243,0.16786062170835073,1.0,316.58943014596224,1000.0,19.999340216056464,557.8254239067975,0.6386868223092608,0.007717815365031963,0.18577766810368243,0.16786062170835073,1.0
10100312,Springpfuhl,Marzahn Süd,10 - Marzahn-Hellersdorf,299.99999999999994,1500.0,,599.9469529736388,0.061452539077895656,0.09721149015670275,,0.8190553290695352,0.9777193583041336,325.28145775686704,1500.0,53.120000000000005,689.9117453000969,0.08373283244617039,0.09721149015670275,0.11143914881296221,0.8413435071597504,1.0,420.72456429026033,1200.0,15.0,600.0297899998762,0.06144500268357794,0.09721149015670275,0.022287829762592446,0.8190556773971579,1.0,420.72456429026033,1000.0000000000001,15.0,500.0456341626988,0.06144500268357794,0.09721149015670275,0.022287829762592446,0.8190556773971579,1.0,420.72456429026033,1000.0000000000001,20.0,500.0300897355239,0.06144500268357794,0.09721149015670275,0.022287829762592446,0.8190556773971579,1.0
10100313,Alt-Marzahn,Marzahn Süd,10 - Marzahn-Hellersdorf,169.54900806765642,,,460.6738700762066,0.006407292518215756,,,0.8788890189878177,0.8852963115060334,125.61131352377528,,40.08571428571428,547.8973057737028,0.12111098101215048,,0.802925819457543,0.9935927074817525,1.0,276.0653440902085,,15.0,534.003412141361,0.006407292518215756,,0.11470368849393472,0.8788890189878178,0.9999999999999682,276.0653440902085,,15.0,470.6681831739382,0.006407292518215756,,0.11470368849393472,0.8788890189878178,0.9999999999999682,276.0653440902085,,20.0,456.0022747609073,0.006407292518215756,,0.11470368849393472,0.8788890189878178,0.9999999999999682
10100314,Auersbergstraße,Marzahn Süd,10 - Marzahn-Hellersdorf,,,,579.2552518301527,,,,1.0,1.0,,,,687.5111968173359,,,,1.0,1.0,,,,604.9459420745429,,,,1.0,1.0,,,,510.9110806919969,,,,1.0,1.0,,,,506.04801463498075,,,,1.0,1.0
10100315,Bärenstein,Marzahn Süd,10 - Marzahn-Hellersdorf,,,,571.8612621771028,,,,0.8966945651251182,0.8966945651251182,120.0,,40.08571428571429,655.7187914016336,0.10330543487488623,,0.7231380441242037,1.0,1.0,,,15.0,599.0567814062694,,,0.10330543487488623,0.8966945651251182,1.0,,,14.999999999999998,506.0495751210759,,,0.08664001717551884,0.9133599828244822,1.0,,,20.0,500.86058449236606,,,0.08664001717551884,0.9133599828244822,1.0
10100316,Landsberger Tor,Marzahn Süd,10 - Marzahn-Hellersdorf,,,,735.0027046161733,,,,0.18321807187626382,0.18321807187626382,120.0,,40.08571428571428,520.5867353823418,0.8167819281237461,,1.0,1.0,1.0,,,15.0,690.6899764646586,,,0.8167819281237461,0.18321807187626382,1.0,,,15.0,591.3351390151676,,,0.8167819281237443,0.18321807187626382,1.0,,,20.0,591.0770739949639,,,0.8167819281237443,0.18321807187626382,1.0
10200417,Zossener Straße,Hellersdorf Nord,10 - Marzahn-Hellersdorf,,,,588.5679776665155,,,,0.9952335474153641,0.9952335474153641,120.0,,40.08571428571429,686.7419435741944,0.0046727445584124104,,0.03270921190888687,0.9999062919737765,1.0,,,15.0,591.4259832498866,,,0.0046727445584124104,0.9952335474153641,0.9999062919737765,,,15.0,493.569487437415,,,0.0046727445584124104,0.9952335474153641,0.9999062919737765,,,20.0,492.8549860415722,,,0.0046727445584124104,0.9952335474153641,0.9999062919737765
10200418,Kyritzer Straße,Hellersdorf Nord,10 - Marzahn-Hellersdorf,,,,600.0,,,,0.9272372476845187,0.9272372476845187,120.0,,40.08571428571428,681.8093128513282,0.07276274830270664,,0.5093392381189464,0.9999999959872253,1.0,,,15.0,600.0,,,0.07276274830270664,0.9272372476845187,0.9999999959872253,,,15.0,499.99999999999994,,,0.07276274830270664,0.9272372476845187,0.9999999959872253,,,20.0,499.99999999999994,,,0.07276274830270664,0.9272372476845187,0.9999999959872253
10200419,Havelländer Ring,Hellersdorf Nord,10 - Marzahn-Hellersdorf,,,,600.0,,,,0.9999999999999997,0.9999999999999997,,,,700.0000000000001,,,,0.9999999999999997,0.9999999999999997,,,,600.0,,,,0.9999999999999997,0.9999999999999997,,,,500.0,,,,0.9999999999999997,0.9999999999999997,,,,500.0,,,,0.9999999999999997,0.9999999999999997
10200420,Gut Hellersdorf,Hellersdorf Nord,10 - Marzahn-Hellersdorf,,1700.0,,600.0,,9.986820639604953e-06,,0.9375537597974504,0.9375637466180899,120.0,1700.0,40.08571428571428,684.3907807680476,0.06243625338191869,9.986820639604953e-06,0.43705377367343085,0.999990013179369,1.0,,1400.0000000000002,15.0,600.0,,9.986820639604953e-06,0.06243625338191869,0.9375537597974504,1.0,,1100.0,15.0,500.0,,9.986820639604953e-06,0.06243625338191869,0.9375537597974504,1.0,,1100.0,20.0,500.0,,9.986820639604953e-06,0.06243625338191869,0.9375537597974504,1.0
10200421,Helle Mitte,Hellersdorf Nord,10 - Marzahn-Hellersdorf,,1700.0,,600.0,,0.8450309413824874,,0.1549690586174974,0.9999999999999847,,1700.0,,700.0,,0.8450309413824874,,0.1549690586174974,0.9999999999999847,,1400.0,,600.0,,0.8450309413824874,,0.1549690586174974,0.9999999999999847,,1100.0,,500.0,,0.8450309413824874,,0.1549690586174974,0.9999999999999847,,1100.0,,500.0,,0.8450309413824874,,0.1549690586174974,0.9999999999999847
10200422,Hellersdorfer Promenade,Hellersdorf Nord,10 - Marzahn-Hellersdorf,,1700.0,,600.0,,0.03352208047624657,,0.9664201238546949,0.9999422043309415,,1700.0,,699.9999999999999,,0.03352208047624657,,0.9664201238546949,0.9999422043309415,,1400.0,,600.0,,0.03352208047624657,,0.9664201238546949,0.9999422043309415,,1100.0,,500.0,,0.03352208047624657,,0.9664201238546949,0.9999422043309415,,1100.0,,500.0,,0.03352208047624657,,0.9664201238546949,0.9999422043309415
10200423,Böhlener Straße,Hellersdorf Nord,10 - Marzahn-Hellersdorf,,,,600.0,,,,0.998770030707515,0.998770030707515,,,,700.0,,,,0.998770030707515,0.998770030707515,,,,600.0,,,,0.998770030707515,0.998770030707515,,,,500.0,,,,0.998770030707515,0.998770030707515,,,,500.0,,,,0.998770030707515,0.998770030707515
10200524,Adele-Sandrock-Straße,Hellersdorf Ost,10 - Marzahn-Hellersdorf,,,,599.9976747706626,,,,0.999947702230405,0.999947702230405,,,,699.9987479751595,,,,0.9999655876840583,0.9999655876840583,,,,599.999642278617,,,,0.9999655876840583,0.9999655876840583,,,,499.999642278617,,,,0.9999655876840583,0.9999655876840583,,,,499.9992845572339,,,,0.9999655876840583,0.9999655876840583
10200525,Schleipfuhl,Hellersdorf Ost,10 - Marzahn-Hellersdorf,,,,595.1814438879508,,,,0.9999999999999628,0.9999999999999628,,,,694.1684243997664,,,,1.0,1.0,,,,597.6006626139969,,,,1.0,1.0,,,,501.0221362816998,,,,1.0,1.0,,,,499.9913883627779,,,,1.0,1.0
10200526,Boulevard Kastanienallee,Hellersdorf Ost,10 - Marzahn-Hellersdorf,,,,593.9015565904417,,,,0.999999999999994,0.999999999999994,,,,692.5947472883936,,,,0.999999999999994,0.999999999999994,,,,596.9507782952209,,,,0.999999999999994,0.999999999999994,,,,501.3068093020482,,,,0.999999999999994,0.999999999999994,,,,499.99999999999994,,,,0.999999999999994,0.999999999999994
10200627,Am Kienberg,Hellersdorf Süd,10 - Marzahn-Hellersdorf,,,,592.8441348899657,,,,0.8134369084090486,0.8134369084090486,120.0,,40.08571428571428,648.0927484808412,0.1865630915909435,,1.0,0.9999999999999921,1.0,,,15.0,596.9332006671282,,,0.1865630915909435,0.8134369084090486,0.9999999999999921,,,15.0,498.6369780742792,,,0.1865630915909435,0.8134369084090486,0.9999999999999921,,,20.0,497.95546711141884,,,0.1865630915909435,0.8134369084090486,0.9999999999999921
10200628,Neue Grottkauer Straße,Hellersdorf Süd,10 - Marzahn-Hellersdorf,,,,599.4709669127137,,,,0.9999999999999891,0.9999999999999891,,,,699.3576026797238,,,,0.9999999999999891,0.9999999999999891,,,,599.7354834563569,,,,0.9999999999999891,0.9999999999999891,,,,500.11336423298985,,,,0.9999999999999891,0.9999999999999891,,,,500.0,,,,0.9999999999999891,0.9999999999999891
10200629,Teterower Ring,Hellersdorf Süd,10 - Marzahn-Hellersdorf,,,,580.615378329311,,,,0.8740110446825899,0.8740110446825899,120.0,,40.08571428571428,653.2431539789243,0.12598895376079094,,0.8819226763255361,0.9999999984433808,1.0,,,15.0,592.2419751881978,,,0.1259889537607908,0.8740110446825899,0.9999999984433807,,,15.0,497.10751984367226,,,0.12598895376079094,0.8740110446825899,0.9999999984433808,,,20.0,495.1642849411444,,,0.12598895376079094,0.8740110446825899,0.9999999984433808
10200630,Cecilienplatz,Hellersdorf Süd,10 - Marzahn-Hellersdorf,,,,596.7184602162564,,,,1.0,1.0,,,,696.01527311974,,,,1.0,1.0,,,,598.3592301081281,,,,1.0,1.0,,,,500.7031870965165,,,,1.0,1.0,,,,500.00000000000006,,,,1.0,1.0
10300731,Oberfeldstraße,Biesdorf,10 - Marzahn-Hellersdorf,150.00122059808257,,200.0,513.1727460491005,0.0089084228132565,,0.008673400934685575,0.9429792093624434,0.9605610331103855,200.0002249058715,,104.95557417595937,647.8418210625247,0.048347354079420014,,0.27288603102448705,0.9154001668696241,1.0,250.0012174785343,,162.92301988052608,656.062245691781,0.008931248886686713,,0.1151285315165687,0.8759401839732953,0.9999999643765508,268.42690826351736,,143.0791589016185,584.101528226274,0.010948635095872334,,0.11311114530740997,0.8759401839732674,0.9999999643765496,268.42690826351736,,144.9552769771888,556.0642856139315,0.010948635095872334,,0.11311114530740997,0.8759401839732674,0.9999999643765496
10300732,Buckower Ring,Biesdorf,10 - Marzahn-Hellersdorf,150.0,,200.0,454.19813144603023,0.07273666338548998,,0.23655071739568848,0.4311028808348666,0.7403902616160449,137.50863869703016,,63.11104919902932,523.7206413244206,0.3323464017694426,,1.0,0.6907126192188191,1.0,250.00000000000003,,118.90385479650539,541.4770215831315,0.0727877121653945,,0.4823621019333959,0.4448501859012074,0.9999999999999978,256.5499599150525,,76.6051557474695,474.68400881219895,0.07681970768605147,,0.47192870542378934,0.4512515868901554,0.9999999999999961,256.5499599150525,,80.10259097314096,460.22027880851243,0.07681970768605147,,0.47192870542378934,0.4512515868901554,0.9999999999999961
10300733,Alt-Biesdorf,Biesdorf,10 - Marzahn-Hellersdorf,233.1833882261599,1000.0,200.0,449.9416532046315,0.11287718245596648,0.04158135857937097,0.007413510168317344,0.4764779195907163,0.6383499707943711,217.43945819682256,1600.0,53.18792670633584,484.8100635385564,0.4744394347936799,0.04158135857937097,1.0,0.8380401719284296,1.0,338.8952667069647,1300.0,19.525464498993482,599.6223863058727,0.10843068734265432,0.039794927523287095,0.3690740727929057,0.4827002085153104,0.9999998961741576,338.9692135802627,1100.0,18.727325967879693,530.3471814615918,0.109157572080826,0.039794927523287095,0.368347188054735,0.4827002085153104,0.9999998961741586,338.9692135802627,1100.0,23.63537062395546,508.6160808799352,0.109157572080826,0.039794927523287095,0.368347188054735,0.4827002085153104,0.9999998961741586
10300734,Biesdorf Süd,Biesdorf,10 - Marzahn-Hellersdorf,250.0,,0.6,486.8780851358361,0.009444933805394393,,0.04194639273304403,0.7080126731215927,0.7594039996600311,170.12104628994115,,44.432078825068174,573.4618004039385,0.29198451452147295,,1.0,0.9486058644999915,1.0,350.0,,12.860911206774304,641.253595381753,0.009444933805394393,,0.282542396468382,0.7080126731215927,1.0,350.0,,12.860911206774304,573.1386073896165,0.009444933805394393,,0.282542396468382,0.7080126731215927,1.0,350.0,,17.118608577906038,545.0024129565139,0.009444933805394393,,0.282542396468382,0.7080126731215927,1.0
10400835,Kaulsdorf Nord,Kaulsdorf,10 - Marzahn-Hellersdorf,,,,460.04649669754866,,,,0.9999785694983618,0.9999785694983618,120.0,,40.08571428571428,530.2259974636798,2.233996049733451e-06,,1.5637972348134158e-05,1.0,1.0,,,15.0,530.0989402690132,,,2.233996049733451e-06,1.0,1.0,,,15.0,529.9387877790746,,,2.233996049733451e-06,1.0,1.0,,,20.0,499.9736670521122,,,2.233996049733451e-06,1.0,1.0
10400836,Alt-Kaulsdorf,Kaulsdorf,10 - Marzahn-Hellersdorf,,,200.0,460.0057883761262,,,0.03920204458159784,0.8535566087911309,0.8927586533727287,120.0078286153461,,50.006653567571824,529.4594601645284,0.10724134662726366,,0.7898809765817941,0.9612867788927338,1.0,,,75.22833896841536,539.3497537661855,,,0.14644863840418615,0.8540506794607947,1.0,,,71.7496916305676,535.2681929877798,,,0.14830087628808716,0.8521984348511042,1.0,,,75.3653594062977,505.2913833927118,,,0.14830087628808716,0.8521984348511042,1.0
10400837,Kaulsdorf Süd,Kaulsdorf,10 - Marzahn-Hellersdorf,,,0.9657868787593923,460.4543351783864,,,0.051379922445162964,0.6622532939427789,0.7136332163879419,261.76631813216494,,13.322150918066438,592.4941514836928,0.3376524527901035,,1.0,0.7159060001121812,1.0,,,4.949449839772194,600.647272798042,,,0.6240986952648754,0.6646055365297375,1.0,,,4.947896700950621,540.3652237426073,,,0.6240911275728682,0.6646071815354071,1.0,,,7.2421198381981515,510.4777718570736,,,0.6240911275728682,0.6646071815354071,1.0
10400938,Mahlsdorf Nord,Mahlsdorf,10 - Marzahn-Hellersdorf,,,,470.22918461855306,,,,0.8919898868797015,0.8919898868797015,280.0,,24.999999999999996,664.9993976758003,0.1076041749507233,,0.21520834990144663,1.0,1.0,,,40.0,589.9996670657434,,,0.1076041749507233,1.0,1.0,,,40.0,490.00041766000794,,,0.1076041749507233,1.0,1.0,,,40.0,480.0003849634572,,,0.1076041749507233,1.0,1.0
10400939,Alt-Mahlsdorf,Mahlsdorf,10 - Marzahn-Hellersdorf,300.0,,,474.78418592365693,0.18833497068837038,,,0.8114637984401631,0.9997987691285336,349.98338301581293,,11.527310966269987,664.9980190670751,0.18837969055857073,,0.0001163736526522561,1.0,1.0,400.0,,4.655599008628576,589.9995049155405,0.18833497195372528,,6.256097393921503e-05,1.0,1.0,400.0,,4.655599008628576,490.00138696192585,0.18833497195372528,,6.256097393921503e-05,1.0,1.0,400.0,,6.0815973563428685,480.00089165076656,0.18833497195372528,,6.256097393921503e-05,1.0,1.0
10400940,Elsensee,Mahlsdorf,10 - Marzahn-Hellersdorf,300.0,,0.6,466.59465701356817,0.03564908012740533,,5.8886103118464185e-05,0.7671555807973904,0.8028635470279143,290.09973859768877,,13.87885463063664,691.4102493893516,0.2463795723498834,,1.0,1.0,1.0,400.0,,5.299343228983088,618.8032175116473,0.03564908012740533,,0.4214020983418377,1.0,1.0,400.0,,5.299343228983088,515.8694526835171,0.03564908012740533,,0.4214020983418377,1.0,1.0,400.0,,7.798993882697497,500.71039915408994,0.03564908012740533,,0.4214020983418377,1.0,1.0
10400941,Pilgramer Straße,Mahlsdorf,10 - Marzahn-Hellersdorf,300.0,,0.6,471.71158698502643,0.03830192944074372,,0.00010358420967618408,0.9268560406497207,0.9652615543001406,318.88217642055884,,3.809458858209863,699.9876921900184,0.0740699242953388,,0.0328530803754444,1.0,1.0,400.0,,3.789878639070171,625.0,0.04132042812957059,,0.032749496165768215,1.0,1.0,400.0,,3.789878639070171,520.0,0.04132042812957059,,0.032749496165768215,1.0,1.0,400.0,,3.789878639070171,505.0,0.04132042812957059,,0.032749496165768215,1.0,1.0
11100101,Dörfer Malchow-Wartenberg,"Malchow, Wartenberg und Falkenberg",11 - Lichtenberg,,,4.4173953251203475,372.6528654932557,,,0.5666963023050533,0.15358913357255574,0.7202854358776091,120.0,,14.037141723386863,360.72340168782523,0.44651771901529946,,1.0,0.4771287591618303,1.0,,,7.54093998999604,442.48991997655406,,,1.0,0.1488940085975922,1.0,,,7.54093998999604,417.95468186906623,,,1.0,0.1488940085975922,1.0,,,9.632616025707625,399.08849139593815,,,1.0,0.1488940085975922,1.0
11100102,Dorf Falkenberg,"Malchow, Wartenberg und Falkenberg",11 - Lichtenberg,99.99999999999999,,3.8,368.7158360793817,8.652608559663917e-06,,7.601684273568156e-06,0.22635658227365785,0.22637283656649107,120.00037359742305,,21.72299596694453,349.7396723211045,0.6948074070530427,,1.0,0.9187685666750798,1.0,199.99999999999997,,7.346830679306857,441.9609654772811,8.652608559663917e-06,,1.0,0.2239698122305969,1.0,199.99999999999997,,7.346830679306857,421.87966624927645,8.652608559663917e-06,,1.0,0.2239698122305969,1.0,199.99999999999997,,9.984733406530578,401.8869273481106,8.652608559663917e-06,,1.0,0.2239698122305969,1.0
11100203,Falkenberg Ost,Neu-Hohenschönhausen Nord,11 - Lichtenberg,100.0,,,599.9813872128759,0.19751621973497538,,,0.5227978132881075,0.720314033023083,149.95951888303114,,15.032604110240344,699.7851843364591,0.1977831024317758,,0.2807559056455306,0.5230646959849079,1.0,200.0,,14.984460131244544,599.9868159424537,0.19751621973497538,,0.2799552575551294,0.5227978132881075,1.0,200.0,,14.984460131244544,499.9930202048285,0.19751621973497538,,0.2799552575551294,0.5227978132881075,1.0,200.0,,19.9796506023836,499.9914691392348,0.19751621973497538,,0.2799552575551294,0.5227978132881075,1.0
11100204,Falkenberg West,Neu-Hohenschönhausen Nord,11 - Lichtenberg,100.0,,,600.0,0.38499670489900356,,,0.5643960358991649,0.9493927407981684,150.0,,15.0,699.9999999999999,0.38499670489900367,,0.05060725920183134,0.5643960358991649,0.9999999999999999,200.0,,15.0,600.0,0.38499670489900367,,0.05060725920183134,0.5643960358991649,0.9999999999999999,200.0,,15.0,500.0,0.38499670489900367,,0.05060725920183134,0.5643960358991649,0.9999999999999999,200.0,,20.0,500.0,0.38499670489900367,,0.05060725920183134,0.5643960358991649,0.9999999999999999
11100205,Wartenberg Süd,Neu-Hohenschönhausen Nord,11 - Lichtenberg,,,,596.2820755518908,,,,0.8435085041630158,0.8435085041630158,120.0,,21.88,637.025010285349,0.15649149583695227,,0.7824574791847613,0.9999999999999669,1.0,,,6.8999999999999995,597.2275578079212,,,0.31298299167390453,0.8435085041630148,1.0,,,6.8999999999999995,498.3365346847528,,,0.31298299167390453,0.8435085041630148,1.0,,,9.4,498.05929046554496,,,0.31298299167390453,0.8435085041630148,1.0
11100206,Wartenberg Nord,Neu-Hohenschönhausen Nord,11 - Lichtenberg,,,3.0,583.8509548214272,,,2.8927427582791886e-05,0.941058258641141,0.9410871860687238,119.99999999999999,,18.230644069686782,660.7612560884199,0.05891281393130123,,0.35353473844297295,0.9999710725724422,1.0,,,12.497668222824652,589.7915827641436,,,0.11785455529018524,0.941058258641141,1.0,,,12.497668222824652,495.9497767996683,,,0.11785455529018524,0.941058258641141,1.0,,,17.496440971679732,494.41022829078713,,,0.11785455529018524,0.941058258641141,1.0
11100307,Zingster Straße Ost,Neu-Hohenschönhausen Süd,11 - Lichtenberg,,,,600.0,,,,0.999058180189245,0.999058180189245,120.0,,18.233333333333334,699.6421084719158,0.0009418198107480708,,0.005650918864488425,0.999999999999993,1.0,,,12.499999999999998,600.0,,,0.0018836396214961415,0.999058180189245,1.0,,,12.499999999999998,500.00000000000006,,,0.0018836396214961415,0.999058180189245,1.0,,,17.5,500.00000000000006,,,0.0018836396214961415,0.999058180189245,1.0
11100308,Zingster Straße West,Neu-Hohenschönhausen Süd,11 - Lichtenberg,250.0,,3.8,582.1349961031359,0.10125586595961884,,0.14552941861766353,0.6757543667743939,0.9225396513516763,221.97790379287585,,12.534251250517785,643.0493992268739,0.17872553950265305,,0.9014062971111958,0.7532240403174281,1.0,350.0,,8.286231094575474,587.0069901061519,0.10125586595961884,,0.30046876570373193,0.6757450418796804,1.0,350.0,,8.286231094575474,492.5397517576736,0.10125586595961884,,0.30046876570373193,0.6757450418796804,1.0,350.0,,10.864524827090115,491.1479693959298,0.10125586595961884,,0.30046876570373193,0.6757450418796804,1.0
11100309,Mühlengrund,Neu-Hohenschönhausen Süd,11 - Lichtenberg,100.31252070394848,,,600.0,0.05394233362177996,,,0.8801330480394649,0.9340753816612448,150.31391178268925,,10.00118201017391,700.0,0.053943843864107874,,0.06592461833876853,0.8801330480394649,1.0,200.31252070394848,,10.00118201017391,600.0,0.05394233362178006,,0.06592461833876853,0.8801330480394649,1.0,200.31252070394848,,10.00118201017391,500.0,0.05394233362178006,,0.06592461833876853,0.8801330480394649,1.0,200.31252070394848,,15.00118201017391,500.0,0.05394233362178006,,0.06592461833876853,0.8801330480394649,1.0
11200410,Malchower Weg,Alt-Hohenschönhausen Nord,11 - Lichtenberg,249.9794583667964,,,581.5505346822647,0.06630863377986143,,,0.7908783827848586,0.8571870165647201,299.9551577986937,,10.04395231934817,647.7138309834639,0.06633401707206003,,0.13980978347485026,0.9323219601973434,1.0,349.9766521752278,,10.005875429922792,669.7188212639963,0.058338952199132904,,0.1397866371371953,0.8019154500324268,1.0,349.97665217522774,,10.005875429922792,618.9596593320161,0.05833895219913297,,0.1397866371371953,0.8019154500324268,1.0,349.99999999999994,,15.005047513244593,594.6361851514772,0.05833895219913297,,0.1397866371371953,0.8019154500324268,1.0
11200411,Hauptstraße,Alt-Hohenschönhausen Nord,11 - Lichtenberg,199.9994825073353,,,908.5281102974684,0.5279701252320238,,,0.2671644092962631,0.795134534528287,236.02455289959448,,15.0,1038.4424487536996,0.7327844738145624,,0.20486327198954504,0.26716440929626367,1.0,299.9994825073353,,15.0,869.1528144609841,0.5279701252320238,,0.20486327198954504,0.26716440929626367,0.9999978065178325,299.9994825073353,,15.0,679.2258391145027,0.5279701252320238,,0.20486327198954504,0.26716440929626367,0.9999978065178325,341.87690218218455,,20.0,673.8314058929822,0.5279701252320238,,0.20486327198954504,0.26716440929626367,0.9999978065178325
11200512,Orankesee,Alt-Hohenschönhausen Süd,11 - Lichtenberg,250.0,1700.0,400.0,883.580752357375,0.12523044600697883,2.5693097389447434e-05,0.2424736948147944,0.4222195393621871,0.7899493732813497,261.69286306984276,1700.0,190.0826694360437,1013.436059296623,0.35568322569616445,2.5693097389447434e-05,0.9205699552204525,0.4208059147951198,1.0,350.0,1400.0,227.82169103156087,1010.0980178116461,0.12858323776880198,2.5693097389447434e-05,0.46638999788193686,0.40506830238737707,1.0,350.0,1100.0,182.91779686191995,940.5490189089005,0.12858323776880198,2.5693097389447434e-05,0.45556489636476044,0.41589340390455437,1.0,350.0,1100.0,182.91875899771378,895.3797762959431,0.12858323776880198,2.5693097389447434e-05,0.45556489636476044,0.41589340390455437,1.0
11200513,Große-Leege-Straße,Alt-Hohenschönhausen Süd,11 - Lichtenberg,200.0,,400.0,1329.8927954445883,0.13777686861515576,,5.707679403878169e-05,0.8621644884777672,0.9999984338869616,249.99924347757798,,341.36610460783464,1518.0251250534525,0.13778729253278277,,8.83485469197889e-05,0.8621556306731941,1.0,300.0,,365.91288582815343,1235.6447173123086,0.13777686861515576,,6.75007116657841e-05,0.8621556306731941,1.0,300.0,,219.23654508915695,909.1075479237276,0.13777686861515576,,2.6704803780434867e-05,0.8621964265810752,1.0,300.0,,219.23654508915695,909.0918940298141,0.13777686861515576,,2.6704803780434867e-05,0.8621964265810752,1.0
11200514,Landsberger Allee,Alt-Hohenschönhausen Süd,11 - Lichtenberg,389.4445685498489,1700.0,400.0,805.0757414996353,0.002877466810533524,0.1480954063486691,0.0001448605847365126,0.8478196039444933,0.9989373376884324,565.6049797038982,1700.0,72.67776241367297,904.8529470514803,0.002878939836604364,0.1480954063486691,0.0022716582339254695,0.8488807932299814,1.0,584.1668528247734,1400.0,60.27487564105684,754.4508955585909,0.002877466810533524,0.1480954063486691,0.001210468948437252,0.8478196039444933,1.0,584.1668528247734,1100.0,50.57030546446241,603.6382490732135,0.002877466810533524,0.1480954063486691,0.0012099404969153607,0.8478201323960158,1.0,584.1668528247734,1100.0,54.96777517616649,603.6373253475816,0.002877466810533524,0.1480954063486691,0.0012099404969153607,0.8478201323960158,1.0
11200515,Weiße Taube,Alt-Hohenschönhausen Süd,11 - Lichtenberg,200.28676893154412,,,648.3080476209001,0.20016346150700762,,,0.7720791991000336,0.9722426606070412,244.33062510776355,,15.0,745.0933016827394,0.22792080089995068,,0.027757339392943038,0.7720791991000336,1.0,300.43026855428127,,15.0,687.1700951564442,0.20016346150700762,,0.027757339392943038,0.7720791991000336,0.9999999999999843,300.45891364730056,,15.0,627.6256040775406,0.18766938771413996,,0.027757339392943038,0.7845732728929015,0.9999999999999843,308.4944562402162,,20.0,608.2355627527644,0.18766938771413996,,0.027757339392943038,0.7845732728929015,0.9999999999999843
11300616,Hohenschönhauser Straße,Fennpfuhl,11 - Lichtenberg,249.99999999999997,1700.0,400.00000000000006,800.0236131557878,4.9114753826433354e-05,1.4087665465053235e-05,5.5673379976945464e-05,0.6451122990560539,0.6452311748553223,299.99999999999994,1700.0,13.334695400129606,950.0240517313458,0.35487100840160246,1.4087665465053235e-05,0.8924740610263734,0.6451122990560533,1.0,350.0,1400.0,13.334549464401432,800.0199700135286,0.05738052301849108,1.4087665465053235e-05,0.8924740610263734,0.6451122990560533,1.0,350.0,1100.0,13.334315967236357,600.016326871269,0.05738052301849108,1.4087665465053235e-05,0.8924740610263734,0.6451122990560533,1.0,350.0,1100.0,16.667639571521146,600.016326871269,0.05738052301849108,1.4087665465053235e-05,0.8924740610263734,0.6451122990560533,1.0
11300617,Fennpfuhlpark,Fennpfuhl,11 - Lichtenberg,,,,999.6565379154005,,,,0.999999999999868,0.999999999999868,,,,1199.5677953533907,,,,0.999999999999868,0.999999999999868,,,,999.6546339874648,,,,0.999999999999868,0.999999999999868,,,,799.6524762720483,,,,0.999999999999868,0.999999999999868,,,,799.6524762720483,,,,0.999999999999868,0.999999999999868
11300618,Storkower Bogen,Fennpfuhl,11 - Lichtenberg,3000.0,,,966.9797605902326,0.059474212113921496,,,0.9401726601722418,0.9996468722861631,3977.570700681012,,15.0,1200.0592147953096,0.05982733982772541,,0.00035312771380390884,0.9401726601722418,1.0,3500.0,,15.0,1000.0537853345002,0.059474212113921496,,0.00035312771380390884,0.9401726601722418,0.9999999999999671,2500.0,,15.0,733.8665427106743,0.059474212113921496,,0.00035312771380390884,0.9401726601722418,0.9999999999999671,2000.0,,20.000000000000004,733.8665427106743,0.059474212113921496,,0.00035312771380390884,0.9401726601722418,0.9999999999999671
11300619,Rudolf-Seiffert-Park,Fennpfuhl,11 - Lichtenberg,,,,999.9999999999999,,,,1.0,1.0,,,,1200.0,,,,1.0,1.0,,,,999.9999999999999,,,,1.0,1.0,,,,799.9999999999999,,,,1.0,1.0,,,,799.9999999999999,,,,1.0,1.0
11300620,Fennpfuhl Ost,Fennpfuhl,11 - Lichtenberg,200.0,1700.0,,999.99999401273,0.04264809125506307,5.5364044626141236e-05,,0.9572965447003414,1.0,250.0,1700.0,,1199.9999925159125,0.042648091255063074,5.5364044626141236e-05,,0.9572965447003409,1.0,300.0,1400.0,,999.99999401273,0.042648091255063074,5.5364044626141236e-05,,0.9572965447003409,1.0,300.0,1100.0,,799.99999401273,0.042648091255063074,5.5364044626141236e-05,,0.9572965447003409,1.0,300.0,1100.0,,799.99999401273,0.042648091255063074,5.5364044626141236e-05,,0.9572965447003409,1.0
11300721,Herzbergstraße,Alt-Lichtenberg,11 - Lichtenberg,246.4120598605546,,200.00000000000003,608.9458656541917,0.5895388157201662,,0.19330348294641467,0.0625018414771673,0.845344140143748,288.8169623894489,,98.47301516861869,596.6670730645036,0.7245439654279145,,0.6302408831719071,0.27633039200145726,1.0,369.15656422692405,,65.54007352654241,595.1154777366818,0.591433494666394,,0.4703792505269055,0.13236375585191149,1.0,369.15656422692405,,60.90408538292489,527.0757921829393,0.591433494666394,,0.4703792505269055,0.13236375585191149,1.0,369.15656422692405,,63.330163533163876,513.0194499289682,0.591433494666394,,0.4703792505269055,0.13236375585191149,1.0
11300722,Rathaus Lichtenberg,Alt-Lichtenberg,11 - Lichtenberg,1949.7523669063196,,,1079.6493697099936,0.03074400780791264,,,0.8590845741254265,0.8898285819333391,2328.842454096312,,84.95941606336447,1279.0417208860795,0.030935399696793115,,0.3301166257466772,0.8590886677286886,1.0,1973.6761770408275,,15.000000000000002,1080.561085375458,0.03074400780791264,,0.11016646984147938,0.8590886677286886,0.9999991453780808,1593.2952277133668,,15.000000000000002,840.4324791366668,0.03074400780791264,,0.11016646984147938,0.8590886677286886,0.9999991453780808,1441.1428479823824,,20.0,840.2045744632601,0.03074400780791264,,0.11016646984147938,0.8590886677286886,0.9999991453780808
11300723,Bornitzstraße,Alt-Lichtenberg,11 - Lichtenberg,200.00000000000003,,,754.1580310716596,0.7106698499128091,,,0.2893300817541252,0.9999999316669342,249.99999999999997,,,898.8233160431251,0.7106698499128091,,,0.2893300817541252,0.9999999316669342,300.0,,,837.1601036144613,0.7106698499128091,,,0.2893300817541252,0.9999999316669342,300.0,,,732.4137305643643,0.7106698499128091,,,0.2893300817541252,0.9999999316669342,300.0,,,711.6632124286639,0.7106698499128091,,,0.2893300817541252,0.9999999316669342
11300724,Roedeliusplatz,Alt-Lichtenberg,11 - Lichtenberg,2209.6269199763165,,,1252.3816369107772,0.22257728460973822,,,0.7774227126200873,0.9999999972298256,2637.0336499703953,,,1426.2422443894093,0.22257728460973822,,,0.7774227126200873,0.9999999972298256,2224.1455739775006,,,1200.1074628751346,0.22257728460973822,,,0.7774227126200873,0.9999999972298256,1835.186237856548,,,939.2611734313717,0.2548925104474571,,,0.7774227126200873,1.0,1635.1862378565481,,,939.2606793948972,0.2548925104474571,,,0.7774227126200873,1.0
11300725,Nibelungenviertel,Alt-Lichtenberg,11 - Lichtenberg,499.13517811031073,,,1222.3688390243522,0.025361049391431474,,,0.974551377366977,0.9999124267584084,498.00631045523124,,34.15699299267887,1375.6997048532203,0.02544861861380683,,0.00024228303730569717,0.9746287342744422,1.0,599.1351781103107,,12.654801348337921,1169.3850618929825,0.025361049391431474,,0.00016492612984052725,0.974551377366977,1.0,1348.4843771199717,,12.654801348337921,928.466477749354,0.05064898948066559,,0.00016492612984052725,0.974551377366977,1.0,1148.7730671923582,,15.309602696675842,925.8301303399992,0.05064898948066559,,0.00016492612984052725,0.974551377366977,1.0
11300826,Frankfurter Allee Süd,Frankfurter Allee Süd,11 - Lichtenberg,424.56785531877676,,,1043.5779552143038,0.25835640464710613,,,0.4390387432152603,0.6973951478623666,335.2970538739398,,15.0,1243.9456684928455,0.5609639019796645,,0.25442547473181754,0.4390360980203544,1.0,536.6456653726988,,15.0,1043.6535755791751,0.30653842724784697,,0.25442547473181754,0.4390360980203544,1.0,1224.4474982058828,,15.0,831.8831072896244,0.5474252978427677,,0.25442547473181754,0.4390360980203544,1.0,1048.3026274411932,,20.0,831.8831072896244,0.5474252978427677,,0.25442547473181754,0.4390360980203544,1.0
11400927,Victoriastadt,Neu-Lichtenberg,11 - Lichtenberg,5982.49976139637,,450.0,1499.896812260866,0.13007495236026906,,3.432491605496009e-06,0.7498208101142602,0.8798991949661346,5561.644077488235,,15.015272443207023,1931.4891390832227,0.2503131199877594,,0.12024160011909583,0.868479077631389,1.0,7976.912583436831,,15.01384511206618,1799.7575464589088,0.13007495236026906,,0.12024160011909583,0.7498208101142602,1.0,5982.710452882902,,15.010990449784494,1299.832735130704,0.13007495236026906,,0.12024160011909583,0.7498208101142602,1.0,3997.164745336033,,20.01084771667041,1300.089190242588,0.12993758976658762,,0.12024160011909583,0.7499581727079416,1.0
11400928,Nöldnerplatz,Neu-Lichtenberg,11 - Lichtenberg,,,450.00000000000006,895.6126435535056,,,0.3971596783745799,0.37399792539749704,0.771157603772077,319.99999510253025,,193.06596915917922,851.5553329831686,0.22602717868439834,,1.0,0.6027874306584041,1.0,,,240.50973545119885,949.3239941946126,,,0.8492669082610276,0.37676026119868294,1.0,,,193.73850767190777,694.7374524304274,,,0.8492669082610276,0.37676026119868294,1.0,,,196.3999462829432,694.7374524304274,,,0.8492669082610276,0.37676026119868294,1.0
11400929,Weitlingkiez,Neu-Lichtenberg,11 - Lichtenberg,,,,1931.3115575546828,,,,0.9999656442758363,0.9999656442758363,200.0,,15.0,2125.271764325822,3.4355724146381116e-05,,3.4355724146381116e-05,0.9999656442758363,1.0,,,15.0,1931.9986256011593,,,3.4355724146381116e-05,0.9999656442758363,0.9999999999999826,,,15.0,1465.9986276172353,,,3.4355724146381116e-05,0.9999656442758363,0.9999999999999826,,,20.0,1465.9986276172353,,,3.4355724146381116e-05,0.9999656442758363,0.9999999999999826
11400930,Zachertstraße,Neu-Lichtenberg,11 - Lichtenberg,,,,846.0767839221993,,,,0.988224744827803,0.988224744827803,320.0,,10.0,995.7082958608844,0.007933721415371495,,0.007933721415371495,0.9920662785846261,1.0,360.0,,10.0,845.7082958608845,0.007933721415371495,,0.007933721415371495,0.9920662785846261,1.0,360.0,,10.0,600.0,0.007933721415371495,,0.007933721415371495,0.9920662785846261,1.0,360.0,,15.0,600.0,0.007933721415371495,,0.007933721415371495,0.9920662785846261,1.0
11400931,Massower Straße,Neu-Lichtenberg,11 - Lichtenberg,,,,980.584920064573,,,,0.998510079178606,0.998510079178606,320.0,,10.0,1151.4740416953753,0.0014899208213698459,,0.0014899208213698459,1.0,1.0,360.0,,10.0,1004.9152446083667,0.0014899208213698459,,0.0014899208213698459,1.0,1.0,360.0,,10.0,787.3358395554209,0.0014899208213698459,,0.0014899208213698459,1.0,1.0,360.0,,15.0,785.968846400178,0.0014899208213698459,,0.0014899208213698459,1.0,1.0
11401032,Rosenfelder Ring,Friedrichsfelde Nord,11 - Lichtenberg,,,,1114.3523491947121,,,,0.7943222676801763,0.7943222676801763,120.39744190300539,,35.13111719030364,953.470667531594,0.20567129628986772,,0.6186430355757265,1.0,1.0,,,12.506225493935439,889.568245856991,,,0.4103208126873476,1.0,1.0,,,12.506225493935439,715.5463072133467,,,0.4103208126873476,1.0,1.0,,,15.012450987870878,703.7503734189439,,,0.4103208126873476,1.0,1.0
11401033,Gensinger Straße,Friedrichsfelde Nord,11 - Lichtenberg,,,,621.7205812564573,,,,0.9705923856563375,0.9705923856563375,200.0,,87.12310928545709,695.5254049441181,0.000258459454285244,,0.11788345660231522,0.9709193857991099,1.0,,,39.78026825882939,583.6792833750408,,,0.029406249287007493,0.9706609263448247,1.0,,,39.78026825882939,495.6232783223315,,,0.029406249287007493,0.9706609263448247,1.0,,,39.82421460706351,495.6211599437967,,,0.029406249287007493,0.9706609263448247,1.0
11401034,Tierpark,Friedrichsfelde Nord,11 - Lichtenberg,,,,749.4160121468294,,,,0.14654330011519953,0.14654330011519953,198.1752392121361,,87.4977966636492,891.5420163349158,4.3680882340751856e-05,,1.0,0.14970541870334544,1.0,,,74.03054738324026,770.0056917760813,,,0.8480001923338485,0.1519974913011726,0.9999976836350212,,,66.56014325701916,621.2272657117616,,,0.8480001923338485,0.1519974913011726,0.9999976836350212,,,66.56040080933305,618.2567018813908,,,0.8480001923338485,0.1519974913011726,0.9999976836350212
11401135,Dolgenseestraße,Friedrichsfelde Süd,11 - Lichtenberg,,,,750.1239090888607,,,,0.9341460142992847,0.9341460142992847,320.0,,36.24993712339636,869.138527102605,0.06585324958484925,,0.26341447057115336,1.0,1.0,,,12.499986027421414,750.1203262305687,,,0.13170723528557668,0.9344767262464132,1.0,,,12.499986027421414,600.0920141763173,,,0.13170723528557668,0.9344767262464132,1.0,,,17.499986027421414,600.0813971559729,,,0.13170723528557668,0.9344767262464132,1.0
11401136,Volkradstraße,Friedrichsfelde Süd,11 - Lichtenberg,,,,750.0,,,,0.8873367461617775,0.8873367461617775,320.0,,10.0,900.0,0.10389321601792055,,0.10389321601792055,0.8961067839820791,1.0,360.0,,10.0,750.0,0.10389321601792055,,0.10389321601792055,0.8961067839820797,1.0,360.0,,10.0,600.0,0.10389321601792055,,0.10389321601792055,0.8961067839820797,1.0,360.0,,15.000000000000002,600.0,0.10389321601792055,,0.10389321601792055,0.8961067839820797,1.0
11401137,Erieseering,Friedrichsfelde Süd,11 - Lichtenberg,,,,789.3772326997786,,,,0.8574912680769989,0.8574912680769989,320.0,,16.848523439057224,955.2483808762743,0.12317783497730375,,0.1351779238058411,0.8738311113924453,1.0,360.0,,10.701972200054763,805.2496216618173,0.12317783497730375,,0.1261638538832379,0.8738620655119883,1.0,360.0,,10.701972200054763,641.4373647865967,0.12317783497730375,,0.1261638538832379,0.8738620655119883,1.0,360.0,,15.584976833378967,641.4364748876933,0.12317783497730375,,0.1261638538832379,0.8738620655119883,1.0
11501238,Rummelsburg,Rummelsburger Bucht,11 - Lichtenberg,399.96357120755135,,450.00000000000006,1693.0899619684576,0.4320205963281552,,0.00014520716417204877,0.17051751576322988,0.6026833192555571,783.3203315292916,,36.254048203946,1041.018644104772,1.0,,1.0,0.4443252412821648,1.0,966.7069943567693,,12.662588834232876,1677.1498637071325,0.7806873779597455,,0.5363513499364452,0.17534109967559777,1.0,761.1771218355841,,12.63551569193739,1338.509436372843,0.7806873779597455,,0.5363513499364452,0.17534109967559777,1.0,975.2250873003483,,17.630962933260662,1607.1517921109132,0.7375189090202746,,0.5363513499364452,0.21850956861506873,1.0
11501339,Karlshorst West,Karlshorst,11 - Lichtenberg,,,,1099.9791135660917,,,,0.8527262423254163,0.8527262423254163,320.0,,31.010480635907637,1002.5902661534174,0.0520893343311607,,0.38998878573847445,1.0,1.0,,,11.335662363535029,919.9904852300684,,,0.19499439286923723,1.0,1.0,,,11.335662363535029,729.9929655469873,,,0.19499439286923723,1.0,1.0,,,16.335662363535032,714.99306045782,,,0.19499439286923723,1.0,1.0
11501340,Karlshorst Nord,Karlshorst,11 - Lichtenberg,100.0,,0.6,659.7588823329165,0.08458225246460209,,0.00021976244063069174,0.49303929979366046,0.5778413146988932,125.50336125112291,,39.01954401451549,642.6301549338998,0.4819868125413916,,1.0,1.0,1.0,200.00525058307068,,11.754501001646243,742.9854042683635,0.08796383389928632,,0.41857105601445754,0.6073943147134134,1.0,200.00525058307068,,11.754501001646243,652.9645098301417,0.08796383389928632,,0.41857105601445754,0.6073943147134134,1.0,200.00525058307068,,16.464967672942123,628.4499965524487,0.08796383389928632,,0.4167949992802986,0.6091703714475724,1.0
11501341,Karlshorst Süd,Karlshorst,11 - Lichtenberg,350.0,,0.6,759.9911060017167,0.061131807117855444,,0.026539873754404593,0.663501255574048,0.7511729364463081,544.7198051729996,,17.402107259700415,767.439613618075,0.36499404098239047,,0.331083930252345,0.9943128272303305,1.0,617.8865060393008,,12.792121579854602,721.3176065895765,0.3376837532128226,,0.27518409360528484,0.9393853013363633,1.0,532.1628241067245,,12.792121579854602,597.6638481629451,0.3376837532128226,,0.27518409360528484,0.9393853013363633,1.0,510.73190362358054,,17.30755971083815,578.8178911481974,0.3376837532128226,,0.27518409360528484,0.9393853013363633,1.0
12100101,Letteplatz,Ost 1 - Reginhardstraße,12 - Reinickendorf,336.6539755607166,,,1000.004821270431,0.13202069088976573,,,0.8679793091102276,0.9999999999999934,407.76931704047786,,,1154.167063168853,0.13202069088976573,,,0.9239233477013196,1.0,457.76931704047774,,,989.1109048837084,0.13202069088976573,,,0.9239233477013196,1.0,457.76931704047774,,,683.1483293974363,0.13202069088976573,,,0.9239233477013196,1.0,457.76931704047774,,,683.1441992024166,0.13202069088976573,,,0.9239233477013196,1.0
12100102,Hausotterplatz,Ost 1 - Reginhardstraße,12 - Reinickendorf,250.0,,,1000.0166621938258,0.25488583143029575,,,0.5677577843558806,0.8226436157861764,288.46819890468845,,12.507776342126386,1203.5541670360335,0.43219953470756306,,0.355024734572493,0.9999123166826257,1.0,400.0,,12.500317285833596,1151.40014186154,0.2548827138021857,,0.35458863942993657,0.8226404981580663,1.0,400.0,,12.500317285833596,820.4155046520725,0.2548827138021857,,0.35458863942993657,0.8226404981580663,1.0,400.0,,17.5003172858336,820.4155046520725,0.2548827138021857,,0.35458863942993657,0.8226404981580663,1.0
12100103,Breitkopfbecken,Ost 1 - Reginhardstraße,12 - Reinickendorf,,,,1000.0000000000001,,,,0.9887779749928712,0.9887779749928712,200.0,,12.5,1092.0323622449387,0.011222025007128614,,0.022444050014257227,0.9999999999999999,1.0,,,12.5,950.0,,,0.022444050014257227,0.9887779749928712,1.0,,,12.5,650.0,,,0.022444050014257227,0.9887779749928712,1.0,,,17.5,650.0,,,0.022444050014257227,0.9887779749928712,1.0
12100204,Schäfersee,Ost 2 - Alt-Reinickendorf,12 - Reinickendorf,400.79316559050835,,,870.6883801293175,0.0275483330327498,,,0.8163741808690076,0.8439225139017574,450.76837916580496,,14.476310291129446,968.1075769959949,0.0275483330327498,,0.34069440025500836,0.8200247743027438,1.0,500.64444704228805,,15.0,852.5097457383416,0.0275483330327498,,0.13327032250258053,0.83925983679933,1.0,500.44615564466096,,15.0,612.2283151131628,0.0275483330327498,,0.13327032250258053,0.83925983679933,1.0,500.34700994584745,,15.0,607.9628568248219,0.0275483330327498,,0.13327032250258053,0.83925983679933,1.0
12100205,Teichstraße,Ost 2 - Alt-Reinickendorf,12 - Reinickendorf,356.84478082910596,,,949.8785054162462,0.33929634249572826,,,0.34771049425424616,0.6870068367499744,339.68176459597845,,13.811908523254601,895.048246203811,0.49331230103699536,,0.8015489886619185,0.5507446177807173,1.0,429.9228282863105,,13.199173387815215,977.1781583082735,0.3429289188340437,,0.4835191924480291,0.3765977719282156,1.0,396.3043252884368,,13.199173387815215,681.8667529828289,0.3429289188340437,,0.4835191924480291,0.3765977719282156,1.0,379.4950737895,,16.80096070052489,680.7203948786961,0.3429289188340437,,0.4835191924480291,0.3765977719282156,1.0
12100206,Humboldtstraße,Ost 2 - Alt-Reinickendorf,12 - Reinickendorf,200.0,,,951.7091371933429,0.0008456360082877886,,,0.5214141532131901,0.5222597892214779,249.99999999999997,,19.740068129041276,748.3929209133363,0.0036988313057285775,,1.0,0.9719244248972077,1.0,300.0,,12.565831954117423,910.9055014011451,0.0036988313057285775,,0.925391947186182,0.5214141532131901,1.0,300.0,,12.565831954117423,632.3686599105313,0.0036988313057285775,,0.925391947186182,0.5214141532131901,1.0,300.0,,17.434159239519392,630.8359325425643,0.0036988313057285775,,0.925391947186182,0.5214141532131901,1.0
12200307,Reinickes Hof,West 4 - Auguste-Viktoria-Allee,12 - Reinickendorf,633.5209084958825,,200.0,861.0918810192352,0.573524867628119,,0.00026274177313310467,0.4262124423207177,1.0,673.7114700107094,,240.00000000000003,1137.1201876007713,0.573524867628119,,0.00026274177313310467,0.5795447341325879,1.0,674.6642775848444,,240.00000000000003,985.2964607718795,0.573524867628119,,0.00026274177313310467,0.5795447341325879,1.0,596.1887697034603,,220.0,721.0761534161144,0.573524867628119,,0.00026274177313310467,0.5795447341325879,1.0,556.9510157627682,,220.0,716.9668130618902,0.573524867628119,,0.00026274177313310467,0.5795447341325879,1.0
12200308,Meller Bogen,West 4 - Auguste-Viktoria-Allee,12 - Reinickendorf,299.5101038641949,,,864.8850239828379,0.06204819626861353,,,0.9379543045954917,1.0,349.51009790335894,,,774.3579006818136,0.06204819471112795,,,1.0,1.0,399.51009790335894,,,686.3696000519122,0.06204819471112795,,,1.0,1.0,399.51009790335894,,,543.18620616081,0.06204819471112795,,,1.0,1.0,399.51009790335894,,,531.9850504107227,0.06204819471112795,,,1.0,1.0
12200309,Scharnweberstraße,West 4 - Auguste-Viktoria-Allee,12 - Reinickendorf,1999.8818056051587,,,999.9999999999999,0.2066732454719257,,,0.7933267545280581,0.9999999999999837,1999.8852819108895,,,970.0436425414839,0.2066732454719257,,,1.0,1.0,1799.9026634395425,,,846.4835108913928,0.2066732454719257,,,1.0,1.0,1399.9304738853875,,,646.3387665253177,0.2066732454719257,,,1.0,1.0,1199.94437910831,,,637.5511286556392,0.2066732454719257,,,1.0,1.0
12200310,Klixstraße,West 4 - Auguste-Viktoria-Allee,12 - Reinickendorf,221.69845873923475,,0.6,999.9677269849594,0.30504959632066464,,1.1693495401599578e-07,0.56158389980085,0.8666336130564687,265.0978007808441,800.0,61.00004008704399,770.1063532928175,0.43841610018420685,0.13336638697525488,0.6668321687461823,1.0,1.0,321.6984587349052,,14.999987374166013,680.7230829969774,0.3050495962739979,,0.13336650391020888,1.0,1.0,321.6984587349052,,14.999987374166013,536.6484398112366,0.3050495962739979,,0.13336650391020888,1.0,1.0,321.6984587349052,,19.999982990195875,525.5865045828012,0.3050495962739979,,0.13336650391020888,1.0,1.0
12200411,Schumacher-Quartier,West 1 - Tegel-Süd/Flughafensee,12 - Reinickendorf,501.7417552991202,,250.00000000000003,654.6399765151477,0.19456602437331116,,0.00023531143570910872,0.04957762470259088,0.24437896051161112,335.6361997295663,800.0,61.01488469157354,442.8569047916955,0.9501870638616592,0.7556210394883481,1.0,0.8445857803972978,1.0,676.3063164743402,,15.088725535077014,424.5997008741043,0.19456602437331116,,0.7558563509240572,0.8445857803972978,1.0,609.2525930745356,,15.073159651730169,388.710123195781,0.19456602437331116,,0.7558563509240572,0.8445857803972978,1.0,575.7257313746335,,20.071603063395486,370.6564871427858,0.19456602437331116,,0.7558563509240572,0.8445857803972978,1.0
12200412,Waldidyll/Flughafensee,West 1 - Tegel-Süd/Flughafensee,12 - Reinickendorf,513.9831776713066,,12.086683249021114,533.0867409782176,0.13241183933596865,,0.6006487252591015,0.19190755318431202,0.9249681177793821,397.928624890501,800.0,171.71016274305887,622.9023605177244,0.7630044371662635,0.0032835955261622187,1.0,0.19661125695385417,1.0,606.6667115583286,,13.881597710063064,606.8679109646635,0.1324118393359685,,0.6734136249942628,0.19661125695385417,1.0,533.5020504285447,,12.853964460439942,579.9755050012459,0.1324118393359685,,0.6734136249942628,0.19661125695385417,1.0,496.9197198636528,,13.006325928650591,554.040938666497,0.1324118393359685,,0.6734136249942628,0.19661125695385417,1.0
12200413,Tegel Süd,West 1 - Tegel-Süd/Flughafensee,12 - Reinickendorf,1155.8406386925149,,200.0,874.8422547326888,0.01224453642044663,,2.4958784728098994e-06,0.7420167136057051,0.7542637459046245,286.0413569572325,,121.86706373006703,974.3929181877462,0.2597662607391803,,0.7425676688346738,0.7448440284968673,1.0,1156.1840219563667,,15.00226875841053,832.5653911065506,0.01224453642044663,,0.2475242201972065,0.7448440284968673,1.0,937.4560146375777,,15.00206709099626,596.186179304558,0.01224453642044663,,0.2475242201972065,0.7448440284968673,1.0,779.4771259755152,,20.00201667414269,594.5516847207971,0.01224453642044663,,0.2475242201972065,0.7448440284968673,1.0
12200414,TXL,West 1 - Tegel-Süd/Flughafensee,12 - Reinickendorf,,,44.96801493258246,272.3270435175224,,,6.305589536737529e-05,0.08285525240592806,0.08291830830129544,250.00749294847586,800.0000000000001,62.051804568248166,348.2030372807549,0.8991978491055802,0.899125302218771,1.0,0.9819631843612594,1.0,,,19.528795335155,348.2030372807549,,,0.9168892113575223,0.9819631843612594,1.0,,,19.52819898244442,339.0466318621177,,,0.9168892113575223,0.9819631843612594,1.0,,,24.43144826939817,319.6180109414446,,,0.9168892113575223,0.9819631843612594,1.0
12200515,Alt-Tegel,West 5 - Tegel,12 - Reinickendorf,1055.3901684149723,2000.0,0.6,1668.7853101415365,0.4529197330976088,0.024917442255542908,0.07848966491276661,0.37161215772184497,0.9279389979877632,696.8747786673846,1127.538039298574,74.15318434139385,1555.971721091262,1.0,0.2344471568725599,1.0,0.4513766332524737,1.0,1063.5758850554178,1800.0,12.164263364598009,1589.201253127095,0.45292477288424937,0.0366046853271179,0.5529275675906823,0.3611997252681319,1.0,874.8714429301627,1599.9999999999998,12.164263364598009,1195.1100390166916,0.45292477288424937,0.0366046853271179,0.5529275675906823,0.3611997252681319,1.0,733.3431113362215,1599.9999999999998,16.233875341614826,1184.7456716175016,0.45292477288424937,0.0366046853271179,0.5529275675906823,0.3611997252681319,1.0
12400616,Konradshöhe/Tegelort,West 2 - Heiligensee/Konradshöhe,12 - Reinickendorf,,,0.6,570.0,,,0.0734687596127411,0.7105928664640501,0.7840616260767911,180.0,,89.11374190102083,657.5193479155819,0.14688147622811162,,0.36722965260726625,0.7840356640398042,1.0,,,0.6,680.0002028755252,,,0.07346670015104301,0.7105949259257484,0.7840616260767913,,,0.6,680.0000869466537,,,0.07346670015104301,0.7105949259257484,0.7840616260767913,,,0.6,650.0000579644359,,,0.07346670015104301,0.7105949259257484,0.7840616260767913
12400617,Alt-Heiligensee,West 2 - Heiligensee/Konradshöhe,12 - Reinickendorf,100.0,,2.0975082874839686,630.0,0.016859708097323366,,0.185402274823392,0.42854688055893314,0.6308088634796486,148.44599365123,,47.89884811876201,698.6922924028199,0.37649339493250417,,1.0,0.5137663141737142,1.0,200.0,,15.553405751968798,750.0,0.016859708097323366,,0.5928559698777105,0.4287335018482113,1.0,200.0,,15.553405751968798,710.0,0.016859708097323366,,0.5928559698777105,0.4287335018482113,1.0,200.0,,16.699378375195217,670.0,0.016859708097323366,,0.5928559698777105,0.4287335018482113,1.0
12400618,Heiligensee Nord,West 2 - Heiligensee/Konradshöhe,12 - Reinickendorf,100.0,,34.20448125534575,466.53923298836577,1.0566945931415411e-05,,0.6519008817215614,0.3477348302756662,0.999646278943159,179.9997069406776,,95.01033059337229,487.39248142370167,1.0,,1.0,0.8897721531516118,1.0,200.0,,41.01889814164764,560.855414212595,1.0566945931415411e-05,,0.650718698106672,0.34891701389055535,0.9996462789431589,200.0,,37.642214921794036,531.8851557389509,1.0566945931415411e-05,,0.650718698106672,0.34891701389055535,0.9996462789431589,200.0,,37.642214921794036,502.91489726530676,1.0566945931415411e-05,,0.650718698106672,0.34891701389055535,0.9996462789431589
12400619,Heiligensee,West 2 - Heiligensee/Konradshöhe,12 - Reinickendorf,,,0.6001201594276173,629.9936771514163,,,0.63328892763232,0.11656404484916068,0.7498529724814808,180.76392099822047,1000.0,89.7652781057991,487.2995157604907,1.0,0.0003400689867375878,1.0,0.7542666461759657,1.0,,,4.578037420140894,749.5393656432934,,,0.6592583079361628,0.11656468437813472,0.7758229923142975,,,4.578031889180328,709.5251107524574,,,0.6592583079361628,0.11656468437813472,0.7758229923142975,,,4.5846882896045615,669.6176985568551,,,0.6592583079361628,0.11656468437813472,0.7758229923142975
12400720,Frohnau West,Nord 1 - Frohnau/Hermsdorf,12 - Reinickendorf,,800.0,0.6,749.9932366701294,,0.012069367216390832,9.510067450754818e-05,0.9877828711762161,0.9999473390671145,180.0,800.0,89.12,849.954733688465,0.00019020134901509637,0.012069367216390832,0.0004755033725377409,0.9878779718507236,1.0,,700.0,0.6,849.9942028601109,,0.012069367216390832,9.510067450754818e-05,0.9877828711762161,0.9999473390671145,,600.0,0.6,799.9946859551017,,0.012069367216390832,9.510067450754818e-05,0.9877828711762161,0.9999473390671145,,600.0,0.6,749.9956521450831,,0.012069367216390832,9.510067450754818e-05,0.9877828711762161,0.9999473390671145
12400721,Frohnau Ost,Nord 1 - Frohnau/Hermsdorf,12 - Reinickendorf,,800.0000000000001,0.6,680.3519392050026,,0.008050019813085188,0.40167616754386476,0.5309356680207052,0.9406618553776551,120.0,800.0000000000001,15.9332213619956,655.359040988047,0.4600854411794398,0.008050019813085188,1.0,0.9326113339244627,1.0,,700.0,5.601795446486461,772.8960353885947,,0.008050019813085188,0.46008544117943945,0.5309333360111659,0.9990687970036904,,600.0,5.601795446486461,728.6800761515235,,0.008050019813085188,0.46008544117943945,0.5309333360111659,0.9990687970036904,,600.0,5.601795446486461,685.1513980815771,,0.008050019813085188,0.46008544117943945,0.5309333360111659,0.9990687970036904
12400722,Hermsdorf West,Nord 1 - Frohnau/Hermsdorf,12 - Reinickendorf,,600.0,0.6,608.5608162729861,,0.016427810681516285,0.19154425582645304,0.7145164372217248,0.9224885037296939,266.42789235650804,930.0491122460503,83.26914112546287,667.3455379775758,0.5380992115664051,0.09393911190548815,1.0,0.9060547417809552,1.0,,550.0,5.922981482908962,728.2893828282971,,0.016427810681516285,0.3465668582876463,0.7145164372217248,1.0,,450.0,5.922981482908962,688.3793062833087,,0.016427810681516285,0.3465668582876463,0.7145164372217248,1.0,,450.0,8.159528324507507,658.3786015460572,,0.016427810681516285,0.3465668582876463,0.7145164372217248,1.0
12400723,Hermsdorf Ost/Waldsee,Nord 1 - Frohnau/Hermsdorf,12 - Reinickendorf,300.0,600.0,,610.0030247578206,0.014429194711942008,8.970822103157248e-06,,0.7888498536627617,0.8032880191968069,350.0,600.0,86.25,730.0026324972039,0.014429789084907893,8.970822103157248e-06,0.8342666859095739,0.7769091733132679,1.0,400.0,550.0,12.499999999999998,730.0026324972039,0.014429789084907893,8.970822103157248e-06,0.41713334295478693,0.7769091733132679,1.0,400.0,449.99999999999994,12.499999999999998,690.0024131224368,0.014429789084907893,8.970822103157248e-06,0.41713334295478693,0.7769091733132679,1.0,400.0,449.99999999999994,17.5,660.0019743729029,0.014429789084907893,8.970822103157248e-06,0.41713334295478693,0.7769091733132679,1.0
12500824,Ziekowstraße/Freie Scholle,West 3 - Borsigwalde/Freie Scholle,12 - Reinickendorf,,,0.6,665.0221651112206,,,0.046883859882574416,0.6931379451651373,0.7400218050477116,434.1645576715007,1000.0000000000001,74.78888549748224,743.6253654460197,0.6137241073825955,0.25997819380872333,1.0,0.7400218061912728,1.0,,,11.515740439985933,709.5510385059083,,,0.566840247500021,0.6931379463086984,1.0,,,11.515740439985933,597.745856316065,,,0.566840247500021,0.6931379463086984,1.0,,,16.102186003005233,579.5277419845311,,,0.566840247500021,0.6931379463086984,1.0
12500825,Borsigwalde,West 3 - Borsigwalde/Freie Scholle,12 - Reinickendorf,200.02848403323324,,,748.3148271391801,0.5962395879584984,,,0.4034735135712243,0.9997131015297228,250.02068885570569,,27.5,843.8650387660059,0.5962460766810136,,0.0005485232897896658,0.4035024011718409,1.0,300.02068885570566,,40.0,760.0877352850813,0.5962460766810136,,0.0002742616448948329,0.4035024011718409,1.0,300.02068885570566,,40.0,579.3323594776074,0.5962460766810136,,0.0002742616448948329,0.4035024011718409,1.0,300.02068885570566,,40.0,570.5023700123995,0.5962460766810136,,0.0002742616448948329,0.4035024011718409,1.0
12500926,Wittenau Mitte,Nord 2 - Waidmannslust/Wittenau/Lübars,12 - Reinickendorf,200.0,,,414.59809759259025,1.2881933646798886e-06,,,0.9479395199912333,0.9479408081845981,200.00123717276293,,12.5,613.4215446394708,0.052061983713767475,,0.10412139104080559,1.0,1.0,300.0,,12.5,574.7536771081445,1.2881933646798886e-06,,0.10412139104080559,1.0,1.0,300.0,,12.5,518.0434274828591,1.2881933646798886e-06,,0.10412139104080559,1.0,1.0,300.0,,17.5,504.32168526665976,1.2881933646798886e-06,,0.10412139104080559,1.0,1.0
12500927,Wittenau Nord,Nord 2 - Waidmannslust/Wittenau/Lübars,12 - Reinickendorf,200.0,,249.99999999999997,440.91559166430557,0.08064686905986097,,0.04732480003926568,0.5729253451149616,0.7008970142140883,420.4102183994943,1000.0,75.10760125705461,533.9544283963763,0.54447281801281,0.20709838389805207,1.0,0.6012610871597391,1.0,300.0,,37.33502070512945,517.0627627285987,0.0806455549576481,,0.6034446334844283,0.6012610871597391,1.0,300.0,,34.982558683442974,482.26473022782073,0.0806455549576481,,0.6034446334844283,0.6012610871597391,1.0,300.0,,37.61094707965682,464.50108021118103,0.0806455549576481,,0.6034446334844283,0.6012610871597391,1.0
12500928,Waidmannslust,Nord 2 - Waidmannslust/Wittenau/Lübars,12 - Reinickendorf,300.0,,,479.88916699071626,0.055449651580885155,,,0.7222011276762276,0.7776507792571127,464.4360310543251,999.9999999999999,72.43790722265032,579.8406043018454,0.4631501598773255,0.20385025414822017,1.0,0.713656413171187,1.0,399.99999999999994,,12.332176893372534,579.8406043018452,0.05544965158088521,,0.47085384034307926,0.7136564131711871,1.0,399.99999999999994,,12.332176893372534,549.859513089748,0.05544965158088521,,0.47085384034307926,0.7136564131711871,1.0,399.99999999999994,,17.235766670351747,519.880217275813,0.05544965158088521,,0.47085384034307926,0.7136564131711871,1.0
12500929,Lübars,Nord 2 - Waidmannslust/Wittenau/Lübars,12 - Reinickendorf,197.59106672451838,,4.459775762308091,442.0667969545039,0.00043278992627648487,,0.4461803124682363,0.31265106337038945,0.7592641657649023,160.253626586873,,51.76529453445673,517.8670504651697,0.14948246219688918,,1.0,0.3368668207380126,1.0,297.5910667245184,,12.71845579513234,531.0044304568784,0.00043278992627648487,,1.0,0.31055235387764246,1.0,297.5910667245184,,12.71845579513234,502.99906440577246,0.00043278992627648487,,1.0,0.31055235387764246,1.0,297.5910667245184,,14.901101238485452,476.4979000459719,0.00043278992627648487,,1.0,0.31055235387764246,1.0
12500930,Wittenau Süd,Nord 2 - Waidmannslust/Wittenau/Lübars,12 - Reinickendorf,271.2668000337912,,200.0,475.9849932785305,0.008325604835005544,,0.2888319425384338,0.6938794403343014,0.9910369877077408,258.4225674694583,,226.69214014155085,644.8709795982342,0.01727189949923167,,0.30677922133468677,0.9535814760349042,1.0,371.1803983509401,,226.71080026034537,587.5596774897455,0.008326996177197628,,0.3067504852585242,0.9176763233333192,1.0,371.1803983509401,,207.87908155613917,515.9551433688899,0.008326996177197628,,0.3067504852585242,0.9176763233333192,1.0,371.1803983509401,,208.17115188008765,502.92955025825006,0.008326996177197628,,0.3067504852585242,0.9176763233333192,1.0
12601031,Lübarser Straße,Rollbergesiedlung,12 - Reinickendorf,208.01255186366902,,,518.7488602989675,0.3690375002599156,,,0.585349391358128,0.9543868916180437,250.03015136054438,,12.489452198848856,594.0771319049525,0.36902870033247903,,0.09084136264125837,0.5855746207860207,1.0,300.0301513605447,,11.744698243710424,548.1897902867465,0.36902870033247986,,0.06905236275549617,0.5621345746770406,1.0,300.0301513605447,,11.744698243710424,487.91197612374464,0.36902870033247986,,0.06905236275549617,0.5621345746770406,1.0,300.0301513605447,,16.744698243710424,474.10849579716586,0.36902870033247986,,0.06905236275549617,0.5621345746770406,1.0
12601032,Rollbergesiedlung,Rollbergesiedlung,12 - Reinickendorf,300.0,,,687.4293861449327,0.16207279175040917,,,0.8379272082496,1.0,350.0,,9.6,731.3312973772929,0.16207279175040917,,4.643394851001852e-06,0.8379256604513236,1.0,400.0,,14.99897869712558,649.2381065785066,0.16207279175056147,,0.024551318539697622,0.8133789853063249,1.0,400.0,,14.99897869712558,549.9189776922376,0.16207279175056147,,0.024551318539697622,0.8133789853063249,1.0,400.0,,19.998663480189027,537.2600130121052,0.16207279175056147,,0.024551318539697622,0.8133789853063249,1.0
12601133,Treuenbrietzener Straße,MV Nord,12 - Reinickendorf,150.0,,,750.0,0.2916311766024666,,,0.47815280123277304,0.7697839778352396,197.6591318557753,,68.52809721646847,849.9972380579533,0.3160127829061112,,0.6914908796146256,0.47815500229344926,1.0,250.0,,24.60419069847797,699.9979285434649,0.2975169754286172,,0.4671518520333276,0.47815500229344926,1.0,250.0,,24.60419069847797,549.9986190289766,0.2975169754286172,,0.4671518520333276,0.47815500229344926,1.0,250.0,,27.20314891343343,549.9985269642417,0.2975169754286172,,0.4671518520333276,0.47815500229344926,1.0
12601134,Märkisches Zentrum,MV Nord,12 - Reinickendorf,150.0,,,748.598877462116,4.281669639100172e-07,,,0.9999950434303887,0.9999954715973525,163.4553491457288,,56.24999999999999,848.5165557843598,4.956569606741798e-06,,1.811361057132712e-05,0.9999967733025097,1.0,250.0,,21.666666666666664,699.1346352499494,4.281669639100172e-07,,1.358520792849534e-05,0.9999967733025097,1.0,250.0,,21.666666666666664,549.7523655362111,4.281669639100172e-07,,1.358520792849534e-05,0.9999967733025097,1.0,250.0,,24.999999999999996,549.669954940799,4.281669639100172e-07,,1.358520792849534e-05,0.9999967733025097,1.0
12601235,Dannenwalder Weg,MV Süd,12 - Reinickendorf,249.99999999999997,,,723.8834938974244,0.0025212108490435124,,,0.9892933669231955,0.9918145777722389,208.82601848663717,,68.35472692843871,822.3386957915975,0.0001507460937747217,,0.024990300443034078,0.9919385295566078,1.0,350.0,,25.126425784824924,683.8517058291503,1.3304878104440328e-05,,0.01624855334326179,0.9919383450034487,1.0,350.0,,25.126425784824924,545.3635317983875,1.3304878104440328e-05,,0.01624855334326179,0.9919383450034487,1.0,350.0,,27.605364285794636,543.8284009430797,1.3304878104440328e-05,,0.01624855334326179,0.9919383450034487,1.0
12601236,Schorfheidestraße,MV Süd,12 - Reinickendorf,,,,446.2035806359006,,,,0.9999999999999829,0.9999999999999829,,,,528.3332030262477,,,,0.9999999999999829,0.9999999999999829,,,,512.3610350986445,,,,0.9999999999999829,0.9999999999999829,,,,496.3888671710413,,,,0.9999999999999829,0.9999999999999829,,,,478.5184895613884,,,,0.9999999999999829,0.9999999999999829
